dataset,idx,variant_id,transform,target,validation_note,ai_label,ai_risk,ai_exclude_from_metrics,ai_notes
codexglue,23504,23504__blank_line_expansion,blank_line_expansion,0,blank lines inserted after semicolons,preserved,low,false,Whitespace-only layout change; no executable token is intentionally introduced. Whitespace-normalized code matches.
codexglue,8482,8482__blank_line_expansion,blank_line_expansion,0,blank lines inserted after semicolons,preserved,low,false,Whitespace-only layout change; no executable token is intentionally introduced. Whitespace-normalized code matches.
codexglue,24768,24768__blank_line_expansion,blank_line_expansion,0,blank lines inserted after semicolons,preserved,low,false,Whitespace-only layout change; no executable token is intentionally introduced. Whitespace-normalized code matches.
codexglue,24283,24283__blank_line_expansion,blank_line_expansion,1,blank lines inserted after semicolons,preserved,low,false,Whitespace-only layout change; no executable token is intentionally introduced. Whitespace-normalized code matches.
codexglue,7099,7099__blank_line_expansion,blank_line_expansion,0,blank lines inserted after semicolons,preserved,low,false,Whitespace-only layout change; no executable token is intentionally introduced. Whitespace-normalized code matches.
codexglue,4873,4873__blank_line_expansion,blank_line_expansion,0,blank lines inserted after semicolons,preserved,low,false,Whitespace-only layout change; no executable token is intentionally introduced. Whitespace-normalized code matches.
codexglue,20902,20902__blank_line_expansion,blank_line_expansion,0,blank lines inserted after semicolons,preserved,low,false,Whitespace-only layout change; no executable token is intentionally introduced. Whitespace-normalized code matches.
codexglue,20000,20000__blank_line_expansion,blank_line_expansion,1,blank lines inserted after semicolons,preserved,low,false,Whitespace-only layout change; no executable token is intentionally introduced. Whitespace-normalized code matches.
codexglue,18512,18512__blank_line_expansion,blank_line_expansion,1,blank lines inserted after semicolons,preserved,low,false,Whitespace-only layout change; no executable token is intentionally introduced. Whitespace-normalized code matches.
codexglue,10282,10282__blank_line_expansion,blank_line_expansion,0,blank lines inserted after semicolons,preserved,low,false,Whitespace-only layout change; no executable token is intentionally introduced. Whitespace-normalized code matches.
codexglue,23104,23104__blank_line_expansion,blank_line_expansion,0,blank lines inserted after semicolons,preserved,low,false,Whitespace-only layout change; no executable token is intentionally introduced. Whitespace-normalized code matches.
codexglue,20248,20248__blank_line_expansion,blank_line_expansion,0,blank lines inserted after semicolons,preserved,low,false,Whitespace-only layout change; no executable token is intentionally introduced. Whitespace-normalized code matches.
codexglue,1404,1404__blank_line_expansion,blank_line_expansion,1,blank lines inserted after semicolons,preserved,low,false,Whitespace-only layout change; no executable token is intentionally introduced. Whitespace-normalized code matches.
codexglue,3184,3184__blank_line_expansion,blank_line_expansion,1,blank lines inserted after semicolons,preserved,low,false,Whitespace-only layout change; no executable token is intentionally introduced. Whitespace-normalized code matches.
codexglue,21723,21723__blank_line_expansion,blank_line_expansion,0,blank lines inserted after semicolons,preserved,low,false,Whitespace-only layout change; no executable token is intentionally introduced. Whitespace-normalized code matches.
codexglue,15555,15555__blank_line_expansion,blank_line_expansion,0,blank lines inserted after semicolons,preserved,low,false,Whitespace-only layout change; no executable token is intentionally introduced. Whitespace-normalized code matches.
codexglue,11359,11359__blank_line_expansion,blank_line_expansion,1,blank lines inserted after semicolons,preserved,low,false,Whitespace-only layout change; no executable token is intentionally introduced. Whitespace-normalized code matches.
codexglue,12645,12645__blank_line_expansion,blank_line_expansion,0,blank lines inserted after semicolons,preserved,low,false,Whitespace-only layout change; no executable token is intentionally introduced. Whitespace-normalized code matches.
codexglue,24881,24881__blank_line_expansion,blank_line_expansion,0,blank lines inserted after semicolons,preserved,low,false,Whitespace-only layout change; no executable token is intentionally introduced. Whitespace-normalized code matches.
codexglue,26680,26680__blank_line_expansion,blank_line_expansion,0,blank lines inserted after semicolons,preserved,low,false,Whitespace-only layout change; no executable token is intentionally introduced. Whitespace-normalized code matches.
codexglue,7936,7936__blank_line_expansion,blank_line_expansion,0,blank lines inserted after semicolons,preserved,low,false,Whitespace-only layout change; no executable token is intentionally introduced. Whitespace-normalized code matches.
codexglue,547,547__blank_line_expansion,blank_line_expansion,0,blank lines inserted after semicolons,preserved,low,false,Whitespace-only layout change; no executable token is intentionally introduced. Whitespace-normalized code matches.
codexglue,8858,8858__blank_line_expansion,blank_line_expansion,0,blank lines inserted after semicolons,preserved,low,false,Whitespace-only layout change; no executable token is intentionally introduced. Whitespace-normalized code matches.
codexglue,21168,21168__blank_line_expansion,blank_line_expansion,0,blank lines inserted after semicolons,preserved,low,false,Whitespace-only layout change; no executable token is intentionally introduced. Whitespace-normalized code matches.
codexglue,305,305__blank_line_expansion,blank_line_expansion,1,blank lines inserted after semicolons,preserved,low,false,Whitespace-only layout change; no executable token is intentionally introduced. Whitespace-normalized code matches.
codexglue,18044,18044__blank_line_expansion,blank_line_expansion,0,blank lines inserted after semicolons,preserved,low,false,Whitespace-only layout change; no executable token is intentionally introduced. Whitespace-normalized code matches.
codexglue,6622,6622__blank_line_expansion,blank_line_expansion,0,blank lines inserted after semicolons,preserved,low,false,Whitespace-only layout change; no executable token is intentionally introduced. Whitespace-normalized code matches.
codexglue,3456,3456__blank_line_expansion,blank_line_expansion,1,blank lines inserted after semicolons,preserved,low,false,Whitespace-only layout change; no executable token is intentionally introduced. Whitespace-normalized code matches.
codexglue,19403,19403__blank_line_expansion,blank_line_expansion,1,blank lines inserted after semicolons,preserved,low,false,Whitespace-only layout change; no executable token is intentionally introduced. Whitespace-normalized code matches.
codexglue,10504,10504__blank_line_expansion,blank_line_expansion,1,blank lines inserted after semicolons,preserved,low,false,Whitespace-only layout change; no executable token is intentionally introduced. Whitespace-normalized code matches.
codexglue,574,574__blank_line_expansion,blank_line_expansion,1,blank lines inserted after semicolons,preserved,low,false,Whitespace-only layout change; no executable token is intentionally introduced. Whitespace-normalized code matches.
codexglue,18462,18462__blank_line_expansion,blank_line_expansion,0,blank lines inserted after semicolons,preserved,low,false,Whitespace-only layout change; no executable token is intentionally introduced. Whitespace-normalized code matches.
codexglue,18171,18171__blank_line_expansion,blank_line_expansion,0,blank lines inserted after semicolons,preserved,low,false,Whitespace-only layout change; no executable token is intentionally introduced. Whitespace-normalized code matches.
codexglue,21925,21925__blank_line_expansion,blank_line_expansion,1,blank lines inserted after semicolons,preserved,low,false,Whitespace-only layout change; no executable token is intentionally introduced. Whitespace-normalized code matches.
codexglue,23140,23140__blank_line_expansion,blank_line_expansion,0,blank lines inserted after semicolons,preserved,low,false,Whitespace-only layout change; no executable token is intentionally introduced. Whitespace-normalized code matches.
codexglue,15173,15173__blank_line_expansion,blank_line_expansion,0,blank lines inserted after semicolons,preserved,low,false,Whitespace-only layout change; no executable token is intentionally introduced. Whitespace-normalized code matches.
codexglue,13513,13513__blank_line_expansion,blank_line_expansion,0,blank lines inserted after semicolons,preserved,low,false,Whitespace-only layout change; no executable token is intentionally introduced. Whitespace-normalized code matches.
codexglue,19237,19237__blank_line_expansion,blank_line_expansion,1,blank lines inserted after semicolons,preserved,low,false,Whitespace-only layout change; no executable token is intentionally introduced. Whitespace-normalized code matches.
codexglue,5508,5508__blank_line_expansion,blank_line_expansion,1,blank lines inserted after semicolons,preserved,low,false,Whitespace-only layout change; no executable token is intentionally introduced. Whitespace-normalized code matches.
codexglue,23587,23587__blank_line_expansion,blank_line_expansion,0,blank lines inserted after semicolons,preserved,low,false,Whitespace-only layout change; no executable token is intentionally introduced. Whitespace-normalized code matches.
codexglue,5490,5490__brace_line_shift,brace_line_shift,1,first function opening brace shifted,preserved,low,false,Opening-brace layout change; statement order and expressions are intentionally preserved. Whitespace-normalized code matches.
codexglue,22086,22086__brace_line_shift,brace_line_shift,0,first function opening brace shifted,preserved,low,false,Opening-brace layout change; statement order and expressions are intentionally preserved. Whitespace-normalized code matches.
codexglue,11748,11748__brace_line_shift,brace_line_shift,1,first function opening brace shifted,preserved,low,false,Opening-brace layout change; statement order and expressions are intentionally preserved. Whitespace-normalized code matches.
codexglue,24050,24050__brace_line_shift,brace_line_shift,0,first function opening brace shifted,preserved,low,false,Opening-brace layout change; statement order and expressions are intentionally preserved. Whitespace-normalized code matches.
codexglue,20541,20541__brace_line_shift,brace_line_shift,0,first function opening brace shifted,preserved,low,false,Opening-brace layout change; statement order and expressions are intentionally preserved. Whitespace-normalized code matches.
codexglue,24668,24668__brace_line_shift,brace_line_shift,1,first function opening brace shifted,preserved,low,false,Opening-brace layout change; statement order and expressions are intentionally preserved. Whitespace-normalized code matches.
codexglue,17742,17742__brace_line_shift,brace_line_shift,1,first function opening brace shifted,preserved,low,false,Opening-brace layout change; statement order and expressions are intentionally preserved. Whitespace-normalized code matches.
codexglue,19003,19003__brace_line_shift,brace_line_shift,0,first function opening brace shifted,preserved,low,false,Opening-brace layout change; statement order and expressions are intentionally preserved. Whitespace-normalized code matches.
codexglue,22003,22003__brace_line_shift,brace_line_shift,1,first function opening brace shifted,preserved,low,false,Opening-brace layout change; statement order and expressions are intentionally preserved. Whitespace-normalized code matches.
codexglue,26946,26946__brace_line_shift,brace_line_shift,0,first function opening brace shifted,preserved,low,false,Opening-brace layout change; statement order and expressions are intentionally preserved. Whitespace-normalized code matches.
codexglue,11998,11998__brace_line_shift,brace_line_shift,1,first function opening brace shifted,preserved,low,false,Opening-brace layout change; statement order and expressions are intentionally preserved. Whitespace-normalized code matches.
codexglue,855,855__brace_line_shift,brace_line_shift,1,first function opening brace shifted,preserved,low,false,Opening-brace layout change; statement order and expressions are intentionally preserved. Whitespace-normalized code matches.
codexglue,18619,18619__brace_line_shift,brace_line_shift,0,first function opening brace shifted,preserved,low,false,Opening-brace layout change; statement order and expressions are intentionally preserved. Whitespace-normalized code matches.
codexglue,22151,22151__brace_line_shift,brace_line_shift,0,first function opening brace shifted,preserved,low,false,Opening-brace layout change; statement order and expressions are intentionally preserved. Whitespace-normalized code matches.
codexglue,25865,25865__brace_line_shift,brace_line_shift,1,first function opening brace shifted,preserved,low,false,Opening-brace layout change; statement order and expressions are intentionally preserved. Whitespace-normalized code matches.
codexglue,22752,22752__brace_line_shift,brace_line_shift,0,first function opening brace shifted,preserved,low,false,Opening-brace layout change; statement order and expressions are intentionally preserved. Whitespace-normalized code matches.
codexglue,4555,4555__brace_line_shift,brace_line_shift,0,first function opening brace shifted,preserved,low,false,Opening-brace layout change; statement order and expressions are intentionally preserved. Whitespace-normalized code matches.
codexglue,70,70__brace_line_shift,brace_line_shift,0,first function opening brace shifted,preserved,low,false,Opening-brace layout change; statement order and expressions are intentionally preserved. Whitespace-normalized code matches.
codexglue,24283,24283__brace_line_shift,brace_line_shift,1,first function opening brace shifted,preserved,low,false,Opening-brace layout change; statement order and expressions are intentionally preserved. Whitespace-normalized code matches.
codexglue,11980,11980__brace_line_shift,brace_line_shift,1,first function opening brace shifted,preserved,low,false,Opening-brace layout change; statement order and expressions are intentionally preserved. Whitespace-normalized code matches.
codexglue,14162,14162__brace_line_shift,brace_line_shift,1,first function opening brace shifted,preserved,low,false,Opening-brace layout change; statement order and expressions are intentionally preserved. Whitespace-normalized code matches.
codexglue,18077,18077__brace_line_shift,brace_line_shift,1,first function opening brace shifted,preserved,low,false,Opening-brace layout change; statement order and expressions are intentionally preserved. Whitespace-normalized code matches.
codexglue,674,674__brace_line_shift,brace_line_shift,1,first function opening brace shifted,preserved,low,false,Opening-brace layout change; statement order and expressions are intentionally preserved. Whitespace-normalized code matches.
codexglue,17118,17118__brace_line_shift,brace_line_shift,0,first function opening brace shifted,preserved,low,false,Opening-brace layout change; statement order and expressions are intentionally preserved. Whitespace-normalized code matches.
codexglue,25831,25831__brace_line_shift,brace_line_shift,1,first function opening brace shifted,preserved,low,false,Opening-brace layout change; statement order and expressions are intentionally preserved. Whitespace-normalized code matches.
codexglue,4762,4762__brace_line_shift,brace_line_shift,0,first function opening brace shifted,preserved,low,false,Opening-brace layout change; statement order and expressions are intentionally preserved. Whitespace-normalized code matches.
codexglue,6272,6272__brace_line_shift,brace_line_shift,1,first function opening brace shifted,preserved,low,false,Opening-brace layout change; statement order and expressions are intentionally preserved. Whitespace-normalized code matches.
codexglue,22399,22399__brace_line_shift,brace_line_shift,0,first function opening brace shifted,preserved,low,false,Opening-brace layout change; statement order and expressions are intentionally preserved. Whitespace-normalized code matches.
codexglue,8815,8815__brace_line_shift,brace_line_shift,1,first function opening brace shifted,preserved,low,false,"Opening-brace layout change; statement order and expressions are intentionally preserved. Whitespace-normalized code differs, so this remains a source-level review item."
codexglue,14022,14022__brace_line_shift,brace_line_shift,1,first function opening brace shifted,preserved,low,false,Opening-brace layout change; statement order and expressions are intentionally preserved. Whitespace-normalized code matches.
codexglue,16708,16708__brace_line_shift,brace_line_shift,1,first function opening brace shifted,preserved,low,false,Opening-brace layout change; statement order and expressions are intentionally preserved. Whitespace-normalized code matches.
codexglue,17735,17735__brace_line_shift,brace_line_shift,0,first function opening brace shifted,preserved,low,false,Opening-brace layout change; statement order and expressions are intentionally preserved. Whitespace-normalized code matches.
codexglue,4766,4766__brace_line_shift,brace_line_shift,1,first function opening brace shifted,preserved,low,false,"Opening-brace layout change; statement order and expressions are intentionally preserved. Whitespace-normalized code differs, so this remains a source-level review item."
codexglue,3236,3236__brace_line_shift,brace_line_shift,1,first function opening brace shifted,preserved,low,false,Opening-brace layout change; statement order and expressions are intentionally preserved. Whitespace-normalized code matches.
codexglue,937,937__brace_line_shift,brace_line_shift,1,first function opening brace shifted,preserved,low,false,Opening-brace layout change; statement order and expressions are intentionally preserved. Whitespace-normalized code matches.
codexglue,10738,10738__brace_line_shift,brace_line_shift,0,first function opening brace shifted,preserved,low,false,Opening-brace layout change; statement order and expressions are intentionally preserved. Whitespace-normalized code matches.
codexglue,24044,24044__brace_line_shift,brace_line_shift,0,first function opening brace shifted,preserved,low,false,Opening-brace layout change; statement order and expressions are intentionally preserved. Whitespace-normalized code matches.
codexglue,23371,23371__brace_line_shift,brace_line_shift,0,first function opening brace shifted,preserved,low,false,Opening-brace layout change; statement order and expressions are intentionally preserved. Whitespace-normalized code matches.
codexglue,7004,7004__brace_line_shift,brace_line_shift,1,first function opening brace shifted,preserved,low,false,Opening-brace layout change; statement order and expressions are intentionally preserved. Whitespace-normalized code matches.
codexglue,22637,22637__brace_line_shift,brace_line_shift,0,first function opening brace shifted,preserved,low,false,Opening-brace layout change; statement order and expressions are intentionally preserved. Whitespace-normalized code matches.
codexglue,11400,11400__code_normalization_abstraction,code_normalization_abstraction,0,parenthesized simple return expressions,preserved,low,false,Parenthesizes simple return expressions; value and control flow are intended to remain unchanged.
codexglue,26191,26191__code_normalization_abstraction,code_normalization_abstraction,0,parenthesized simple return expressions,preserved,low,false,Parenthesizes simple return expressions; value and control flow are intended to remain unchanged.
codexglue,178,178__code_normalization_abstraction,code_normalization_abstraction,0,parenthesized simple return expressions,preserved,low,false,Parenthesizes simple return expressions; value and control flow are intended to remain unchanged.
codexglue,7967,7967__code_normalization_abstraction,code_normalization_abstraction,0,parenthesized simple return expressions,preserved,low,false,Parenthesizes simple return expressions; value and control flow are intended to remain unchanged.
codexglue,6543,6543__code_normalization_abstraction,code_normalization_abstraction,1,parenthesized simple return expressions,preserved,low,false,Parenthesizes simple return expressions; value and control flow are intended to remain unchanged.
codexglue,20618,20618__code_normalization_abstraction,code_normalization_abstraction,0,parenthesized simple return expressions,preserved,low,false,Parenthesizes simple return expressions; value and control flow are intended to remain unchanged.
codexglue,10772,10772__code_normalization_abstraction,code_normalization_abstraction,1,parenthesized simple return expressions,preserved,low,false,Parenthesizes simple return expressions; value and control flow are intended to remain unchanged.
codexglue,6374,6374__code_normalization_abstraction,code_normalization_abstraction,1,parenthesized simple return expressions,preserved,low,false,Parenthesizes simple return expressions; value and control flow are intended to remain unchanged.
codexglue,5789,5789__code_normalization_abstraction,code_normalization_abstraction,1,parenthesized simple return expressions,preserved,low,false,Parenthesizes simple return expressions; value and control flow are intended to remain unchanged.
codexglue,23393,23393__code_normalization_abstraction,code_normalization_abstraction,0,parenthesized simple return expressions,preserved,low,false,Parenthesizes simple return expressions; value and control flow are intended to remain unchanged.
codexglue,8010,8010__code_normalization_abstraction,code_normalization_abstraction,0,parenthesized simple return expressions,preserved,low,false,Parenthesizes simple return expressions; value and control flow are intended to remain unchanged.
codexglue,21762,21762__code_normalization_abstraction,code_normalization_abstraction,1,parenthesized simple return expressions,preserved,low,false,Parenthesizes simple return expressions; value and control flow are intended to remain unchanged.
codexglue,6307,6307__code_normalization_abstraction,code_normalization_abstraction,1,parenthesized simple return expressions,preserved,low,false,Parenthesizes simple return expressions; value and control flow are intended to remain unchanged.
codexglue,265,265__code_normalization_abstraction,code_normalization_abstraction,1,parenthesized simple return expressions,preserved,low,false,Parenthesizes simple return expressions; value and control flow are intended to remain unchanged.
codexglue,7596,7596__code_normalization_abstraction,code_normalization_abstraction,1,parenthesized simple return expressions,preserved,low,false,Parenthesizes simple return expressions; value and control flow are intended to remain unchanged.
codexglue,26437,26437__code_normalization_abstraction,code_normalization_abstraction,1,parenthesized simple return expressions,preserved,low,false,Parenthesizes simple return expressions; value and control flow are intended to remain unchanged.
codexglue,10962,10962__code_normalization_abstraction,code_normalization_abstraction,1,parenthesized simple return expressions,preserved,low,false,Parenthesizes simple return expressions; value and control flow are intended to remain unchanged.
codexglue,16147,16147__code_normalization_abstraction,code_normalization_abstraction,0,parenthesized simple return expressions,preserved,low,false,Parenthesizes simple return expressions; value and control flow are intended to remain unchanged.
codexglue,17553,17553__code_normalization_abstraction,code_normalization_abstraction,1,parenthesized simple return expressions,preserved,low,false,Parenthesizes simple return expressions; value and control flow are intended to remain unchanged.
codexglue,585,585__code_normalization_abstraction,code_normalization_abstraction,1,parenthesized simple return expressions,preserved,low,false,Parenthesizes simple return expressions; value and control flow are intended to remain unchanged.
codexglue,2806,2806__code_normalization_abstraction,code_normalization_abstraction,0,parenthesized simple return expressions,preserved,low,false,Parenthesizes simple return expressions; value and control flow are intended to remain unchanged.
codexglue,2358,2358__code_normalization_abstraction,code_normalization_abstraction,1,parenthesized simple return expressions,preserved,low,false,Parenthesizes simple return expressions; value and control flow are intended to remain unchanged.
codexglue,8878,8878__code_normalization_abstraction,code_normalization_abstraction,0,parenthesized simple return expressions,preserved,low,false,Parenthesizes simple return expressions; value and control flow are intended to remain unchanged.
codexglue,22016,22016__code_normalization_abstraction,code_normalization_abstraction,1,parenthesized simple return expressions,preserved,low,false,Parenthesizes simple return expressions; value and control flow are intended to remain unchanged.
codexglue,20000,20000__code_normalization_abstraction,code_normalization_abstraction,1,parenthesized simple return expressions,preserved,low,false,Parenthesizes simple return expressions; value and control flow are intended to remain unchanged.
codexglue,6685,6685__code_normalization_abstraction,code_normalization_abstraction,1,parenthesized simple return expressions,preserved,low,false,Parenthesizes simple return expressions; value and control flow are intended to remain unchanged.
codexglue,12596,12596__code_normalization_abstraction,code_normalization_abstraction,1,parenthesized simple return expressions,preserved,low,false,Parenthesizes simple return expressions; value and control flow are intended to remain unchanged.
codexglue,16281,16281__code_normalization_abstraction,code_normalization_abstraction,0,parenthesized simple return expressions,preserved,low,false,Parenthesizes simple return expressions; value and control flow are intended to remain unchanged.
codexglue,4341,4341__code_normalization_abstraction,code_normalization_abstraction,0,parenthesized simple return expressions,preserved,low,false,Parenthesizes simple return expressions; value and control flow are intended to remain unchanged.
codexglue,16412,16412__code_normalization_abstraction,code_normalization_abstraction,0,parenthesized simple return expressions,preserved,low,false,Parenthesizes simple return expressions; value and control flow are intended to remain unchanged.
codexglue,20197,20197__code_normalization_abstraction,code_normalization_abstraction,0,parenthesized simple return expressions,preserved,low,false,Parenthesizes simple return expressions; value and control flow are intended to remain unchanged.
codexglue,16724,16724__code_normalization_abstraction,code_normalization_abstraction,0,parenthesized simple return expressions,preserved,low,false,Parenthesizes simple return expressions; value and control flow are intended to remain unchanged.
codexglue,14680,14680__code_normalization_abstraction,code_normalization_abstraction,1,parenthesized simple return expressions,preserved,low,false,Parenthesizes simple return expressions; value and control flow are intended to remain unchanged.
codexglue,24230,24230__code_normalization_abstraction,code_normalization_abstraction,1,parenthesized simple return expressions,preserved,low,false,Parenthesizes simple return expressions; value and control flow are intended to remain unchanged.
codexglue,18646,18646__code_normalization_abstraction,code_normalization_abstraction,0,parenthesized simple return expressions,preserved,low,false,Parenthesizes simple return expressions; value and control flow are intended to remain unchanged.
codexglue,6708,6708__code_normalization_abstraction,code_normalization_abstraction,0,parenthesized simple return expressions,preserved,low,false,Parenthesizes simple return expressions; value and control flow are intended to remain unchanged.
codexglue,18892,18892__code_normalization_abstraction,code_normalization_abstraction,0,parenthesized simple return expressions,preserved,low,false,Parenthesizes simple return expressions; value and control flow are intended to remain unchanged.
codexglue,11979,11979__code_normalization_abstraction,code_normalization_abstraction,1,parenthesized simple return expressions,preserved,low,false,Parenthesizes simple return expressions; value and control flow are intended to remain unchanged.
codexglue,19916,19916__code_normalization_abstraction,code_normalization_abstraction,1,parenthesized simple return expressions,preserved,low,false,Parenthesizes simple return expressions; value and control flow are intended to remain unchanged.
codexglue,23155,23155__code_normalization_abstraction,code_normalization_abstraction,0,parenthesized simple return expressions,preserved,low,false,Parenthesizes simple return expressions; value and control flow are intended to remain unchanged.
codexglue,15321,15321__comment_banner,comment_banner,0,comment inserted,preserved,low,false,Inserted block comment; comments have no runtime effect outside preprocessor/macro edge cases. Comment-stripped code matches.
codexglue,2996,2996__comment_banner,comment_banner,0,comment inserted,preserved,low,false,Inserted block comment; comments have no runtime effect outside preprocessor/macro edge cases. Comment-stripped code matches.
codexglue,24555,24555__comment_banner,comment_banner,0,comment inserted,preserved,low,false,Inserted block comment; comments have no runtime effect outside preprocessor/macro edge cases. Comment-stripped code matches.
codexglue,11810,11810__comment_banner,comment_banner,1,comment inserted,preserved,low,false,Inserted block comment; comments have no runtime effect outside preprocessor/macro edge cases. Comment-stripped code matches.
codexglue,5250,5250__comment_banner,comment_banner,0,comment inserted,preserved,low,false,Inserted block comment; comments have no runtime effect outside preprocessor/macro edge cases. Comment-stripped code matches.
codexglue,11854,11854__comment_banner,comment_banner,0,comment inserted,preserved,low,false,Inserted block comment; comments have no runtime effect outside preprocessor/macro edge cases. Comment-stripped code matches.
codexglue,4080,4080__comment_banner,comment_banner,1,comment inserted,preserved,low,false,Inserted block comment; comments have no runtime effect outside preprocessor/macro edge cases. Comment-stripped code matches.
codexglue,6092,6092__comment_banner,comment_banner,0,comment inserted,preserved,low,false,Inserted block comment; comments have no runtime effect outside preprocessor/macro edge cases. Comment-stripped code matches.
codexglue,19494,19494__comment_banner,comment_banner,0,comment inserted,preserved,low,false,Inserted block comment; comments have no runtime effect outside preprocessor/macro edge cases. Comment-stripped code matches.
codexglue,20549,20549__comment_banner,comment_banner,0,comment inserted,preserved,low,false,Inserted block comment; comments have no runtime effect outside preprocessor/macro edge cases. Comment-stripped code matches.
codexglue,18696,18696__comment_banner,comment_banner,1,comment inserted,preserved,low,false,Inserted block comment; comments have no runtime effect outside preprocessor/macro edge cases. Comment-stripped code matches.
codexglue,18578,18578__comment_banner,comment_banner,1,comment inserted,preserved,low,false,Inserted block comment; comments have no runtime effect outside preprocessor/macro edge cases. Comment-stripped code matches.
codexglue,20213,20213__comment_banner,comment_banner,0,comment inserted,preserved,low,false,Inserted block comment; comments have no runtime effect outside preprocessor/macro edge cases. Comment-stripped code matches.
codexglue,18477,18477__comment_banner,comment_banner,1,comment inserted,preserved,low,false,Inserted block comment; comments have no runtime effect outside preprocessor/macro edge cases. Comment-stripped code matches.
codexglue,17735,17735__comment_banner,comment_banner,0,comment inserted,preserved,low,false,Inserted block comment; comments have no runtime effect outside preprocessor/macro edge cases. Comment-stripped code matches.
codexglue,21995,21995__comment_banner,comment_banner,1,comment inserted,preserved,low,false,Inserted block comment; comments have no runtime effect outside preprocessor/macro edge cases. Comment-stripped code matches.
codexglue,18619,18619__comment_banner,comment_banner,0,comment inserted,preserved,low,false,Inserted block comment; comments have no runtime effect outside preprocessor/macro edge cases. Comment-stripped code matches.
codexglue,17072,17072__comment_banner,comment_banner,0,comment inserted,preserved,low,false,Inserted block comment; comments have no runtime effect outside preprocessor/macro edge cases. Comment-stripped code matches.
codexglue,25571,25571__comment_banner,comment_banner,0,comment inserted,preserved,low,false,Inserted block comment; comments have no runtime effect outside preprocessor/macro edge cases. Comment-stripped code matches.
codexglue,19256,19256__comment_banner,comment_banner,0,comment inserted,preserved,low,false,Inserted block comment; comments have no runtime effect outside preprocessor/macro edge cases. Comment-stripped code matches.
codexglue,15492,15492__comment_banner,comment_banner,0,comment inserted,preserved,low,false,Inserted block comment; comments have no runtime effect outside preprocessor/macro edge cases. Comment-stripped code matches.
codexglue,27107,27107__comment_banner,comment_banner,1,comment inserted,preserved,low,false,Inserted block comment; comments have no runtime effect outside preprocessor/macro edge cases. Comment-stripped code matches.
codexglue,280,280__comment_banner,comment_banner,1,comment inserted,preserved,low,false,Inserted block comment; comments have no runtime effect outside preprocessor/macro edge cases. Comment-stripped code matches.
codexglue,13897,13897__comment_banner,comment_banner,1,comment inserted,preserved,low,false,Inserted block comment; comments have no runtime effect outside preprocessor/macro edge cases. Comment-stripped code matches.
codexglue,5834,5834__comment_banner,comment_banner,1,comment inserted,preserved,low,false,Inserted block comment; comments have no runtime effect outside preprocessor/macro edge cases. Comment-stripped code matches.
codexglue,12545,12545__comment_banner,comment_banner,0,comment inserted,preserved,low,false,Inserted block comment; comments have no runtime effect outside preprocessor/macro edge cases. Comment-stripped code matches.
codexglue,8085,8085__comment_banner,comment_banner,0,comment inserted,preserved,low,false,Inserted block comment; comments have no runtime effect outside preprocessor/macro edge cases. Comment-stripped code matches.
codexglue,444,444__comment_banner,comment_banner,1,comment inserted,preserved,low,false,Inserted block comment; comments have no runtime effect outside preprocessor/macro edge cases. Comment-stripped code matches.
codexglue,24486,24486__comment_banner,comment_banner,1,comment inserted,preserved,low,false,Inserted block comment; comments have no runtime effect outside preprocessor/macro edge cases. Comment-stripped code matches.
codexglue,22016,22016__comment_banner,comment_banner,1,comment inserted,preserved,low,false,Inserted block comment; comments have no runtime effect outside preprocessor/macro edge cases. Comment-stripped code matches.
codexglue,15552,15552__comment_banner,comment_banner,0,comment inserted,preserved,low,false,Inserted block comment; comments have no runtime effect outside preprocessor/macro edge cases. Comment-stripped code matches.
codexglue,23643,23643__comment_banner,comment_banner,1,comment inserted,preserved,low,false,Inserted block comment; comments have no runtime effect outside preprocessor/macro edge cases. Comment-stripped code matches.
codexglue,6650,6650__comment_banner,comment_banner,1,comment inserted,preserved,low,false,Inserted block comment; comments have no runtime effect outside preprocessor/macro edge cases. Comment-stripped code matches.
codexglue,16204,16204__comment_banner,comment_banner,1,comment inserted,preserved,low,false,Inserted block comment; comments have no runtime effect outside preprocessor/macro edge cases. Comment-stripped code matches.
codexglue,20831,20831__comment_banner,comment_banner,0,comment inserted,preserved,low,false,Inserted block comment; comments have no runtime effect outside preprocessor/macro edge cases. Comment-stripped code matches.
codexglue,27151,27151__comment_banner,comment_banner,1,comment inserted,preserved,low,false,Inserted block comment; comments have no runtime effect outside preprocessor/macro edge cases. Comment-stripped code matches.
codexglue,22369,22369__comment_banner,comment_banner,1,comment inserted,preserved,low,false,Inserted block comment; comments have no runtime effect outside preprocessor/macro edge cases. Comment-stripped code matches.
codexglue,14387,14387__comment_banner,comment_banner,0,comment inserted,preserved,low,false,Inserted block comment; comments have no runtime effect outside preprocessor/macro edge cases. Comment-stripped code matches.
codexglue,12596,12596__comment_banner,comment_banner,1,comment inserted,preserved,low,false,Inserted block comment; comments have no runtime effect outside preprocessor/macro edge cases. Comment-stripped code matches.
codexglue,6243,6243__comment_banner,comment_banner,0,comment inserted,preserved,low,false,Inserted block comment; comments have no runtime effect outside preprocessor/macro edge cases. Comment-stripped code matches.
codexglue,946,946__control_flow_rewrite,control_flow_rewrite,1,inverted simple returning if/else,preserved_with_precondition,medium,false,Inverts a restricted returning if/else where both branches return; branch expressions must remain unchanged.
codexglue,2063,2063__control_flow_rewrite,control_flow_rewrite,0,inverted simple returning if/else,preserved_with_precondition,medium,false,Inverts a restricted returning if/else where both branches return; branch expressions must remain unchanged.
codexglue,7462,7462__control_flow_rewrite,control_flow_rewrite,0,inverted simple returning if/else,preserved_with_precondition,medium,false,Inverts a restricted returning if/else where both branches return; branch expressions must remain unchanged.
codexglue,8296,8296__control_flow_rewrite,control_flow_rewrite,0,inverted simple returning if/else,preserved_with_precondition,medium,false,Inverts a restricted returning if/else where both branches return; branch expressions must remain unchanged.
codexglue,14126,14126__control_flow_rewrite,control_flow_rewrite,0,inverted simple returning if/else,preserved_with_precondition,medium,false,Inverts a restricted returning if/else where both branches return; branch expressions must remain unchanged.
codexglue,15239,15239__control_flow_rewrite,control_flow_rewrite,1,inverted simple returning if/else,preserved_with_precondition,medium,false,Inverts a restricted returning if/else where both branches return; branch expressions must remain unchanged.
codexglue,21622,21622__control_flow_rewrite,control_flow_rewrite,0,inverted simple returning if/else,preserved_with_precondition,medium,false,Inverts a restricted returning if/else where both branches return; branch expressions must remain unchanged.
codexglue,26100,26100__control_flow_rewrite,control_flow_rewrite,1,inverted simple returning if/else,preserved_with_precondition,medium,false,Inverts a restricted returning if/else where both branches return; branch expressions must remain unchanged.
codexglue,5810,5810__dead_branch_after_opening_brace,dead_branch_after_opening_brace,0,unreachable branch inserted,preserved_with_precondition,low,false,Adds an unreachable branch guarded by a constant-false condition. Constant-false guard detected.
codexglue,7324,7324__dead_branch_after_opening_brace,dead_branch_after_opening_brace,0,unreachable branch inserted,preserved_with_precondition,low,false,Adds an unreachable branch guarded by a constant-false condition. Constant-false guard detected.
codexglue,17082,17082__dead_branch_after_opening_brace,dead_branch_after_opening_brace,0,unreachable branch inserted,preserved_with_precondition,low,false,Adds an unreachable branch guarded by a constant-false condition. Constant-false guard detected.
codexglue,21750,21750__dead_branch_after_opening_brace,dead_branch_after_opening_brace,1,unreachable branch inserted,preserved_with_precondition,low,false,Adds an unreachable branch guarded by a constant-false condition. Constant-false guard detected.
codexglue,26496,26496__dead_branch_after_opening_brace,dead_branch_after_opening_brace,0,unreachable branch inserted,preserved_with_precondition,low,false,Adds an unreachable branch guarded by a constant-false condition. Constant-false guard detected.
codexglue,25353,25353__dead_branch_after_opening_brace,dead_branch_after_opening_brace,0,unreachable branch inserted,preserved_with_precondition,low,false,Adds an unreachable branch guarded by a constant-false condition. Constant-false guard detected.
codexglue,14694,14694__dead_branch_after_opening_brace,dead_branch_after_opening_brace,1,unreachable branch inserted,preserved_with_precondition,low,false,Adds an unreachable branch guarded by a constant-false condition. Constant-false guard detected.
codexglue,22876,22876__dead_branch_after_opening_brace,dead_branch_after_opening_brace,1,unreachable branch inserted,preserved_with_precondition,low,false,Adds an unreachable branch guarded by a constant-false condition. Constant-false guard detected.
codexglue,12940,12940__dead_branch_after_opening_brace,dead_branch_after_opening_brace,1,unreachable branch inserted,preserved_with_precondition,low,false,Adds an unreachable branch guarded by a constant-false condition. Constant-false guard detected.
codexglue,1712,1712__dead_branch_after_opening_brace,dead_branch_after_opening_brace,0,unreachable branch inserted,preserved_with_precondition,low,false,Adds an unreachable branch guarded by a constant-false condition. Constant-false guard detected.
codexglue,13205,13205__dead_branch_after_opening_brace,dead_branch_after_opening_brace,1,unreachable branch inserted,preserved_with_precondition,low,false,Adds an unreachable branch guarded by a constant-false condition. Constant-false guard detected.
codexglue,26701,26701__dead_branch_after_opening_brace,dead_branch_after_opening_brace,0,unreachable branch inserted,preserved_with_precondition,low,false,Adds an unreachable branch guarded by a constant-false condition. Constant-false guard detected.
codexglue,6775,6775__dead_branch_after_opening_brace,dead_branch_after_opening_brace,1,unreachable branch inserted,preserved_with_precondition,low,false,Adds an unreachable branch guarded by a constant-false condition. Constant-false guard detected.
codexglue,8949,8949__dead_branch_after_opening_brace,dead_branch_after_opening_brace,0,unreachable branch inserted,preserved_with_precondition,low,false,Adds an unreachable branch guarded by a constant-false condition. Constant-false guard detected.
codexglue,17909,17909__dead_branch_after_opening_brace,dead_branch_after_opening_brace,1,unreachable branch inserted,preserved_with_precondition,low,false,Adds an unreachable branch guarded by a constant-false condition. Constant-false guard detected.
codexglue,11852,11852__dead_branch_after_opening_brace,dead_branch_after_opening_brace,0,unreachable branch inserted,preserved_with_precondition,low,false,Adds an unreachable branch guarded by a constant-false condition. Constant-false guard detected.
codexglue,7782,7782__dead_branch_after_opening_brace,dead_branch_after_opening_brace,0,unreachable branch inserted,preserved_with_precondition,low,false,Adds an unreachable branch guarded by a constant-false condition. Constant-false guard detected.
codexglue,971,971__dead_branch_after_opening_brace,dead_branch_after_opening_brace,1,unreachable branch inserted,preserved_with_precondition,low,false,Adds an unreachable branch guarded by a constant-false condition. Constant-false guard detected.
codexglue,15690,15690__dead_branch_after_opening_brace,dead_branch_after_opening_brace,1,unreachable branch inserted,preserved_with_precondition,low,false,Adds an unreachable branch guarded by a constant-false condition. Constant-false guard detected.
codexglue,10868,10868__dead_branch_after_opening_brace,dead_branch_after_opening_brace,1,unreachable branch inserted,preserved_with_precondition,low,false,Adds an unreachable branch guarded by a constant-false condition. Constant-false guard detected.
codexglue,12320,12320__dead_branch_after_opening_brace,dead_branch_after_opening_brace,0,unreachable branch inserted,preserved_with_precondition,low,false,Adds an unreachable branch guarded by a constant-false condition. Constant-false guard detected.
codexglue,7125,7125__dead_branch_after_opening_brace,dead_branch_after_opening_brace,1,unreachable branch inserted,preserved_with_precondition,low,false,Adds an unreachable branch guarded by a constant-false condition. Constant-false guard detected.
codexglue,3722,3722__dead_branch_after_opening_brace,dead_branch_after_opening_brace,1,unreachable branch inserted,preserved_with_precondition,low,false,Adds an unreachable branch guarded by a constant-false condition. Constant-false guard detected.
codexglue,16281,16281__dead_branch_after_opening_brace,dead_branch_after_opening_brace,0,unreachable branch inserted,preserved_with_precondition,low,false,Adds an unreachable branch guarded by a constant-false condition. Constant-false guard detected.
codexglue,26543,26543__dead_branch_after_opening_brace,dead_branch_after_opening_brace,0,unreachable branch inserted,preserved_with_precondition,low,false,Adds an unreachable branch guarded by a constant-false condition. Constant-false guard detected.
codexglue,17325,17325__dead_branch_after_opening_brace,dead_branch_after_opening_brace,0,unreachable branch inserted,preserved_with_precondition,low,false,Adds an unreachable branch guarded by a constant-false condition. Constant-false guard detected.
codexglue,5482,5482__dead_branch_after_opening_brace,dead_branch_after_opening_brace,0,unreachable branch inserted,preserved_with_precondition,low,false,Adds an unreachable branch guarded by a constant-false condition. Constant-false guard detected.
codexglue,14591,14591__dead_branch_after_opening_brace,dead_branch_after_opening_brace,0,unreachable branch inserted,preserved_with_precondition,low,false,Adds an unreachable branch guarded by a constant-false condition. Constant-false guard detected.
codexglue,19892,19892__dead_branch_after_opening_brace,dead_branch_after_opening_brace,1,unreachable branch inserted,preserved_with_precondition,low,false,Adds an unreachable branch guarded by a constant-false condition. Constant-false guard detected.
codexglue,18673,18673__dead_branch_after_opening_brace,dead_branch_after_opening_brace,0,unreachable branch inserted,preserved_with_precondition,low,false,Adds an unreachable branch guarded by a constant-false condition. Constant-false guard detected.
codexglue,3621,3621__dead_branch_after_opening_brace,dead_branch_after_opening_brace,1,unreachable branch inserted,preserved_with_precondition,low,false,Adds an unreachable branch guarded by a constant-false condition. Constant-false guard detected.
codexglue,26038,26038__dead_branch_after_opening_brace,dead_branch_after_opening_brace,1,unreachable branch inserted,preserved_with_precondition,low,false,Adds an unreachable branch guarded by a constant-false condition. Constant-false guard detected.
codexglue,11202,11202__dead_branch_after_opening_brace,dead_branch_after_opening_brace,1,unreachable branch inserted,preserved_with_precondition,low,false,Adds an unreachable branch guarded by a constant-false condition. Constant-false guard detected.
codexglue,9913,9913__dead_branch_after_opening_brace,dead_branch_after_opening_brace,1,unreachable branch inserted,preserved_with_precondition,low,false,Adds an unreachable branch guarded by a constant-false condition. Constant-false guard detected.
codexglue,10971,10971__dead_branch_after_opening_brace,dead_branch_after_opening_brace,1,unreachable branch inserted,preserved_with_precondition,low,false,Adds an unreachable branch guarded by a constant-false condition. Constant-false guard detected.
codexglue,5781,5781__dead_branch_after_opening_brace,dead_branch_after_opening_brace,1,unreachable branch inserted,preserved_with_precondition,low,false,Adds an unreachable branch guarded by a constant-false condition. Constant-false guard detected.
codexglue,20299,20299__dead_branch_after_opening_brace,dead_branch_after_opening_brace,0,unreachable branch inserted,preserved_with_precondition,low,false,Adds an unreachable branch guarded by a constant-false condition. Constant-false guard detected.
codexglue,12036,12036__dead_branch_after_opening_brace,dead_branch_after_opening_brace,0,unreachable branch inserted,preserved_with_precondition,low,false,Adds an unreachable branch guarded by a constant-false condition. Constant-false guard detected.
codexglue,17301,17301__dead_branch_after_opening_brace,dead_branch_after_opening_brace,0,unreachable branch inserted,preserved_with_precondition,low,false,Adds an unreachable branch guarded by a constant-false condition. Constant-false guard detected.
codexglue,9787,9787__dead_branch_after_opening_brace,dead_branch_after_opening_brace,1,unreachable branch inserted,preserved_with_precondition,low,false,Adds an unreachable branch guarded by a constant-false condition. Constant-false guard detected.
codexglue,16794,16794__identifier_renaming,identifier_renaming,0,renamed simple identifier,preserved_with_precondition,medium,false,Renames a simple local identifier under local-scope preconditions; external bindings must remain unchanged.
codexglue,26552,26552__identifier_renaming,identifier_renaming,0,renamed simple identifier,preserved_with_precondition,medium,false,Renames a simple local identifier under local-scope preconditions; external bindings must remain unchanged.
codexglue,21250,21250__identifier_renaming,identifier_renaming,1,renamed simple identifier,preserved_with_precondition,medium,false,Renames a simple local identifier under local-scope preconditions; external bindings must remain unchanged.
codexglue,12245,12245__identifier_renaming,identifier_renaming,1,renamed simple identifier,preserved_with_precondition,medium,false,Renames a simple local identifier under local-scope preconditions; external bindings must remain unchanged.
codexglue,20471,20471__identifier_renaming,identifier_renaming,1,renamed simple identifier,preserved_with_precondition,medium,false,Renames a simple local identifier under local-scope preconditions; external bindings must remain unchanged.
codexglue,22265,22265__identifier_renaming,identifier_renaming,1,renamed simple identifier,preserved_with_precondition,medium,false,Renames a simple local identifier under local-scope preconditions; external bindings must remain unchanged.
codexglue,19473,19473__identifier_renaming,identifier_renaming,0,renamed simple identifier,preserved_with_precondition,medium,false,Renames a simple local identifier under local-scope preconditions; external bindings must remain unchanged.
codexglue,7977,7977__identifier_renaming,identifier_renaming,0,renamed simple identifier,preserved_with_precondition,medium,false,Renames a simple local identifier under local-scope preconditions; external bindings must remain unchanged.
codexglue,18462,18462__identifier_renaming,identifier_renaming,0,renamed simple identifier,preserved_with_precondition,medium,false,Renames a simple local identifier under local-scope preconditions; external bindings must remain unchanged.
codexglue,4761,4761__identifier_renaming,identifier_renaming,1,renamed simple identifier,preserved_with_precondition,medium,false,Renames a simple local identifier under local-scope preconditions; external bindings must remain unchanged.
codexglue,4025,4025__identifier_renaming,identifier_renaming,0,renamed simple identifier,preserved_with_precondition,medium,false,Renames a simple local identifier under local-scope preconditions; external bindings must remain unchanged.
codexglue,8900,8900__identifier_renaming,identifier_renaming,1,renamed simple identifier,preserved_with_precondition,medium,false,Renames a simple local identifier under local-scope preconditions; external bindings must remain unchanged.
codexglue,9706,9706__identifier_renaming,identifier_renaming,0,renamed simple identifier,preserved_with_precondition,medium,false,Renames a simple local identifier under local-scope preconditions; external bindings must remain unchanged.
codexglue,15066,15066__identifier_renaming,identifier_renaming,0,renamed simple identifier,preserved_with_precondition,medium,false,Renames a simple local identifier under local-scope preconditions; external bindings must remain unchanged.
codexglue,23688,23688__identifier_renaming,identifier_renaming,0,renamed simple identifier,preserved_with_precondition,medium,false,Renames a simple local identifier under local-scope preconditions; external bindings must remain unchanged.
codexglue,18067,18067__identifier_renaming,identifier_renaming,0,renamed simple identifier,preserved_with_precondition,medium,false,Renames a simple local identifier under local-scope preconditions; external bindings must remain unchanged.
codexglue,14220,14220__identifier_renaming,identifier_renaming,0,renamed simple identifier,preserved_with_precondition,medium,false,Renames a simple local identifier under local-scope preconditions; external bindings must remain unchanged.
codexglue,24375,24375__identifier_renaming,identifier_renaming,0,renamed simple identifier,preserved_with_precondition,medium,false,Renames a simple local identifier under local-scope preconditions; external bindings must remain unchanged.
codexglue,6778,6778__identifier_renaming,identifier_renaming,1,renamed simple identifier,preserved_with_precondition,medium,false,Renames a simple local identifier under local-scope preconditions; external bindings must remain unchanged.
codexglue,10767,10767__identifier_renaming,identifier_renaming,0,renamed simple identifier,preserved_with_precondition,medium,false,Renames a simple local identifier under local-scope preconditions; external bindings must remain unchanged.
codexglue,17314,17314__identifier_renaming,identifier_renaming,0,renamed simple identifier,preserved_with_precondition,medium,false,Renames a simple local identifier under local-scope preconditions; external bindings must remain unchanged.
codexglue,13357,13357__identifier_renaming,identifier_renaming,0,renamed simple identifier,preserved_with_precondition,medium,false,Renames a simple local identifier under local-scope preconditions; external bindings must remain unchanged.
codexglue,23455,23455__identifier_renaming,identifier_renaming,0,renamed simple identifier,preserved_with_precondition,medium,false,Renames a simple local identifier under local-scope preconditions; external bindings must remain unchanged.
codexglue,20105,20105__identifier_renaming,identifier_renaming,0,renamed simple identifier,preserved_with_precondition,medium,false,Renames a simple local identifier under local-scope preconditions; external bindings must remain unchanged.
codexglue,12887,12887__identifier_renaming,identifier_renaming,0,renamed simple identifier,preserved_with_precondition,medium,false,Renames a simple local identifier under local-scope preconditions; external bindings must remain unchanged.
codexglue,5327,5327__identifier_renaming,identifier_renaming,1,renamed simple identifier,preserved_with_precondition,medium,false,Renames a simple local identifier under local-scope preconditions; external bindings must remain unchanged.
codexglue,21567,21567__identifier_renaming,identifier_renaming,1,renamed simple identifier,preserved_with_precondition,medium,false,Renames a simple local identifier under local-scope preconditions; external bindings must remain unchanged.
codexglue,6946,6946__identifier_renaming,identifier_renaming,1,renamed simple identifier,preserved_with_precondition,medium,false,Renames a simple local identifier under local-scope preconditions; external bindings must remain unchanged.
codexglue,8466,8466__identifier_renaming,identifier_renaming,1,renamed simple identifier,preserved_with_precondition,medium,false,Renames a simple local identifier under local-scope preconditions; external bindings must remain unchanged.
codexglue,16728,16728__identifier_renaming,identifier_renaming,0,renamed simple identifier,preserved_with_precondition,medium,false,Renames a simple local identifier under local-scope preconditions; external bindings must remain unchanged.
codexglue,3293,3293__identifier_renaming,identifier_renaming,1,renamed simple identifier,preserved_with_precondition,medium,false,Renames a simple local identifier under local-scope preconditions; external bindings must remain unchanged.
codexglue,7609,7609__identifier_renaming,identifier_renaming,0,renamed simple identifier,preserved_with_precondition,medium,false,Renames a simple local identifier under local-scope preconditions; external bindings must remain unchanged.
codexglue,25530,25530__identifier_renaming,identifier_renaming,1,renamed simple identifier,preserved_with_precondition,medium,false,Renames a simple local identifier under local-scope preconditions; external bindings must remain unchanged.
codexglue,20035,20035__identifier_renaming,identifier_renaming,1,renamed simple identifier,preserved_with_precondition,medium,false,Renames a simple local identifier under local-scope preconditions; external bindings must remain unchanged.
codexglue,6708,6708__identifier_renaming,identifier_renaming,0,renamed simple identifier,preserved_with_precondition,medium,false,Renames a simple local identifier under local-scope preconditions; external bindings must remain unchanged.
codexglue,572,572__identifier_renaming,identifier_renaming,1,renamed simple identifier,preserved_with_precondition,medium,false,Renames a simple local identifier under local-scope preconditions; external bindings must remain unchanged.
codexglue,7654,7654__identifier_renaming,identifier_renaming,1,renamed simple identifier,preserved_with_precondition,medium,false,Renames a simple local identifier under local-scope preconditions; external bindings must remain unchanged.
codexglue,24289,24289__identifier_renaming,identifier_renaming,0,renamed simple identifier,preserved_with_precondition,medium,false,Renames a simple local identifier under local-scope preconditions; external bindings must remain unchanged.
codexglue,1167,1167__identifier_renaming,identifier_renaming,0,renamed simple identifier,preserved_with_precondition,medium,false,Renames a simple local identifier under local-scope preconditions; external bindings must remain unchanged.
codexglue,11674,11674__identifier_renaming,identifier_renaming,0,renamed simple identifier,preserved_with_precondition,medium,false,Renames a simple local identifier under local-scope preconditions; external bindings must remain unchanged.
codexglue,22559,22559__safe_dead_code_carrier,safe_dead_code_carrier,0,compile-time unreachable carrier inserted,preserved_with_precondition,low,false,Adds a compile-time or constant-false dead-code carrier with no reachable side effects. Constant-false guard detected.
codexglue,6500,6500__safe_dead_code_carrier,safe_dead_code_carrier,1,compile-time unreachable carrier inserted,preserved_with_precondition,low,false,Adds a compile-time or constant-false dead-code carrier with no reachable side effects. Constant-false guard detected.
codexglue,11749,11749__safe_dead_code_carrier,safe_dead_code_carrier,1,compile-time unreachable carrier inserted,preserved_with_precondition,low,false,Adds a compile-time or constant-false dead-code carrier with no reachable side effects. Constant-false guard detected.
codexglue,22003,22003__safe_dead_code_carrier,safe_dead_code_carrier,1,compile-time unreachable carrier inserted,preserved_with_precondition,low,false,Adds a compile-time or constant-false dead-code carrier with no reachable side effects. Constant-false guard detected.
codexglue,10665,10665__safe_dead_code_carrier,safe_dead_code_carrier,1,compile-time unreachable carrier inserted,preserved_with_precondition,low,false,Adds a compile-time or constant-false dead-code carrier with no reachable side effects. Constant-false guard detected.
codexglue,8412,8412__safe_dead_code_carrier,safe_dead_code_carrier,1,compile-time unreachable carrier inserted,preserved_with_precondition,low,false,Adds a compile-time or constant-false dead-code carrier with no reachable side effects. Constant-false guard detected.
codexglue,15173,15173__safe_dead_code_carrier,safe_dead_code_carrier,0,compile-time unreachable carrier inserted,preserved_with_precondition,low,false,Adds a compile-time or constant-false dead-code carrier with no reachable side effects. Constant-false guard detected.
codexglue,26836,26836__safe_dead_code_carrier,safe_dead_code_carrier,1,compile-time unreachable carrier inserted,preserved_with_precondition,low,false,Adds a compile-time or constant-false dead-code carrier with no reachable side effects. Constant-false guard detected.
codexglue,12894,12894__safe_dead_code_carrier,safe_dead_code_carrier,0,compile-time unreachable carrier inserted,preserved_with_precondition,low,false,Adds a compile-time or constant-false dead-code carrier with no reachable side effects. Constant-false guard detected.
codexglue,24280,24280__safe_dead_code_carrier,safe_dead_code_carrier,1,compile-time unreachable carrier inserted,preserved_with_precondition,low,false,Adds a compile-time or constant-false dead-code carrier with no reachable side effects. Constant-false guard detected.
codexglue,21762,21762__safe_dead_code_carrier,safe_dead_code_carrier,1,compile-time unreachable carrier inserted,preserved_with_precondition,low,false,Adds a compile-time or constant-false dead-code carrier with no reachable side effects. Constant-false guard detected.
codexglue,13915,13915__safe_dead_code_carrier,safe_dead_code_carrier,1,compile-time unreachable carrier inserted,preserved_with_precondition,low,false,Adds a compile-time or constant-false dead-code carrier with no reachable side effects. Constant-false guard detected.
codexglue,7696,7696__safe_dead_code_carrier,safe_dead_code_carrier,1,compile-time unreachable carrier inserted,preserved_with_precondition,low,false,Adds a compile-time or constant-false dead-code carrier with no reachable side effects. Constant-false guard detected.
codexglue,16227,16227__safe_dead_code_carrier,safe_dead_code_carrier,0,compile-time unreachable carrier inserted,preserved_with_precondition,low,false,Adds a compile-time or constant-false dead-code carrier with no reachable side effects. Constant-false guard detected.
codexglue,9225,9225__safe_dead_code_carrier,safe_dead_code_carrier,0,compile-time unreachable carrier inserted,preserved_with_precondition,low,false,Adds a compile-time or constant-false dead-code carrier with no reachable side effects. Constant-false guard detected.
codexglue,7782,7782__safe_dead_code_carrier,safe_dead_code_carrier,0,compile-time unreachable carrier inserted,preserved_with_precondition,low,false,Adds a compile-time or constant-false dead-code carrier with no reachable side effects. Constant-false guard detected.
codexglue,2857,2857__safe_dead_code_carrier,safe_dead_code_carrier,1,compile-time unreachable carrier inserted,preserved_with_precondition,low,false,Adds a compile-time or constant-false dead-code carrier with no reachable side effects. Constant-false guard detected.
codexglue,2665,2665__safe_dead_code_carrier,safe_dead_code_carrier,0,compile-time unreachable carrier inserted,preserved_with_precondition,low,false,Adds a compile-time or constant-false dead-code carrier with no reachable side effects. Constant-false guard detected.
codexglue,7579,7579__safe_dead_code_carrier,safe_dead_code_carrier,0,compile-time unreachable carrier inserted,preserved_with_precondition,low,false,Adds a compile-time or constant-false dead-code carrier with no reachable side effects. Constant-false guard detected.
codexglue,15206,15206__safe_dead_code_carrier,safe_dead_code_carrier,1,compile-time unreachable carrier inserted,preserved_with_precondition,low,false,Adds a compile-time or constant-false dead-code carrier with no reachable side effects. Constant-false guard detected.
codexglue,18892,18892__safe_dead_code_carrier,safe_dead_code_carrier,0,compile-time unreachable carrier inserted,preserved_with_precondition,low,false,Adds a compile-time or constant-false dead-code carrier with no reachable side effects. Constant-false guard detected.
codexglue,7814,7814__safe_dead_code_carrier,safe_dead_code_carrier,0,compile-time unreachable carrier inserted,preserved_with_precondition,low,false,Adds a compile-time or constant-false dead-code carrier with no reachable side effects. Constant-false guard detected.
codexglue,7609,7609__safe_dead_code_carrier,safe_dead_code_carrier,0,compile-time unreachable carrier inserted,preserved_with_precondition,low,false,Adds a compile-time or constant-false dead-code carrier with no reachable side effects. Constant-false guard detected.
codexglue,15811,15811__safe_dead_code_carrier,safe_dead_code_carrier,0,compile-time unreachable carrier inserted,preserved_with_precondition,low,false,Adds a compile-time or constant-false dead-code carrier with no reachable side effects. Constant-false guard detected.
codexglue,22082,22082__safe_dead_code_carrier,safe_dead_code_carrier,0,compile-time unreachable carrier inserted,preserved_with_precondition,low,false,Adds a compile-time or constant-false dead-code carrier with no reachable side effects. Constant-false guard detected.
codexglue,4159,4159__safe_dead_code_carrier,safe_dead_code_carrier,1,compile-time unreachable carrier inserted,preserved_with_precondition,low,false,Adds a compile-time or constant-false dead-code carrier with no reachable side effects. Constant-false guard detected.
codexglue,21281,21281__safe_dead_code_carrier,safe_dead_code_carrier,0,compile-time unreachable carrier inserted,preserved_with_precondition,low,false,Adds a compile-time or constant-false dead-code carrier with no reachable side effects. Constant-false guard detected.
codexglue,9435,9435__safe_dead_code_carrier,safe_dead_code_carrier,1,compile-time unreachable carrier inserted,preserved_with_precondition,low,false,Adds a compile-time or constant-false dead-code carrier with no reachable side effects. Constant-false guard detected.
codexglue,9150,9150__safe_dead_code_carrier,safe_dead_code_carrier,1,compile-time unreachable carrier inserted,preserved_with_precondition,low,false,Adds a compile-time or constant-false dead-code carrier with no reachable side effects. Constant-false guard detected.
codexglue,4610,4610__safe_dead_code_carrier,safe_dead_code_carrier,0,compile-time unreachable carrier inserted,preserved_with_precondition,low,false,Adds a compile-time or constant-false dead-code carrier with no reachable side effects. Constant-false guard detected.
codexglue,16794,16794__safe_dead_code_carrier,safe_dead_code_carrier,0,compile-time unreachable carrier inserted,preserved_with_precondition,low,false,Adds a compile-time or constant-false dead-code carrier with no reachable side effects. Constant-false guard detected.
codexglue,9817,9817__safe_dead_code_carrier,safe_dead_code_carrier,0,compile-time unreachable carrier inserted,preserved_with_precondition,low,false,Adds a compile-time or constant-false dead-code carrier with no reachable side effects. Constant-false guard detected.
codexglue,16984,16984__safe_dead_code_carrier,safe_dead_code_carrier,0,compile-time unreachable carrier inserted,preserved_with_precondition,low,false,Adds a compile-time or constant-false dead-code carrier with no reachable side effects. Constant-false guard detected.
codexglue,25181,25181__safe_dead_code_carrier,safe_dead_code_carrier,1,compile-time unreachable carrier inserted,preserved_with_precondition,low,false,Adds a compile-time or constant-false dead-code carrier with no reachable side effects. Constant-false guard detected.
codexglue,14872,14872__safe_dead_code_carrier,safe_dead_code_carrier,0,compile-time unreachable carrier inserted,preserved_with_precondition,low,false,Adds a compile-time or constant-false dead-code carrier with no reachable side effects. Constant-false guard detected.
codexglue,7351,7351__safe_dead_code_carrier,safe_dead_code_carrier,1,compile-time unreachable carrier inserted,preserved_with_precondition,low,false,Adds a compile-time or constant-false dead-code carrier with no reachable side effects. Constant-false guard detected.
codexglue,23371,23371__safe_dead_code_carrier,safe_dead_code_carrier,0,compile-time unreachable carrier inserted,preserved_with_precondition,low,false,Adds a compile-time or constant-false dead-code carrier with no reachable side effects. Constant-false guard detected.
codexglue,21971,21971__safe_dead_code_carrier,safe_dead_code_carrier,1,compile-time unreachable carrier inserted,preserved_with_precondition,low,false,Adds a compile-time or constant-false dead-code carrier with no reachable side effects. Constant-false guard detected.
codexglue,20917,20917__safe_dead_code_carrier,safe_dead_code_carrier,1,compile-time unreachable carrier inserted,preserved_with_precondition,low,false,Adds a compile-time or constant-false dead-code carrier with no reachable side effects. Constant-false guard detected.
codexglue,5277,5277__safe_dead_code_carrier,safe_dead_code_carrier,1,compile-time unreachable carrier inserted,preserved_with_precondition,low,false,Adds a compile-time or constant-false dead-code carrier with no reachable side effects. Constant-false guard detected.
bigvul,bigvul-4943ba16bbc2db05115707b3ff7b4874e9e3c560-1119-after,bigvul-4943ba16bbc2db05115707b3ff7b4874e9e3c560-1119-after__blank_line_expansion,blank_line_expansion,0,blank lines inserted after semicolons,preserved,low,false,Whitespace-only layout change; no executable token is intentionally introduced. Whitespace-normalized code matches.
bigvul,bigvul-73cabfedf519298e1a11192699f44d53c529315e-895-after,bigvul-73cabfedf519298e1a11192699f44d53c529315e-895-after__blank_line_expansion,blank_line_expansion,0,blank lines inserted after semicolons,preserved,low,false,Whitespace-only layout change; no executable token is intentionally introduced. Whitespace-normalized code matches.
bigvul,bigvul-1044b43637fa7f70fb19b93593777b78bd20da86-626-after,bigvul-1044b43637fa7f70fb19b93593777b78bd20da86-626-after__blank_line_expansion,blank_line_expansion,0,blank lines inserted after semicolons,preserved,low,false,Whitespace-only layout change; no executable token is intentionally introduced. Whitespace-normalized code matches.
bigvul,bigvul-29014da83e5fc358d6bff0f574e9ed45e61a35ac-2849-after,bigvul-29014da83e5fc358d6bff0f574e9ed45e61a35ac-2849-after__blank_line_expansion,blank_line_expansion,0,blank lines inserted after semicolons,preserved,low,false,Whitespace-only layout change; no executable token is intentionally introduced. Whitespace-normalized code matches.
bigvul,bigvul-ac902c112d90a89e59916f751c2745f4dbdbb4bd-2706-after,bigvul-ac902c112d90a89e59916f751c2745f4dbdbb4bd-2706-after__blank_line_expansion,blank_line_expansion,0,blank lines inserted after semicolons,preserved,low,false,Whitespace-only layout change; no executable token is intentionally introduced. Whitespace-normalized code matches.
bigvul,bigvul-784f56a9c97a838448dd23f9bdc7c05fe8e639b3-2505-after,bigvul-784f56a9c97a838448dd23f9bdc7c05fe8e639b3-2505-after__blank_line_expansion,blank_line_expansion,0,blank lines inserted after semicolons,preserved,low,false,Whitespace-only layout change; no executable token is intentionally introduced. Whitespace-normalized code matches.
bigvul,bigvul-53c4137bd924b954432c6c59da7572c4c5ffa901-1351-after,bigvul-53c4137bd924b954432c6c59da7572c4c5ffa901-1351-after__blank_line_expansion,blank_line_expansion,0,blank lines inserted after semicolons,preserved,low,false,Whitespace-only layout change; no executable token is intentionally introduced. Whitespace-normalized code matches.
bigvul,bigvul-curl-7_51_0-162-g3ab3c16-2749-after,bigvul-curl-7_51_0-162-g3ab3c16-2749-after__blank_line_expansion,blank_line_expansion,0,blank lines inserted after semicolons,preserved,low,false,Whitespace-only layout change; no executable token is intentionally introduced. Whitespace-normalized code matches.
bigvul,bigvul-b4d16b4495b732888e12baf5b8a7e9bf2665e22b-173-after,bigvul-b4d16b4495b732888e12baf5b8a7e9bf2665e22b-173-after__blank_line_expansion,blank_line_expansion,0,blank lines inserted after semicolons,preserved,low,false,Whitespace-only layout change; no executable token is intentionally introduced. Whitespace-normalized code matches.
bigvul,bigvul-67d9b414fa64448abc398ae9fc57c3ddf5de5998-401-after,bigvul-67d9b414fa64448abc398ae9fc57c3ddf5de5998-401-after__blank_line_expansion,blank_line_expansion,0,blank lines inserted after semicolons,preserved,low,false,Whitespace-only layout change; no executable token is intentionally introduced. Whitespace-normalized code matches.
bigvul,bigvul-48900cb6af4282fa0fb6ff4d72a81aa3dadb5c39-2087-after,bigvul-48900cb6af4282fa0fb6ff4d72a81aa3dadb5c39-2087-after__blank_line_expansion,blank_line_expansion,0,blank lines inserted after semicolons,preserved,low,false,Whitespace-only layout change; no executable token is intentionally introduced. Whitespace-normalized code matches.
bigvul,bigvul-b944f670bb7a8a919daac497a4ea0536c954c201-1485-after,bigvul-b944f670bb7a8a919daac497a4ea0536c954c201-1485-after__blank_line_expansion,blank_line_expansion,0,blank lines inserted after semicolons,preserved,low,false,Whitespace-only layout change; no executable token is intentionally introduced. Whitespace-normalized code matches.
bigvul,bigvul-e89cfcb9090e8c98129ae9160c513f504db74599-1683-after,bigvul-e89cfcb9090e8c98129ae9160c513f504db74599-1683-after__blank_line_expansion,blank_line_expansion,0,blank lines inserted after semicolons,preserved,low,false,Whitespace-only layout change; no executable token is intentionally introduced. Whitespace-normalized code matches.
bigvul,bigvul-7a9cdebdcc17e426fb5287e4a82db1dfe86339b2-1024-after,bigvul-7a9cdebdcc17e426fb5287e4a82db1dfe86339b2-1024-after__blank_line_expansion,blank_line_expansion,0,blank lines inserted after semicolons,preserved,low,false,Whitespace-only layout change; no executable token is intentionally introduced. Whitespace-normalized code matches.
bigvul,bigvul-360e95d45ac4123255a4c796db96337f332160ad#diff-d643a0fa169471dbf2912f4866dc49c5-66-after,bigvul-360e95d45ac4123255a4c796db96337f332160ad#diff-d643a0fa169471dbf2912f4866dc49c5-66-after__blank_line_expansion,blank_line_expansion,0,blank lines inserted after semicolons,preserved,low,false,Whitespace-only layout change; no executable token is intentionally introduced. Whitespace-normalized code matches.
bigvul,bigvul-9c78a04df4e44ef6487eee99c4258397f4fdca55-1152-after,bigvul-9c78a04df4e44ef6487eee99c4258397f4fdca55-1152-after__blank_line_expansion,blank_line_expansion,0,blank lines inserted after semicolons,preserved,low,false,Whitespace-only layout change; no executable token is intentionally introduced. Whitespace-normalized code matches.
bigvul,bigvul-51aa68e7d57e3217192d88ce90fd5b8ef29ec94f-2889-after,bigvul-51aa68e7d57e3217192d88ce90fd5b8ef29ec94f-2889-after__blank_line_expansion,blank_line_expansion,0,blank lines inserted after semicolons,preserved,low,false,Whitespace-only layout change; no executable token is intentionally introduced. Whitespace-normalized code matches.
bigvul,bigvul-8af619009660b24e0b41ad26b30289eea288fcc2-38-after,bigvul-8af619009660b24e0b41ad26b30289eea288fcc2-38-after__blank_line_expansion,blank_line_expansion,0,blank lines inserted after semicolons,preserved,low,false,Whitespace-only layout change; no executable token is intentionally introduced. Whitespace-normalized code matches.
bigvul,bigvul-b690371bbf97794b4a1d3f295d4fb9a8b05d402d-2433-after,bigvul-b690371bbf97794b4a1d3f295d4fb9a8b05d402d-2433-after__blank_line_expansion,blank_line_expansion,0,blank lines inserted after semicolons,preserved,low,false,Whitespace-only layout change; no executable token is intentionally introduced. Whitespace-normalized code matches.
bigvul,bigvul-d27468a832d5316884bd02f459cbf493697fd7e1-843-after,bigvul-d27468a832d5316884bd02f459cbf493697fd7e1-843-after__blank_line_expansion,blank_line_expansion,0,blank lines inserted after semicolons,preserved,low,false,Whitespace-only layout change; no executable token is intentionally introduced. Whitespace-normalized code matches.
bigvul,bigvul-248385c606620b29ecc96ca9d3603463f879652b-440-after,bigvul-248385c606620b29ecc96ca9d3603463f879652b-440-after__blank_line_expansion,blank_line_expansion,0,blank lines inserted after semicolons,preserved,low,false,Whitespace-only layout change; no executable token is intentionally introduced. Whitespace-normalized code matches.
bigvul,bigvul-ec14f31eca3a51f665432973552ee575635132b3-2644-after,bigvul-ec14f31eca3a51f665432973552ee575635132b3-2644-after__blank_line_expansion,blank_line_expansion,0,blank lines inserted after semicolons,preserved,low,false,Whitespace-only layout change; no executable token is intentionally introduced. Whitespace-normalized code matches.
bigvul,bigvul-fa7438a0ff4033e4741c807394a9af6207940d71-1382-after,bigvul-fa7438a0ff4033e4741c807394a9af6207940d71-1382-after__blank_line_expansion,blank_line_expansion,0,blank lines inserted after semicolons,preserved,low,false,Whitespace-only layout change; no executable token is intentionally introduced. Whitespace-normalized code matches.
bigvul,bigvul-0654414afcce51a16d35d05060190a3ec4618d42-72-after,bigvul-0654414afcce51a16d35d05060190a3ec4618d42-72-after__blank_line_expansion,blank_line_expansion,0,blank lines inserted after semicolons,preserved,low,false,Whitespace-only layout change; no executable token is intentionally introduced. Whitespace-normalized code matches.
bigvul,bigvul-5e5571d1a431eb3c61977b6dd6ec90186ef79867-2496-after,bigvul-5e5571d1a431eb3c61977b6dd6ec90186ef79867-2496-after__blank_line_expansion,blank_line_expansion,0,blank lines inserted after semicolons,preserved,low,false,Whitespace-only layout change; no executable token is intentionally introduced. Whitespace-normalized code matches.
bigvul,bigvul-eee5cc2702929fd41cce28058dc6d6717f723f87-2445-after,bigvul-eee5cc2702929fd41cce28058dc6d6717f723f87-2445-after__blank_line_expansion,blank_line_expansion,0,blank lines inserted after semicolons,preserved,low,false,Whitespace-only layout change; no executable token is intentionally introduced. Whitespace-normalized code matches.
bigvul,bigvul-0328261c41b1b7495e1d4d4cf958f41a08aff38b-2026-after,bigvul-0328261c41b1b7495e1d4d4cf958f41a08aff38b-2026-after__blank_line_expansion,blank_line_expansion,0,blank lines inserted after semicolons,preserved,low,false,Whitespace-only layout change; no executable token is intentionally introduced. Whitespace-normalized code matches.
bigvul,bigvul-f5c7f5dfbaf0d2f7d946d0fe86f08e6bcb36ed0d-1794-after,bigvul-f5c7f5dfbaf0d2f7d946d0fe86f08e6bcb36ed0d-1794-after__blank_line_expansion,blank_line_expansion,0,blank lines inserted after semicolons,preserved,low,false,Whitespace-only layout change; no executable token is intentionally introduced. Whitespace-normalized code matches.
bigvul,bigvul-864745d291b5ba80ea0bd0edcbe67273de368836-2617-after,bigvul-864745d291b5ba80ea0bd0edcbe67273de368836-2617-after__blank_line_expansion,blank_line_expansion,0,blank lines inserted after semicolons,preserved,low,false,Whitespace-only layout change; no executable token is intentionally introduced. Whitespace-normalized code matches.
bigvul,bigvul-715230a44310a8cf66fbfb5a46f9a62a9b2de424-710-after,bigvul-715230a44310a8cf66fbfb5a46f9a62a9b2de424-710-after__blank_line_expansion,blank_line_expansion,0,blank lines inserted after semicolons,preserved,low,false,Whitespace-only layout change; no executable token is intentionally introduced. Whitespace-normalized code matches.
bigvul,bigvul-c5759e7b76f5bf844be6c6641cc1b356bbc83869-513-after,bigvul-c5759e7b76f5bf844be6c6641cc1b356bbc83869-513-after__blank_line_expansion,blank_line_expansion,0,blank lines inserted after semicolons,preserved,low,false,Whitespace-only layout change; no executable token is intentionally introduced. Whitespace-normalized code matches.
bigvul,bigvul-74c1ec481b33194dc7a428f2d58fc89640b313ae-2158-after,bigvul-74c1ec481b33194dc7a428f2d58fc89640b313ae-2158-after__blank_line_expansion,blank_line_expansion,0,blank lines inserted after semicolons,preserved,low,false,Whitespace-only layout change; no executable token is intentionally introduced. Whitespace-normalized code matches.
bigvul,bigvul-bceb03fd2be95097a7b409ea59914f332fb6bc86-1114-after,bigvul-bceb03fd2be95097a7b409ea59914f332fb6bc86-1114-after__blank_line_expansion,blank_line_expansion,0,blank lines inserted after semicolons,preserved,low,false,Whitespace-only layout change; no executable token is intentionally introduced. Whitespace-normalized code matches.
bigvul,bigvul-ce1a9c0e454b08c96ca73788a1b4dccb405ce027-2354-after,bigvul-ce1a9c0e454b08c96ca73788a1b4dccb405ce027-2354-after__blank_line_expansion,blank_line_expansion,0,blank lines inserted after semicolons,preserved,low,false,Whitespace-only layout change; no executable token is intentionally introduced. Whitespace-normalized code matches.
bigvul,bigvul-c501a58f8d5650c8ba21d447c0d6f07eafcb0f15-2000-after,bigvul-c501a58f8d5650c8ba21d447c0d6f07eafcb0f15-2000-after__blank_line_expansion,blank_line_expansion,0,blank lines inserted after semicolons,preserved,low,false,Whitespace-only layout change; no executable token is intentionally introduced. Whitespace-normalized code matches.
bigvul,bigvul-65c49d5b382de4085ee5668732bcb0f6ecaf7148-2422-after,bigvul-65c49d5b382de4085ee5668732bcb0f6ecaf7148-2422-after__blank_line_expansion,blank_line_expansion,0,blank lines inserted after semicolons,preserved,low,false,Whitespace-only layout change; no executable token is intentionally introduced. Whitespace-normalized code matches.
bigvul,bigvul-0ab5fab4939150bd0f30ada8a4bf6eb0f69d66c1-1717-after,bigvul-0ab5fab4939150bd0f30ada8a4bf6eb0f69d66c1-1717-after__blank_line_expansion,blank_line_expansion,0,blank lines inserted after semicolons,preserved,low,false,Whitespace-only layout change; no executable token is intentionally introduced. Whitespace-normalized code matches.
bigvul,bigvul-79462ad02e861803b3840cc782248c7359451cd9-2886-after,bigvul-79462ad02e861803b3840cc782248c7359451cd9-2886-after__blank_line_expansion,blank_line_expansion,0,blank lines inserted after semicolons,preserved,low,false,Whitespace-only layout change; no executable token is intentionally introduced. Whitespace-normalized code matches.
bigvul,bigvul-b6878d9e03043695dbf3fa1caa6dfc09db225b16-1847-after,bigvul-b6878d9e03043695dbf3fa1caa6dfc09db225b16-1847-after__blank_line_expansion,blank_line_expansion,0,blank lines inserted after semicolons,preserved,low,false,Whitespace-only layout change; no executable token is intentionally introduced. Whitespace-normalized code matches.
bigvul,bigvul-93362fa47fe98b62e4a34ab408c4a418432e7939-2148-after,bigvul-93362fa47fe98b62e4a34ab408c4a418432e7939-2148-after__blank_line_expansion,blank_line_expansion,0,blank lines inserted after semicolons,preserved,low,false,Whitespace-only layout change; no executable token is intentionally introduced. Whitespace-normalized code matches.
bigvul,bigvul-a0fe4d88137213aa24fbb16fd7eec34533345c9b-1556-after,bigvul-a0fe4d88137213aa24fbb16fd7eec34533345c9b-1556-after__brace_line_shift,brace_line_shift,0,first function opening brace shifted,preserved,low,false,Opening-brace layout change; statement order and expressions are intentionally preserved. Whitespace-normalized code matches.
bigvul,bigvul-7bbb91fbf47fc0775cc9705673caf0c47a81f94b-116-after,bigvul-7bbb91fbf47fc0775cc9705673caf0c47a81f94b-116-after__brace_line_shift,brace_line_shift,0,first function opening brace shifted,preserved,low,false,Opening-brace layout change; statement order and expressions are intentionally preserved. Whitespace-normalized code matches.
bigvul,bigvul-10cbaf017570ba6454174c55b844647aa6a9b3b4-2473-after,bigvul-10cbaf017570ba6454174c55b844647aa6a9b3b4-2473-after__brace_line_shift,brace_line_shift,0,first function opening brace shifted,preserved,low,false,Opening-brace layout change; statement order and expressions are intentionally preserved. Whitespace-normalized code matches.
bigvul,bigvul-c4a4dfb26615b5ef5e9dcc730ef43f70ce9202e2-620-after,bigvul-c4a4dfb26615b5ef5e9dcc730ef43f70ce9202e2-620-after__brace_line_shift,brace_line_shift,0,first function opening brace shifted,preserved,low,false,Opening-brace layout change; statement order and expressions are intentionally preserved. Whitespace-normalized code matches.
bigvul,bigvul-ee8d6fd30b022ac2c87b7a190c954e7bb3c9b21e-7-after,bigvul-ee8d6fd30b022ac2c87b7a190c954e7bb3c9b21e-7-after__brace_line_shift,brace_line_shift,0,first function opening brace shifted,preserved,low,false,Opening-brace layout change; statement order and expressions are intentionally preserved. Whitespace-normalized code matches.
bigvul,bigvul-1dcd10aceabbc03bf571ea32b892c522cbe923de-1555-before,bigvul-1dcd10aceabbc03bf571ea32b892c522cbe923de-1555-before__brace_line_shift,brace_line_shift,1,first function opening brace shifted,preserved,low,false,Opening-brace layout change; statement order and expressions are intentionally preserved. Whitespace-normalized code matches.
bigvul,bigvul-e248db02fbab2ee9162940bc19f087fd7d96cb9d-1867-after,bigvul-e248db02fbab2ee9162940bc19f087fd7d96cb9d-1867-after__brace_line_shift,brace_line_shift,0,first function opening brace shifted,preserved,low,false,Opening-brace layout change; statement order and expressions are intentionally preserved. Whitespace-normalized code matches.
bigvul,bigvul-c0c8978849ac57e4ecd613ddc8ff7852a2054734-2390-before,bigvul-c0c8978849ac57e4ecd613ddc8ff7852a2054734-2390-before__brace_line_shift,brace_line_shift,1,first function opening brace shifted,preserved,low,false,Opening-brace layout change; statement order and expressions are intentionally preserved. Whitespace-normalized code matches.
bigvul,bigvul-10cbaf017570ba6454174c55b844647aa6a9b3b4-93-after,bigvul-10cbaf017570ba6454174c55b844647aa6a9b3b4-93-after__brace_line_shift,brace_line_shift,0,first function opening brace shifted,preserved,low,false,Opening-brace layout change; statement order and expressions are intentionally preserved. Whitespace-normalized code matches.
bigvul,bigvul-0bd1a6ddb5fb23dfea3e72d60e5e8df4cf5826bc-2236-after,bigvul-0bd1a6ddb5fb23dfea3e72d60e5e8df4cf5826bc-2236-after__brace_line_shift,brace_line_shift,0,first function opening brace shifted,preserved,low,false,Opening-brace layout change; statement order and expressions are intentionally preserved. Whitespace-normalized code matches.
bigvul,bigvul-23a52bd208885df236cde3ad2cd162b094c0bbe4-657-after,bigvul-23a52bd208885df236cde3ad2cd162b094c0bbe4-657-after__brace_line_shift,brace_line_shift,0,first function opening brace shifted,preserved,low,false,Opening-brace layout change; statement order and expressions are intentionally preserved. Whitespace-normalized code matches.
bigvul,bigvul-744c2a2d90c3c9a33c818e1ea4b7ccb5010663a0-854-after,bigvul-744c2a2d90c3c9a33c818e1ea4b7ccb5010663a0-854-after__brace_line_shift,brace_line_shift,0,first function opening brace shifted,preserved,low,false,Opening-brace layout change; statement order and expressions are intentionally preserved. Whitespace-normalized code matches.
bigvul,bigvul-f911e11e7f6b5c0d6f5ee694a9871de6619889f7-1192-after,bigvul-f911e11e7f6b5c0d6f5ee694a9871de6619889f7-1192-after__brace_line_shift,brace_line_shift,0,first function opening brace shifted,preserved,low,false,Opening-brace layout change; statement order and expressions are intentionally preserved. Whitespace-normalized code matches.
bigvul,bigvul-2db5a2048dfcacfe5ad4311c2b1e435c4c67febc-1855-after,bigvul-2db5a2048dfcacfe5ad4311c2b1e435c4c67febc-1855-after__brace_line_shift,brace_line_shift,0,first function opening brace shifted,preserved,low,false,Opening-brace layout change; statement order and expressions are intentionally preserved. Whitespace-normalized code matches.
bigvul,bigvul-e93dc535728da259ec16d1c3cc393f80b25f64ae-2182-after,bigvul-e93dc535728da259ec16d1c3cc393f80b25f64ae-2182-after__brace_line_shift,brace_line_shift,0,first function opening brace shifted,preserved,low,false,Opening-brace layout change; statement order and expressions are intentionally preserved. Whitespace-normalized code matches.
bigvul,bigvul-ac8bd041b81e46e4e4fcd5021aaa5499703952e6-2329-after,bigvul-ac8bd041b81e46e4e4fcd5021aaa5499703952e6-2329-after__brace_line_shift,brace_line_shift,0,first function opening brace shifted,preserved,low,false,Opening-brace layout change; statement order and expressions are intentionally preserved. Whitespace-normalized code matches.
bigvul,bigvul-d2632f6483a3ceb5d8e0a5fb11142c51c43978b4-425-after,bigvul-d2632f6483a3ceb5d8e0a5fb11142c51c43978b4-425-after__brace_line_shift,brace_line_shift,0,first function opening brace shifted,preserved,low,false,Opening-brace layout change; statement order and expressions are intentionally preserved. Whitespace-normalized code matches.
bigvul,bigvul-74aaa70032784e7cf00256821f29b2b53edb6589-122-after,bigvul-74aaa70032784e7cf00256821f29b2b53edb6589-122-after__brace_line_shift,brace_line_shift,0,first function opening brace shifted,preserved,low,false,Opening-brace layout change; statement order and expressions are intentionally preserved. Whitespace-normalized code matches.
bigvul,bigvul-5472db1c7eca35822219d03be5c817d9a9258c11-1413-after,bigvul-5472db1c7eca35822219d03be5c817d9a9258c11-1413-after__brace_line_shift,brace_line_shift,0,first function opening brace shifted,preserved,low,false,Opening-brace layout change; statement order and expressions are intentionally preserved. Whitespace-normalized code matches.
bigvul,bigvul-c2364e0ce42878a2177c6f4cf7adb3c715b777c1-930-after,bigvul-c2364e0ce42878a2177c6f4cf7adb3c715b777c1-930-after__brace_line_shift,brace_line_shift,0,first function opening brace shifted,preserved,low,false,Opening-brace layout change; statement order and expressions are intentionally preserved. Whitespace-normalized code matches.
bigvul,bigvul-f8675cbb337440a11bf9afb10ea11bae42bb92cb-1640-after,bigvul-f8675cbb337440a11bf9afb10ea11bae42bb92cb-1640-after__brace_line_shift,brace_line_shift,0,first function opening brace shifted,preserved,low,false,Opening-brace layout change; statement order and expressions are intentionally preserved. Whitespace-normalized code matches.
bigvul,bigvul-18d67244984a574ba2dd8779faabc0e3e34f4b76-21-after,bigvul-18d67244984a574ba2dd8779faabc0e3e34f4b76-21-after__brace_line_shift,brace_line_shift,0,first function opening brace shifted,preserved,low,false,Opening-brace layout change; statement order and expressions are intentionally preserved. Whitespace-normalized code matches.
bigvul,bigvul-f1574f25e1402e748bf2bd7e28ce3dd96ceb1ca4-1159-after,bigvul-f1574f25e1402e748bf2bd7e28ce3dd96ceb1ca4-1159-after__brace_line_shift,brace_line_shift,0,first function opening brace shifted,preserved,low,false,Opening-brace layout change; statement order and expressions are intentionally preserved. Whitespace-normalized code matches.
bigvul,bigvul-ee7579229ff7e9e5ae28bf53aea069251499d7da-920-after,bigvul-ee7579229ff7e9e5ae28bf53aea069251499d7da-920-after__brace_line_shift,brace_line_shift,0,first function opening brace shifted,preserved,low,false,Opening-brace layout change; statement order and expressions are intentionally preserved. Whitespace-normalized code matches.
bigvul,bigvul-d27468a832d5316884bd02f459cbf493697fd7e1-1559-after,bigvul-d27468a832d5316884bd02f459cbf493697fd7e1-1559-after__brace_line_shift,brace_line_shift,0,first function opening brace shifted,preserved,low,false,Opening-brace layout change; statement order and expressions are intentionally preserved. Whitespace-normalized code matches.
bigvul,bigvul-6a7063ae61cf031630b48bdcdb09863ffc199962-913-after,bigvul-6a7063ae61cf031630b48bdcdb09863ffc199962-913-after__brace_line_shift,brace_line_shift,0,first function opening brace shifted,preserved,low,false,Opening-brace layout change; statement order and expressions are intentionally preserved. Whitespace-normalized code matches.
bigvul,bigvul-8262245d384be025f13e2a5b3a03b7e5c98374ce-851-after,bigvul-8262245d384be025f13e2a5b3a03b7e5c98374ce-851-after__brace_line_shift,brace_line_shift,0,first function opening brace shifted,preserved,low,false,Opening-brace layout change; statement order and expressions are intentionally preserved. Whitespace-normalized code matches.
bigvul,bigvul-181c7400b2bf50ba02ac77149749fb419b4d4797-1185-after,bigvul-181c7400b2bf50ba02ac77149749fb419b4d4797-1185-after__brace_line_shift,brace_line_shift,0,first function opening brace shifted,preserved,low,false,Opening-brace layout change; statement order and expressions are intentionally preserved. Whitespace-normalized code matches.
bigvul,bigvul-6a7063ae61cf031630b48bdcdb09863ffc199962-913-before,bigvul-6a7063ae61cf031630b48bdcdb09863ffc199962-913-before__brace_line_shift,brace_line_shift,1,first function opening brace shifted,preserved,low,false,Opening-brace layout change; statement order and expressions are intentionally preserved. Whitespace-normalized code matches.
bigvul,bigvul-cd0bd79d6ebdb72183e6f0833673464cc10b3600-28-before,bigvul-cd0bd79d6ebdb72183e6f0833673464cc10b3600-28-before__brace_line_shift,brace_line_shift,1,first function opening brace shifted,preserved,low,false,Opening-brace layout change; statement order and expressions are intentionally preserved. Whitespace-normalized code matches.
bigvul,bigvul-6c5d779aaf0dec9628da8a20751e95fd09554b14-1101-after,bigvul-6c5d779aaf0dec9628da8a20751e95fd09554b14-1101-after__brace_line_shift,brace_line_shift,0,first function opening brace shifted,preserved,low,false,Opening-brace layout change; statement order and expressions are intentionally preserved. Whitespace-normalized code matches.
bigvul,bigvul-a03d4448faf2c40f4ef444a88cb9aace5b98e8c4-1584-after,bigvul-a03d4448faf2c40f4ef444a88cb9aace5b98e8c4-1584-after__brace_line_shift,brace_line_shift,0,first function opening brace shifted,preserved,low,false,Opening-brace layout change; statement order and expressions are intentionally preserved. Whitespace-normalized code matches.
bigvul,bigvul-f8f6ed59949be4451ee2f5443d8a313f102fde60-2290-after,bigvul-f8f6ed59949be4451ee2f5443d8a313f102fde60-2290-after__brace_line_shift,brace_line_shift,0,first function opening brace shifted,preserved,low,false,Opening-brace layout change; statement order and expressions are intentionally preserved. Whitespace-normalized code matches.
bigvul,bigvul-6a60f01228557982e6508c5919cc21fcfddf110b-2477-after,bigvul-6a60f01228557982e6508c5919cc21fcfddf110b-2477-after__brace_line_shift,brace_line_shift,0,first function opening brace shifted,preserved,low,false,Opening-brace layout change; statement order and expressions are intentionally preserved. Whitespace-normalized code matches.
bigvul,bigvul-18d67244984a574ba2dd8779faabc0e3e34f4b76-107-after,bigvul-18d67244984a574ba2dd8779faabc0e3e34f4b76-107-after__brace_line_shift,brace_line_shift,0,first function opening brace shifted,preserved,low,false,Opening-brace layout change; statement order and expressions are intentionally preserved. Whitespace-normalized code matches.
bigvul,bigvul-2198be3483259de374f91e57d247d0fc667aef29-404-after,bigvul-2198be3483259de374f91e57d247d0fc667aef29-404-after__brace_line_shift,brace_line_shift,0,first function opening brace shifted,preserved,low,false,Opening-brace layout change; statement order and expressions are intentionally preserved. Whitespace-normalized code matches.
bigvul,bigvul-648cbc15a6830523b3a4eb78d674f059bd2a7ce9-348-after,bigvul-648cbc15a6830523b3a4eb78d674f059bd2a7ce9-348-after__brace_line_shift,brace_line_shift,0,first function opening brace shifted,preserved,low,false,Opening-brace layout change; statement order and expressions are intentionally preserved. Whitespace-normalized code matches.
bigvul,bigvul-c71d8045ce0592cf3f4290744ab57b23c1d1b4c6-1261-after,bigvul-c71d8045ce0592cf3f4290744ab57b23c1d1b4c6-1261-after__brace_line_shift,brace_line_shift,0,first function opening brace shifted,preserved,low,false,Opening-brace layout change; statement order and expressions are intentionally preserved. Whitespace-normalized code matches.
bigvul,bigvul-18d67244984a574ba2dd8779faabc0e3e34f4b76-2813-after,bigvul-18d67244984a574ba2dd8779faabc0e3e34f4b76-2813-after__brace_line_shift,brace_line_shift,0,first function opening brace shifted,preserved,low,false,Opening-brace layout change; statement order and expressions are intentionally preserved. Whitespace-normalized code matches.
bigvul,bigvul-fc790462b4f248712bbc8c3734664dd6b05f80f2-959-after,bigvul-fc790462b4f248712bbc8c3734664dd6b05f80f2-959-after__brace_line_shift,brace_line_shift,0,first function opening brace shifted,preserved,low,false,Opening-brace layout change; statement order and expressions are intentionally preserved. Whitespace-normalized code matches.
bigvul,bigvul-844864fbae66935951529408831c2f22367a57b6-1389-after,bigvul-844864fbae66935951529408831c2f22367a57b6-1389-after__code_normalization_abstraction,code_normalization_abstraction,0,parenthesized simple return expressions,preserved,low,false,Parenthesizes simple return expressions; value and control flow are intended to remain unchanged.
bigvul,bigvul-6a76f8c0ab19f215af2a3442870eeb5f0e81998d-1772-after,bigvul-6a76f8c0ab19f215af2a3442870eeb5f0e81998d-1772-after__code_normalization_abstraction,code_normalization_abstraction,0,parenthesized simple return expressions,preserved,low,false,Parenthesizes simple return expressions; value and control flow are intended to remain unchanged.
bigvul,bigvul-0ddcff49b672239dda94d70d0fcf50317a9f4b51-468-after,bigvul-0ddcff49b672239dda94d70d0fcf50317a9f4b51-468-after__code_normalization_abstraction,code_normalization_abstraction,0,parenthesized simple return expressions,preserved,low,false,Parenthesizes simple return expressions; value and control flow are intended to remain unchanged.
bigvul,bigvul-7b2d314a61fd0e12f47c62996cb49ec0d1ba747a-795-after,bigvul-7b2d314a61fd0e12f47c62996cb49ec0d1ba747a-795-after__code_normalization_abstraction,code_normalization_abstraction,0,parenthesized simple return expressions,preserved,low,false,Parenthesizes simple return expressions; value and control flow are intended to remain unchanged.
bigvul,bigvul-634c5943f46abe8c6280079f6d394dfee08c3c8f-1779-after,bigvul-634c5943f46abe8c6280079f6d394dfee08c3c8f-1779-after__code_normalization_abstraction,code_normalization_abstraction,0,parenthesized simple return expressions,preserved,low,false,Parenthesizes simple return expressions; value and control flow are intended to remain unchanged.
bigvul,bigvul-6aeee47b2cd47915ccfa3b41433a3f57aea24dd5-2187-after,bigvul-6aeee47b2cd47915ccfa3b41433a3f57aea24dd5-2187-after__code_normalization_abstraction,code_normalization_abstraction,0,parenthesized simple return expressions,preserved,low,false,Parenthesizes simple return expressions; value and control flow are intended to remain unchanged.
bigvul,bigvul-8725c99ffa41778f382ca97233183bcd687bb0ce-1811-after,bigvul-8725c99ffa41778f382ca97233183bcd687bb0ce-1811-after__code_normalization_abstraction,code_normalization_abstraction,0,parenthesized simple return expressions,preserved,low,false,Parenthesizes simple return expressions; value and control flow are intended to remain unchanged.
bigvul,bigvul-a550daeecf6bc689ade371349892ea17b5b97c77-1617-after,bigvul-a550daeecf6bc689ade371349892ea17b5b97c77-1617-after__code_normalization_abstraction,code_normalization_abstraction,0,parenthesized simple return expressions,preserved,low,false,Parenthesizes simple return expressions; value and control flow are intended to remain unchanged.
bigvul,bigvul-54a20552e1eae07aa240fa370a0293e006b5faed-2628-after,bigvul-54a20552e1eae07aa240fa370a0293e006b5faed-2628-after__code_normalization_abstraction,code_normalization_abstraction,0,parenthesized simple return expressions,preserved,low,false,Parenthesizes simple return expressions; value and control flow are intended to remain unchanged.
bigvul,bigvul-f36525c5beafb78959c3a07d6622c9028de348da-2012-after,bigvul-f36525c5beafb78959c3a07d6622c9028de348da-2012-after__code_normalization_abstraction,code_normalization_abstraction,0,parenthesized simple return expressions,preserved,low,false,Parenthesizes simple return expressions; value and control flow are intended to remain unchanged.
bigvul,bigvul-5e5571d1a431eb3c61977b6dd6ec90186ef79867-712-after,bigvul-5e5571d1a431eb3c61977b6dd6ec90186ef79867-712-after__code_normalization_abstraction,code_normalization_abstraction,0,parenthesized simple return expressions,preserved,low,false,Parenthesizes simple return expressions; value and control flow are intended to remain unchanged.
bigvul,bigvul-b3f456a8ceefac6e9f2e9acc2ea0c159d412b595-2044-after,bigvul-b3f456a8ceefac6e9f2e9acc2ea0c159d412b595-2044-after__code_normalization_abstraction,code_normalization_abstraction,0,parenthesized simple return expressions,preserved,low,false,Parenthesizes simple return expressions; value and control flow are intended to remain unchanged.
bigvul,bigvul-a6f7726de20450074a01493e4e85409ce3f2595a-1318-after,bigvul-a6f7726de20450074a01493e4e85409ce3f2595a-1318-after__code_normalization_abstraction,code_normalization_abstraction,0,parenthesized simple return expressions,preserved,low,false,Parenthesizes simple return expressions; value and control flow are intended to remain unchanged.
bigvul,bigvul-bceaa90240b6019ed73b49965eac7d167610be69-2149-after,bigvul-bceaa90240b6019ed73b49965eac7d167610be69-2149-after__code_normalization_abstraction,code_normalization_abstraction,0,parenthesized simple return expressions,preserved,low,false,Parenthesizes simple return expressions; value and control flow are intended to remain unchanged.
bigvul,bigvul-eb0fb72b3c5307ec8e33effb6bf947e38cfdffe8-2492-after,bigvul-eb0fb72b3c5307ec8e33effb6bf947e38cfdffe8-2492-after__code_normalization_abstraction,code_normalization_abstraction,0,parenthesized simple return expressions,preserved,low,false,Parenthesizes simple return expressions; value and control flow are intended to remain unchanged.
bigvul,bigvul-1a51410abe7d0ee4b1d112780f46df87d3621043-1566-after,bigvul-1a51410abe7d0ee4b1d112780f46df87d3621043-1566-after__code_normalization_abstraction,code_normalization_abstraction,0,parenthesized simple return expressions,preserved,low,false,Parenthesizes simple return expressions; value and control flow are intended to remain unchanged.
bigvul,bigvul-f1574f25e1402e748bf2bd7e28ce3dd96ceb1ca4-287-after,bigvul-f1574f25e1402e748bf2bd7e28ce3dd96ceb1ca4-287-after__code_normalization_abstraction,code_normalization_abstraction,0,parenthesized simple return expressions,preserved,low,false,Parenthesizes simple return expressions; value and control flow are intended to remain unchanged.
bigvul,bigvul-fefaaa43c382eee632ea3ad0cfa915335140e1db-2588-after,bigvul-fefaaa43c382eee632ea3ad0cfa915335140e1db-2588-after__code_normalization_abstraction,code_normalization_abstraction,0,parenthesized simple return expressions,preserved,low,false,Parenthesizes simple return expressions; value and control flow are intended to remain unchanged.
bigvul,bigvul-4e1cf0d3e6f6fe2552a269def0af1cd2403e266c-1191-after,bigvul-4e1cf0d3e6f6fe2552a269def0af1cd2403e266c-1191-after__code_normalization_abstraction,code_normalization_abstraction,0,parenthesized simple return expressions,preserved,low,false,Parenthesizes simple return expressions; value and control flow are intended to remain unchanged.
bigvul,bigvul-25f9415f43d607d3d01f542f067e3cc471983e6b-535-after,bigvul-25f9415f43d607d3d01f542f067e3cc471983e6b-535-after__code_normalization_abstraction,code_normalization_abstraction,0,parenthesized simple return expressions,preserved,low,false,Parenthesizes simple return expressions; value and control flow are intended to remain unchanged.
bigvul,bigvul-685c3980d31b5199924086b8c93a1ce751d24733-1202-after,bigvul-685c3980d31b5199924086b8c93a1ce751d24733-1202-after__code_normalization_abstraction,code_normalization_abstraction,0,parenthesized simple return expressions,preserved,low,false,Parenthesizes simple return expressions; value and control flow are intended to remain unchanged.
bigvul,bigvul-248385c606620b29ecc96ca9d3603463f879652b-440-after,bigvul-248385c606620b29ecc96ca9d3603463f879652b-440-after__code_normalization_abstraction,code_normalization_abstraction,0,parenthesized simple return expressions,preserved,low,false,Parenthesizes simple return expressions; value and control flow are intended to remain unchanged.
bigvul,bigvul-d4cd2b2c0953ad7e9fa988c234eb9361be80fe81-634-after,bigvul-d4cd2b2c0953ad7e9fa988c234eb9361be80fe81-634-after__code_normalization_abstraction,code_normalization_abstraction,0,parenthesized simple return expressions,preserved,low,false,Parenthesizes simple return expressions; value and control flow are intended to remain unchanged.
bigvul,bigvul-ef85b67385436ddc1998f45f1d6a210f935b3388-2022-after,bigvul-ef85b67385436ddc1998f45f1d6a210f935b3388-2022-after__code_normalization_abstraction,code_normalization_abstraction,0,parenthesized simple return expressions,preserved,low,false,Parenthesizes simple return expressions; value and control flow are intended to remain unchanged.
bigvul,bigvul-667121ace9dbafb368618dbabcf07901c962ddac-2132-after,bigvul-667121ace9dbafb368618dbabcf07901c962ddac-2132-after__code_normalization_abstraction,code_normalization_abstraction,0,parenthesized simple return expressions,preserved,low,false,Parenthesizes simple return expressions; value and control flow are intended to remain unchanged.
bigvul,bigvul-bd97120fc3d1a11f3124c7c9ba1d91f51829eb85-1945-after,bigvul-bd97120fc3d1a11f3124c7c9ba1d91f51829eb85-1945-after__code_normalization_abstraction,code_normalization_abstraction,0,parenthesized simple return expressions,preserved,low,false,Parenthesizes simple return expressions; value and control flow are intended to remain unchanged.
bigvul,bigvul-a8c1f65c79cbbb2f7da782d4c9d15639a9b94b27-1924-after,bigvul-a8c1f65c79cbbb2f7da782d4c9d15639a9b94b27-1924-after__code_normalization_abstraction,code_normalization_abstraction,0,parenthesized simple return expressions,preserved,low,false,Parenthesizes simple return expressions; value and control flow are intended to remain unchanged.
bigvul,bigvul-48900cb6af4282fa0fb6ff4d72a81aa3dadb5c39-2087-after,bigvul-48900cb6af4282fa0fb6ff4d72a81aa3dadb5c39-2087-after__code_normalization_abstraction,code_normalization_abstraction,0,parenthesized simple return expressions,preserved,low,false,Parenthesizes simple return expressions; value and control flow are intended to remain unchanged.
bigvul,bigvul-bcf3b67d16a4c8ffae0aa79de5853435e683945c-1907-after,bigvul-bcf3b67d16a4c8ffae0aa79de5853435e683945c-1907-after__code_normalization_abstraction,code_normalization_abstraction,0,parenthesized simple return expressions,preserved,low,false,Parenthesizes simple return expressions; value and control flow are intended to remain unchanged.
bigvul,bigvul-364fb6e517fc4fbc8196a4afba4f77b3d5300c3e-1835-after,bigvul-364fb6e517fc4fbc8196a4afba4f77b3d5300c3e-1835-after__code_normalization_abstraction,code_normalization_abstraction,0,parenthesized simple return expressions,preserved,low,false,Parenthesizes simple return expressions; value and control flow are intended to remain unchanged.
bigvul,bigvul-b4a1b4f5047e4f54e194681125c74c0aa64d637d-2308-after,bigvul-b4a1b4f5047e4f54e194681125c74c0aa64d637d-2308-after__code_normalization_abstraction,code_normalization_abstraction,0,parenthesized simple return expressions,preserved,low,false,Parenthesizes simple return expressions; value and control flow are intended to remain unchanged.
bigvul,bigvul-c67d275803dc6ea22c558d06b1f7ba9f94cd8de3-1928-after,bigvul-c67d275803dc6ea22c558d06b1f7ba9f94cd8de3-1928-after__code_normalization_abstraction,code_normalization_abstraction,0,parenthesized simple return expressions,preserved,low,false,Parenthesizes simple return expressions; value and control flow are intended to remain unchanged.
bigvul,bigvul-7d7190695ce2ff269fdffb04e87139995cde21f4-1760-after,bigvul-7d7190695ce2ff269fdffb04e87139995cde21f4-1760-after__code_normalization_abstraction,code_normalization_abstraction,0,parenthesized simple return expressions,preserved,low,false,Parenthesizes simple return expressions; value and control flow are intended to remain unchanged.
bigvul,bigvul-681fef8380eb818c0b845fca5d2ab1dcbab114ee-2680-after,bigvul-681fef8380eb818c0b845fca5d2ab1dcbab114ee-2680-after__code_normalization_abstraction,code_normalization_abstraction,0,parenthesized simple return expressions,preserved,low,false,Parenthesizes simple return expressions; value and control flow are intended to remain unchanged.
bigvul,bigvul-7ed47b7d142ec99ad6880bbbec51e9f12b3af74c-2002-before,bigvul-7ed47b7d142ec99ad6880bbbec51e9f12b3af74c-2002-before__code_normalization_abstraction,code_normalization_abstraction,1,parenthesized simple return expressions,preserved,low,false,Parenthesizes simple return expressions; value and control flow are intended to remain unchanged.
bigvul,bigvul-2080bc33717955a0e4268e738acf8c1eeddbf8cb-1580-after,bigvul-2080bc33717955a0e4268e738acf8c1eeddbf8cb-1580-after__code_normalization_abstraction,code_normalization_abstraction,0,parenthesized simple return expressions,preserved,low,false,Parenthesizes simple return expressions; value and control flow are intended to remain unchanged.
bigvul,bigvul-9d4853418ab2f754c2b63e091c29c5529b8b86ca-2830-after,bigvul-9d4853418ab2f754c2b63e091c29c5529b8b86ca-2830-after__code_normalization_abstraction,code_normalization_abstraction,0,parenthesized simple return expressions,preserved,low,false,Parenthesizes simple return expressions; value and control flow are intended to remain unchanged.
bigvul,bigvul-ea3d7209ca01da209cda6f0dea8be9cc4b7a933b-35-after,bigvul-ea3d7209ca01da209cda6f0dea8be9cc4b7a933b-35-after__code_normalization_abstraction,code_normalization_abstraction,0,parenthesized simple return expressions,preserved,low,false,Parenthesizes simple return expressions; value and control flow are intended to remain unchanged.
bigvul,bigvul-3095060f479b86288e31c79ecbc5131a66bcd2f9-1422-after,bigvul-3095060f479b86288e31c79ecbc5131a66bcd2f9-1422-after__code_normalization_abstraction,code_normalization_abstraction,0,parenthesized simple return expressions,preserved,low,false,Parenthesizes simple return expressions; value and control flow are intended to remain unchanged.
bigvul,bigvul-5f8e44741f9f216e33736ea4ec65ca9ac03036e6-607-after,bigvul-5f8e44741f9f216e33736ea4ec65ca9ac03036e6-607-after__code_normalization_abstraction,code_normalization_abstraction,0,parenthesized simple return expressions,preserved,low,false,Parenthesizes simple return expressions; value and control flow are intended to remain unchanged.
bigvul,bigvul-f911e11e7f6b5c0d6f5ee694a9871de6619889f7-1192-after,bigvul-f911e11e7f6b5c0d6f5ee694a9871de6619889f7-1192-after__comment_banner,comment_banner,0,comment inserted,preserved,low,false,Inserted block comment; comments have no runtime effect outside preprocessor/macro edge cases. Comment-stripped code matches.
bigvul,bigvul-44a637b47793512bfb1d2589d43b8dc492a97629-758-after,bigvul-44a637b47793512bfb1d2589d43b8dc492a97629-758-after__comment_banner,comment_banner,0,comment inserted,preserved,low,false,Inserted block comment; comments have no runtime effect outside preprocessor/macro edge cases. Comment-stripped code matches.
bigvul,bigvul-c26d5beb60a5a85f76259f50ed3e08c8169b0a0c-40-after,bigvul-c26d5beb60a5a85f76259f50ed3e08c8169b0a0c-40-after__comment_banner,comment_banner,0,comment inserted,preserved,low,false,Inserted block comment; comments have no runtime effect outside preprocessor/macro edge cases. Comment-stripped code matches.
bigvul,bigvul-e89cfcb9090e8c98129ae9160c513f504db74599-2364-after,bigvul-e89cfcb9090e8c98129ae9160c513f504db74599-2364-after__comment_banner,comment_banner,0,comment inserted,preserved,low,false,Inserted block comment; comments have no runtime effect outside preprocessor/macro edge cases. Comment-stripped code matches.
bigvul,bigvul-08fa47c4850cea32c3116665975bca219fbf2fe6-2119-after,bigvul-08fa47c4850cea32c3116665975bca219fbf2fe6-2119-after__comment_banner,comment_banner,0,comment inserted,preserved,low,false,Inserted block comment; comments have no runtime effect outside preprocessor/macro edge cases. Comment-stripped code matches.
bigvul,bigvul-7e4ab8e1189846041f955e6c83f72bc1624e7a98-1471-after,bigvul-7e4ab8e1189846041f955e6c83f72bc1624e7a98-1471-after__comment_banner,comment_banner,0,comment inserted,preserved,low,false,Inserted block comment; comments have no runtime effect outside preprocessor/macro edge cases. Comment-stripped code matches.
bigvul,bigvul-2d8a041b7bfe1097af21441cb77d6af95f4f4680-2272-after,bigvul-2d8a041b7bfe1097af21441cb77d6af95f4f4680-2272-after__comment_banner,comment_banner,0,comment inserted,preserved,low,false,Inserted block comment; comments have no runtime effect outside preprocessor/macro edge cases. Comment-stripped code matches.
bigvul,bigvul-761c75d2d607638ff53c764b4925bcca9be601d8-619-after,bigvul-761c75d2d607638ff53c764b4925bcca9be601d8-619-after__comment_banner,comment_banner,0,comment inserted,preserved,low,false,Inserted block comment; comments have no runtime effect outside preprocessor/macro edge cases. Comment-stripped code matches.
bigvul,bigvul-8e75437a7e43d4c55e861691f74892e666e29b0b-1533-after,bigvul-8e75437a7e43d4c55e861691f74892e666e29b0b-1533-after__comment_banner,comment_banner,0,comment inserted,preserved,low,false,Inserted block comment; comments have no runtime effect outside preprocessor/macro edge cases. Comment-stripped code matches.
bigvul,bigvul-7ed47b7d142ec99ad6880bbbec51e9f12b3af74c-2002-before,bigvul-7ed47b7d142ec99ad6880bbbec51e9f12b3af74c-2002-before__comment_banner,comment_banner,1,comment inserted,preserved,low,false,Inserted block comment; comments have no runtime effect outside preprocessor/macro edge cases. Comment-stripped code matches.
bigvul,bigvul-201f99f170df14ba52ea4c52847779042b7a623b-2669-after,bigvul-201f99f170df14ba52ea4c52847779042b7a623b-2669-after__comment_banner,comment_banner,0,comment inserted,preserved,low,false,Inserted block comment; comments have no runtime effect outside preprocessor/macro edge cases. Comment-stripped code matches.
bigvul,bigvul-971548cdca2d4c0a6fedd3db0c94372c2a27eac3-2632-after,bigvul-971548cdca2d4c0a6fedd3db0c94372c2a27eac3-2632-after__comment_banner,comment_banner,0,comment inserted,preserved,low,false,Inserted block comment; comments have no runtime effect outside preprocessor/macro edge cases. Comment-stripped code matches.
bigvul,bigvul-f85a87ec670ad0fce9d98d90c9a705b72a288154-2147-after,bigvul-f85a87ec670ad0fce9d98d90c9a705b72a288154-2147-after__comment_banner,comment_banner,0,comment inserted,preserved,low,false,Inserted block comment; comments have no runtime effect outside preprocessor/macro edge cases. Comment-stripped code matches.
bigvul,bigvul-e89cfcb9090e8c98129ae9160c513f504db74599-1365-after,bigvul-e89cfcb9090e8c98129ae9160c513f504db74599-1365-after__comment_banner,comment_banner,0,comment inserted,preserved,low,false,Inserted block comment; comments have no runtime effect outside preprocessor/macro edge cases. Comment-stripped code matches.
bigvul,bigvul-f03ea5a5c2ff26e239dfd23e263b15da2d9cee93-1197-after,bigvul-f03ea5a5c2ff26e239dfd23e263b15da2d9cee93-1197-after__comment_banner,comment_banner,0,comment inserted,preserved,low,false,Inserted block comment; comments have no runtime effect outside preprocessor/macro edge cases. Comment-stripped code matches.
bigvul,bigvul-f5364c150aa645b3d7daa21b5c0b9feaa1c9cd6d-584-after,bigvul-f5364c150aa645b3d7daa21b5c0b9feaa1c9cd6d-584-after__comment_banner,comment_banner,0,comment inserted,preserved,low,false,Inserted block comment; comments have no runtime effect outside preprocessor/macro edge cases. Comment-stripped code matches.
bigvul,bigvul-248a92c21c20c14b5983680c50e1d8b73fc79a2f-542-after,bigvul-248a92c21c20c14b5983680c50e1d8b73fc79a2f-542-after__comment_banner,comment_banner,0,comment inserted,preserved,low,false,Inserted block comment; comments have no runtime effect outside preprocessor/macro edge cases. Comment-stripped code matches.
bigvul,bigvul-e89cfcb9090e8c98129ae9160c513f504db74599-675-after,bigvul-e89cfcb9090e8c98129ae9160c513f504db74599-675-after__comment_banner,comment_banner,0,comment inserted,preserved,low,false,Inserted block comment; comments have no runtime effect outside preprocessor/macro edge cases. Comment-stripped code differs because existing comments or formatting changed.
bigvul,bigvul-f6d8bd051c391c1c0458a30b2a7abcd939329259-1621-after,bigvul-f6d8bd051c391c1c0458a30b2a7abcd939329259-1621-after__comment_banner,comment_banner,0,comment inserted,preserved,low,false,Inserted block comment; comments have no runtime effect outside preprocessor/macro edge cases. Comment-stripped code matches.
bigvul,bigvul-cd0bd79d6ebdb72183e6f0833673464cc10b3600-2089-after,bigvul-cd0bd79d6ebdb72183e6f0833673464cc10b3600-2089-after__comment_banner,comment_banner,0,comment inserted,preserved,low,false,Inserted block comment; comments have no runtime effect outside preprocessor/macro edge cases. Comment-stripped code matches.
bigvul,bigvul-95d78c28b5a85bacbc29b8dba7c04babb9b0d467-2564-after,bigvul-95d78c28b5a85bacbc29b8dba7c04babb9b0d467-2564-after__comment_banner,comment_banner,0,comment inserted,preserved,low,false,Inserted block comment; comments have no runtime effect outside preprocessor/macro edge cases. Comment-stripped code matches.
bigvul,bigvul-eee5cc2702929fd41cce28058dc6d6717f723f87-2445-after,bigvul-eee5cc2702929fd41cce28058dc6d6717f723f87-2445-after__comment_banner,comment_banner,0,comment inserted,preserved,low,false,Inserted block comment; comments have no runtime effect outside preprocessor/macro edge cases. Comment-stripped code matches.
bigvul,bigvul-c839b706092583f6b12ed3cc634bf5af34b7a2bb-1391-after,bigvul-c839b706092583f6b12ed3cc634bf5af34b7a2bb-1391-after__comment_banner,comment_banner,0,comment inserted,preserved,low,false,Inserted block comment; comments have no runtime effect outside preprocessor/macro edge cases. Comment-stripped code matches.
bigvul,bigvul-0bfc96cb77224736dfa35c3c555d37b3646ef35e-2194-after,bigvul-0bfc96cb77224736dfa35c3c555d37b3646ef35e-2194-after__comment_banner,comment_banner,0,comment inserted,preserved,low,false,Inserted block comment; comments have no runtime effect outside preprocessor/macro edge cases. Comment-stripped code matches.
bigvul,bigvul-961d0cda4cfc3bcf04aa48ccc32772d63af12d9b-2795-after,bigvul-961d0cda4cfc3bcf04aa48ccc32772d63af12d9b-2795-after__comment_banner,comment_banner,0,comment inserted,preserved,low,false,Inserted block comment; comments have no runtime effect outside preprocessor/macro edge cases. Comment-stripped code matches.
bigvul,bigvul-8909c9ad8ff03611c9c96c9a92656213e4bb495b-2709-after,bigvul-8909c9ad8ff03611c9c96c9a92656213e4bb495b-2709-after__comment_banner,comment_banner,0,comment inserted,preserved,low,false,Inserted block comment; comments have no runtime effect outside preprocessor/macro edge cases. Comment-stripped code matches.
bigvul,bigvul-d4cd2b2c0953ad7e9fa988c234eb9361be80fe81-1232-after,bigvul-d4cd2b2c0953ad7e9fa988c234eb9361be80fe81-1232-after__comment_banner,comment_banner,0,comment inserted,preserved,low,false,Inserted block comment; comments have no runtime effect outside preprocessor/macro edge cases. Comment-stripped code matches.
bigvul,bigvul-d31c4d3cbdbe01ea3ded16a584de94149ecd31d9-147-after,bigvul-d31c4d3cbdbe01ea3ded16a584de94149ecd31d9-147-after__comment_banner,comment_banner,0,comment inserted,preserved,low,false,Inserted block comment; comments have no runtime effect outside preprocessor/macro edge cases. Comment-stripped code matches.
bigvul,bigvul-f14efc560a12a513696d6396413b138879dabd7a-1264-after,bigvul-f14efc560a12a513696d6396413b138879dabd7a-1264-after__comment_banner,comment_banner,0,comment inserted,preserved,low,false,Inserted block comment; comments have no runtime effect outside preprocessor/macro edge cases. Comment-stripped code matches.
bigvul,bigvul-0befd1f3745055c32940f5faf9559be6a14395e6-2584-after,bigvul-0befd1f3745055c32940f5faf9559be6a14395e6-2584-after__comment_banner,comment_banner,0,comment inserted,preserved,low,false,Inserted block comment; comments have no runtime effect outside preprocessor/macro edge cases. Comment-stripped code matches.
bigvul,bigvul-a5b2c5b2ad5853591a6cac6134cd0f599a720865-628-after,bigvul-a5b2c5b2ad5853591a6cac6134cd0f599a720865-628-after__comment_banner,comment_banner,0,comment inserted,preserved,low,false,Inserted block comment; comments have no runtime effect outside preprocessor/macro edge cases. Comment-stripped code matches.
bigvul,bigvul-f1574f25e1402e748bf2bd7e28ce3dd96ceb1ca4-830-after,bigvul-f1574f25e1402e748bf2bd7e28ce3dd96ceb1ca4-830-after__comment_banner,comment_banner,0,comment inserted,preserved,low,false,Inserted block comment; comments have no runtime effect outside preprocessor/macro edge cases. Comment-stripped code matches.
bigvul,bigvul-ac23b02ecb741e5de60f5235ea443790c88a0b80-1713-before,bigvul-ac23b02ecb741e5de60f5235ea443790c88a0b80-1713-before__comment_banner,comment_banner,1,comment inserted,preserved,low,false,Inserted block comment; comments have no runtime effect outside preprocessor/macro edge cases. Comment-stripped code matches.
bigvul,bigvul-5472db1c7eca35822219d03be5c817d9a9258c11-1113-after,bigvul-5472db1c7eca35822219d03be5c817d9a9258c11-1113-after__comment_banner,comment_banner,0,comment inserted,preserved,low,false,Inserted block comment; comments have no runtime effect outside preprocessor/macro edge cases. Comment-stripped code matches.
bigvul,bigvul-04aaacb936a08d70862d6d9d7e8354721ae46be8-727-after,bigvul-04aaacb936a08d70862d6d9d7e8354721ae46be8-727-after__comment_banner,comment_banner,0,comment inserted,preserved,low,false,Inserted block comment; comments have no runtime effect outside preprocessor/macro edge cases. Comment-stripped code matches.
bigvul,bigvul-d8316f3991d207fe32881a9ac20241be8fa2bad0-87-after,bigvul-d8316f3991d207fe32881a9ac20241be8fa2bad0-87-after__comment_banner,comment_banner,0,comment inserted,preserved,low,false,Inserted block comment; comments have no runtime effect outside preprocessor/macro edge cases. Comment-stripped code matches.
bigvul,bigvul-1777aa6484af15014b8691082a8c3075418786f5-1484-after,bigvul-1777aa6484af15014b8691082a8c3075418786f5-1484-after__comment_banner,comment_banner,0,comment inserted,preserved,low,false,Inserted block comment; comments have no runtime effect outside preprocessor/macro edge cases. Comment-stripped code matches.
bigvul,bigvul-f911e11e7f6b5c0d6f5ee694a9871de6619889f7-1022-after,bigvul-f911e11e7f6b5c0d6f5ee694a9871de6619889f7-1022-after__comment_banner,comment_banner,0,comment inserted,preserved,low,false,Inserted block comment; comments have no runtime effect outside preprocessor/macro edge cases. Comment-stripped code matches.
bigvul,bigvul-7fa8bd35982700cb2cb6ce22d05128c019a2b587-1167-after,bigvul-7fa8bd35982700cb2cb6ce22d05128c019a2b587-1167-after__comment_banner,comment_banner,0,comment inserted,preserved,low,false,Inserted block comment; comments have no runtime effect outside preprocessor/macro edge cases. Comment-stripped code matches.
bigvul,bigvul-3b0d77670a0613f409110817455d2137576b485a-661-after,bigvul-3b0d77670a0613f409110817455d2137576b485a-661-after__comment_banner,comment_banner,0,comment inserted,preserved,low,false,Inserted block comment; comments have no runtime effect outside preprocessor/macro edge cases. Comment-stripped code matches.
bigvul,bigvul-f1a142d29ad1dfaecd3b609051b476440289ec72-1387-after,bigvul-f1a142d29ad1dfaecd3b609051b476440289ec72-1387-after__control_flow_rewrite,control_flow_rewrite,0,inverted simple returning if/else,preserved_with_precondition,medium,false,Inverts a restricted returning if/else where both branches return; branch expressions must remain unchanged.
bigvul,bigvul-c2a13ced4272f2e65d2773e2ea6ca11c1ce4a911?w=1-1681-after,bigvul-c2a13ced4272f2e65d2773e2ea6ca11c1ce4a911?w=1-1681-after__control_flow_rewrite,control_flow_rewrite,0,inverted simple returning if/else,preserved_with_precondition,medium,false,Inverts a restricted returning if/else where both branches return; branch expressions must remain unchanged.
bigvul,bigvul-c13e1da62b5f5f0e6fe8c1f769a5a28415415244-2082-after,bigvul-c13e1da62b5f5f0e6fe8c1f769a5a28415415244-2082-after__control_flow_rewrite,control_flow_rewrite,0,inverted simple returning if/else,preserved_with_precondition,medium,false,Inverts a restricted returning if/else where both branches return; branch expressions must remain unchanged.
bigvul,bigvul-e5285319229a5d77bf316bb0d3a6cbd3cb8666d9-2333-after,bigvul-e5285319229a5d77bf316bb0d3a6cbd3cb8666d9-2333-after__control_flow_rewrite,control_flow_rewrite,0,inverted simple returning if/else,preserved_with_precondition,medium,false,Inverts a restricted returning if/else where both branches return; branch expressions must remain unchanged.
bigvul,bigvul-9b04ffd8e7a07e9b2947fe5b71acf85dff38a63f-346-after,bigvul-9b04ffd8e7a07e9b2947fe5b71acf85dff38a63f-346-after__dead_branch_after_opening_brace,dead_branch_after_opening_brace,0,unreachable branch inserted,preserved_with_precondition,low,false,Adds an unreachable branch guarded by a constant-false condition. Constant-false guard detected.
bigvul,bigvul-727ba748e110b4de50d142edca9d6a9b7e6111d8-1545-after,bigvul-727ba748e110b4de50d142edca9d6a9b7e6111d8-1545-after__dead_branch_after_opening_brace,dead_branch_after_opening_brace,0,unreachable branch inserted,preserved_with_precondition,low,false,Adds an unreachable branch guarded by a constant-false condition. Constant-false guard detected.
bigvul,bigvul-6b7339f4c31ad69c8e9c0b2859276e22cf72176d-2850-after,bigvul-6b7339f4c31ad69c8e9c0b2859276e22cf72176d-2850-after__dead_branch_after_opening_brace,dead_branch_after_opening_brace,0,unreachable branch inserted,preserved_with_precondition,low,false,Adds an unreachable branch guarded by a constant-false condition. Constant-false guard detected.
bigvul,bigvul-2119afbe74ee0c914c1d5c4c859c594c08b0ad42-2571-after,bigvul-2119afbe74ee0c914c1d5c4c859c594c08b0ad42-2571-after__dead_branch_after_opening_brace,dead_branch_after_opening_brace,0,unreachable branch inserted,preserved_with_precondition,low,false,Adds an unreachable branch guarded by a constant-false condition. Constant-false guard detected.
bigvul,bigvul-472271b153c5dc53c28beac55480a8d8434b2d5c-1650-before,bigvul-472271b153c5dc53c28beac55480a8d8434b2d5c-1650-before__dead_branch_after_opening_brace,dead_branch_after_opening_brace,1,unreachable branch inserted,preserved_with_precondition,low,false,Adds an unreachable branch guarded by a constant-false condition. Constant-false guard detected.
bigvul,bigvul-c5759e7b76f5bf844be6c6641cc1b356bbc83869-513-after,bigvul-c5759e7b76f5bf844be6c6641cc1b356bbc83869-513-after__dead_branch_after_opening_brace,dead_branch_after_opening_brace,0,unreachable branch inserted,preserved_with_precondition,low,false,Adds an unreachable branch guarded by a constant-false condition. Constant-false guard detected.
bigvul,bigvul-4a1d704194a441bf83c636004a479e01360ec850-1381-after,bigvul-4a1d704194a441bf83c636004a479e01360ec850-1381-after__dead_branch_after_opening_brace,dead_branch_after_opening_brace,0,unreachable branch inserted,preserved_with_precondition,low,false,Adds an unreachable branch guarded by a constant-false condition. Constant-false guard detected.
bigvul,bigvul-d4cd2b2c0953ad7e9fa988c234eb9361be80fe81-1895-after,bigvul-d4cd2b2c0953ad7e9fa988c234eb9361be80fe81-1895-after__dead_branch_after_opening_brace,dead_branch_after_opening_brace,0,unreachable branch inserted,preserved_with_precondition,low,false,Adds an unreachable branch guarded by a constant-false condition. Constant-false guard detected.
bigvul,bigvul-401d30ef93030afbf7e81e53a11b68fc36194502-1792-after,bigvul-401d30ef93030afbf7e81e53a11b68fc36194502-1792-after__dead_branch_after_opening_brace,dead_branch_after_opening_brace,0,unreachable branch inserted,preserved_with_precondition,low,false,Adds an unreachable branch guarded by a constant-false condition. Constant-false guard detected.
bigvul,bigvul-96dbafe288dbe2f0cc45fa3c39daf6d0c37acbab-339-after,bigvul-96dbafe288dbe2f0cc45fa3c39daf6d0c37acbab-339-after__dead_branch_after_opening_brace,dead_branch_after_opening_brace,0,unreachable branch inserted,preserved_with_precondition,low,false,Adds an unreachable branch guarded by a constant-false condition. Constant-false guard detected.
bigvul,bigvul-5d4405f601fa11a8955fd7611532c982420e4206-2512-after,bigvul-5d4405f601fa11a8955fd7611532c982420e4206-2512-after__dead_branch_after_opening_brace,dead_branch_after_opening_brace,0,unreachable branch inserted,preserved_with_precondition,low,false,Adds an unreachable branch guarded by a constant-false condition. Constant-false guard detected.
bigvul,bigvul-8fe377e93b4b56060e5bbfb6f3142ceaeca744fa-1053-after,bigvul-8fe377e93b4b56060e5bbfb6f3142ceaeca744fa-1053-after__dead_branch_after_opening_brace,dead_branch_after_opening_brace,0,unreachable branch inserted,preserved_with_precondition,low,false,Adds an unreachable branch guarded by a constant-false condition. Constant-false guard detected.
bigvul,bigvul-5f00110f7273f9ff04ac69a5f85bb535a4fd0987-929-after,bigvul-5f00110f7273f9ff04ac69a5f85bb535a4fd0987-929-after__dead_branch_after_opening_brace,dead_branch_after_opening_brace,0,unreachable branch inserted,preserved_with_precondition,low,false,Adds an unreachable branch guarded by a constant-false condition. Constant-false guard detected.
bigvul,bigvul-d1a59e4e845a01d7d7b80ef184b672752a9eae4d-2835-after,bigvul-d1a59e4e845a01d7d7b80ef184b672752a9eae4d-2835-after__dead_branch_after_opening_brace,dead_branch_after_opening_brace,0,unreachable branch inserted,preserved_with_precondition,low,false,Adds an unreachable branch guarded by a constant-false condition. Constant-false guard detected.
bigvul,bigvul-7b2d314a61fd0e12f47c62996cb49ec0d1ba747a-1030-after,bigvul-7b2d314a61fd0e12f47c62996cb49ec0d1ba747a-1030-after__dead_branch_after_opening_brace,dead_branch_after_opening_brace,0,unreachable branch inserted,preserved_with_precondition,low,false,Adds an unreachable branch guarded by a constant-false condition. Constant-false guard detected.
bigvul,bigvul-a69c7b5d863dacbb08bfaa04359e3bc0bb4470dc-539-after,bigvul-a69c7b5d863dacbb08bfaa04359e3bc0bb4470dc-539-after__dead_branch_after_opening_brace,dead_branch_after_opening_brace,0,unreachable branch inserted,preserved_with_precondition,low,false,Adds an unreachable branch guarded by a constant-false condition. Constant-false guard detected.
bigvul,bigvul-e9841fbdaf41b4a2baaa413f94d5c0197f9261f4-1937-after,bigvul-e9841fbdaf41b4a2baaa413f94d5c0197f9261f4-1937-after__dead_branch_after_opening_brace,dead_branch_after_opening_brace,0,unreachable branch inserted,preserved_with_precondition,low,false,Adds an unreachable branch guarded by a constant-false condition. Constant-false guard detected.
bigvul,bigvul-b944f670bb7a8a919daac497a4ea0536c954c201-1136-after,bigvul-b944f670bb7a8a919daac497a4ea0536c954c201-1136-after__dead_branch_after_opening_brace,dead_branch_after_opening_brace,0,unreachable branch inserted,preserved_with_precondition,low,false,Adds an unreachable branch guarded by a constant-false condition. Constant-false guard detected.
bigvul,bigvul-bceb03fd2be95097a7b409ea59914f332fb6bc86-1646-after,bigvul-bceb03fd2be95097a7b409ea59914f332fb6bc86-1646-after__dead_branch_after_opening_brace,dead_branch_after_opening_brace,0,unreachable branch inserted,preserved_with_precondition,low,false,Adds an unreachable branch guarded by a constant-false condition. Constant-false guard detected.
bigvul,bigvul-1e7aed70144b4673fc26e73062064b6724795e5f-919-after,bigvul-1e7aed70144b4673fc26e73062064b6724795e5f-919-after__dead_branch_after_opening_brace,dead_branch_after_opening_brace,0,unreachable branch inserted,preserved_with_precondition,low,false,Adds an unreachable branch guarded by a constant-false condition. Constant-false guard detected.
bigvul,bigvul-e89cfcb9090e8c98129ae9160c513f504db74599-1365-after,bigvul-e89cfcb9090e8c98129ae9160c513f504db74599-1365-after__dead_branch_after_opening_brace,dead_branch_after_opening_brace,0,unreachable branch inserted,preserved_with_precondition,low,false,Adds an unreachable branch guarded by a constant-false condition. Constant-false guard detected.
bigvul,bigvul-6ec82562ffc6f297d0de36d65776cff8e5704867-2177-after,bigvul-6ec82562ffc6f297d0de36d65776cff8e5704867-2177-after__dead_branch_after_opening_brace,dead_branch_after_opening_brace,0,unreachable branch inserted,preserved_with_precondition,low,false,Adds an unreachable branch guarded by a constant-false condition. Constant-false guard detected.
bigvul,bigvul-f26f9aff6aaf67e9a430d16c266f91b13a5bff64-1740-after,bigvul-f26f9aff6aaf67e9a430d16c266f91b13a5bff64-1740-after__dead_branch_after_opening_brace,dead_branch_after_opening_brace,0,unreachable branch inserted,preserved_with_precondition,low,false,Adds an unreachable branch guarded by a constant-false condition. Constant-false guard detected.
bigvul,bigvul-349addc3be4fcdad9bd4ec01ad1ccd916c898ed8-982-after,bigvul-349addc3be4fcdad9bd4ec01ad1ccd916c898ed8-982-after__dead_branch_after_opening_brace,dead_branch_after_opening_brace,0,unreachable branch inserted,preserved_with_precondition,low,false,Adds an unreachable branch guarded by a constant-false condition. Constant-false guard detected.
bigvul,bigvul-99253eb750fda6a644d5188fb26c43bad8d5a745-1673-after,bigvul-99253eb750fda6a644d5188fb26c43bad8d5a745-1673-after__dead_branch_after_opening_brace,dead_branch_after_opening_brace,0,unreachable branch inserted,preserved_with_precondition,low,false,Adds an unreachable branch guarded by a constant-false condition. Constant-false guard detected.
bigvul,bigvul-954d75b2b64e4799f360d2a6bf9cff6d9fee37e7-1820-after,bigvul-954d75b2b64e4799f360d2a6bf9cff6d9fee37e7-1820-after__dead_branch_after_opening_brace,dead_branch_after_opening_brace,0,unreachable branch inserted,preserved_with_precondition,low,false,Adds an unreachable branch guarded by a constant-false condition. Constant-false guard detected.
bigvul,bigvul-5f5bc6b1e2d5a6f827bc860ef2dc5b6f365d1339-1595-after,bigvul-5f5bc6b1e2d5a6f827bc860ef2dc5b6f365d1339-1595-after__dead_branch_after_opening_brace,dead_branch_after_opening_brace,0,unreachable branch inserted,preserved_with_precondition,low,false,Adds an unreachable branch guarded by a constant-false condition. Constant-false guard detected.
bigvul,bigvul-5b82f4f90c3d531313714df4b936f92fb0ff15cf-630-after,bigvul-5b82f4f90c3d531313714df4b936f92fb0ff15cf-630-after__dead_branch_after_opening_brace,dead_branch_after_opening_brace,0,unreachable branch inserted,preserved_with_precondition,low,false,Adds an unreachable branch guarded by a constant-false condition. Constant-false guard detected.
bigvul,bigvul-3f190e3aec212fc8c61e202c51400afa7384d4bc-1509-after,bigvul-3f190e3aec212fc8c61e202c51400afa7384d4bc-1509-after__dead_branch_after_opening_brace,dead_branch_after_opening_brace,0,unreachable branch inserted,preserved_with_precondition,low,false,Adds an unreachable branch guarded by a constant-false condition. Constant-false guard detected.
bigvul,bigvul-4ff22863d895cb7ebfced4cf923a012a614adaa8-381-after,bigvul-4ff22863d895cb7ebfced4cf923a012a614adaa8-381-after__dead_branch_after_opening_brace,dead_branch_after_opening_brace,0,unreachable branch inserted,preserved_with_precondition,low,false,Adds an unreachable branch guarded by a constant-false condition. Constant-false guard detected.
bigvul,bigvul-124fb22a13fafa3648e4e15b4f207c7096d8155e-2403-after,bigvul-124fb22a13fafa3648e4e15b4f207c7096d8155e-2403-after__dead_branch_after_opening_brace,dead_branch_after_opening_brace,0,unreachable branch inserted,preserved_with_precondition,low,false,Adds an unreachable branch guarded by a constant-false condition. Constant-false guard detected.
bigvul,bigvul-74aaa70032784e7cf00256821f29b2b53edb6589-325-after,bigvul-74aaa70032784e7cf00256821f29b2b53edb6589-325-after__dead_branch_after_opening_brace,dead_branch_after_opening_brace,0,unreachable branch inserted,preserved_with_precondition,low,false,Adds an unreachable branch guarded by a constant-false condition. Constant-false guard detected.
bigvul,bigvul-e4f3aa2e1e67bb48dfbaaf1cad59013d5a5bc276-2872-after,bigvul-e4f3aa2e1e67bb48dfbaaf1cad59013d5a5bc276-2872-after__dead_branch_after_opening_brace,dead_branch_after_opening_brace,0,unreachable branch inserted,preserved_with_precondition,low,false,Adds an unreachable branch guarded by a constant-false condition. Constant-false guard detected.
bigvul,bigvul-d7fc532c42f0e9bf427923bab85433282b3e5117-694-after,bigvul-d7fc532c42f0e9bf427923bab85433282b3e5117-694-after__dead_branch_after_opening_brace,dead_branch_after_opening_brace,0,unreachable branch inserted,preserved_with_precondition,low,false,Adds an unreachable branch guarded by a constant-false condition. Constant-false guard detected.
bigvul,bigvul-f85a87ec670ad0fce9d98d90c9a705b72a288154-2779-after,bigvul-f85a87ec670ad0fce9d98d90c9a705b72a288154-2779-after__dead_branch_after_opening_brace,dead_branch_after_opening_brace,0,unreachable branch inserted,preserved_with_precondition,low,false,Adds an unreachable branch guarded by a constant-false condition. Constant-false guard detected.
bigvul,bigvul-22531545514043e04633e1c015c7540b9de9dbe4-772-after,bigvul-22531545514043e04633e1c015c7540b9de9dbe4-772-after__dead_branch_after_opening_brace,dead_branch_after_opening_brace,0,unreachable branch inserted,preserved_with_precondition,low,false,Adds an unreachable branch guarded by a constant-false condition. Constant-false guard detected.
bigvul,bigvul-4e1cf0d3e6f6fe2552a269def0af1cd2403e266c-2540-after,bigvul-4e1cf0d3e6f6fe2552a269def0af1cd2403e266c-2540-after__dead_branch_after_opening_brace,dead_branch_after_opening_brace,0,unreachable branch inserted,preserved_with_precondition,low,false,Adds an unreachable branch guarded by a constant-false condition. Constant-false guard detected.
bigvul,bigvul-84ca1ee18bbc32f3cb035d071e8271e064dfd4d7-1210-after,bigvul-84ca1ee18bbc32f3cb035d071e8271e064dfd4d7-1210-after__dead_branch_after_opening_brace,dead_branch_after_opening_brace,0,unreachable branch inserted,preserved_with_precondition,low,false,Adds an unreachable branch guarded by a constant-false condition. Constant-false guard detected.
bigvul,bigvul-a151041807a7e3c702c5f935a742368333aa69d4-1931-before,bigvul-a151041807a7e3c702c5f935a742368333aa69d4-1931-before__dead_branch_after_opening_brace,dead_branch_after_opening_brace,1,unreachable branch inserted,preserved_with_precondition,low,false,Adds an unreachable branch guarded by a constant-false condition. Constant-false guard detected.
bigvul,bigvul-88fcb3a6899d77b64195423333ad81a00803f997-1469-after,bigvul-88fcb3a6899d77b64195423333ad81a00803f997-1469-after__dead_branch_after_opening_brace,dead_branch_after_opening_brace,0,unreachable branch inserted,preserved_with_precondition,low,false,Adds an unreachable branch guarded by a constant-false condition. Constant-false guard detected.
bigvul,bigvul-f26f9aff6aaf67e9a430d16c266f91b13a5bff64-1000-after,bigvul-f26f9aff6aaf67e9a430d16c266f91b13a5bff64-1000-after__identifier_renaming,identifier_renaming,0,renamed simple identifier,preserved_with_precondition,medium,false,Renames a simple local identifier under local-scope preconditions; external bindings must remain unchanged.
bigvul,bigvul-34cec721d39c76be1e0a600829a7b17bdfb832b6-1759-after,bigvul-34cec721d39c76be1e0a600829a7b17bdfb832b6-1759-after__identifier_renaming,identifier_renaming,0,renamed simple identifier,preserved_with_precondition,medium,false,Renames a simple local identifier under local-scope preconditions; external bindings must remain unchanged.
bigvul,bigvul-curl-7_51_0-162-g3ab3c16-2749-after,bigvul-curl-7_51_0-162-g3ab3c16-2749-after__identifier_renaming,identifier_renaming,0,renamed simple identifier,preserved_with_precondition,medium,false,Renames a simple local identifier under local-scope preconditions; external bindings must remain unchanged.
bigvul,bigvul-cabfb3680f78981d26c078a26e5c748531257ebb-455-after,bigvul-cabfb3680f78981d26c078a26e5c748531257ebb-455-after__identifier_renaming,identifier_renaming,0,renamed simple identifier,preserved_with_precondition,medium,false,Renames a simple local identifier under local-scope preconditions; external bindings must remain unchanged.
bigvul,bigvul-c1e5ac16e77a21f87bdf3bc4dea61b037a17dddb-764-after,bigvul-c1e5ac16e77a21f87bdf3bc4dea61b037a17dddb-764-after__identifier_renaming,identifier_renaming,0,renamed simple identifier,preserved_with_precondition,medium,false,Renames a simple local identifier under local-scope preconditions; external bindings must remain unchanged.
bigvul,bigvul-eee5cc2702929fd41cce28058dc6d6717f723f87-1224-after,bigvul-eee5cc2702929fd41cce28058dc6d6717f723f87-1224-after__identifier_renaming,identifier_renaming,0,renamed simple identifier,preserved_with_precondition,medium,false,Renames a simple local identifier under local-scope preconditions; external bindings must remain unchanged.
bigvul,bigvul-2bcaf4649c1d495072967ea454e8c16dce044705-947-after,bigvul-2bcaf4649c1d495072967ea454e8c16dce044705-947-after__identifier_renaming,identifier_renaming,0,renamed simple identifier,preserved_with_precondition,medium,false,Renames a simple local identifier under local-scope preconditions; external bindings must remain unchanged.
bigvul,bigvul-cf01fb9985e8deb25ccf0ea54d916b8871ae0e62-1685-after,bigvul-cf01fb9985e8deb25ccf0ea54d916b8871ae0e62-1685-after__identifier_renaming,identifier_renaming,0,renamed simple identifier,preserved_with_precondition,medium,false,Renames a simple local identifier under local-scope preconditions; external bindings must remain unchanged.
bigvul,bigvul-ab906da53ff2a68c6fd6d1fa73f2b7c7bf0bc636-1442-before,bigvul-ab906da53ff2a68c6fd6d1fa73f2b7c7bf0bc636-1442-before__identifier_renaming,identifier_renaming,1,renamed simple identifier,preserved_with_precondition,medium,false,Renames a simple local identifier under local-scope preconditions; external bindings must remain unchanged.
bigvul,bigvul-8fff105e13041e49b82f92eef034f363a6b1c071-911-after,bigvul-8fff105e13041e49b82f92eef034f363a6b1c071-911-after__identifier_renaming,identifier_renaming,0,renamed simple identifier,preserved_with_precondition,medium,false,Renames a simple local identifier under local-scope preconditions; external bindings must remain unchanged.
bigvul,bigvul-7f2e4f4f553f6836be7683f66226afac3fa979b8-357-after,bigvul-7f2e4f4f553f6836be7683f66226afac3fa979b8-357-after__identifier_renaming,identifier_renaming,0,renamed simple identifier,preserved_with_precondition,medium,false,Renames a simple local identifier under local-scope preconditions; external bindings must remain unchanged.
bigvul,bigvul-ae6650163c66a7eff1acd6eb8b0f752dcfa8eba5-2475-after,bigvul-ae6650163c66a7eff1acd6eb8b0f752dcfa8eba5-2475-after__identifier_renaming,identifier_renaming,0,renamed simple identifier,preserved_with_precondition,medium,false,Renames a simple local identifier under local-scope preconditions; external bindings must remain unchanged.
bigvul,bigvul-2119afbe74ee0c914c1d5c4c859c594c08b0ad42-2571-after,bigvul-2119afbe74ee0c914c1d5c4c859c594c08b0ad42-2571-after__identifier_renaming,identifier_renaming,0,renamed simple identifier,preserved_with_precondition,medium,false,Renames a simple local identifier under local-scope preconditions; external bindings must remain unchanged.
bigvul,bigvul-8a05766cb74af05c04c53e6c9d60c13fc4d59bf2-1557-after,bigvul-8a05766cb74af05c04c53e6c9d60c13fc4d59bf2-1557-after__identifier_renaming,identifier_renaming,0,renamed simple identifier,preserved_with_precondition,medium,false,Renames a simple local identifier under local-scope preconditions; external bindings must remain unchanged.
bigvul,bigvul-08c642c09c38a9c6454ab43a9b53b2a89b9eef99-460-after,bigvul-08c642c09c38a9c6454ab43a9b53b2a89b9eef99-460-after__identifier_renaming,identifier_renaming,0,renamed simple identifier,preserved_with_precondition,medium,false,Renames a simple local identifier under local-scope preconditions; external bindings must remain unchanged.
bigvul,bigvul-13bf9fbff0e5e099e2b6f003a0ab8ae145436309-2004-after,bigvul-13bf9fbff0e5e099e2b6f003a0ab8ae145436309-2004-after__identifier_renaming,identifier_renaming,0,renamed simple identifier,preserved_with_precondition,medium,false,Renames a simple local identifier under local-scope preconditions; external bindings must remain unchanged.
bigvul,bigvul-81cdb259fb6d8c1c4ecfeea389ff5a73c07f5755-590-after,bigvul-81cdb259fb6d8c1c4ecfeea389ff5a73c07f5755-590-after__identifier_renaming,identifier_renaming,0,renamed simple identifier,preserved_with_precondition,medium,false,Renames a simple local identifier under local-scope preconditions; external bindings must remain unchanged.
bigvul,bigvul-a1098f81c252b317ad34ea978aea2bc47760b215-1178-before,bigvul-a1098f81c252b317ad34ea978aea2bc47760b215-1178-before__identifier_renaming,identifier_renaming,1,renamed simple identifier,preserved_with_precondition,medium,false,Renames a simple local identifier under local-scope preconditions; external bindings must remain unchanged.
bigvul,bigvul-17b297d84df619eaf0362531c707bde6e1b45287-2213-after,bigvul-17b297d84df619eaf0362531c707bde6e1b45287-2213-after__identifier_renaming,identifier_renaming,0,renamed simple identifier,preserved_with_precondition,medium,false,Renames a simple local identifier under local-scope preconditions; external bindings must remain unchanged.
bigvul,bigvul-f043bfc98c193c284e2cd768fefabe18ac2fed9b-2351-after,bigvul-f043bfc98c193c284e2cd768fefabe18ac2fed9b-2351-after__identifier_renaming,identifier_renaming,0,renamed simple identifier,preserved_with_precondition,medium,false,Renames a simple local identifier under local-scope preconditions; external bindings must remain unchanged.
bigvul,bigvul-eee5cc2702929fd41cce28058dc6d6717f723f87-2586-after,bigvul-eee5cc2702929fd41cce28058dc6d6717f723f87-2586-after__identifier_renaming,identifier_renaming,0,renamed simple identifier,preserved_with_precondition,medium,false,Renames a simple local identifier under local-scope preconditions; external bindings must remain unchanged.
bigvul,bigvul-363b02dab09b3226f3bd1420dad9c72b79a42a76-2530-after,bigvul-363b02dab09b3226f3bd1420dad9c72b79a42a76-2530-after__identifier_renaming,identifier_renaming,0,renamed simple identifier,preserved_with_precondition,medium,false,Renames a simple local identifier under local-scope preconditions; external bindings must remain unchanged.
bigvul,bigvul-69ee9c92af91fdad5aabf0f5696cd0432102985f-206-after,bigvul-69ee9c92af91fdad5aabf0f5696cd0432102985f-206-after__identifier_renaming,identifier_renaming,0,renamed simple identifier,preserved_with_precondition,medium,false,Renames a simple local identifier under local-scope preconditions; external bindings must remain unchanged.
bigvul,bigvul-28a00bcd8e318da18031b2ac8778c64147cd54f9-510-after,bigvul-28a00bcd8e318da18031b2ac8778c64147cd54f9-510-after__identifier_renaming,identifier_renaming,0,renamed simple identifier,preserved_with_precondition,medium,false,Renames a simple local identifier under local-scope preconditions; external bindings must remain unchanged.
bigvul,bigvul-dab6cf55f81a6e16b8147aed9a843e1691dcd318-2675-after,bigvul-dab6cf55f81a6e16b8147aed9a843e1691dcd318-2675-after__identifier_renaming,identifier_renaming,0,renamed simple identifier,preserved_with_precondition,medium,false,Renames a simple local identifier under local-scope preconditions; external bindings must remain unchanged.
bigvul,bigvul-7932c0bd7740f4cd2aa168d3ce0199e7af7d72d5-2237-after,bigvul-7932c0bd7740f4cd2aa168d3ce0199e7af7d72d5-2237-after__identifier_renaming,identifier_renaming,0,renamed simple identifier,preserved_with_precondition,medium,false,Renames a simple local identifier under local-scope preconditions; external bindings must remain unchanged.
bigvul,bigvul-124eb202e70678539544f6268efc98131f19fa49-1832-after,bigvul-124eb202e70678539544f6268efc98131f19fa49-1832-after__identifier_renaming,identifier_renaming,0,renamed simple identifier,preserved_with_precondition,medium,false,Renames a simple local identifier under local-scope preconditions; external bindings must remain unchanged.
bigvul,bigvul-943d595a018e69b550db08cccba1d0778a86705a-1438-after,bigvul-943d595a018e69b550db08cccba1d0778a86705a-1438-after__identifier_renaming,identifier_renaming,0,renamed simple identifier,preserved_with_precondition,medium,false,Renames a simple local identifier under local-scope preconditions; external bindings must remain unchanged.
bigvul,bigvul-a4150b688a754d3d10d2ca385155b1c95d77d6ae-449-after,bigvul-a4150b688a754d3d10d2ca385155b1c95d77d6ae-449-after__identifier_renaming,identifier_renaming,0,renamed simple identifier,preserved_with_precondition,medium,false,Renames a simple local identifier under local-scope preconditions; external bindings must remain unchanged.
bigvul,bigvul-c26d5beb60a5a85f76259f50ed3e08c8169b0a0c-40-after,bigvul-c26d5beb60a5a85f76259f50ed3e08c8169b0a0c-40-after__identifier_renaming,identifier_renaming,0,renamed simple identifier,preserved_with_precondition,medium,false,Renames a simple local identifier under local-scope preconditions; external bindings must remain unchanged.
bigvul,bigvul-c70422f760c120480fee4de6c38804c72aa26bc1-514-after,bigvul-c70422f760c120480fee4de6c38804c72aa26bc1-514-after__identifier_renaming,identifier_renaming,0,renamed simple identifier,preserved_with_precondition,medium,false,Renames a simple local identifier under local-scope preconditions; external bindings must remain unchanged.
bigvul,bigvul-c8f0723d2b4520bdd6b9eb7c3e7976de726d7ff7-1748-after,bigvul-c8f0723d2b4520bdd6b9eb7c3e7976de726d7ff7-1748-after__identifier_renaming,identifier_renaming,0,renamed simple identifier,preserved_with_precondition,medium,false,Renames a simple local identifier under local-scope preconditions; external bindings must remain unchanged.
bigvul,bigvul-f3d3342602f8bcbf37d7c46641cb9bca7618eb1c-75-after,bigvul-f3d3342602f8bcbf37d7c46641cb9bca7618eb1c-75-after__identifier_renaming,identifier_renaming,0,renamed simple identifier,preserved_with_precondition,medium,false,Renames a simple local identifier under local-scope preconditions; external bindings must remain unchanged.
bigvul,bigvul-2febc839133280d5a5e8e1179c94ea674489dae2-2416-after,bigvul-2febc839133280d5a5e8e1179c94ea674489dae2-2416-after__identifier_renaming,identifier_renaming,0,renamed simple identifier,preserved_with_precondition,medium,false,Renames a simple local identifier under local-scope preconditions; external bindings must remain unchanged.
bigvul,bigvul-5e5571d1a431eb3c61977b6dd6ec90186ef79867-817-after,bigvul-5e5571d1a431eb3c61977b6dd6ec90186ef79867-817-after__identifier_renaming,identifier_renaming,0,renamed simple identifier,preserved_with_precondition,medium,false,Renames a simple local identifier under local-scope preconditions; external bindings must remain unchanged.
bigvul,bigvul-91f2fa59e8ed80dfbf400add0164ee0e508e412a-1900-after,bigvul-91f2fa59e8ed80dfbf400add0164ee0e508e412a-1900-after__identifier_renaming,identifier_renaming,0,renamed simple identifier,preserved_with_precondition,medium,false,Renames a simple local identifier under local-scope preconditions; external bindings must remain unchanged.
bigvul,bigvul-77f8269606bf95fcb232ee86f6da80886f1dfae8-515-after,bigvul-77f8269606bf95fcb232ee86f6da80886f1dfae8-515-after__identifier_renaming,identifier_renaming,0,renamed simple identifier,preserved_with_precondition,medium,false,Renames a simple local identifier under local-scope preconditions; external bindings must remain unchanged.
bigvul,bigvul-5d26a105b5a73e5635eae0629b42fa0a90e07b7b-961-after,bigvul-5d26a105b5a73e5635eae0629b42fa0a90e07b7b-961-after__identifier_renaming,identifier_renaming,0,renamed simple identifier,preserved_with_precondition,medium,false,Renames a simple local identifier under local-scope preconditions; external bindings must remain unchanged.
bigvul,bigvul-f8675cbb337440a11bf9afb10ea11bae42bb92cb-1857-after,bigvul-f8675cbb337440a11bf9afb10ea11bae42bb92cb-1857-after__identifier_renaming,identifier_renaming,0,renamed simple identifier,preserved_with_precondition,medium,false,Renames a simple local identifier under local-scope preconditions; external bindings must remain unchanged.
bigvul,bigvul-e54e1299404101a5a9d0cf5e45512b543967f958-878-after,bigvul-e54e1299404101a5a9d0cf5e45512b543967f958-878-after__identifier_renaming,identifier_renaming,0,renamed simple identifier,preserved_with_precondition,medium,false,Renames a simple local identifier under local-scope preconditions; external bindings must remain unchanged.
bigvul,bigvul-76343947ada960b6269090638f5391068daee88d-793-after,bigvul-76343947ada960b6269090638f5391068daee88d-793-after__safe_dead_code_carrier,safe_dead_code_carrier,0,compile-time unreachable carrier inserted,preserved_with_precondition,low,false,Adds a compile-time or constant-false dead-code carrier with no reachable side effects. Constant-false guard detected.
bigvul,bigvul-503bea2643350c6378de5f7a268b85cf2480e1ac-1436-after,bigvul-503bea2643350c6378de5f7a268b85cf2480e1ac-1436-after__safe_dead_code_carrier,safe_dead_code_carrier,0,compile-time unreachable carrier inserted,preserved_with_precondition,low,false,Adds a compile-time or constant-false dead-code carrier with no reachable side effects. Constant-false guard detected.
bigvul,bigvul-1421e0c584ae9120ca1b88098f13d6d2e90b83a3-2599-after,bigvul-1421e0c584ae9120ca1b88098f13d6d2e90b83a3-2599-after__safe_dead_code_carrier,safe_dead_code_carrier,0,compile-time unreachable carrier inserted,preserved_with_precondition,low,false,Adds a compile-time or constant-false dead-code carrier with no reachable side effects. Constant-false guard detected.
bigvul,bigvul-616568a633a3e2ae10537d14d3944d87ec382b8f-1229-after,bigvul-616568a633a3e2ae10537d14d3944d87ec382b8f-1229-after__safe_dead_code_carrier,safe_dead_code_carrier,0,compile-time unreachable carrier inserted,preserved_with_precondition,low,false,Adds a compile-time or constant-false dead-code carrier with no reachable side effects. Constant-false guard detected.
bigvul,bigvul-7314e613d5ff9f0934f7a0f74ed7973b903315d1-2339-after,bigvul-7314e613d5ff9f0934f7a0f74ed7973b903315d1-2339-after__safe_dead_code_carrier,safe_dead_code_carrier,0,compile-time unreachable carrier inserted,preserved_with_precondition,low,false,Adds a compile-time or constant-false dead-code carrier with no reachable side effects. Constant-false guard detected.
bigvul,bigvul-c70422f760c120480fee4de6c38804c72aa26bc1-2090-after,bigvul-c70422f760c120480fee4de6c38804c72aa26bc1-2090-after__safe_dead_code_carrier,safe_dead_code_carrier,0,compile-time unreachable carrier inserted,preserved_with_precondition,low,false,Adds a compile-time or constant-false dead-code carrier with no reachable side effects. Constant-false guard detected.
bigvul,bigvul-49d31c2f389acfe83417083e1208422b4091cd9e-1327-after,bigvul-49d31c2f389acfe83417083e1208422b4091cd9e-1327-after__safe_dead_code_carrier,safe_dead_code_carrier,0,compile-time unreachable carrier inserted,preserved_with_precondition,low,false,Adds a compile-time or constant-false dead-code carrier with no reachable side effects. Constant-false guard detected.
bigvul,bigvul-4039d2fcaab746b6c20017ba9bb51c3a2403a76c-715-after,bigvul-4039d2fcaab746b6c20017ba9bb51c3a2403a76c-715-after__safe_dead_code_carrier,safe_dead_code_carrier,0,compile-time unreachable carrier inserted,preserved_with_precondition,low,false,Adds a compile-time or constant-false dead-code carrier with no reachable side effects. Constant-false guard detected.
bigvul,bigvul-6aeee47b2cd47915ccfa3b41433a3f57aea24dd5-1538-after,bigvul-6aeee47b2cd47915ccfa3b41433a3f57aea24dd5-1538-after__safe_dead_code_carrier,safe_dead_code_carrier,0,compile-time unreachable carrier inserted,preserved_with_precondition,low,false,Adds a compile-time or constant-false dead-code carrier with no reachable side effects. Constant-false guard detected.
bigvul,bigvul-5233252fce714053f0151680933571a2da9cbfb4-861-after,bigvul-5233252fce714053f0151680933571a2da9cbfb4-861-after__safe_dead_code_carrier,safe_dead_code_carrier,0,compile-time unreachable carrier inserted,preserved_with_precondition,low,false,Adds a compile-time or constant-false dead-code carrier with no reachable side effects. Constant-false guard detected.
bigvul,bigvul-04aaacb936a08d70862d6d9d7e8354721ae46be8-727-after,bigvul-04aaacb936a08d70862d6d9d7e8354721ae46be8-727-after__safe_dead_code_carrier,safe_dead_code_carrier,0,compile-time unreachable carrier inserted,preserved_with_precondition,low,false,Adds a compile-time or constant-false dead-code carrier with no reachable side effects. Constant-false guard detected.
bigvul,bigvul-592fd47a6245508b79fe6ac819fe6d3b2c1289be-254-after,bigvul-592fd47a6245508b79fe6ac819fe6d3b2c1289be-254-after__safe_dead_code_carrier,safe_dead_code_carrier,0,compile-time unreachable carrier inserted,preserved_with_precondition,low,false,Adds a compile-time or constant-false dead-code carrier with no reachable side effects. Constant-false guard detected.
bigvul,bigvul-6829e274a623187c24f7cfc0e3d35f25d087fcc5-2770-after,bigvul-6829e274a623187c24f7cfc0e3d35f25d087fcc5-2770-after__safe_dead_code_carrier,safe_dead_code_carrier,0,compile-time unreachable carrier inserted,preserved_with_precondition,low,false,Adds a compile-time or constant-false dead-code carrier with no reachable side effects. Constant-false guard detected.
bigvul,bigvul-2ac4c6f7b2b2af20c0e2b0ba05367e454cd11b33-241-before,bigvul-2ac4c6f7b2b2af20c0e2b0ba05367e454cd11b33-241-before__safe_dead_code_carrier,safe_dead_code_carrier,1,compile-time unreachable carrier inserted,preserved_with_precondition,low,false,Adds a compile-time or constant-false dead-code carrier with no reachable side effects. Constant-false guard detected.
bigvul,bigvul-5041f984669fe3a989a84c348eb838c8f7233f6b-702-after,bigvul-5041f984669fe3a989a84c348eb838c8f7233f6b-702-after__safe_dead_code_carrier,safe_dead_code_carrier,0,compile-time unreachable carrier inserted,preserved_with_precondition,low,false,Adds a compile-time or constant-false dead-code carrier with no reachable side effects. Constant-false guard detected.
bigvul,bigvul-943d595a018e69b550db08cccba1d0778a86705a-1438-after,bigvul-943d595a018e69b550db08cccba1d0778a86705a-1438-after__safe_dead_code_carrier,safe_dead_code_carrier,0,compile-time unreachable carrier inserted,preserved_with_precondition,low,false,Adds a compile-time or constant-false dead-code carrier with no reachable side effects. Constant-false guard detected.
bigvul,bigvul-9c52057c698fb96f8f07e7a4bcf4801a092bda89-1812-after,bigvul-9c52057c698fb96f8f07e7a4bcf4801a092bda89-1812-after__safe_dead_code_carrier,safe_dead_code_carrier,0,compile-time unreachable carrier inserted,preserved_with_precondition,low,false,Adds a compile-time or constant-false dead-code carrier with no reachable side effects. Constant-false guard detected.
bigvul,bigvul-e21bdfb9c758ac411012ad84f83d26d3f7dd69fb-729-after,bigvul-e21bdfb9c758ac411012ad84f83d26d3f7dd69fb-729-after__safe_dead_code_carrier,safe_dead_code_carrier,0,compile-time unreachable carrier inserted,preserved_with_precondition,low,false,Adds a compile-time or constant-false dead-code carrier with no reachable side effects. Constant-false guard detected.
bigvul,bigvul-fc790462b4f248712bbc8c3734664dd6b05f80f2-706-after,bigvul-fc790462b4f248712bbc8c3734664dd6b05f80f2-706-after__safe_dead_code_carrier,safe_dead_code_carrier,0,compile-time unreachable carrier inserted,preserved_with_precondition,low,false,Adds a compile-time or constant-false dead-code carrier with no reachable side effects. Constant-false guard detected.
bigvul,bigvul-fcd3a7a671ecf2d5f46ea34787d27507a914d2f5-1493-after,bigvul-fcd3a7a671ecf2d5f46ea34787d27507a914d2f5-1493-after__safe_dead_code_carrier,safe_dead_code_carrier,0,compile-time unreachable carrier inserted,preserved_with_precondition,low,false,Adds a compile-time or constant-false dead-code carrier with no reachable side effects. Constant-false guard detected.
bigvul,bigvul-550fd08c2cebad61c548def135f67aba284c6162-2125-after,bigvul-550fd08c2cebad61c548def135f67aba284c6162-2125-after__safe_dead_code_carrier,safe_dead_code_carrier,0,compile-time unreachable carrier inserted,preserved_with_precondition,low,false,Adds a compile-time or constant-false dead-code carrier with no reachable side effects. Constant-false guard detected.
bigvul,bigvul-aa0858100096a3490edf93034a80e66a4d61aad5-390-after,bigvul-aa0858100096a3490edf93034a80e66a4d61aad5-390-after__safe_dead_code_carrier,safe_dead_code_carrier,0,compile-time unreachable carrier inserted,preserved_with_precondition,low,false,Adds a compile-time or constant-false dead-code carrier with no reachable side effects. Constant-false guard detected.
bigvul,bigvul-6a13a6c2fbae0b3269743e6a141fdfe0d9ec9793-2042-after,bigvul-6a13a6c2fbae0b3269743e6a141fdfe0d9ec9793-2042-after__safe_dead_code_carrier,safe_dead_code_carrier,0,compile-time unreachable carrier inserted,preserved_with_precondition,low,false,Adds a compile-time or constant-false dead-code carrier with no reachable side effects. Constant-false guard detected.
bigvul,bigvul-c7a90019bf7054145b11d2577b851cf2779d3d79-881-after,bigvul-c7a90019bf7054145b11d2577b851cf2779d3d79-881-after__safe_dead_code_carrier,safe_dead_code_carrier,0,compile-time unreachable carrier inserted,preserved_with_precondition,low,false,Adds a compile-time or constant-false dead-code carrier with no reachable side effects. Constant-false guard detected.
bigvul,bigvul-8f883f2b12f68fed993671dce7fb5fb91f2229aa-852-after,bigvul-8f883f2b12f68fed993671dce7fb5fb91f2229aa-852-after__safe_dead_code_carrier,safe_dead_code_carrier,0,compile-time unreachable carrier inserted,preserved_with_precondition,low,false,Adds a compile-time or constant-false dead-code carrier with no reachable side effects. Constant-false guard detected.
bigvul,bigvul-a197e92349a4aa2141b5dff12e9dd44c2a2166e3-434-after,bigvul-a197e92349a4aa2141b5dff12e9dd44c2a2166e3-434-after__safe_dead_code_carrier,safe_dead_code_carrier,0,compile-time unreachable carrier inserted,preserved_with_precondition,low,false,Adds a compile-time or constant-false dead-code carrier with no reachable side effects. Constant-false guard detected.
bigvul,bigvul-71b3c126e61177eb693423f2e18a1914205b165e-1596-after,bigvul-71b3c126e61177eb693423f2e18a1914205b165e-1596-after__safe_dead_code_carrier,safe_dead_code_carrier,0,compile-time unreachable carrier inserted,preserved_with_precondition,low,false,Adds a compile-time or constant-false dead-code carrier with no reachable side effects. Constant-false guard detected.
bigvul,bigvul-c70422f760c120480fee4de6c38804c72aa26bc1-922-after,bigvul-c70422f760c120480fee4de6c38804c72aa26bc1-922-after__safe_dead_code_carrier,safe_dead_code_carrier,0,compile-time unreachable carrier inserted,preserved_with_precondition,low,false,Adds a compile-time or constant-false dead-code carrier with no reachable side effects. Constant-false guard detected.
bigvul,bigvul-bf118a342f10dafe44b14451a1392c3254629a1f-1610-after,bigvul-bf118a342f10dafe44b14451a1392c3254629a1f-1610-after__safe_dead_code_carrier,safe_dead_code_carrier,0,compile-time unreachable carrier inserted,preserved_with_precondition,low,false,Adds a compile-time or constant-false dead-code carrier with no reachable side effects. Constant-false guard detected.
bigvul,bigvul-684a212a93141908bcc10f4bc57f3edb53d2d21f-2431-after,bigvul-684a212a93141908bcc10f4bc57f3edb53d2d21f-2431-after__safe_dead_code_carrier,safe_dead_code_carrier,0,compile-time unreachable carrier inserted,preserved_with_precondition,low,false,Adds a compile-time or constant-false dead-code carrier with no reachable side effects. Constant-false guard detected.
bigvul,bigvul-d89d8abed92a7d6932ee3015a7ab77e16fc03d79-1409-after,bigvul-d89d8abed92a7d6932ee3015a7ab77e16fc03d79-1409-after__safe_dead_code_carrier,safe_dead_code_carrier,0,compile-time unreachable carrier inserted,preserved_with_precondition,low,false,Adds a compile-time or constant-false dead-code carrier with no reachable side effects. Constant-false guard detected.
bigvul,bigvul-864e2e22fcd0cba3f5e67680ccabd0302dfda45d-680-after,bigvul-864e2e22fcd0cba3f5e67680ccabd0302dfda45d-680-after__safe_dead_code_carrier,safe_dead_code_carrier,0,compile-time unreachable carrier inserted,preserved_with_precondition,low,false,Adds a compile-time or constant-false dead-code carrier with no reachable side effects. Constant-false guard detected.
bigvul,bigvul-d4cd2b2c0953ad7e9fa988c234eb9361be80fe81-2248-after,bigvul-d4cd2b2c0953ad7e9fa988c234eb9361be80fe81-2248-after__safe_dead_code_carrier,safe_dead_code_carrier,0,compile-time unreachable carrier inserted,preserved_with_precondition,low,false,Adds a compile-time or constant-false dead-code carrier with no reachable side effects. Constant-false guard detected.
bigvul,bigvul-864e2e22fcd0cba3f5e67680ccabd0302dfda45d-2114-after,bigvul-864e2e22fcd0cba3f5e67680ccabd0302dfda45d-2114-after__safe_dead_code_carrier,safe_dead_code_carrier,0,compile-time unreachable carrier inserted,preserved_with_precondition,low,false,Adds a compile-time or constant-false dead-code carrier with no reachable side effects. Constant-false guard detected.
bigvul,bigvul-13fcb7bd322164c67926ffe272846d4860196dc6-2008-after,bigvul-13fcb7bd322164c67926ffe272846d4860196dc6-2008-after__safe_dead_code_carrier,safe_dead_code_carrier,0,compile-time unreachable carrier inserted,preserved_with_precondition,low,false,Adds a compile-time or constant-false dead-code carrier with no reachable side effects. Constant-false guard detected.
bigvul,bigvul-d4fdf8ba0e5808ba9ad6b44337783bd9935e0982-493-after,bigvul-d4fdf8ba0e5808ba9ad6b44337783bd9935e0982-493-after__safe_dead_code_carrier,safe_dead_code_carrier,0,compile-time unreachable carrier inserted,preserved_with_precondition,low,false,Adds a compile-time or constant-false dead-code carrier with no reachable side effects. Constant-false guard detected.
bigvul,bigvul-4924b37ee01f71ae19c94a8934b80eeb2f677932-1763-after,bigvul-4924b37ee01f71ae19c94a8934b80eeb2f677932-1763-after__safe_dead_code_carrier,safe_dead_code_carrier,0,compile-time unreachable carrier inserted,preserved_with_precondition,low,false,Adds a compile-time or constant-false dead-code carrier with no reachable side effects. Constant-false guard detected.
bigvul,bigvul-5a9753fca56f0eeb9f61e342b2fccffc364f9426-2519-before,bigvul-5a9753fca56f0eeb9f61e342b2fccffc364f9426-2519-before__safe_dead_code_carrier,safe_dead_code_carrier,1,compile-time unreachable carrier inserted,preserved_with_precondition,low,false,Adds a compile-time or constant-false dead-code carrier with no reachable side effects. Constant-false guard detected.
bigvul,bigvul-c70422f760c120480fee4de6c38804c72aa26bc1-1456-after,bigvul-c70422f760c120480fee4de6c38804c72aa26bc1-1456-after__safe_dead_code_carrier,safe_dead_code_carrier,0,compile-time unreachable carrier inserted,preserved_with_precondition,low,false,Adds a compile-time or constant-false dead-code carrier with no reachable side effects. Constant-false guard detected.
bigvul,bigvul-08c642c09c38a9c6454ab43a9b53b2a89b9eef99-2100-after,bigvul-08c642c09c38a9c6454ab43a9b53b2a89b9eef99-2100-after__safe_dead_code_carrier,safe_dead_code_carrier,0,compile-time unreachable carrier inserted,preserved_with_precondition,low,false,Adds a compile-time or constant-false dead-code carrier with no reachable side effects. Constant-false guard detected.
diversevul,diversevul-38e98ee61d74f5f5ab4aa4c77146faad1962d6d0-2301,diversevul-38e98ee61d74f5f5ab4aa4c77146faad1962d6d0-2301__blank_line_expansion,blank_line_expansion,0,blank lines inserted after semicolons,preserved,low,false,Whitespace-only layout change; no executable token is intentionally introduced. Whitespace-normalized code matches.
diversevul,diversevul-c8617100f359b217a974938c5539a1dd8a120b0e-1858,diversevul-c8617100f359b217a974938c5539a1dd8a120b0e-1858__blank_line_expansion,blank_line_expansion,0,blank lines inserted after semicolons,preserved,low,false,Whitespace-only layout change; no executable token is intentionally introduced. Whitespace-normalized code matches.
diversevul,diversevul-520778042ccca019f3ffa136dd0ca565c486cedd-1294,diversevul-520778042ccca019f3ffa136dd0ca565c486cedd-1294__blank_line_expansion,blank_line_expansion,0,blank lines inserted after semicolons,preserved,low,false,Whitespace-only layout change; no executable token is intentionally introduced. Whitespace-normalized code matches.
diversevul,diversevul-450bd716ed3b9186dd10f9e60f630a3d9eeea2a4-2782,diversevul-450bd716ed3b9186dd10f9e60f630a3d9eeea2a4-2782__blank_line_expansion,blank_line_expansion,0,blank lines inserted after semicolons,preserved,low,false,Whitespace-only layout change; no executable token is intentionally introduced. Whitespace-normalized code matches.
diversevul,diversevul-a612769774a30e4fc143c4cb6395c12573415660-369,diversevul-a612769774a30e4fc143c4cb6395c12573415660-369__blank_line_expansion,blank_line_expansion,0,blank lines inserted after semicolons,preserved,low,false,Whitespace-only layout change; no executable token is intentionally introduced. Whitespace-normalized code matches.
diversevul,diversevul-fb473cad801c6b61706353256cab32330557374a-842,diversevul-fb473cad801c6b61706353256cab32330557374a-842__blank_line_expansion,blank_line_expansion,0,blank lines inserted after semicolons,preserved,low,false,Whitespace-only layout change; no executable token is intentionally introduced. Whitespace-normalized code matches.
diversevul,diversevul-dd7633ecd553a5e304d349aa6f8eb8a0417098c5-4297,diversevul-dd7633ecd553a5e304d349aa6f8eb8a0417098c5-4297__blank_line_expansion,blank_line_expansion,0,blank lines inserted after semicolons,preserved,low,false,Whitespace-only layout change; no executable token is intentionally introduced. Whitespace-normalized code matches.
diversevul,diversevul-f19668964bf422cf5a63e4dbe1d3c6c75edadcbb-3057,diversevul-f19668964bf422cf5a63e4dbe1d3c6c75edadcbb-3057__blank_line_expansion,blank_line_expansion,0,blank lines inserted after semicolons,preserved,low,false,Whitespace-only layout change; no executable token is intentionally introduced. Whitespace-normalized code matches.
diversevul,diversevul-9c23f9bb5fe435b28245ba8ac65aa0ca6b902c04-3472,diversevul-9c23f9bb5fe435b28245ba8ac65aa0ca6b902c04-3472__blank_line_expansion,blank_line_expansion,0,blank lines inserted after semicolons,preserved,low,false,Whitespace-only layout change; no executable token is intentionally introduced. Whitespace-normalized code matches.
diversevul,diversevul-fb1ab50e448ddbed746fd27ae07469bc506d838b-2118,diversevul-fb1ab50e448ddbed746fd27ae07469bc506d838b-2118__blank_line_expansion,blank_line_expansion,0,blank lines inserted after semicolons,preserved,low,false,Whitespace-only layout change; no executable token is intentionally introduced. Whitespace-normalized code matches.
diversevul,diversevul-6c9c44d0e9cf7b72bb233360c5308aa063af3d69-141,diversevul-6c9c44d0e9cf7b72bb233360c5308aa063af3d69-141__blank_line_expansion,blank_line_expansion,0,blank lines inserted after semicolons,preserved,low,false,Whitespace-only layout change; no executable token is intentionally introduced. Whitespace-normalized code matches.
diversevul,diversevul-1889f499a4f248cd84e0e0bf6d0d820016774494-2368,diversevul-1889f499a4f248cd84e0e0bf6d0d820016774494-2368__blank_line_expansion,blank_line_expansion,0,blank lines inserted after semicolons,preserved,low,false,Whitespace-only layout change; no executable token is intentionally introduced. Whitespace-normalized code matches.
diversevul,diversevul-37863c43b2c6464f252862bf2e9768264e961678-82,diversevul-37863c43b2c6464f252862bf2e9768264e961678-82__blank_line_expansion,blank_line_expansion,0,blank lines inserted after semicolons,preserved,low,false,Whitespace-only layout change; no executable token is intentionally introduced. Whitespace-normalized code matches.
diversevul,diversevul-784411ca3655c80da0f6025ab20634b2a6ff696b-1746,diversevul-784411ca3655c80da0f6025ab20634b2a6ff696b-1746__blank_line_expansion,blank_line_expansion,0,blank lines inserted after semicolons,preserved,low,false,Whitespace-only layout change; no executable token is intentionally introduced. Whitespace-normalized code matches.
diversevul,diversevul-6b0d6a9b4296fa16a28d10d416db7a770fc03287-922,diversevul-6b0d6a9b4296fa16a28d10d416db7a770fc03287-922__blank_line_expansion,blank_line_expansion,0,blank lines inserted after semicolons,preserved,low,false,Whitespace-only layout change; no executable token is intentionally introduced. Whitespace-normalized code matches.
diversevul,diversevul-fb58e69a84f4fde603a630d2c9df2fa3be16d846-2844,diversevul-fb58e69a84f4fde603a630d2c9df2fa3be16d846-2844__blank_line_expansion,blank_line_expansion,0,blank lines inserted after semicolons,preserved,low,false,Whitespace-only layout change; no executable token is intentionally introduced. Whitespace-normalized code matches.
diversevul,diversevul-60b234301adf258786d8b90be5c1d437fc8799e0-155,diversevul-60b234301adf258786d8b90be5c1d437fc8799e0-155__blank_line_expansion,blank_line_expansion,0,blank lines inserted after semicolons,preserved,low,false,Whitespace-only layout change; no executable token is intentionally introduced. Whitespace-normalized code matches.
diversevul,diversevul-4291086b1f081b869c6d79e5b7441633dc3ace00-4168,diversevul-4291086b1f081b869c6d79e5b7441633dc3ace00-4168__blank_line_expansion,blank_line_expansion,0,blank lines inserted after semicolons,preserved,low,false,Whitespace-only layout change; no executable token is intentionally introduced. Whitespace-normalized code matches.
diversevul,diversevul-1b0fe00e2704b5e20334a16d3c9099d1ba2ef1be-3696,diversevul-1b0fe00e2704b5e20334a16d3c9099d1ba2ef1be-3696__blank_line_expansion,blank_line_expansion,0,blank lines inserted after semicolons,preserved,low,false,Whitespace-only layout change; no executable token is intentionally introduced. Whitespace-normalized code matches.
diversevul,diversevul-4a7a4e42db8ff757cdf3f4a824f66426036034ef-1474,diversevul-4a7a4e42db8ff757cdf3f4a824f66426036034ef-1474__blank_line_expansion,blank_line_expansion,0,blank lines inserted after semicolons,preserved,low,false,Whitespace-only layout change; no executable token is intentionally introduced. Whitespace-normalized code matches.
diversevul,diversevul-04bcef2a83f40c6db24222b27a52892cba39dffb-1075,diversevul-04bcef2a83f40c6db24222b27a52892cba39dffb-1075__blank_line_expansion,blank_line_expansion,0,blank lines inserted after semicolons,preserved,low,false,Whitespace-only layout change; no executable token is intentionally introduced. Whitespace-normalized code matches.
diversevul,diversevul-79349cbab0b2a755140eedb91833ad2760520a83-4449,diversevul-79349cbab0b2a755140eedb91833ad2760520a83-4449__blank_line_expansion,blank_line_expansion,0,blank lines inserted after semicolons,preserved,low,false,Whitespace-only layout change; no executable token is intentionally introduced. Whitespace-normalized code matches.
diversevul,diversevul-2a9e3bd7430cfda1bc812d139e0609c6aca0b884-2290,diversevul-2a9e3bd7430cfda1bc812d139e0609c6aca0b884-2290__blank_line_expansion,blank_line_expansion,0,blank lines inserted after semicolons,preserved,low,false,Whitespace-only layout change; no executable token is intentionally introduced. Whitespace-normalized code matches.
diversevul,diversevul-04bcef2a83f40c6db24222b27a52892cba39dffb-4850,diversevul-04bcef2a83f40c6db24222b27a52892cba39dffb-4850__blank_line_expansion,blank_line_expansion,0,blank lines inserted after semicolons,preserved,low,false,Whitespace-only layout change; no executable token is intentionally introduced. Whitespace-normalized code matches.
diversevul,diversevul-10af1e8c1ad2a58a0a3342a856bae63e8f257abb-4111,diversevul-10af1e8c1ad2a58a0a3342a856bae63e8f257abb-4111__blank_line_expansion,blank_line_expansion,0,blank lines inserted after semicolons,preserved,low,false,Whitespace-only layout change; no executable token is intentionally introduced. Whitespace-normalized code matches.
diversevul,diversevul-4472c3a5a5b516aaf59b89be602fbce52756c3e9-4993,diversevul-4472c3a5a5b516aaf59b89be602fbce52756c3e9-4993__blank_line_expansion,blank_line_expansion,0,blank lines inserted after semicolons,preserved,low,false,Whitespace-only layout change; no executable token is intentionally introduced. Whitespace-normalized code matches.
diversevul,diversevul-f6d39c31d2177549a986d170e192d8351bd571e2-3537,diversevul-f6d39c31d2177549a986d170e192d8351bd571e2-3537__blank_line_expansion,blank_line_expansion,0,blank lines inserted after semicolons,preserved,low,false,Whitespace-only layout change; no executable token is intentionally introduced. Whitespace-normalized code matches.
diversevul,diversevul-5f173040e324f6c2eebb90d86cf1b0cdb5890f0a-3799,diversevul-5f173040e324f6c2eebb90d86cf1b0cdb5890f0a-3799__blank_line_expansion,blank_line_expansion,0,blank lines inserted after semicolons,preserved,low,false,Whitespace-only layout change; no executable token is intentionally introduced. Whitespace-normalized code matches.
diversevul,diversevul-2638fd0f92d4397884fd991d8f4925cb3f081901-4426,diversevul-2638fd0f92d4397884fd991d8f4925cb3f081901-4426__blank_line_expansion,blank_line_expansion,0,blank lines inserted after semicolons,preserved,low,false,Whitespace-only layout change; no executable token is intentionally introduced. Whitespace-normalized code matches.
diversevul,diversevul-a5b064bf4b17a9884d7d361733737fb614ad8979-2360,diversevul-a5b064bf4b17a9884d7d361733737fb614ad8979-2360__blank_line_expansion,blank_line_expansion,0,blank lines inserted after semicolons,preserved,low,false,Whitespace-only layout change; no executable token is intentionally introduced. Whitespace-normalized code matches.
diversevul,diversevul-b0d5ffd4ad91cf8683ee106f13742db3dc66599a-153,diversevul-b0d5ffd4ad91cf8683ee106f13742db3dc66599a-153__blank_line_expansion,blank_line_expansion,0,blank lines inserted after semicolons,preserved,low,false,Whitespace-only layout change; no executable token is intentionally introduced. Whitespace-normalized code matches.
diversevul,diversevul-363b02dab09b3226f3bd1420dad9c72b79a42a76-3727,diversevul-363b02dab09b3226f3bd1420dad9c72b79a42a76-3727__blank_line_expansion,blank_line_expansion,0,blank lines inserted after semicolons,preserved,low,false,Whitespace-only layout change; no executable token is intentionally introduced. Whitespace-normalized code matches.
diversevul,diversevul-8c35502217c1879cb8257c617007282eee3fe1cc-4464,diversevul-8c35502217c1879cb8257c617007282eee3fe1cc-4464__blank_line_expansion,blank_line_expansion,0,blank lines inserted after semicolons,preserved,low,false,Whitespace-only layout change; no executable token is intentionally introduced. Whitespace-normalized code matches.
diversevul,diversevul-4397f04575c44e1440ec2e49b6302785c95fd2f8-4579,diversevul-4397f04575c44e1440ec2e49b6302785c95fd2f8-4579__blank_line_expansion,blank_line_expansion,0,blank lines inserted after semicolons,preserved,low,false,Whitespace-only layout change; no executable token is intentionally introduced. Whitespace-normalized code matches.
diversevul,diversevul-43414eb98821d3b5c6c65181d7545ce938f82c8e-889,diversevul-43414eb98821d3b5c6c65181d7545ce938f82c8e-889__blank_line_expansion,blank_line_expansion,0,blank lines inserted after semicolons,preserved,low,false,Whitespace-only layout change; no executable token is intentionally introduced. Whitespace-normalized code matches.
diversevul,diversevul-40ccacb4330a64802b1f1e28ed9a6b6d3ca9197f-11,diversevul-40ccacb4330a64802b1f1e28ed9a6b6d3ca9197f-11__blank_line_expansion,blank_line_expansion,0,blank lines inserted after semicolons,preserved,low,false,Whitespace-only layout change; no executable token is intentionally introduced. Whitespace-normalized code matches.
diversevul,diversevul-26bef1318adc1b3a530ecc807ef99346db2aa8b0-4904,diversevul-26bef1318adc1b3a530ecc807ef99346db2aa8b0-4904__blank_line_expansion,blank_line_expansion,0,blank lines inserted after semicolons,preserved,low,false,Whitespace-only layout change; no executable token is intentionally introduced. Whitespace-normalized code matches.
diversevul,diversevul-8e927ee48b114c8a2f90d0cbd5ac753795a6761f-2351,diversevul-8e927ee48b114c8a2f90d0cbd5ac753795a6761f-2351__blank_line_expansion,blank_line_expansion,0,blank lines inserted after semicolons,preserved,low,false,Whitespace-only layout change; no executable token is intentionally introduced. Whitespace-normalized code matches.
diversevul,diversevul-407c98a38c3a6ac1681144ed45cc2f4fc374c91f-2802,diversevul-407c98a38c3a6ac1681144ed45cc2f4fc374c91f-2802__blank_line_expansion,blank_line_expansion,0,blank lines inserted after semicolons,preserved,low,false,Whitespace-only layout change; no executable token is intentionally introduced. Whitespace-normalized code matches.
diversevul,diversevul-25d1b7e03b9b375a243fabdf0556c063c7282361-3602,diversevul-25d1b7e03b9b375a243fabdf0556c063c7282361-3602__blank_line_expansion,blank_line_expansion,0,blank lines inserted after semicolons,preserved,low,false,Whitespace-only layout change; no executable token is intentionally introduced. Whitespace-normalized code matches.
diversevul,diversevul-a1bc65c3db593530775823d6d7506a457ed95267-4357,diversevul-a1bc65c3db593530775823d6d7506a457ed95267-4357__brace_line_shift,brace_line_shift,0,first function opening brace shifted,preserved,low,false,Opening-brace layout change; statement order and expressions are intentionally preserved. Whitespace-normalized code matches.
diversevul,diversevul-f6a40570fa63d5afdd596c78083d754081d80ae3-80,diversevul-f6a40570fa63d5afdd596c78083d754081d80ae3-80__brace_line_shift,brace_line_shift,0,first function opening brace shifted,preserved,low,false,Opening-brace layout change; statement order and expressions are intentionally preserved. Whitespace-normalized code matches.
diversevul,diversevul-01f47e04fd7c8d54399c9e465f823f0017069f8f-4081,diversevul-01f47e04fd7c8d54399c9e465f823f0017069f8f-4081__brace_line_shift,brace_line_shift,0,first function opening brace shifted,preserved,low,false,Opening-brace layout change; statement order and expressions are intentionally preserved. Whitespace-normalized code matches.
diversevul,diversevul-6a36fbe3b3e001a8a840b5c1fdd81cefc9947f0d-2135,diversevul-6a36fbe3b3e001a8a840b5c1fdd81cefc9947f0d-2135__brace_line_shift,brace_line_shift,1,first function opening brace shifted,preserved,low,false,Opening-brace layout change; statement order and expressions are intentionally preserved. Whitespace-normalized code matches.
diversevul,diversevul-89d065424f09b788f443734d44857289489ca9e2-3087,diversevul-89d065424f09b788f443734d44857289489ca9e2-3087__brace_line_shift,brace_line_shift,0,first function opening brace shifted,preserved,low,false,Opening-brace layout change; statement order and expressions are intentionally preserved. Whitespace-normalized code matches.
diversevul,diversevul-77404b8b69bc122d12231807abf1a837d121b551-4735,diversevul-77404b8b69bc122d12231807abf1a837d121b551-4735__brace_line_shift,brace_line_shift,0,first function opening brace shifted,preserved,low,false,Opening-brace layout change; statement order and expressions are intentionally preserved. Whitespace-normalized code matches.
diversevul,diversevul-f5048b3e71fc30ad096970b8df6e7af073bae4cb-640,diversevul-f5048b3e71fc30ad096970b8df6e7af073bae4cb-640__brace_line_shift,brace_line_shift,0,first function opening brace shifted,preserved,low,false,Opening-brace layout change; statement order and expressions are intentionally preserved. Whitespace-normalized code matches.
diversevul,diversevul-f4374967bbf9c12746b8ec3cd54dddada9dd353e-4320,diversevul-f4374967bbf9c12746b8ec3cd54dddada9dd353e-4320__brace_line_shift,brace_line_shift,0,first function opening brace shifted,preserved,low,false,Opening-brace layout change; statement order and expressions are intentionally preserved. Whitespace-normalized code matches.
diversevul,diversevul-0a6ce87c22c69438ecbffe52a2859c3a32f1620f-777,diversevul-0a6ce87c22c69438ecbffe52a2859c3a32f1620f-777__brace_line_shift,brace_line_shift,0,first function opening brace shifted,preserved,low,false,Opening-brace layout change; statement order and expressions are intentionally preserved. Whitespace-normalized code matches.
diversevul,diversevul-1a1f5e26a4309480d88598913f9eebf9e9cba8ca-4192,diversevul-1a1f5e26a4309480d88598913f9eebf9e9cba8ca-4192__brace_line_shift,brace_line_shift,1,first function opening brace shifted,preserved,low,false,Opening-brace layout change; statement order and expressions are intentionally preserved. Whitespace-normalized code matches.
diversevul,diversevul-04edfa82c1f3fa2bc3621ccdad2f93bdbf00e4f9-2735,diversevul-04edfa82c1f3fa2bc3621ccdad2f93bdbf00e4f9-2735__brace_line_shift,brace_line_shift,0,first function opening brace shifted,preserved,low,false,Opening-brace layout change; statement order and expressions are intentionally preserved. Whitespace-normalized code matches.
diversevul,diversevul-94d0e046baa64d1aa1a6af97e2d19bb466cc1ff5-4351,diversevul-94d0e046baa64d1aa1a6af97e2d19bb466cc1ff5-4351__brace_line_shift,brace_line_shift,1,first function opening brace shifted,preserved,low,false,Opening-brace layout change; statement order and expressions are intentionally preserved. Whitespace-normalized code matches.
diversevul,diversevul-0377ef91270d06592a0d4dd009c29e7b1ff9c9b8-4408,diversevul-0377ef91270d06592a0d4dd009c29e7b1ff9c9b8-4408__brace_line_shift,brace_line_shift,0,first function opening brace shifted,preserved,low,false,Opening-brace layout change; statement order and expressions are intentionally preserved. Whitespace-normalized code matches.
diversevul,diversevul-619cb58dd90b4e03ac68286c70ed98acbefd1c90-1061,diversevul-619cb58dd90b4e03ac68286c70ed98acbefd1c90-1061__brace_line_shift,brace_line_shift,0,first function opening brace shifted,preserved,low,false,Opening-brace layout change; statement order and expressions are intentionally preserved. Whitespace-normalized code matches.
diversevul,diversevul-9d28908e28ef70a12196c215503fb0075e1fd7f3-1678,diversevul-9d28908e28ef70a12196c215503fb0075e1fd7f3-1678__brace_line_shift,brace_line_shift,0,first function opening brace shifted,preserved,low,false,Opening-brace layout change; statement order and expressions are intentionally preserved. Whitespace-normalized code matches.
diversevul,diversevul-10af1e8c1ad2a58a0a3342a856bae63e8f257abb-2061,diversevul-10af1e8c1ad2a58a0a3342a856bae63e8f257abb-2061__brace_line_shift,brace_line_shift,0,first function opening brace shifted,preserved,low,false,Opening-brace layout change; statement order and expressions are intentionally preserved. Whitespace-normalized code matches.
diversevul,diversevul-741495cb08503fd32a9d22648e63b64390c601f4-2216,diversevul-741495cb08503fd32a9d22648e63b64390c601f4-2216__brace_line_shift,brace_line_shift,0,first function opening brace shifted,preserved,low,false,Opening-brace layout change; statement order and expressions are intentionally preserved. Whitespace-normalized code matches.
diversevul,diversevul-69c68ecbb24dff3fa0e46da0d16c821a2dd22d7c-4460,diversevul-69c68ecbb24dff3fa0e46da0d16c821a2dd22d7c-4460__brace_line_shift,brace_line_shift,0,first function opening brace shifted,preserved,low,false,Opening-brace layout change; statement order and expressions are intentionally preserved. Whitespace-normalized code matches.
diversevul,diversevul-e99246246b4061f7e71463f8806b9dcad65affa0-439,diversevul-e99246246b4061f7e71463f8806b9dcad65affa0-439__brace_line_shift,brace_line_shift,0,first function opening brace shifted,preserved,low,false,Opening-brace layout change; statement order and expressions are intentionally preserved. Whitespace-normalized code matches.
diversevul,diversevul-6e3855aed7ba8bb4731fc4087ca7f9078b2f3d97-119,diversevul-6e3855aed7ba8bb4731fc4087ca7f9078b2f3d97-119__brace_line_shift,brace_line_shift,0,first function opening brace shifted,preserved,low,false,Opening-brace layout change; statement order and expressions are intentionally preserved. Whitespace-normalized code matches.
diversevul,diversevul-8f40dc03e5ab5a8b2ebeb72b31f8d1adbb2fd6ae-1246,diversevul-8f40dc03e5ab5a8b2ebeb72b31f8d1adbb2fd6ae-1246__brace_line_shift,brace_line_shift,0,first function opening brace shifted,preserved,low,false,Opening-brace layout change; statement order and expressions are intentionally preserved. Whitespace-normalized code matches.
diversevul,diversevul-10af1e8c1ad2a58a0a3342a856bae63e8f257abb-2928,diversevul-10af1e8c1ad2a58a0a3342a856bae63e8f257abb-2928__brace_line_shift,brace_line_shift,0,first function opening brace shifted,preserved,low,false,Opening-brace layout change; statement order and expressions are intentionally preserved. Whitespace-normalized code matches.
diversevul,diversevul-da215fcb9cd3096a3e223c87577d5d4ab8f8518b-2864,diversevul-da215fcb9cd3096a3e223c87577d5d4ab8f8518b-2864__brace_line_shift,brace_line_shift,0,first function opening brace shifted,preserved,low,false,Opening-brace layout change; statement order and expressions are intentionally preserved. Whitespace-normalized code matches.
diversevul,diversevul-8654186b0236d556aa85528c2573ee0b6ab71be3-845,diversevul-8654186b0236d556aa85528c2573ee0b6ab71be3-845__brace_line_shift,brace_line_shift,0,first function opening brace shifted,preserved,low,false,"Opening-brace layout change; statement order and expressions are intentionally preserved. Whitespace-normalized code differs, so this remains a source-level review item."
diversevul,diversevul-1ea23bd6040441a21fbcfba69dce9a01af03f989-2776,diversevul-1ea23bd6040441a21fbcfba69dce9a01af03f989-2776__brace_line_shift,brace_line_shift,0,first function opening brace shifted,preserved,low,false,Opening-brace layout change; statement order and expressions are intentionally preserved. Whitespace-normalized code matches.
diversevul,diversevul-4a7a4e42db8ff757cdf3f4a824f66426036034ef-1474,diversevul-4a7a4e42db8ff757cdf3f4a824f66426036034ef-1474__brace_line_shift,brace_line_shift,0,first function opening brace shifted,preserved,low,false,Opening-brace layout change; statement order and expressions are intentionally preserved. Whitespace-normalized code matches.
diversevul,diversevul-6c4428f018d385fc80a33ecddcb37becea685dd5-4205,diversevul-6c4428f018d385fc80a33ecddcb37becea685dd5-4205__brace_line_shift,brace_line_shift,0,first function opening brace shifted,preserved,low,false,Opening-brace layout change; statement order and expressions are intentionally preserved. Whitespace-normalized code matches.
diversevul,diversevul-ee97c0699fd55b498310996ee002328e533681a3-3292,diversevul-ee97c0699fd55b498310996ee002328e533681a3-3292__brace_line_shift,brace_line_shift,0,first function opening brace shifted,preserved,low,false,Opening-brace layout change; statement order and expressions are intentionally preserved. Whitespace-normalized code matches.
diversevul,diversevul-1970c2158b1ffa416d159d03c3370b9a462aee35-24,diversevul-1970c2158b1ffa416d159d03c3370b9a462aee35-24__brace_line_shift,brace_line_shift,0,first function opening brace shifted,preserved,low,false,Opening-brace layout change; statement order and expressions are intentionally preserved. Whitespace-normalized code matches.
diversevul,diversevul-e86605c0a336c088b638da02135ea6f9f6753618-1048,diversevul-e86605c0a336c088b638da02135ea6f9f6753618-1048__brace_line_shift,brace_line_shift,0,first function opening brace shifted,preserved,low,false,Opening-brace layout change; statement order and expressions are intentionally preserved. Whitespace-normalized code matches.
diversevul,diversevul-6c4428f018d385fc80a33ecddcb37becea685dd5-841,diversevul-6c4428f018d385fc80a33ecddcb37becea685dd5-841__brace_line_shift,brace_line_shift,0,first function opening brace shifted,preserved,low,false,Opening-brace layout change; statement order and expressions are intentionally preserved. Whitespace-normalized code matches.
diversevul,diversevul-697af434fbeb2e3ba2ba9687cd283ed1a2734fa5-2688,diversevul-697af434fbeb2e3ba2ba9687cd283ed1a2734fa5-2688__brace_line_shift,brace_line_shift,0,first function opening brace shifted,preserved,low,false,Opening-brace layout change; statement order and expressions are intentionally preserved. Whitespace-normalized code matches.
diversevul,diversevul-c79ba87153ee343401dbe9d1954d7f79e521eb14-4771,diversevul-c79ba87153ee343401dbe9d1954d7f79e521eb14-4771__brace_line_shift,brace_line_shift,0,first function opening brace shifted,preserved,low,false,Opening-brace layout change; statement order and expressions are intentionally preserved. Whitespace-normalized code matches.
diversevul,diversevul-4681b6f2d8c82b4ec5cf115e83698251963d80d5-1420,diversevul-4681b6f2d8c82b4ec5cf115e83698251963d80d5-1420__brace_line_shift,brace_line_shift,0,first function opening brace shifted,preserved,low,false,Opening-brace layout change; statement order and expressions are intentionally preserved. Whitespace-normalized code matches.
diversevul,diversevul-4681b6f2d8c82b4ec5cf115e83698251963d80d5-830,diversevul-4681b6f2d8c82b4ec5cf115e83698251963d80d5-830__brace_line_shift,brace_line_shift,0,first function opening brace shifted,preserved,low,false,Opening-brace layout change; statement order and expressions are intentionally preserved. Whitespace-normalized code matches.
diversevul,diversevul-dfddb529e914d794ac552e906b13d71233609bf7-775,diversevul-dfddb529e914d794ac552e906b13d71233609bf7-775__brace_line_shift,brace_line_shift,0,first function opening brace shifted,preserved,low,false,Opening-brace layout change; statement order and expressions are intentionally preserved. Whitespace-normalized code matches.
diversevul,diversevul-bd0afe0390439b2c424d881c8c6eb0c5624e31d9-4891,diversevul-bd0afe0390439b2c424d881c8c6eb0c5624e31d9-4891__brace_line_shift,brace_line_shift,0,first function opening brace shifted,preserved,low,false,Opening-brace layout change; statement order and expressions are intentionally preserved. Whitespace-normalized code matches.
diversevul,diversevul-f9308839198aca5e68a65194f151a1de92398f54-4928,diversevul-f9308839198aca5e68a65194f151a1de92398f54-4928__brace_line_shift,brace_line_shift,0,first function opening brace shifted,preserved,low,false,Opening-brace layout change; statement order and expressions are intentionally preserved. Whitespace-normalized code matches.
diversevul,diversevul-21d8699ed6c517b45e1613e20231cd8eba894985-2992,diversevul-21d8699ed6c517b45e1613e20231cd8eba894985-2992__brace_line_shift,brace_line_shift,0,first function opening brace shifted,preserved,low,false,Opening-brace layout change; statement order and expressions are intentionally preserved. Whitespace-normalized code matches.
diversevul,diversevul-eb15533b07773c30dc03c9d742865604f47120ef-1052,diversevul-eb15533b07773c30dc03c9d742865604f47120ef-1052__brace_line_shift,brace_line_shift,0,first function opening brace shifted,preserved,low,false,Opening-brace layout change; statement order and expressions are intentionally preserved. Whitespace-normalized code matches.
diversevul,diversevul-9237a63c47bd314b807cda0bd2216264e82edbe8-4278,diversevul-9237a63c47bd314b807cda0bd2216264e82edbe8-4278__code_normalization_abstraction,code_normalization_abstraction,0,parenthesized simple return expressions,preserved,low,false,Parenthesizes simple return expressions; value and control flow are intended to remain unchanged.
diversevul,diversevul-3a9b153c5591548612c3955c9600a98150c81875-1277,diversevul-3a9b153c5591548612c3955c9600a98150c81875-1277__code_normalization_abstraction,code_normalization_abstraction,0,parenthesized simple return expressions,preserved,low,false,Parenthesizes simple return expressions; value and control flow are intended to remain unchanged.
diversevul,diversevul-d1f82808877bb10d3deee7cf3374a4eb3fb582db-33,diversevul-d1f82808877bb10d3deee7cf3374a4eb3fb582db-33__code_normalization_abstraction,code_normalization_abstraction,0,parenthesized simple return expressions,preserved,low,false,Parenthesizes simple return expressions; value and control flow are intended to remain unchanged.
diversevul,diversevul-a9fc769d7bb4b491efb61c699d57c9f35269d871-1495,diversevul-a9fc769d7bb4b491efb61c699d57c9f35269d871-1495__code_normalization_abstraction,code_normalization_abstraction,0,parenthesized simple return expressions,preserved,low,false,Parenthesizes simple return expressions; value and control flow are intended to remain unchanged.
diversevul,diversevul-eb7ba73079b73ca4ef91307ae1ef30b43468717b-2220,diversevul-eb7ba73079b73ca4ef91307ae1ef30b43468717b-2220__code_normalization_abstraction,code_normalization_abstraction,0,parenthesized simple return expressions,preserved,low,false,Parenthesizes simple return expressions; value and control flow are intended to remain unchanged.
diversevul,diversevul-796dd28aaa6b9fa76d99c42c4d5ff8b257cc2191-3187,diversevul-796dd28aaa6b9fa76d99c42c4d5ff8b257cc2191-3187__code_normalization_abstraction,code_normalization_abstraction,0,parenthesized simple return expressions,preserved,low,false,Parenthesizes simple return expressions; value and control flow are intended to remain unchanged.
diversevul,diversevul-39feab3cd31b5414aa9b428eaba915c251ac34a2-3445,diversevul-39feab3cd31b5414aa9b428eaba915c251ac34a2-3445__code_normalization_abstraction,code_normalization_abstraction,0,parenthesized simple return expressions,preserved,low,false,Parenthesizes simple return expressions; value and control flow are intended to remain unchanged.
diversevul,diversevul-55749769fe608fa3f4a075e42e89d237c8e37637-138,diversevul-55749769fe608fa3f4a075e42e89d237c8e37637-138__code_normalization_abstraction,code_normalization_abstraction,0,parenthesized simple return expressions,preserved,low,false,Parenthesizes simple return expressions; value and control flow are intended to remain unchanged.
diversevul,diversevul-0ddcff49b672239dda94d70d0fcf50317a9f4b51-535,diversevul-0ddcff49b672239dda94d70d0fcf50317a9f4b51-535__code_normalization_abstraction,code_normalization_abstraction,0,parenthesized simple return expressions,preserved,low,false,Parenthesizes simple return expressions; value and control flow are intended to remain unchanged.
diversevul,diversevul-fce0b267446d6f3f631bb4680ebc3527bbbea002-462,diversevul-fce0b267446d6f3f631bb4680ebc3527bbbea002-462__code_normalization_abstraction,code_normalization_abstraction,0,parenthesized simple return expressions,preserved,low,false,Parenthesizes simple return expressions; value and control flow are intended to remain unchanged.
diversevul,diversevul-b41cf117452e2d73d827f02d3e30aa20f1c721ac-1751,diversevul-b41cf117452e2d73d827f02d3e30aa20f1c721ac-1751__code_normalization_abstraction,code_normalization_abstraction,0,parenthesized simple return expressions,preserved,low,false,Parenthesizes simple return expressions; value and control flow are intended to remain unchanged.
diversevul,diversevul-e95c9a493a5a8d6f969e86c9f19f80ffe6587e19-4327,diversevul-e95c9a493a5a8d6f969e86c9f19f80ffe6587e19-4327__code_normalization_abstraction,code_normalization_abstraction,0,parenthesized simple return expressions,preserved,low,false,Parenthesizes simple return expressions; value and control flow are intended to remain unchanged.
diversevul,diversevul-2b3a8b20c2da9f39ffecae25ab7c66974fbc0d3b-3928,diversevul-2b3a8b20c2da9f39ffecae25ab7c66974fbc0d3b-3928__code_normalization_abstraction,code_normalization_abstraction,1,parenthesized simple return expressions,preserved,low,false,Parenthesizes simple return expressions; value and control flow are intended to remain unchanged.
diversevul,diversevul-9eff746c9daecbcc0041b09a5a51ba30738cdcbc-1334,diversevul-9eff746c9daecbcc0041b09a5a51ba30738cdcbc-1334__code_normalization_abstraction,code_normalization_abstraction,0,parenthesized simple return expressions,preserved,low,false,Parenthesizes simple return expressions; value and control flow are intended to remain unchanged.
diversevul,diversevul-e3211c120a85b792978bcb4be7b2886df18d27f0-2576,diversevul-e3211c120a85b792978bcb4be7b2886df18d27f0-2576__code_normalization_abstraction,code_normalization_abstraction,0,parenthesized simple return expressions,preserved,low,false,Parenthesizes simple return expressions; value and control flow are intended to remain unchanged.
diversevul,diversevul-d42b2388f7f8e0332c846675133acea151fc557a-3217,diversevul-d42b2388f7f8e0332c846675133acea151fc557a-3217__code_normalization_abstraction,code_normalization_abstraction,1,parenthesized simple return expressions,preserved,low,false,Parenthesizes simple return expressions; value and control flow are intended to remain unchanged.
diversevul,diversevul-a9697dfeb672b0b9412c00c7d36d801e27ec85cb-888,diversevul-a9697dfeb672b0b9412c00c7d36d801e27ec85cb-888__code_normalization_abstraction,code_normalization_abstraction,0,parenthesized simple return expressions,preserved,low,false,Parenthesizes simple return expressions; value and control flow are intended to remain unchanged.
diversevul,diversevul-33331ce2d35d45d855af7441db6116b4a9e2b70f-1492,diversevul-33331ce2d35d45d855af7441db6116b4a9e2b70f-1492__code_normalization_abstraction,code_normalization_abstraction,0,parenthesized simple return expressions,preserved,low,false,Parenthesizes simple return expressions; value and control flow are intended to remain unchanged.
diversevul,diversevul-c65c8fdaaa257e0487ab0aaae9e8f6b439335945-3237,diversevul-c65c8fdaaa257e0487ab0aaae9e8f6b439335945-3237__code_normalization_abstraction,code_normalization_abstraction,0,parenthesized simple return expressions,preserved,low,false,Parenthesizes simple return expressions; value and control flow are intended to remain unchanged.
diversevul,diversevul-8141c7f3e7aee618312fa1c15109e1219de784a7-3973,diversevul-8141c7f3e7aee618312fa1c15109e1219de784a7-3973__code_normalization_abstraction,code_normalization_abstraction,0,parenthesized simple return expressions,preserved,low,false,Parenthesizes simple return expressions; value and control flow are intended to remain unchanged.
diversevul,diversevul-1d6d15ee74e11a9bd745e80be69869e5fb8d64d6-3283,diversevul-1d6d15ee74e11a9bd745e80be69869e5fb8d64d6-3283__code_normalization_abstraction,code_normalization_abstraction,0,parenthesized simple return expressions,preserved,low,false,Parenthesizes simple return expressions; value and control flow are intended to remain unchanged.
diversevul,diversevul-d2371b4b204f0a3c0af51ad4e9b491144dd1225c-2979,diversevul-d2371b4b204f0a3c0af51ad4e9b491144dd1225c-2979__code_normalization_abstraction,code_normalization_abstraction,0,parenthesized simple return expressions,preserved,low,false,Parenthesizes simple return expressions; value and control flow are intended to remain unchanged.
diversevul,diversevul-8c7ee9083d0d719d0a77ab20d9cc2ae84eeea7f3-4766,diversevul-8c7ee9083d0d719d0a77ab20d9cc2ae84eeea7f3-4766__code_normalization_abstraction,code_normalization_abstraction,0,parenthesized simple return expressions,preserved,low,false,Parenthesizes simple return expressions; value and control flow are intended to remain unchanged.
diversevul,diversevul-34d87a7c3f12794a3ec2305cd2fdbae152bf2a76-3674,diversevul-34d87a7c3f12794a3ec2305cd2fdbae152bf2a76-3674__code_normalization_abstraction,code_normalization_abstraction,0,parenthesized simple return expressions,preserved,low,false,Parenthesizes simple return expressions; value and control flow are intended to remain unchanged.
diversevul,diversevul-1b0fe00e2704b5e20334a16d3c9099d1ba2ef1be-1337,diversevul-1b0fe00e2704b5e20334a16d3c9099d1ba2ef1be-1337__code_normalization_abstraction,code_normalization_abstraction,0,parenthesized simple return expressions,preserved,low,false,Parenthesizes simple return expressions; value and control flow are intended to remain unchanged.
diversevul,diversevul-1703b9f3435079d3c6021e1ee2ec34fd4978103d-3722,diversevul-1703b9f3435079d3c6021e1ee2ec34fd4978103d-3722__code_normalization_abstraction,code_normalization_abstraction,0,parenthesized simple return expressions,preserved,low,false,Parenthesizes simple return expressions; value and control flow are intended to remain unchanged.
diversevul,diversevul-d71f05ca07eb5c7cfa4d6d23e5c1f2a800f52e8e-2439,diversevul-d71f05ca07eb5c7cfa4d6d23e5c1f2a800f52e8e-2439__code_normalization_abstraction,code_normalization_abstraction,0,parenthesized simple return expressions,preserved,low,false,Parenthesizes simple return expressions; value and control flow are intended to remain unchanged.
diversevul,diversevul-1816494330a83f2a064499d8ed2797045641f92c-3913,diversevul-1816494330a83f2a064499d8ed2797045641f92c-3913__code_normalization_abstraction,code_normalization_abstraction,1,parenthesized simple return expressions,preserved,low,false,Parenthesizes simple return expressions; value and control flow are intended to remain unchanged.
diversevul,diversevul-55749769fe608fa3f4a075e42e89d237c8e37637-4545,diversevul-55749769fe608fa3f4a075e42e89d237c8e37637-4545__code_normalization_abstraction,code_normalization_abstraction,0,parenthesized simple return expressions,preserved,low,false,Parenthesizes simple return expressions; value and control flow are intended to remain unchanged.
diversevul,diversevul-08c7ab404f69d9c4ca6ca7a9cf7eec74c804f917-2900,diversevul-08c7ab404f69d9c4ca6ca7a9cf7eec74c804f917-2900__code_normalization_abstraction,code_normalization_abstraction,0,parenthesized simple return expressions,preserved,low,false,Parenthesizes simple return expressions; value and control flow are intended to remain unchanged.
diversevul,diversevul-80fa26c74279fced8d778351cff19d1d8f44fe4e-544,diversevul-80fa26c74279fced8d778351cff19d1d8f44fe4e-544__code_normalization_abstraction,code_normalization_abstraction,0,parenthesized simple return expressions,preserved,low,false,Parenthesizes simple return expressions; value and control flow are intended to remain unchanged.
diversevul,diversevul-a685e3332f61cd4e59324bf3f669d36973d64270-4690,diversevul-a685e3332f61cd4e59324bf3f669d36973d64270-4690__code_normalization_abstraction,code_normalization_abstraction,0,parenthesized simple return expressions,preserved,low,false,Parenthesizes simple return expressions; value and control flow are intended to remain unchanged.
diversevul,diversevul-fb2bfce4ed49ac4656a8f7e5b5526e4838da1dde-2195,diversevul-fb2bfce4ed49ac4656a8f7e5b5526e4838da1dde-2195__code_normalization_abstraction,code_normalization_abstraction,0,parenthesized simple return expressions,preserved,low,false,Parenthesizes simple return expressions; value and control flow are intended to remain unchanged.
diversevul,diversevul-f173cdfe669556aa92857adafe60cbe5f2aa1210-1024,diversevul-f173cdfe669556aa92857adafe60cbe5f2aa1210-1024__code_normalization_abstraction,code_normalization_abstraction,0,parenthesized simple return expressions,preserved,low,false,Parenthesizes simple return expressions; value and control flow are intended to remain unchanged.
diversevul,diversevul-feaa4e7f7399c51ee6f52deb84dc3f795b4035d6-2218,diversevul-feaa4e7f7399c51ee6f52deb84dc3f795b4035d6-2218__code_normalization_abstraction,code_normalization_abstraction,0,parenthesized simple return expressions,preserved,low,false,Parenthesizes simple return expressions; value and control flow are intended to remain unchanged.
diversevul,diversevul-ac2832935435556dc593784cd0087b5e576bbe4d-816,diversevul-ac2832935435556dc593784cd0087b5e576bbe4d-816__code_normalization_abstraction,code_normalization_abstraction,1,parenthesized simple return expressions,preserved,low,false,Parenthesizes simple return expressions; value and control flow are intended to remain unchanged.
diversevul,diversevul-ce9f24cccdc019229b70a5c15e2b09ad9c0ab5d1-1179,diversevul-ce9f24cccdc019229b70a5c15e2b09ad9c0ab5d1-1179__code_normalization_abstraction,code_normalization_abstraction,0,parenthesized simple return expressions,preserved,low,false,Parenthesizes simple return expressions; value and control flow are intended to remain unchanged.
diversevul,diversevul-f227e3ec3b5cad859ad15666874405e8c1bbc1d4-3694,diversevul-f227e3ec3b5cad859ad15666874405e8c1bbc1d4-3694__code_normalization_abstraction,code_normalization_abstraction,0,parenthesized simple return expressions,preserved,low,false,Parenthesizes simple return expressions; value and control flow are intended to remain unchanged.
diversevul,diversevul-3b4929f65b0d8249f19a50245cd88ed1a2f78cff-3900,diversevul-3b4929f65b0d8249f19a50245cd88ed1a2f78cff-3900__code_normalization_abstraction,code_normalization_abstraction,0,parenthesized simple return expressions,preserved,low,false,Parenthesizes simple return expressions; value and control flow are intended to remain unchanged.
diversevul,diversevul-5e75e5685dd043fe93a5a08a15edd087a43f6968-3562,diversevul-5e75e5685dd043fe93a5a08a15edd087a43f6968-3562__code_normalization_abstraction,code_normalization_abstraction,0,parenthesized simple return expressions,preserved,low,false,Parenthesizes simple return expressions; value and control flow are intended to remain unchanged.
diversevul,diversevul-a4ae828ee416a66d8c7bf5ee71d653c2cc6a26dd-3675,diversevul-a4ae828ee416a66d8c7bf5ee71d653c2cc6a26dd-3675__comment_banner,comment_banner,0,comment inserted,preserved,low,false,Inserted block comment; comments have no runtime effect outside preprocessor/macro edge cases. Comment-stripped code matches.
diversevul,diversevul-e9d8b2c2968499c1f96563e6522c56958d5a1d0d-3994,diversevul-e9d8b2c2968499c1f96563e6522c56958d5a1d0d-3994__comment_banner,comment_banner,0,comment inserted,preserved,low,false,Inserted block comment; comments have no runtime effect outside preprocessor/macro edge cases. Comment-stripped code matches.
diversevul,diversevul-96349da5ec8eda9f0368446e557fe0c8ba0e66b7-3654,diversevul-96349da5ec8eda9f0368446e557fe0c8ba0e66b7-3654__comment_banner,comment_banner,0,comment inserted,preserved,low,false,Inserted block comment; comments have no runtime effect outside preprocessor/macro edge cases. Comment-stripped code matches.
diversevul,diversevul-4cc0286f2f3780abc6084bcdae5dce595daa3c12-3496,diversevul-4cc0286f2f3780abc6084bcdae5dce595daa3c12-3496__comment_banner,comment_banner,0,comment inserted,preserved,low,false,Inserted block comment; comments have no runtime effect outside preprocessor/macro edge cases. Comment-stripped code matches.
diversevul,diversevul-d2aeab37eb4fad4376b68ea4dfbbf285a2926384-4372,diversevul-d2aeab37eb4fad4376b68ea4dfbbf285a2926384-4372__comment_banner,comment_banner,0,comment inserted,preserved,low,false,Inserted block comment; comments have no runtime effect outside preprocessor/macro edge cases. Comment-stripped code matches.
diversevul,diversevul-619cb58dd90b4e03ac68286c70ed98acbefd1c90-3687,diversevul-619cb58dd90b4e03ac68286c70ed98acbefd1c90-3687__comment_banner,comment_banner,0,comment inserted,preserved,low,false,Inserted block comment; comments have no runtime effect outside preprocessor/macro edge cases. Comment-stripped code matches.
diversevul,diversevul-6d1c0f3d28f98ea2736128ed3e46821496dc3a8c-3347,diversevul-6d1c0f3d28f98ea2736128ed3e46821496dc3a8c-3347__comment_banner,comment_banner,0,comment inserted,preserved,low,false,Inserted block comment; comments have no runtime effect outside preprocessor/macro edge cases. Comment-stripped code matches.
diversevul,diversevul-baee520e3dd9be6511c45a14c5f5e77784de1471-3817,diversevul-baee520e3dd9be6511c45a14c5f5e77784de1471-3817__comment_banner,comment_banner,0,comment inserted,preserved,low,false,Inserted block comment; comments have no runtime effect outside preprocessor/macro edge cases. Comment-stripped code matches.
diversevul,diversevul-6d58272b4cf96f0daa846210dd2104877900f921-3017,diversevul-6d58272b4cf96f0daa846210dd2104877900f921-3017__comment_banner,comment_banner,0,comment inserted,preserved,low,false,Inserted block comment; comments have no runtime effect outside preprocessor/macro edge cases. Comment-stripped code matches.
diversevul,diversevul-ea04efee7635c9120d015dcdeeeb6988130cb67a-52,diversevul-ea04efee7635c9120d015dcdeeeb6988130cb67a-52__comment_banner,comment_banner,1,comment inserted,preserved,low,false,Inserted block comment; comments have no runtime effect outside preprocessor/macro edge cases. Comment-stripped code matches.
diversevul,diversevul-6703ff881b6056e0c045a7b795ce8ba1bbb87027-2733,diversevul-6703ff881b6056e0c045a7b795ce8ba1bbb87027-2733__comment_banner,comment_banner,0,comment inserted,preserved,low,false,Inserted block comment; comments have no runtime effect outside preprocessor/macro edge cases. Comment-stripped code matches.
diversevul,diversevul-1f37c04f2a762500222dda2459e6a04646feeedf-1132,diversevul-1f37c04f2a762500222dda2459e6a04646feeedf-1132__comment_banner,comment_banner,0,comment inserted,preserved,low,false,Inserted block comment; comments have no runtime effect outside preprocessor/macro edge cases. Comment-stripped code matches.
diversevul,diversevul-db19e7ce84cfd702a4ba9983ee2ea5019f470f82-2466,diversevul-db19e7ce84cfd702a4ba9983ee2ea5019f470f82-2466__comment_banner,comment_banner,0,comment inserted,preserved,low,false,Inserted block comment; comments have no runtime effect outside preprocessor/macro edge cases. Comment-stripped code matches.
diversevul,diversevul-6037a9074d52b1963c97cb28ea1096c7c14cbf28-1570,diversevul-6037a9074d52b1963c97cb28ea1096c7c14cbf28-1570__comment_banner,comment_banner,0,comment inserted,preserved,low,false,Inserted block comment; comments have no runtime effect outside preprocessor/macro edge cases. Comment-stripped code matches.
diversevul,diversevul-77f6c60f57dba0aaea5d8ef1dd94bcd0c8e6d205-85,diversevul-77f6c60f57dba0aaea5d8ef1dd94bcd0c8e6d205-85__comment_banner,comment_banner,0,comment inserted,preserved,low,false,Inserted block comment; comments have no runtime effect outside preprocessor/macro edge cases. Comment-stripped code matches.
diversevul,diversevul-bd0afe0390439b2c424d881c8c6eb0c5624e31d9-4891,diversevul-bd0afe0390439b2c424d881c8c6eb0c5624e31d9-4891__comment_banner,comment_banner,0,comment inserted,preserved,low,false,Inserted block comment; comments have no runtime effect outside preprocessor/macro edge cases. Comment-stripped code matches.
diversevul,diversevul-71105998845fb012937332fe2e806d443c09e026-4382,diversevul-71105998845fb012937332fe2e806d443c09e026-4382__comment_banner,comment_banner,0,comment inserted,preserved,low,false,Inserted block comment; comments have no runtime effect outside preprocessor/macro edge cases. Comment-stripped code matches.
diversevul,diversevul-ffb35baac6981f9e8914f8f3bffd37f284b85970-3042,diversevul-ffb35baac6981f9e8914f8f3bffd37f284b85970-3042__comment_banner,comment_banner,1,comment inserted,preserved,low,false,Inserted block comment; comments have no runtime effect outside preprocessor/macro edge cases. Comment-stripped code matches.
diversevul,diversevul-fea164a72a7bfd50d77ba5fb418d357f8f2bb7d0-4702,diversevul-fea164a72a7bfd50d77ba5fb418d357f8f2bb7d0-4702__comment_banner,comment_banner,0,comment inserted,preserved,low,false,Inserted block comment; comments have no runtime effect outside preprocessor/macro edge cases. Comment-stripped code matches.
diversevul,diversevul-619cb58dd90b4e03ac68286c70ed98acbefd1c90-1287,diversevul-619cb58dd90b4e03ac68286c70ed98acbefd1c90-1287__comment_banner,comment_banner,0,comment inserted,preserved,low,false,Inserted block comment; comments have no runtime effect outside preprocessor/macro edge cases. Comment-stripped code matches.
diversevul,diversevul-dfa22b348b70bb89d6d6ec0ff53973bacb4f4695-3169,diversevul-dfa22b348b70bb89d6d6ec0ff53973bacb4f4695-3169__comment_banner,comment_banner,0,comment inserted,preserved,low,false,Inserted block comment; comments have no runtime effect outside preprocessor/macro edge cases. Comment-stripped code matches.
diversevul,diversevul-49d31c2f389acfe83417083e1208422b4091cd9e-4139,diversevul-49d31c2f389acfe83417083e1208422b4091cd9e-4139__comment_banner,comment_banner,0,comment inserted,preserved,low,false,Inserted block comment; comments have no runtime effect outside preprocessor/macro edge cases. Comment-stripped code matches.
diversevul,diversevul-0a3aa5f908e351201dc9c4d4807b09ed9eedff77-4441,diversevul-0a3aa5f908e351201dc9c4d4807b09ed9eedff77-4441__comment_banner,comment_banner,0,comment inserted,preserved,low,false,Inserted block comment; comments have no runtime effect outside preprocessor/macro edge cases. Comment-stripped code matches.
diversevul,diversevul-aa0188eaedc056dca8374ac03d0177429b495515-2818,diversevul-aa0188eaedc056dca8374ac03d0177429b495515-2818__comment_banner,comment_banner,0,comment inserted,preserved,low,false,Inserted block comment; comments have no runtime effect outside preprocessor/macro edge cases. Comment-stripped code matches.
diversevul,diversevul-7f178663ebffc82c9f8a5a1b6bf2da0c263a30ed-2476,diversevul-7f178663ebffc82c9f8a5a1b6bf2da0c263a30ed-2476__comment_banner,comment_banner,0,comment inserted,preserved,low,false,Inserted block comment; comments have no runtime effect outside preprocessor/macro edge cases. Comment-stripped code matches.
diversevul,diversevul-6084633dff3a05d63176e06d7012c7e15aba15be-1213,diversevul-6084633dff3a05d63176e06d7012c7e15aba15be-1213__comment_banner,comment_banner,0,comment inserted,preserved,low,false,Inserted block comment; comments have no runtime effect outside preprocessor/macro edge cases. Comment-stripped code matches.
diversevul,diversevul-90f62cf30a78721641e08737bda787552428061e-1127,diversevul-90f62cf30a78721641e08737bda787552428061e-1127__comment_banner,comment_banner,0,comment inserted,preserved,low,false,Inserted block comment; comments have no runtime effect outside preprocessor/macro edge cases. Comment-stripped code matches.
diversevul,diversevul-11edc83b98a61e890d7bb01855389d40e984ea82-1402,diversevul-11edc83b98a61e890d7bb01855389d40e984ea82-1402__comment_banner,comment_banner,0,comment inserted,preserved,low,false,Inserted block comment; comments have no runtime effect outside preprocessor/macro edge cases. Comment-stripped code matches.
diversevul,diversevul-77404b8b69bc122d12231807abf1a837d121b551-3349,diversevul-77404b8b69bc122d12231807abf1a837d121b551-3349__comment_banner,comment_banner,0,comment inserted,preserved,low,false,Inserted block comment; comments have no runtime effect outside preprocessor/macro edge cases. Comment-stripped code matches.
diversevul,diversevul-619cb58dd90b4e03ac68286c70ed98acbefd1c90-4319,diversevul-619cb58dd90b4e03ac68286c70ed98acbefd1c90-4319__comment_banner,comment_banner,0,comment inserted,preserved,low,false,Inserted block comment; comments have no runtime effect outside preprocessor/macro edge cases. Comment-stripped code matches.
diversevul,diversevul-0dbd5a8797ed4bd18e8b883988fb62177eb0f73f-2872,diversevul-0dbd5a8797ed4bd18e8b883988fb62177eb0f73f-2872__comment_banner,comment_banner,0,comment inserted,preserved,low,false,Inserted block comment; comments have no runtime effect outside preprocessor/macro edge cases. Comment-stripped code matches.
diversevul,diversevul-d2371b4b204f0a3c0af51ad4e9b491144dd1225c-4537,diversevul-d2371b4b204f0a3c0af51ad4e9b491144dd1225c-4537__comment_banner,comment_banner,0,comment inserted,preserved,low,false,Inserted block comment; comments have no runtime effect outside preprocessor/macro edge cases. Comment-stripped code matches.
diversevul,diversevul-2183683bd633818dd031b090b5530951de76f392-2548,diversevul-2183683bd633818dd031b090b5530951de76f392-2548__comment_banner,comment_banner,0,comment inserted,preserved,low,false,Inserted block comment; comments have no runtime effect outside preprocessor/macro edge cases. Comment-stripped code matches.
diversevul,diversevul-c131187db2d3fa2f8bf32fdf4e9a4ef805168467-310,diversevul-c131187db2d3fa2f8bf32fdf4e9a4ef805168467-310__comment_banner,comment_banner,0,comment inserted,preserved,low,false,Inserted block comment; comments have no runtime effect outside preprocessor/macro edge cases. Comment-stripped code matches.
diversevul,diversevul-7e4ab8e1189846041f955e6c83f72bc1624e7a98-2614,diversevul-7e4ab8e1189846041f955e6c83f72bc1624e7a98-2614__comment_banner,comment_banner,0,comment inserted,preserved,low,false,Inserted block comment; comments have no runtime effect outside preprocessor/macro edge cases. Comment-stripped code matches.
diversevul,diversevul-683412ccf61294d727ead4a73d97397396e69a6b-1304,diversevul-683412ccf61294d727ead4a73d97397396e69a6b-1304__comment_banner,comment_banner,0,comment inserted,preserved,low,false,Inserted block comment; comments have no runtime effect outside preprocessor/macro edge cases. Comment-stripped code matches.
diversevul,diversevul-8f1bc385cfbab474db6c27b5af1e439614f3025c-1721,diversevul-8f1bc385cfbab474db6c27b5af1e439614f3025c-1721__comment_banner,comment_banner,0,comment inserted,preserved,low,false,Inserted block comment; comments have no runtime effect outside preprocessor/macro edge cases. Comment-stripped code matches.
diversevul,diversevul-be9b2a95adb504abd5acdc092d770444ad6f6854-3535,diversevul-be9b2a95adb504abd5acdc092d770444ad6f6854-3535__comment_banner,comment_banner,0,comment inserted,preserved,low,false,Inserted block comment; comments have no runtime effect outside preprocessor/macro edge cases. Comment-stripped code matches.
diversevul,diversevul-874804da0c014a7d704b3d285aa500098a931f50-2300,diversevul-874804da0c014a7d704b3d285aa500098a931f50-2300__comment_banner,comment_banner,0,comment inserted,preserved,low,false,Inserted block comment; comments have no runtime effect outside preprocessor/macro edge cases. Comment-stripped code matches.
diversevul,diversevul-1a5a9906d4e8d1976b701f889d8f35d54b928f25-1508,diversevul-1a5a9906d4e8d1976b701f889d8f35d54b928f25-1508__comment_banner,comment_banner,0,comment inserted,preserved,low,false,Inserted block comment; comments have no runtime effect outside preprocessor/macro edge cases. Comment-stripped code matches.
diversevul,diversevul-1970c2158b1ffa416d159d03c3370b9a462aee35-24,diversevul-1970c2158b1ffa416d159d03c3370b9a462aee35-24__control_flow_rewrite,control_flow_rewrite,0,inverted simple returning if/else,preserved_with_precondition,medium,false,Inverts a restricted returning if/else where both branches return; branch expressions must remain unchanged.
diversevul,diversevul-37bc691e7d26ea4eb61a8a434ebd7a9ae76225ab-230,diversevul-37bc691e7d26ea4eb61a8a434ebd7a9ae76225ab-230__control_flow_rewrite,control_flow_rewrite,0,inverted simple returning if/else,preserved_with_precondition,medium,false,Inverts a restricted returning if/else where both branches return; branch expressions must remain unchanged.
diversevul,diversevul-070b4595981f48a21cc6b4f5047fdc2d09d3da91-1341,diversevul-070b4595981f48a21cc6b4f5047fdc2d09d3da91-1341__control_flow_rewrite,control_flow_rewrite,0,inverted simple returning if/else,preserved_with_precondition,medium,false,Inverts a restricted returning if/else where both branches return; branch expressions must remain unchanged.
diversevul,diversevul-f9c2bf73adb2ede0a486b0db466c264f2b27e0bb-1833,diversevul-f9c2bf73adb2ede0a486b0db466c264f2b27e0bb-1833__control_flow_rewrite,control_flow_rewrite,0,inverted simple returning if/else,preserved_with_precondition,medium,false,Inverts a restricted returning if/else where both branches return; branch expressions must remain unchanged.
diversevul,diversevul-df78c48354f376cf419d7a97f88ca07d572f00fb-1974,diversevul-df78c48354f376cf419d7a97f88ca07d572f00fb-1974__control_flow_rewrite,control_flow_rewrite,0,inverted simple returning if/else,preserved_with_precondition,medium,false,Inverts a restricted returning if/else where both branches return; branch expressions must remain unchanged.
diversevul,diversevul-ecebcc035ccd8d0e2984fe41420d9e944f456b3c-2828,diversevul-ecebcc035ccd8d0e2984fe41420d9e944f456b3c-2828__control_flow_rewrite,control_flow_rewrite,0,inverted simple returning if/else,preserved_with_precondition,medium,false,Inverts a restricted returning if/else where both branches return; branch expressions must remain unchanged.
diversevul,diversevul-026aeffcb4752054830ba203020ed6eb05bcaba8-3214,diversevul-026aeffcb4752054830ba203020ed6eb05bcaba8-3214__control_flow_rewrite,control_flow_rewrite,0,inverted simple returning if/else,preserved_with_precondition,medium,false,Inverts a restricted returning if/else where both branches return; branch expressions must remain unchanged.
diversevul,diversevul-1f097d168d9cad473dd44010a337c1413a9cd198-3645,diversevul-1f097d168d9cad473dd44010a337c1413a9cd198-3645__control_flow_rewrite,control_flow_rewrite,0,inverted simple returning if/else,preserved_with_precondition,medium,false,Inverts a restricted returning if/else where both branches return; branch expressions must remain unchanged.
diversevul,diversevul-5b048e87e4e55990dae6b547add4dae59f4e1c76-3650,diversevul-5b048e87e4e55990dae6b547add4dae59f4e1c76-3650__control_flow_rewrite,control_flow_rewrite,0,inverted simple returning if/else,preserved_with_precondition,medium,false,Inverts a restricted returning if/else where both branches return; branch expressions must remain unchanged.
diversevul,diversevul-f1ce8d5f5839cb2069ea37ff424fb96b8cd6932d-3747,diversevul-f1ce8d5f5839cb2069ea37ff424fb96b8cd6932d-3747__control_flow_rewrite,control_flow_rewrite,0,inverted simple returning if/else,preserved_with_precondition,medium,false,Inverts a restricted returning if/else where both branches return; branch expressions must remain unchanged.
diversevul,diversevul-070b4595981f48a21cc6b4f5047fdc2d09d3da91-4341,diversevul-070b4595981f48a21cc6b4f5047fdc2d09d3da91-4341__control_flow_rewrite,control_flow_rewrite,0,inverted simple returning if/else,preserved_with_precondition,medium,false,Inverts a restricted returning if/else where both branches return; branch expressions must remain unchanged.
diversevul,diversevul-1772b9a0393b55e6a280a35e8f0a1f75c014f301-4572,diversevul-1772b9a0393b55e6a280a35e8f0a1f75c014f301-4572__control_flow_rewrite,control_flow_rewrite,0,inverted simple returning if/else,preserved_with_precondition,medium,false,Inverts a restricted returning if/else where both branches return; branch expressions must remain unchanged.
diversevul,diversevul-b3b29ce8f3acf3a32733d930105a17d7b0ba347e-182,diversevul-b3b29ce8f3acf3a32733d930105a17d7b0ba347e-182__dead_branch_after_opening_brace,dead_branch_after_opening_brace,0,unreachable branch inserted,preserved_with_precondition,low,false,Adds an unreachable branch guarded by a constant-false condition. Constant-false guard detected.
diversevul,diversevul-4efbc454ba68def5ef285b26ebfcfdb605b52755-3067,diversevul-4efbc454ba68def5ef285b26ebfcfdb605b52755-3067__dead_branch_after_opening_brace,dead_branch_after_opening_brace,0,unreachable branch inserted,preserved_with_precondition,low,false,Adds an unreachable branch guarded by a constant-false condition. Constant-false guard detected.
diversevul,diversevul-23e5cbe6b090d7f22982aee909a6a618174d3c2d-2117,diversevul-23e5cbe6b090d7f22982aee909a6a618174d3c2d-2117__dead_branch_after_opening_brace,dead_branch_after_opening_brace,0,unreachable branch inserted,preserved_with_precondition,low,false,Adds an unreachable branch guarded by a constant-false condition. Constant-false guard detected.
diversevul,diversevul-410d70bad9a650e3837055e36f157894ae49a57d-2412,diversevul-410d70bad9a650e3837055e36f157894ae49a57d-2412__dead_branch_after_opening_brace,dead_branch_after_opening_brace,0,unreachable branch inserted,preserved_with_precondition,low,false,Adds an unreachable branch guarded by a constant-false condition. Constant-false guard detected.
diversevul,diversevul-fdf5af0daf8019cec2396cdef8fb042d80fe71fa-1375,diversevul-fdf5af0daf8019cec2396cdef8fb042d80fe71fa-1375__dead_branch_after_opening_brace,dead_branch_after_opening_brace,0,unreachable branch inserted,preserved_with_precondition,low,false,Adds an unreachable branch guarded by a constant-false condition. Constant-false guard detected.
diversevul,diversevul-b497b5942a8beb8f89ca1c359c54ad67ec843055-717,diversevul-b497b5942a8beb8f89ca1c359c54ad67ec843055-717__dead_branch_after_opening_brace,dead_branch_after_opening_brace,0,unreachable branch inserted,preserved_with_precondition,low,false,Adds an unreachable branch guarded by a constant-false condition. Constant-false guard detected.
diversevul,diversevul-799f835a3dfa00a4d852defa29b15841eea9d64f-3193,diversevul-799f835a3dfa00a4d852defa29b15841eea9d64f-3193__dead_branch_after_opening_brace,dead_branch_after_opening_brace,0,unreachable branch inserted,preserved_with_precondition,low,false,Adds an unreachable branch guarded by a constant-false condition. Constant-false guard detected.
diversevul,diversevul-4edb8c83374f52cd6a8f2c7c875e8ffacccb5fa5-3407,diversevul-4edb8c83374f52cd6a8f2c7c875e8ffacccb5fa5-3407__dead_branch_after_opening_brace,dead_branch_after_opening_brace,0,unreachable branch inserted,preserved_with_precondition,low,false,Adds an unreachable branch guarded by a constant-false condition. Constant-false guard detected.
diversevul,diversevul-43f9799ce61c6392a014d0a2ea136b4b3a9ee194-1064,diversevul-43f9799ce61c6392a014d0a2ea136b4b3a9ee194-1064__dead_branch_after_opening_brace,dead_branch_after_opening_brace,0,unreachable branch inserted,preserved_with_precondition,low,false,Adds an unreachable branch guarded by a constant-false condition. Constant-false guard detected.
diversevul,diversevul-e7cf864f938f24eea8af0692c04d16790983c823-2851,diversevul-e7cf864f938f24eea8af0692c04d16790983c823-2851__dead_branch_after_opening_brace,dead_branch_after_opening_brace,1,unreachable branch inserted,preserved_with_precondition,low,false,Adds an unreachable branch guarded by a constant-false condition. Constant-false guard detected.
diversevul,diversevul-b4487b93545214a9db8cbf32e86411677b0cca21-3921,diversevul-b4487b93545214a9db8cbf32e86411677b0cca21-3921__dead_branch_after_opening_brace,dead_branch_after_opening_brace,0,unreachable branch inserted,preserved_with_precondition,low,false,Adds an unreachable branch guarded by a constant-false condition. Constant-false guard detected.
diversevul,diversevul-ba0166708ef4da7eeb61dd92bbba4d5a749d6561-3703,diversevul-ba0166708ef4da7eeb61dd92bbba4d5a749d6561-3703__dead_branch_after_opening_brace,dead_branch_after_opening_brace,0,unreachable branch inserted,preserved_with_precondition,low,false,Adds an unreachable branch guarded by a constant-false condition. Constant-false guard detected.
diversevul,diversevul-8f21ad79b0cd98fc22d5b49734543101946abbff-702,diversevul-8f21ad79b0cd98fc22d5b49734543101946abbff-702__dead_branch_after_opening_brace,dead_branch_after_opening_brace,0,unreachable branch inserted,preserved_with_precondition,low,false,Adds an unreachable branch guarded by a constant-false condition. Constant-false guard detected.
diversevul,diversevul-412a6142c27a5973c61ba540e33cdc22d5608e68-2178,diversevul-412a6142c27a5973c61ba540e33cdc22d5608e68-2178__dead_branch_after_opening_brace,dead_branch_after_opening_brace,0,unreachable branch inserted,preserved_with_precondition,low,false,Adds an unreachable branch guarded by a constant-false condition. Constant-false guard detected.
diversevul,diversevul-353050be4c19e102178ccc05988101887c25ae53-1929,diversevul-353050be4c19e102178ccc05988101887c25ae53-1929__dead_branch_after_opening_brace,dead_branch_after_opening_brace,0,unreachable branch inserted,preserved_with_precondition,low,false,Adds an unreachable branch guarded by a constant-false condition. Constant-false guard detected.
diversevul,diversevul-3d8134d2c9b74bc8883ffe2ef59c168361223837-2133,diversevul-3d8134d2c9b74bc8883ffe2ef59c168361223837-2133__dead_branch_after_opening_brace,dead_branch_after_opening_brace,0,unreachable branch inserted,preserved_with_precondition,low,false,Adds an unreachable branch guarded by a constant-false condition. Constant-false guard detected.
diversevul,diversevul-bceb03fd2be95097a7b409ea59914f332fb6bc86-1121,diversevul-bceb03fd2be95097a7b409ea59914f332fb6bc86-1121__dead_branch_after_opening_brace,dead_branch_after_opening_brace,0,unreachable branch inserted,preserved_with_precondition,low,false,Adds an unreachable branch guarded by a constant-false condition. Constant-false guard detected.
diversevul,diversevul-95cc9300430d35feb05b06a9badf678419463dbe-4010,diversevul-95cc9300430d35feb05b06a9badf678419463dbe-4010__dead_branch_after_opening_brace,dead_branch_after_opening_brace,0,unreachable branch inserted,preserved_with_precondition,low,false,Adds an unreachable branch guarded by a constant-false condition. Constant-false guard detected.
diversevul,diversevul-6d444c273da5499a4cd72f21cb6d4c9a5256807d-2349,diversevul-6d444c273da5499a4cd72f21cb6d4c9a5256807d-2349__dead_branch_after_opening_brace,dead_branch_after_opening_brace,0,unreachable branch inserted,preserved_with_precondition,low,false,Adds an unreachable branch guarded by a constant-false condition. Constant-false guard detected.
diversevul,diversevul-70aa86f5d5d8aa605a918ed51f7574f433a18482-3400,diversevul-70aa86f5d5d8aa605a918ed51f7574f433a18482-3400__dead_branch_after_opening_brace,dead_branch_after_opening_brace,0,unreachable branch inserted,preserved_with_precondition,low,false,Adds an unreachable branch guarded by a constant-false condition. Constant-false guard detected.
diversevul,diversevul-1970c2158b1ffa416d159d03c3370b9a462aee35-1909,diversevul-1970c2158b1ffa416d159d03c3370b9a462aee35-1909__dead_branch_after_opening_brace,dead_branch_after_opening_brace,0,unreachable branch inserted,preserved_with_precondition,low,false,Adds an unreachable branch guarded by a constant-false condition. Constant-false guard detected.
diversevul,diversevul-aa0188eaedc056dca8374ac03d0177429b495515-2818,diversevul-aa0188eaedc056dca8374ac03d0177429b495515-2818__dead_branch_after_opening_brace,dead_branch_after_opening_brace,0,unreachable branch inserted,preserved_with_precondition,low,false,Adds an unreachable branch guarded by a constant-false condition. Constant-false guard detected.
diversevul,diversevul-4241ae6fbbf1de9658764a80944dc8108f2b4154-4503,diversevul-4241ae6fbbf1de9658764a80944dc8108f2b4154-4503__dead_branch_after_opening_brace,dead_branch_after_opening_brace,0,unreachable branch inserted,preserved_with_precondition,low,false,Adds an unreachable branch guarded by a constant-false condition. Constant-false guard detected.
diversevul,diversevul-aa838896d87af561a33ecefea1caa4c15a68bc47-3592,diversevul-aa838896d87af561a33ecefea1caa4c15a68bc47-3592__dead_branch_after_opening_brace,dead_branch_after_opening_brace,0,unreachable branch inserted,preserved_with_precondition,low,false,Adds an unreachable branch guarded by a constant-false condition. Constant-false guard detected.
diversevul,diversevul-af810407f78b7f792a9bb8c47c8c532eb3b3a758-2035,diversevul-af810407f78b7f792a9bb8c47c8c532eb3b3a758-2035__dead_branch_after_opening_brace,dead_branch_after_opening_brace,0,unreachable branch inserted,preserved_with_precondition,low,false,Adds an unreachable branch guarded by a constant-false condition. Constant-false guard detected.
diversevul,diversevul-a70da5b3ecc3160368529677006801c58cb369db-3456,diversevul-a70da5b3ecc3160368529677006801c58cb369db-3456__dead_branch_after_opening_brace,dead_branch_after_opening_brace,0,unreachable branch inserted,preserved_with_precondition,low,false,Adds an unreachable branch guarded by a constant-false condition. Constant-false guard detected.
diversevul,diversevul-bcac8e7acb514429fee9e0b5d0c7a0308fd4d76b-3760,diversevul-bcac8e7acb514429fee9e0b5d0c7a0308fd4d76b-3760__dead_branch_after_opening_brace,dead_branch_after_opening_brace,0,unreachable branch inserted,preserved_with_precondition,low,false,Adds an unreachable branch guarded by a constant-false condition. Constant-false guard detected.
diversevul,diversevul-5b5bfef03596d95079c728f65f523570dd7b03aa-3298,diversevul-5b5bfef03596d95079c728f65f523570dd7b03aa-3298__dead_branch_after_opening_brace,dead_branch_after_opening_brace,0,unreachable branch inserted,preserved_with_precondition,low,false,Adds an unreachable branch guarded by a constant-false condition. Constant-false guard detected.
diversevul,diversevul-6b400e3147dcfd8cc3a393ace1bd118c93762e0c-1308,diversevul-6b400e3147dcfd8cc3a393ace1bd118c93762e0c-1308__dead_branch_after_opening_brace,dead_branch_after_opening_brace,0,unreachable branch inserted,preserved_with_precondition,low,false,Adds an unreachable branch guarded by a constant-false condition. Constant-false guard detected.
diversevul,diversevul-5eba69a1f375413fb93fab4173f9c393ac8c2818-3118,diversevul-5eba69a1f375413fb93fab4173f9c393ac8c2818-3118__dead_branch_after_opening_brace,dead_branch_after_opening_brace,0,unreachable branch inserted,preserved_with_precondition,low,false,Adds an unreachable branch guarded by a constant-false condition. Constant-false guard detected.
diversevul,diversevul-a392bf657015c9a79a5a13adfbfb15086c1943b9-789,diversevul-a392bf657015c9a79a5a13adfbfb15086c1943b9-789__dead_branch_after_opening_brace,dead_branch_after_opening_brace,0,unreachable branch inserted,preserved_with_precondition,low,false,Adds an unreachable branch guarded by a constant-false condition. Constant-false guard detected.
diversevul,diversevul-77510778516803b7f7402d7423c6d6bef50254c3-4972,diversevul-77510778516803b7f7402d7423c6d6bef50254c3-4972__dead_branch_after_opening_brace,dead_branch_after_opening_brace,0,unreachable branch inserted,preserved_with_precondition,low,false,Adds an unreachable branch guarded by a constant-false condition. Constant-false guard detected.
diversevul,diversevul-90f62cf30a78721641e08737bda787552428061e-672,diversevul-90f62cf30a78721641e08737bda787552428061e-672__dead_branch_after_opening_brace,dead_branch_after_opening_brace,0,unreachable branch inserted,preserved_with_precondition,low,false,Adds an unreachable branch guarded by a constant-false condition. Constant-false guard detected.
diversevul,diversevul-dfddb529e914d794ac552e906b13d71233609bf7-1442,diversevul-dfddb529e914d794ac552e906b13d71233609bf7-1442__dead_branch_after_opening_brace,dead_branch_after_opening_brace,0,unreachable branch inserted,preserved_with_precondition,low,false,Adds an unreachable branch guarded by a constant-false condition. Constant-false guard detected.
diversevul,diversevul-947bc1ee6d05be10204b918df75a503415fd3213-1598,diversevul-947bc1ee6d05be10204b918df75a503415fd3213-1598__dead_branch_after_opening_brace,dead_branch_after_opening_brace,0,unreachable branch inserted,preserved_with_precondition,low,false,Adds an unreachable branch guarded by a constant-false condition. Constant-false guard detected.
diversevul,diversevul-4ea4b0c6a318209ac09b15aaa906c7b4a13b988c-2504,diversevul-4ea4b0c6a318209ac09b15aaa906c7b4a13b988c-2504__dead_branch_after_opening_brace,dead_branch_after_opening_brace,0,unreachable branch inserted,preserved_with_precondition,low,false,Adds an unreachable branch guarded by a constant-false condition. Constant-false guard detected.
diversevul,diversevul-fdad1406b3ec809f4954ff7cdf9e99eb18c2458f-3995,diversevul-fdad1406b3ec809f4954ff7cdf9e99eb18c2458f-3995__dead_branch_after_opening_brace,dead_branch_after_opening_brace,0,unreachable branch inserted,preserved_with_precondition,low,false,Adds an unreachable branch guarded by a constant-false condition. Constant-false guard detected.
diversevul,diversevul-89955b0bcb1ff105e1374aad7e0e993faa6a038f-3037,diversevul-89955b0bcb1ff105e1374aad7e0e993faa6a038f-3037__dead_branch_after_opening_brace,dead_branch_after_opening_brace,0,unreachable branch inserted,preserved_with_precondition,low,false,Adds an unreachable branch guarded by a constant-false condition. Constant-false guard detected.
diversevul,diversevul-1630f53481f445ada0a455e9979236d31a8d3bb0-2370,diversevul-1630f53481f445ada0a455e9979236d31a8d3bb0-2370__dead_branch_after_opening_brace,dead_branch_after_opening_brace,0,unreachable branch inserted,preserved_with_precondition,low,false,Adds an unreachable branch guarded by a constant-false condition. Constant-false guard detected.
diversevul,diversevul-c336a32a1dcd445e6b83827f83531d4c6414e2cd-4131,diversevul-c336a32a1dcd445e6b83827f83531d4c6414e2cd-4131__dead_branch_after_opening_brace,dead_branch_after_opening_brace,0,unreachable branch inserted,preserved_with_precondition,low,false,Adds an unreachable branch guarded by a constant-false condition. Constant-false guard detected.
diversevul,diversevul-b166a20b07382b8bc1dcee2a448715c9c2c81b5b-4691,diversevul-b166a20b07382b8bc1dcee2a448715c9c2c81b5b-4691__identifier_renaming,identifier_renaming,0,renamed simple identifier,preserved_with_precondition,medium,false,Renames a simple local identifier under local-scope preconditions; external bindings must remain unchanged.
diversevul,diversevul-40f3ae4f5c9a8baf75b237220f62c436a571d66e-805,diversevul-40f3ae4f5c9a8baf75b237220f62c436a571d66e-805__identifier_renaming,identifier_renaming,0,renamed simple identifier,preserved_with_precondition,medium,false,Renames a simple local identifier under local-scope preconditions; external bindings must remain unchanged.
diversevul,diversevul-3b84ffcbacf144ce35650df958432f472b6483f8-1309,diversevul-3b84ffcbacf144ce35650df958432f472b6483f8-1309__identifier_renaming,identifier_renaming,0,renamed simple identifier,preserved_with_precondition,medium,false,Renames a simple local identifier under local-scope preconditions; external bindings must remain unchanged.
diversevul,diversevul-c65c8fdaaa257e0487ab0aaae9e8f6b439335945-2116,diversevul-c65c8fdaaa257e0487ab0aaae9e8f6b439335945-2116__identifier_renaming,identifier_renaming,0,renamed simple identifier,preserved_with_precondition,medium,false,Renames a simple local identifier under local-scope preconditions; external bindings must remain unchanged.
diversevul,diversevul-e18903a6b56341481a2e08469c0602010bf7bfe3-1650,diversevul-e18903a6b56341481a2e08469c0602010bf7bfe3-1650__identifier_renaming,identifier_renaming,0,renamed simple identifier,preserved_with_precondition,medium,false,Renames a simple local identifier under local-scope preconditions; external bindings must remain unchanged.
diversevul,diversevul-9804501fa1228048857910a6bf23e085aade37cc-2892,diversevul-9804501fa1228048857910a6bf23e085aade37cc-2892__identifier_renaming,identifier_renaming,0,renamed simple identifier,preserved_with_precondition,medium,false,Renames a simple local identifier under local-scope preconditions; external bindings must remain unchanged.
diversevul,diversevul-60f922bf1bd8816eacbb32c24793ad1f97a1d9f2-4962,diversevul-60f922bf1bd8816eacbb32c24793ad1f97a1d9f2-4962__identifier_renaming,identifier_renaming,0,renamed simple identifier,preserved_with_precondition,medium,false,Renames a simple local identifier under local-scope preconditions; external bindings must remain unchanged.
diversevul,diversevul-4dca6ea1d9432052afb06baf2e3ae78188a4410b-2465,diversevul-4dca6ea1d9432052afb06baf2e3ae78188a4410b-2465__identifier_renaming,identifier_renaming,0,renamed simple identifier,preserved_with_precondition,medium,false,Renames a simple local identifier under local-scope preconditions; external bindings must remain unchanged.
diversevul,diversevul-7280d2017d8075267a12e469983e38277dcf0374-1579,diversevul-7280d2017d8075267a12e469983e38277dcf0374-1579__identifier_renaming,identifier_renaming,0,renamed simple identifier,preserved_with_precondition,medium,false,Renames a simple local identifier under local-scope preconditions; external bindings must remain unchanged.
diversevul,diversevul-abe300d9d894f7138e1af7c8e9c88c04bfe98b37-641,diversevul-abe300d9d894f7138e1af7c8e9c88c04bfe98b37-641__identifier_renaming,identifier_renaming,1,renamed simple identifier,preserved_with_precondition,medium,false,Renames a simple local identifier under local-scope preconditions; external bindings must remain unchanged.
diversevul,diversevul-9ae25d8c3a6bfb40c582538193264f74c9b93bc0-4199,diversevul-9ae25d8c3a6bfb40c582538193264f74c9b93bc0-4199__identifier_renaming,identifier_renaming,0,renamed simple identifier,preserved_with_precondition,medium,false,Renames a simple local identifier under local-scope preconditions; external bindings must remain unchanged.
diversevul,diversevul-3c55b399c36ef46befcb21e4ebc4799367f89684-4350,diversevul-3c55b399c36ef46befcb21e4ebc4799367f89684-4350__identifier_renaming,identifier_renaming,1,renamed simple identifier,preserved_with_precondition,medium,false,Renames a simple local identifier under local-scope preconditions; external bindings must remain unchanged.
diversevul,diversevul-1630f53481f445ada0a455e9979236d31a8d3bb0-2662,diversevul-1630f53481f445ada0a455e9979236d31a8d3bb0-2662__identifier_renaming,identifier_renaming,0,renamed simple identifier,preserved_with_precondition,medium,false,Renames a simple local identifier under local-scope preconditions; external bindings must remain unchanged.
diversevul,diversevul-1ac703a7d0789e46833f4013a3876c2e3af18ec7-814,diversevul-1ac703a7d0789e46833f4013a3876c2e3af18ec7-814__identifier_renaming,identifier_renaming,0,renamed simple identifier,preserved_with_precondition,medium,false,Renames a simple local identifier under local-scope preconditions; external bindings must remain unchanged.
diversevul,diversevul-5678de3f15010b9022ee45673f33bcfc71d47b60-3484,diversevul-5678de3f15010b9022ee45673f33bcfc71d47b60-3484__identifier_renaming,identifier_renaming,0,renamed simple identifier,preserved_with_precondition,medium,false,Renames a simple local identifier under local-scope preconditions; external bindings must remain unchanged.
diversevul,diversevul-8388f5a7e14108a1458fea35bfbb5a453e2c563c-1018,diversevul-8388f5a7e14108a1458fea35bfbb5a453e2c563c-1018__identifier_renaming,identifier_renaming,0,renamed simple identifier,preserved_with_precondition,medium,false,Renames a simple local identifier under local-scope preconditions; external bindings must remain unchanged.
diversevul,diversevul-2e00e95473861846aa8538be87db07699d9f676d-2046,diversevul-2e00e95473861846aa8538be87db07699d9f676d-2046__identifier_renaming,identifier_renaming,0,renamed simple identifier,preserved_with_precondition,medium,false,Renames a simple local identifier under local-scope preconditions; external bindings must remain unchanged.
diversevul,diversevul-10af1e8c1ad2a58a0a3342a856bae63e8f257abb-3798,diversevul-10af1e8c1ad2a58a0a3342a856bae63e8f257abb-3798__identifier_renaming,identifier_renaming,0,renamed simple identifier,preserved_with_precondition,medium,false,Renames a simple local identifier under local-scope preconditions; external bindings must remain unchanged.
diversevul,diversevul-7e8a7905ea9abbd1f384f05f36a4458682cd4697-4008,diversevul-7e8a7905ea9abbd1f384f05f36a4458682cd4697-4008__identifier_renaming,identifier_renaming,0,renamed simple identifier,preserved_with_precondition,medium,false,Renames a simple local identifier under local-scope preconditions; external bindings must remain unchanged.
diversevul,diversevul-c7c55972758a93350882c32147801a3485b010fe-4378,diversevul-c7c55972758a93350882c32147801a3485b010fe-4378__identifier_renaming,identifier_renaming,0,renamed simple identifier,preserved_with_precondition,medium,false,Renames a simple local identifier under local-scope preconditions; external bindings must remain unchanged.
diversevul,diversevul-0216630ea2815a5789a24279a1211ac398d4de79-4275,diversevul-0216630ea2815a5789a24279a1211ac398d4de79-4275__identifier_renaming,identifier_renaming,0,renamed simple identifier,preserved_with_precondition,medium,false,Renames a simple local identifier under local-scope preconditions; external bindings must remain unchanged.
diversevul,diversevul-bdd66182ef53fe1f7209ab6535fda56366bd7ac9-392,diversevul-bdd66182ef53fe1f7209ab6535fda56366bd7ac9-392__identifier_renaming,identifier_renaming,0,renamed simple identifier,preserved_with_precondition,medium,false,Renames a simple local identifier under local-scope preconditions; external bindings must remain unchanged.
diversevul,diversevul-c91815b596245fd7da349ecc43c8def670d2269e-910,diversevul-c91815b596245fd7da349ecc43c8def670d2269e-910__identifier_renaming,identifier_renaming,0,renamed simple identifier,preserved_with_precondition,medium,false,Renames a simple local identifier under local-scope preconditions; external bindings must remain unchanged.
diversevul,diversevul-e73adfbeec9d4e008630c814759052ed945c3fed-4553,diversevul-e73adfbeec9d4e008630c814759052ed945c3fed-4553__identifier_renaming,identifier_renaming,0,renamed simple identifier,preserved_with_precondition,medium,false,Renames a simple local identifier under local-scope preconditions; external bindings must remain unchanged.
diversevul,diversevul-a06247c6804f1a7c86a2e5398a4c1f1db1471848-3845,diversevul-a06247c6804f1a7c86a2e5398a4c1f1db1471848-3845__identifier_renaming,identifier_renaming,0,renamed simple identifier,preserved_with_precondition,medium,false,Renames a simple local identifier under local-scope preconditions; external bindings must remain unchanged.
diversevul,diversevul-c32be82e99ef272e7fa742c2f06ff9a4c3756613-3165,diversevul-c32be82e99ef272e7fa742c2f06ff9a4c3756613-3165__identifier_renaming,identifier_renaming,0,renamed simple identifier,preserved_with_precondition,medium,false,Renames a simple local identifier under local-scope preconditions; external bindings must remain unchanged.
diversevul,diversevul-652dd12a858989b14eed4e84e453059cd3ba340e-2456,diversevul-652dd12a858989b14eed4e84e453059cd3ba340e-2456__identifier_renaming,identifier_renaming,0,renamed simple identifier,preserved_with_precondition,medium,false,Renames a simple local identifier under local-scope preconditions; external bindings must remain unchanged.
diversevul,diversevul-c40f7d74c741a907cfaeb73a7697081881c497d0-796,diversevul-c40f7d74c741a907cfaeb73a7697081881c497d0-796__identifier_renaming,identifier_renaming,0,renamed simple identifier,preserved_with_precondition,medium,false,Renames a simple local identifier under local-scope preconditions; external bindings must remain unchanged.
diversevul,diversevul-92e3b1802f72ca0c5b0bde97f01d9b57a758d85c-59,diversevul-92e3b1802f72ca0c5b0bde97f01d9b57a758d85c-59__identifier_renaming,identifier_renaming,0,renamed simple identifier,preserved_with_precondition,medium,false,Renames a simple local identifier under local-scope preconditions; external bindings must remain unchanged.
diversevul,diversevul-7870f4951bcc6a153f317e3439e14d0e929fd231-913,diversevul-7870f4951bcc6a153f317e3439e14d0e929fd231-913__identifier_renaming,identifier_renaming,0,renamed simple identifier,preserved_with_precondition,medium,false,Renames a simple local identifier under local-scope preconditions; external bindings must remain unchanged.
diversevul,diversevul-fdb9c9c03508990e4583046b590c30d958f272da-2998,diversevul-fdb9c9c03508990e4583046b590c30d958f272da-2998__identifier_renaming,identifier_renaming,0,renamed simple identifier,preserved_with_precondition,medium,false,Renames a simple local identifier under local-scope preconditions; external bindings must remain unchanged.
diversevul,diversevul-a685e3332f61cd4e59324bf3f669d36973d64270-137,diversevul-a685e3332f61cd4e59324bf3f669d36973d64270-137__identifier_renaming,identifier_renaming,0,renamed simple identifier,preserved_with_precondition,medium,false,Renames a simple local identifier under local-scope preconditions; external bindings must remain unchanged.
diversevul,diversevul-28bdae3d113ef479c1660a581ef720cdc33bf466-4121,diversevul-28bdae3d113ef479c1660a581ef720cdc33bf466-4121__identifier_renaming,identifier_renaming,0,renamed simple identifier,preserved_with_precondition,medium,false,Renames a simple local identifier under local-scope preconditions; external bindings must remain unchanged.
diversevul,diversevul-4ff67b720c02c36e54d55b88c2931879b7db1cd2-1401,diversevul-4ff67b720c02c36e54d55b88c2931879b7db1cd2-1401__identifier_renaming,identifier_renaming,0,renamed simple identifier,preserved_with_precondition,medium,false,Renames a simple local identifier under local-scope preconditions; external bindings must remain unchanged.
diversevul,diversevul-fe52854cdf6725c2eaa9e125995da76e6ceb27da-3303,diversevul-fe52854cdf6725c2eaa9e125995da76e6ceb27da-3303__identifier_renaming,identifier_renaming,0,renamed simple identifier,preserved_with_precondition,medium,false,Renames a simple local identifier under local-scope preconditions; external bindings must remain unchanged.
diversevul,diversevul-12d6e7538e2d418c08f082b1b44ffa5fb7270ed8-916,diversevul-12d6e7538e2d418c08f082b1b44ffa5fb7270ed8-916__identifier_renaming,identifier_renaming,0,renamed simple identifier,preserved_with_precondition,medium,false,Renames a simple local identifier under local-scope preconditions; external bindings must remain unchanged.
diversevul,diversevul-895a5e96dbd6386c8e78e5b78e067dcc67b7f0ab-1672,diversevul-895a5e96dbd6386c8e78e5b78e067dcc67b7f0ab-1672__identifier_renaming,identifier_renaming,0,renamed simple identifier,preserved_with_precondition,medium,false,Renames a simple local identifier under local-scope preconditions; external bindings must remain unchanged.
diversevul,diversevul-1fd05ba5a2f2aa8e7b9b52ef55df850e2e7d54c9-3207,diversevul-1fd05ba5a2f2aa8e7b9b52ef55df850e2e7d54c9-3207__identifier_renaming,identifier_renaming,0,renamed simple identifier,preserved_with_precondition,medium,false,Renames a simple local identifier under local-scope preconditions; external bindings must remain unchanged.
diversevul,diversevul-1a1f5e26a4309480d88598913f9eebf9e9cba8ca-1519,diversevul-1a1f5e26a4309480d88598913f9eebf9e9cba8ca-1519__identifier_renaming,identifier_renaming,1,renamed simple identifier,preserved_with_precondition,medium,false,Renames a simple local identifier under local-scope preconditions; external bindings must remain unchanged.
diversevul,diversevul-afc39bea36fd436e54262f150c009e8d72db5014-1207,diversevul-afc39bea36fd436e54262f150c009e8d72db5014-1207__identifier_renaming,identifier_renaming,0,renamed simple identifier,preserved_with_precondition,medium,false,Renames a simple local identifier under local-scope preconditions; external bindings must remain unchanged.
diversevul,diversevul-5f691ff91d323b6f97c6600405a7f9dc115a0ad1-2967,diversevul-5f691ff91d323b6f97c6600405a7f9dc115a0ad1-2967__safe_dead_code_carrier,safe_dead_code_carrier,0,compile-time unreachable carrier inserted,preserved_with_precondition,low,false,Adds a compile-time or constant-false dead-code carrier with no reachable side effects. Constant-false guard detected.
diversevul,diversevul-dfa22b348b70bb89d6d6ec0ff53973bacb4f4695-2542,diversevul-dfa22b348b70bb89d6d6ec0ff53973bacb4f4695-2542__safe_dead_code_carrier,safe_dead_code_carrier,0,compile-time unreachable carrier inserted,preserved_with_precondition,low,false,Adds a compile-time or constant-false dead-code carrier with no reachable side effects. Constant-false guard detected.
diversevul,diversevul-73d59a74e0b0a864c1a9581b8a4bdbee427125e2-4840,diversevul-73d59a74e0b0a864c1a9581b8a4bdbee427125e2-4840__safe_dead_code_carrier,safe_dead_code_carrier,0,compile-time unreachable carrier inserted,preserved_with_precondition,low,false,Adds a compile-time or constant-false dead-code carrier with no reachable side effects. Constant-false guard detected.
diversevul,diversevul-6402939ec86eaf226c8b8ae00ed983936b164908-4322,diversevul-6402939ec86eaf226c8b8ae00ed983936b164908-4322__safe_dead_code_carrier,safe_dead_code_carrier,0,compile-time unreachable carrier inserted,preserved_with_precondition,low,false,Adds a compile-time or constant-false dead-code carrier with no reachable side effects. Constant-false guard detected.
diversevul,diversevul-e2cb6b891ad2b8caa9131e3be70f45243df82a80-2741,diversevul-e2cb6b891ad2b8caa9131e3be70f45243df82a80-2741__safe_dead_code_carrier,safe_dead_code_carrier,0,compile-time unreachable carrier inserted,preserved_with_precondition,low,false,Adds a compile-time or constant-false dead-code carrier with no reachable side effects. Constant-false guard detected.
diversevul,diversevul-689e59b7ffed34eba6159dcc78e87133862e3746-1484,diversevul-689e59b7ffed34eba6159dcc78e87133862e3746-1484__safe_dead_code_carrier,safe_dead_code_carrier,0,compile-time unreachable carrier inserted,preserved_with_precondition,low,false,Adds a compile-time or constant-false dead-code carrier with no reachable side effects. Constant-false guard detected.
diversevul,diversevul-619cb58dd90b4e03ac68286c70ed98acbefd1c90-3179,diversevul-619cb58dd90b4e03ac68286c70ed98acbefd1c90-3179__safe_dead_code_carrier,safe_dead_code_carrier,0,compile-time unreachable carrier inserted,preserved_with_precondition,low,false,Adds a compile-time or constant-false dead-code carrier with no reachable side effects. Constant-false guard detected.
diversevul,diversevul-7fc3b7c2981bbd1047916ade327beccb90994eee-1786,diversevul-7fc3b7c2981bbd1047916ade327beccb90994eee-1786__safe_dead_code_carrier,safe_dead_code_carrier,0,compile-time unreachable carrier inserted,preserved_with_precondition,low,false,Adds a compile-time or constant-false dead-code carrier with no reachable side effects. Constant-false guard detected.
diversevul,diversevul-9a5467bf7b6e9e02ec9c3da4e23747c05faeaac6-1509,diversevul-9a5467bf7b6e9e02ec9c3da4e23747c05faeaac6-1509__safe_dead_code_carrier,safe_dead_code_carrier,0,compile-time unreachable carrier inserted,preserved_with_precondition,low,false,Adds a compile-time or constant-false dead-code carrier with no reachable side effects. Constant-false guard detected.
diversevul,diversevul-fdad1406b3ec809f4954ff7cdf9e99eb18c2458f-529,diversevul-fdad1406b3ec809f4954ff7cdf9e99eb18c2458f-529__safe_dead_code_carrier,safe_dead_code_carrier,0,compile-time unreachable carrier inserted,preserved_with_precondition,low,false,Adds a compile-time or constant-false dead-code carrier with no reachable side effects. Constant-false guard detected.
diversevul,diversevul-619cb58dd90b4e03ac68286c70ed98acbefd1c90-500,diversevul-619cb58dd90b4e03ac68286c70ed98acbefd1c90-500__safe_dead_code_carrier,safe_dead_code_carrier,0,compile-time unreachable carrier inserted,preserved_with_precondition,low,false,Adds a compile-time or constant-false dead-code carrier with no reachable side effects. Constant-false guard detected.
diversevul,diversevul-4b3942103b57c639c8e0f31d6d5fd7bac53bbdf4-1458,diversevul-4b3942103b57c639c8e0f31d6d5fd7bac53bbdf4-1458__safe_dead_code_carrier,safe_dead_code_carrier,0,compile-time unreachable carrier inserted,preserved_with_precondition,low,false,Adds a compile-time or constant-false dead-code carrier with no reachable side effects. Constant-false guard detected.
diversevul,diversevul-92362a92fffe60187df61f99ab11c249d44120ee-2971,diversevul-92362a92fffe60187df61f99ab11c249d44120ee-2971__safe_dead_code_carrier,safe_dead_code_carrier,0,compile-time unreachable carrier inserted,preserved_with_precondition,low,false,Adds a compile-time or constant-false dead-code carrier with no reachable side effects. Constant-false guard detected.
diversevul,diversevul-d2b1d124d4055c2fcbe5126863487c52fd58cca1-3743,diversevul-d2b1d124d4055c2fcbe5126863487c52fd58cca1-3743__safe_dead_code_carrier,safe_dead_code_carrier,0,compile-time unreachable carrier inserted,preserved_with_precondition,low,false,Adds a compile-time or constant-false dead-code carrier with no reachable side effects. Constant-false guard detected.
diversevul,diversevul-8cf30aa2be256eba07bb1cefb998c52326e846e7-1512,diversevul-8cf30aa2be256eba07bb1cefb998c52326e846e7-1512__safe_dead_code_carrier,safe_dead_code_carrier,0,compile-time unreachable carrier inserted,preserved_with_precondition,low,false,Adds a compile-time or constant-false dead-code carrier with no reachable side effects. Constant-false guard detected.
diversevul,diversevul-68061e3470210703cb15594194718d35094afdc0-1467,diversevul-68061e3470210703cb15594194718d35094afdc0-1467__safe_dead_code_carrier,safe_dead_code_carrier,0,compile-time unreachable carrier inserted,preserved_with_precondition,low,false,Adds a compile-time or constant-false dead-code carrier with no reachable side effects. Constant-false guard detected.
diversevul,diversevul-48900cb6af4282fa0fb6ff4d72a81aa3dadb5c39-3086,diversevul-48900cb6af4282fa0fb6ff4d72a81aa3dadb5c39-3086__safe_dead_code_carrier,safe_dead_code_carrier,0,compile-time unreachable carrier inserted,preserved_with_precondition,low,false,Adds a compile-time or constant-false dead-code carrier with no reachable side effects. Constant-false guard detected.
diversevul,diversevul-6062a8dc0517bce23e3c2f7d2fea5e22411269a3-4394,diversevul-6062a8dc0517bce23e3c2f7d2fea5e22411269a3-4394__safe_dead_code_carrier,safe_dead_code_carrier,0,compile-time unreachable carrier inserted,preserved_with_precondition,low,false,Adds a compile-time or constant-false dead-code carrier with no reachable side effects. Constant-false guard detected.
diversevul,diversevul-90279abdfcd235172eab99651043051188938dcc-809,diversevul-90279abdfcd235172eab99651043051188938dcc-809__safe_dead_code_carrier,safe_dead_code_carrier,0,compile-time unreachable carrier inserted,preserved_with_precondition,low,false,Adds a compile-time or constant-false dead-code carrier with no reachable side effects. Constant-false guard detected.
diversevul,diversevul-107ce8577e818cf4801e5a59641cb769d645cc95-4223,diversevul-107ce8577e818cf4801e5a59641cb769d645cc95-4223__safe_dead_code_carrier,safe_dead_code_carrier,0,compile-time unreachable carrier inserted,preserved_with_precondition,low,false,Adds a compile-time or constant-false dead-code carrier with no reachable side effects. Constant-false guard detected.
diversevul,diversevul-ab29bed2fc9f961fe895de1086a8208e21ddaddc-1827,diversevul-ab29bed2fc9f961fe895de1086a8208e21ddaddc-1827__safe_dead_code_carrier,safe_dead_code_carrier,0,compile-time unreachable carrier inserted,preserved_with_precondition,low,false,Adds a compile-time or constant-false dead-code carrier with no reachable side effects. Constant-false guard detected.
diversevul,diversevul-8f7b0ba1c853919b85b54774775f567f30006107-1767,diversevul-8f7b0ba1c853919b85b54774775f567f30006107-1767__safe_dead_code_carrier,safe_dead_code_carrier,0,compile-time unreachable carrier inserted,preserved_with_precondition,low,false,Adds a compile-time or constant-false dead-code carrier with no reachable side effects. Constant-false guard detected.
diversevul,diversevul-553702980ae89c83f2d6e254d62cf82e204956d0-898,diversevul-553702980ae89c83f2d6e254d62cf82e204956d0-898__safe_dead_code_carrier,safe_dead_code_carrier,1,compile-time unreachable carrier inserted,preserved_with_precondition,low,false,Adds a compile-time or constant-false dead-code carrier with no reachable side effects. Constant-false guard detected.
diversevul,diversevul-51cdb67ff7c5f1242ac58c5aa603ceaf1793b788-3299,diversevul-51cdb67ff7c5f1242ac58c5aa603ceaf1793b788-3299__safe_dead_code_carrier,safe_dead_code_carrier,0,compile-time unreachable carrier inserted,preserved_with_precondition,low,false,Adds a compile-time or constant-false dead-code carrier with no reachable side effects. Constant-false guard detected.
diversevul,diversevul-c8bcd9c5be24fb9e6132e97da5a35e55a83e36b9-1914,diversevul-c8bcd9c5be24fb9e6132e97da5a35e55a83e36b9-1914__safe_dead_code_carrier,safe_dead_code_carrier,0,compile-time unreachable carrier inserted,preserved_with_precondition,low,false,Adds a compile-time or constant-false dead-code carrier with no reachable side effects. Constant-false guard detected.
diversevul,diversevul-b5a8ffcae4103a9d823ea3aa3a761f65779fbe2a-3327,diversevul-b5a8ffcae4103a9d823ea3aa3a761f65779fbe2a-3327__safe_dead_code_carrier,safe_dead_code_carrier,0,compile-time unreachable carrier inserted,preserved_with_precondition,low,false,Adds a compile-time or constant-false dead-code carrier with no reachable side effects. Constant-false guard detected.
diversevul,diversevul-4582999be608c9794d4518ae336b265084db9f93-2909,diversevul-4582999be608c9794d4518ae336b265084db9f93-2909__safe_dead_code_carrier,safe_dead_code_carrier,0,compile-time unreachable carrier inserted,preserved_with_precondition,low,false,Adds a compile-time or constant-false dead-code carrier with no reachable side effects. Constant-false guard detected.
diversevul,diversevul-ce96fd6b0761d98353761bf78d5bfb55291179fd-1414,diversevul-ce96fd6b0761d98353761bf78d5bfb55291179fd-1414__safe_dead_code_carrier,safe_dead_code_carrier,0,compile-time unreachable carrier inserted,preserved_with_precondition,low,false,Adds a compile-time or constant-false dead-code carrier with no reachable side effects. Constant-false guard detected.
diversevul,diversevul-bceb03fd2be95097a7b409ea59914f332fb6bc86-4651,diversevul-bceb03fd2be95097a7b409ea59914f332fb6bc86-4651__safe_dead_code_carrier,safe_dead_code_carrier,0,compile-time unreachable carrier inserted,preserved_with_precondition,low,false,Adds a compile-time or constant-false dead-code carrier with no reachable side effects. Constant-false guard detected.
diversevul,diversevul-b000e169562697aa072600695d4f0c0412f94f4f-4370,diversevul-b000e169562697aa072600695d4f0c0412f94f4f-4370__safe_dead_code_carrier,safe_dead_code_carrier,0,compile-time unreachable carrier inserted,preserved_with_precondition,low,false,Adds a compile-time or constant-false dead-code carrier with no reachable side effects. Constant-false guard detected.
diversevul,diversevul-93c647643b48f0131f02e45da3bd367d80443291-4153,diversevul-93c647643b48f0131f02e45da3bd367d80443291-4153__safe_dead_code_carrier,safe_dead_code_carrier,0,compile-time unreachable carrier inserted,preserved_with_precondition,low,false,Adds a compile-time or constant-false dead-code carrier with no reachable side effects. Constant-false guard detected.
diversevul,diversevul-347eeefbfc658c8531878218487d729f4e020805-1021,diversevul-347eeefbfc658c8531878218487d729f4e020805-1021__safe_dead_code_carrier,safe_dead_code_carrier,0,compile-time unreachable carrier inserted,preserved_with_precondition,low,false,Adds a compile-time or constant-false dead-code carrier with no reachable side effects. Constant-false guard detected.
diversevul,diversevul-6cd88243c7e03845a450795e134b488fc2afb736-3642,diversevul-6cd88243c7e03845a450795e134b488fc2afb736-3642__safe_dead_code_carrier,safe_dead_code_carrier,0,compile-time unreachable carrier inserted,preserved_with_precondition,low,false,Adds a compile-time or constant-false dead-code carrier with no reachable side effects. Constant-false guard detected.
diversevul,diversevul-d2aeab37eb4fad4376b68ea4dfbbf285a2926384-3012,diversevul-d2aeab37eb4fad4376b68ea4dfbbf285a2926384-3012__safe_dead_code_carrier,safe_dead_code_carrier,0,compile-time unreachable carrier inserted,preserved_with_precondition,low,false,Adds a compile-time or constant-false dead-code carrier with no reachable side effects. Constant-false guard detected.
diversevul,diversevul-070b4595981f48a21cc6b4f5047fdc2d09d3da91-4341,diversevul-070b4595981f48a21cc6b4f5047fdc2d09d3da91-4341__safe_dead_code_carrier,safe_dead_code_carrier,0,compile-time unreachable carrier inserted,preserved_with_precondition,low,false,Adds a compile-time or constant-false dead-code carrier with no reachable side effects. Constant-false guard detected.
diversevul,diversevul-64613bc8b6b4adf1e32231f9844d99cd512b8973-1395,diversevul-64613bc8b6b4adf1e32231f9844d99cd512b8973-1395__safe_dead_code_carrier,safe_dead_code_carrier,0,compile-time unreachable carrier inserted,preserved_with_precondition,low,false,Adds a compile-time or constant-false dead-code carrier with no reachable side effects. Constant-false guard detected.
diversevul,diversevul-8305349a943c68b1bc8c158f431dc607655aadea-123,diversevul-8305349a943c68b1bc8c158f431dc607655aadea-123__safe_dead_code_carrier,safe_dead_code_carrier,0,compile-time unreachable carrier inserted,preserved_with_precondition,low,false,Adds a compile-time or constant-false dead-code carrier with no reachable side effects. Constant-false guard detected.
diversevul,diversevul-a5b064bf4b17a9884d7d361733737fb614ad8979-4470,diversevul-a5b064bf4b17a9884d7d361733737fb614ad8979-4470__safe_dead_code_carrier,safe_dead_code_carrier,0,compile-time unreachable carrier inserted,preserved_with_precondition,low,false,Adds a compile-time or constant-false dead-code carrier with no reachable side effects. Constant-false guard detected.
diversevul,diversevul-5b9fbeb75b6a98955f628e205ac26689bcb1383e-523,diversevul-5b9fbeb75b6a98955f628e205ac26689bcb1383e-523__safe_dead_code_carrier,safe_dead_code_carrier,0,compile-time unreachable carrier inserted,preserved_with_precondition,low,false,Adds a compile-time or constant-false dead-code carrier with no reachable side effects. Constant-false guard detected.
diversevul,diversevul-55749769fe608fa3f4a075e42e89d237c8e37637-929,diversevul-55749769fe608fa3f4a075e42e89d237c8e37637-929__safe_dead_code_carrier,safe_dead_code_carrier,0,compile-time unreachable carrier inserted,preserved_with_precondition,low,false,Adds a compile-time or constant-false dead-code carrier with no reachable side effects. Constant-false guard detected.
