dataset,idx,variant_id,transform,target,validation_note,semantic_decision,syntax_risk,audit_rationale,changed,line_count,char_count,code_hash
codexglue,6186,6186__blank_line_expansion,blank_line_expansion,0,blank lines inserted after semicolons,preserved,low,Adds whitespace after semicolon-terminated statements; no token-level control or data dependency is introduced.,True,289,5930,c4f214e91fc9
codexglue,5718,5718__blank_line_expansion,blank_line_expansion,1,blank lines inserted after semicolons,preserved,low,Adds whitespace after semicolon-terminated statements; no token-level control or data dependency is introduced.,True,33,550,9618e826b388
codexglue,14108,14108__blank_line_expansion,blank_line_expansion,0,blank lines inserted after semicolons,preserved,low,Adds whitespace after semicolon-terminated statements; no token-level control or data dependency is introduced.,True,69,1097,eacfc564e066
codexglue,5762,5762__blank_line_expansion,blank_line_expansion,0,blank lines inserted after semicolons,preserved,low,Adds whitespace after semicolon-terminated statements; no token-level control or data dependency is introduced.,True,59,1192,117ed631c715
codexglue,14911,14911__blank_line_expansion,blank_line_expansion,0,blank lines inserted after semicolons,preserved,low,Adds whitespace after semicolon-terminated statements; no token-level control or data dependency is introduced.,True,15,217,bfc197e7012c
codexglue,11046,11046__blank_line_expansion,blank_line_expansion,1,blank lines inserted after semicolons,preserved,low,Adds whitespace after semicolon-terminated statements; no token-level control or data dependency is introduced.,True,28,404,ee4253c8ef5f
codexglue,18038,18038__blank_line_expansion,blank_line_expansion,0,blank lines inserted after semicolons,preserved,low,Adds whitespace after semicolon-terminated statements; no token-level control or data dependency is introduced.,True,29,483,e9d6eb5a6588
codexglue,27151,27151__blank_line_expansion,blank_line_expansion,1,blank lines inserted after semicolons,preserved,low,Adds whitespace after semicolon-terminated statements; no token-level control or data dependency is introduced.,True,64,1972,e795ee48f6a4
codexglue,179,179__blank_line_expansion,blank_line_expansion,0,blank lines inserted after semicolons,preserved,low,Adds whitespace after semicolon-terminated statements; no token-level control or data dependency is introduced.,True,29,417,70a430e39b29
codexglue,2148,2148__blank_line_expansion,blank_line_expansion,1,blank lines inserted after semicolons,preserved,low,Adds whitespace after semicolon-terminated statements; no token-level control or data dependency is introduced.,True,37,1197,a52216501879
codexglue,10849,10849__blank_line_expansion,blank_line_expansion,1,blank lines inserted after semicolons,preserved,low,Adds whitespace after semicolon-terminated statements; no token-level control or data dependency is introduced.,True,29,379,8066875a274c
codexglue,937,937__blank_line_expansion,blank_line_expansion,1,blank lines inserted after semicolons,preserved,low,Adds whitespace after semicolon-terminated statements; no token-level control or data dependency is introduced.,True,59,966,b54d01f76bc7
codexglue,23339,23339__blank_line_expansion,blank_line_expansion,1,blank lines inserted after semicolons,preserved,low,Adds whitespace after semicolon-terminated statements; no token-level control or data dependency is introduced.,True,85,1398,717f2afcdd8b
codexglue,3721,3721__blank_line_expansion,blank_line_expansion,1,blank lines inserted after semicolons,preserved,low,Adds whitespace after semicolon-terminated statements; no token-level control or data dependency is introduced.,True,83,1321,0560a3eb02a1
codexglue,3834,3834__blank_line_expansion,blank_line_expansion,0,blank lines inserted after semicolons,preserved,low,Adds whitespace after semicolon-terminated statements; no token-level control or data dependency is introduced.,True,55,766,8a33e15a5426
codexglue,23299,23299__blank_line_expansion,blank_line_expansion,1,blank lines inserted after semicolons,preserved,low,Adds whitespace after semicolon-terminated statements; no token-level control or data dependency is introduced.,True,979,20592,8120d8d938a1
codexglue,1227,1227__blank_line_expansion,blank_line_expansion,0,blank lines inserted after semicolons,preserved,low,Adds whitespace after semicolon-terminated statements; no token-level control or data dependency is introduced.,True,65,921,ff5560b63a8f
codexglue,3076,3076__blank_line_expansion,blank_line_expansion,1,blank lines inserted after semicolons,preserved,low,Adds whitespace after semicolon-terminated statements; no token-level control or data dependency is introduced.,True,35,715,4c783afb9d39
codexglue,19256,19256__blank_line_expansion,blank_line_expansion,0,blank lines inserted after semicolons,preserved,low,Adds whitespace after semicolon-terminated statements; no token-level control or data dependency is introduced.,True,103,1364,b8872c1a8983
codexglue,25149,25149__blank_line_expansion,blank_line_expansion,1,blank lines inserted after semicolons,preserved,low,Adds whitespace after semicolon-terminated statements; no token-level control or data dependency is introduced.,True,29,533,17b7152aae60
codexglue,25711,25711__blank_line_expansion,blank_line_expansion,0,blank lines inserted after semicolons,preserved,low,Adds whitespace after semicolon-terminated statements; no token-level control or data dependency is introduced.,True,29,457,37cdf2715320
codexglue,9434,9434__blank_line_expansion,blank_line_expansion,1,blank lines inserted after semicolons,preserved,low,Adds whitespace after semicolon-terminated statements; no token-level control or data dependency is introduced.,True,187,2889,bc6f84dfaf1a
codexglue,23758,23758__blank_line_expansion,blank_line_expansion,0,blank lines inserted after semicolons,preserved,low,Adds whitespace after semicolon-terminated statements; no token-level control or data dependency is introduced.,True,47,682,b8faf5514846
codexglue,21034,21034__blank_line_expansion,blank_line_expansion,1,blank lines inserted after semicolons,preserved,low,Adds whitespace after semicolon-terminated statements; no token-level control or data dependency is introduced.,True,65,914,da9a55ae62d2
codexglue,26003,26003__blank_line_expansion,blank_line_expansion,0,blank lines inserted after semicolons,preserved,low,Adds whitespace after semicolon-terminated statements; no token-level control or data dependency is introduced.,True,43,624,b8e4b6f6a54b
codexglue,3811,3811__blank_line_expansion,blank_line_expansion,0,blank lines inserted after semicolons,preserved,low,Adds whitespace after semicolon-terminated statements; no token-level control or data dependency is introduced.,True,21,440,138d23c97ffc
codexglue,1108,1108__blank_line_expansion,blank_line_expansion,0,blank lines inserted after semicolons,preserved,low,Adds whitespace after semicolon-terminated statements; no token-level control or data dependency is introduced.,True,25,389,d124566b9bee
codexglue,13829,13829__blank_line_expansion,blank_line_expansion,0,blank lines inserted after semicolons,preserved,low,Adds whitespace after semicolon-terminated statements; no token-level control or data dependency is introduced.,True,205,3405,a38a399d253b
codexglue,5104,5104__blank_line_expansion,blank_line_expansion,0,blank lines inserted after semicolons,preserved,low,Adds whitespace after semicolon-terminated statements; no token-level control or data dependency is introduced.,True,129,2594,c7eb623d3b0b
codexglue,15823,15823__blank_line_expansion,blank_line_expansion,0,blank lines inserted after semicolons,preserved,low,Adds whitespace after semicolon-terminated statements; no token-level control or data dependency is introduced.,True,37,556,8a2ff3b20540
codexglue,24328,24328__blank_line_expansion,blank_line_expansion,1,blank lines inserted after semicolons,preserved,low,Adds whitespace after semicolon-terminated statements; no token-level control or data dependency is introduced.,True,39,578,585e304ad98e
codexglue,1089,1089__blank_line_expansion,blank_line_expansion,1,blank lines inserted after semicolons,preserved,low,Adds whitespace after semicolon-terminated statements; no token-level control or data dependency is introduced.,True,17,339,45c8301fdf87
codexglue,3815,3815__blank_line_expansion,blank_line_expansion,0,blank lines inserted after semicolons,preserved,low,Adds whitespace after semicolon-terminated statements; no token-level control or data dependency is introduced.,True,37,587,b165ed9b057c
codexglue,26090,26090__blank_line_expansion,blank_line_expansion,1,blank lines inserted after semicolons,preserved,low,Adds whitespace after semicolon-terminated statements; no token-level control or data dependency is introduced.,True,73,1268,1c643b23f759
codexglue,6844,6844__blank_line_expansion,blank_line_expansion,0,blank lines inserted after semicolons,preserved,low,Adds whitespace after semicolon-terminated statements; no token-level control or data dependency is introduced.,True,9,83,e1dddda588a3
codexglue,9399,9399__blank_line_expansion,blank_line_expansion,1,blank lines inserted after semicolons,preserved,low,Adds whitespace after semicolon-terminated statements; no token-level control or data dependency is introduced.,True,21,444,fd3c8cfd2cea
codexglue,5457,5457__blank_line_expansion,blank_line_expansion,0,blank lines inserted after semicolons,preserved,low,Adds whitespace after semicolon-terminated statements; no token-level control or data dependency is introduced.,True,23,501,688e5eda1993
codexglue,21383,21383__blank_line_expansion,blank_line_expansion,1,blank lines inserted after semicolons,preserved,low,Adds whitespace after semicolon-terminated statements; no token-level control or data dependency is introduced.,True,37,488,60e365912e01
codexglue,2946,2946__blank_line_expansion,blank_line_expansion,1,blank lines inserted after semicolons,preserved,low,Adds whitespace after semicolon-terminated statements; no token-level control or data dependency is introduced.,True,133,2104,8d7a7080bdbd
codexglue,16521,16521__blank_line_expansion,blank_line_expansion,0,blank lines inserted after semicolons,preserved,low,Adds whitespace after semicolon-terminated statements; no token-level control or data dependency is introduced.,True,53,913,4efa8fd6e93e
codexglue,14379,14379__brace_line_shift,brace_line_shift,1,first function opening brace shifted,preserved,low,Moves the first opening brace to a conventional layout without changing statement order.,True,44,767,c3180fbbad25
codexglue,14359,14359__brace_line_shift,brace_line_shift,1,first function opening brace shifted,preserved,low,Moves the first opening brace to a conventional layout without changing statement order.,True,18,302,9e688d240ce6
codexglue,2911,2911__brace_line_shift,brace_line_shift,0,first function opening brace shifted,preserved,low,Moves the first opening brace to a conventional layout without changing statement order.,True,58,833,a1587fac62ea
codexglue,23116,23116__brace_line_shift,brace_line_shift,0,first function opening brace shifted,preserved,low,Moves the first opening brace to a conventional layout without changing statement order.,True,204,3243,880aac597b69
codexglue,25741,25741__brace_line_shift,brace_line_shift,1,first function opening brace shifted,preserved,low,Moves the first opening brace to a conventional layout without changing statement order.,True,76,1160,53826eaef64f
codexglue,4539,4539__brace_line_shift,brace_line_shift,1,first function opening brace shifted,preserved,low,Moves the first opening brace to a conventional layout without changing statement order.,True,70,1089,19771a6a3ef4
codexglue,14982,14982__brace_line_shift,brace_line_shift,0,first function opening brace shifted,preserved,low,Moves the first opening brace to a conventional layout without changing statement order.,True,66,1037,8bba8b685674
codexglue,20151,20151__brace_line_shift,brace_line_shift,0,first function opening brace shifted,preserved,low,Moves the first opening brace to a conventional layout without changing statement order.,True,18,267,33172ece3fb7
codexglue,19469,19469__brace_line_shift,brace_line_shift,0,first function opening brace shifted,preserved,low,Moves the first opening brace to a conventional layout without changing statement order.,True,176,3038,d9c07812259b
codexglue,15252,15252__brace_line_shift,brace_line_shift,0,first function opening brace shifted,preserved,low,Moves the first opening brace to a conventional layout without changing statement order.,True,274,5307,bc231eeeeeb2
codexglue,4064,4064__brace_line_shift,brace_line_shift,1,first function opening brace shifted,preserved,low,Moves the first opening brace to a conventional layout without changing statement order.,True,180,2604,c4da7b9f117f
codexglue,15846,15846__brace_line_shift,brace_line_shift,1,first function opening brace shifted,preserved,low,Moves the first opening brace to a conventional layout without changing statement order.,True,14,244,448f99b6a3c1
codexglue,8707,8707__brace_line_shift,brace_line_shift,1,first function opening brace shifted,preserved,low,Moves the first opening brace to a conventional layout without changing statement order.,True,142,2370,c54e97ac3d6e
codexglue,20283,20283__brace_line_shift,brace_line_shift,0,first function opening brace shifted,preserved,low,Moves the first opening brace to a conventional layout without changing statement order.,True,88,1330,78238a807062
codexglue,7480,7480__brace_line_shift,brace_line_shift,0,first function opening brace shifted,preserved,low,Moves the first opening brace to a conventional layout without changing statement order.,True,60,872,de0d7c5f0aa7
codexglue,1059,1059__brace_line_shift,brace_line_shift,1,first function opening brace shifted,preserved,low,Moves the first opening brace to a conventional layout without changing statement order.,True,16,233,ce2ea9dd062d
codexglue,27311,27311__brace_line_shift,brace_line_shift,0,first function opening brace shifted,preserved,low,Moves the first opening brace to a conventional layout without changing statement order.,True,40,847,9128dd119526
codexglue,7651,7651__brace_line_shift,brace_line_shift,0,first function opening brace shifted,preserved,low,Moves the first opening brace to a conventional layout without changing statement order.,True,18,200,032403e89d8b
codexglue,17030,17030__brace_line_shift,brace_line_shift,0,first function opening brace shifted,preserved,low,Moves the first opening brace to a conventional layout without changing statement order.,True,138,1991,201bcf5bfe00
codexglue,27045,27045__brace_line_shift,brace_line_shift,0,first function opening brace shifted,preserved,low,Moves the first opening brace to a conventional layout without changing statement order.,True,12,170,d9395aa55e0d
codexglue,2124,2124__brace_line_shift,brace_line_shift,1,first function opening brace shifted,preserved,low,Moves the first opening brace to a conventional layout without changing statement order.,True,157,2060,44731217c34e
codexglue,4555,4555__brace_line_shift,brace_line_shift,0,first function opening brace shifted,preserved,low,Moves the first opening brace to a conventional layout without changing statement order.,True,24,476,cc6c6074b5d7
codexglue,23429,23429__brace_line_shift,brace_line_shift,1,first function opening brace shifted,preserved,low,Moves the first opening brace to a conventional layout without changing statement order.,True,252,5060,60e8b9c89ca4
codexglue,8181,8181__brace_line_shift,brace_line_shift,0,first function opening brace shifted,preserved,low,Moves the first opening brace to a conventional layout without changing statement order.,True,174,2250,82ba1d15364f
codexglue,23933,23933__brace_line_shift,brace_line_shift,0,first function opening brace shifted,preserved,low,Moves the first opening brace to a conventional layout without changing statement order.,True,108,1934,45fb9c5ed4b9
codexglue,17929,17929__brace_line_shift,brace_line_shift,1,first function opening brace shifted,preserved,low,Moves the first opening brace to a conventional layout without changing statement order.,True,122,2075,61c7b0f1477b
codexglue,17120,17120__brace_line_shift,brace_line_shift,0,first function opening brace shifted,preserved,low,Moves the first opening brace to a conventional layout without changing statement order.,True,448,8985,be9c96804e02
codexglue,20299,20299__brace_line_shift,brace_line_shift,0,first function opening brace shifted,preserved,low,Moves the first opening brace to a conventional layout without changing statement order.,True,30,317,2c66d5ea5ab3
codexglue,17710,17710__brace_line_shift,brace_line_shift,0,first function opening brace shifted,preserved,low,Moves the first opening brace to a conventional layout without changing statement order.,True,46,910,286f1ba456c2
codexglue,10291,10291__brace_line_shift,brace_line_shift,0,first function opening brace shifted,preserved,low,Moves the first opening brace to a conventional layout without changing statement order.,True,90,1390,3a4d5a10923b
codexglue,4009,4009__brace_line_shift,brace_line_shift,1,first function opening brace shifted,preserved,low,Moves the first opening brace to a conventional layout without changing statement order.,True,106,1572,4811b340d1f3
codexglue,7420,7420__brace_line_shift,brace_line_shift,0,first function opening brace shifted,preserved,low,Moves the first opening brace to a conventional layout without changing statement order.,True,16,225,136457b830fc
codexglue,21459,21459__brace_line_shift,brace_line_shift,0,first function opening brace shifted,preserved,low,Moves the first opening brace to a conventional layout without changing statement order.,True,318,4442,acbe37038bc8
codexglue,10316,10316__brace_line_shift,brace_line_shift,0,first function opening brace shifted,preserved,low,Moves the first opening brace to a conventional layout without changing statement order.,True,6,71,cbd457744efb
codexglue,19133,19133__brace_line_shift,brace_line_shift,0,first function opening brace shifted,preserved,low,Moves the first opening brace to a conventional layout without changing statement order.,True,94,1435,84dc6c5672dc
codexglue,710,710__brace_line_shift,brace_line_shift,1,first function opening brace shifted,preserved,low,Moves the first opening brace to a conventional layout without changing statement order.,True,298,4555,fc1a2f002a97
codexglue,19808,19808__brace_line_shift,brace_line_shift,1,first function opening brace shifted,preserved,low,Moves the first opening brace to a conventional layout without changing statement order.,True,72,1370,133bbc02f1ed
codexglue,19441,19441__brace_line_shift,brace_line_shift,1,first function opening brace shifted,preserved,low,Moves the first opening brace to a conventional layout without changing statement order.,True,48,724,778f2d9cb3bd
codexglue,19373,19373__brace_line_shift,brace_line_shift,0,first function opening brace shifted,preserved,low,Moves the first opening brace to a conventional layout without changing statement order.,True,62,1020,910cefb61e9c
codexglue,18673,18673__brace_line_shift,brace_line_shift,0,first function opening brace shifted,preserved,low,Moves the first opening brace to a conventional layout without changing statement order.,True,16,452,72140c144a7d
codexglue,23809,23809__code_normalization_abstraction,code_normalization_abstraction,1,parenthesized simple return expressions,preserved,low,Parenthesizes simple return expressions; the expression value and control flow are unchanged.,True,21,294,ba2390ff4a4d
codexglue,24351,24351__code_normalization_abstraction,code_normalization_abstraction,1,parenthesized simple return expressions,preserved,low,Parenthesizes simple return expressions; the expression value and control flow are unchanged.,True,81,1314,a07efdbe5b29
codexglue,17428,17428__code_normalization_abstraction,code_normalization_abstraction,1,parenthesized simple return expressions,preserved,low,Parenthesizes simple return expressions; the expression value and control flow are unchanged.,True,211,3038,8ed246e8938e
codexglue,12853,12853__code_normalization_abstraction,code_normalization_abstraction,0,parenthesized simple return expressions,preserved,low,Parenthesizes simple return expressions; the expression value and control flow are unchanged.,True,199,3099,9e417d4139c0
codexglue,14144,14144__code_normalization_abstraction,code_normalization_abstraction,1,parenthesized simple return expressions,preserved,low,Parenthesizes simple return expressions; the expression value and control flow are unchanged.,True,23,414,85df95279621
codexglue,1770,1770__code_normalization_abstraction,code_normalization_abstraction,0,parenthesized simple return expressions,preserved,low,Parenthesizes simple return expressions; the expression value and control flow are unchanged.,True,37,535,45e3613d521b
codexglue,13156,13156__code_normalization_abstraction,code_normalization_abstraction,0,parenthesized simple return expressions,preserved,low,Parenthesizes simple return expressions; the expression value and control flow are unchanged.,True,57,891,697443621747
codexglue,22418,22418__code_normalization_abstraction,code_normalization_abstraction,0,parenthesized simple return expressions,preserved,low,Parenthesizes simple return expressions; the expression value and control flow are unchanged.,True,23,272,56351f0538ec
codexglue,15067,15067__code_normalization_abstraction,code_normalization_abstraction,0,parenthesized simple return expressions,preserved,low,Parenthesizes simple return expressions; the expression value and control flow are unchanged.,True,291,4392,da9c25d58a37
codexglue,27254,27254__code_normalization_abstraction,code_normalization_abstraction,0,parenthesized simple return expressions,preserved,low,Parenthesizes simple return expressions; the expression value and control flow are unchanged.,True,55,739,2a871a9e6879
codexglue,16204,16204__code_normalization_abstraction,code_normalization_abstraction,1,parenthesized simple return expressions,preserved,low,Parenthesizes simple return expressions; the expression value and control flow are unchanged.,True,155,2272,7e06dc2c41a3
codexglue,2656,2656__code_normalization_abstraction,code_normalization_abstraction,1,parenthesized simple return expressions,preserved,low,Parenthesizes simple return expressions; the expression value and control flow are unchanged.,True,217,3692,6aaf719bc10f
codexglue,23105,23105__code_normalization_abstraction,code_normalization_abstraction,0,parenthesized simple return expressions,preserved,low,Parenthesizes simple return expressions; the expression value and control flow are unchanged.,True,145,1893,8c47da736608
codexglue,17452,17452__code_normalization_abstraction,code_normalization_abstraction,0,parenthesized simple return expressions,preserved,low,Parenthesizes simple return expressions; the expression value and control flow are unchanged.,True,151,2915,b39e65b7a0e2
codexglue,1657,1657__code_normalization_abstraction,code_normalization_abstraction,0,parenthesized simple return expressions,preserved,low,Parenthesizes simple return expressions; the expression value and control flow are unchanged.,True,83,1667,7d0c46558bf3
codexglue,13548,13548__code_normalization_abstraction,code_normalization_abstraction,1,parenthesized simple return expressions,preserved,low,Parenthesizes simple return expressions; the expression value and control flow are unchanged.,True,63,956,64ed2f9fc346
codexglue,5356,5356__code_normalization_abstraction,code_normalization_abstraction,0,parenthesized simple return expressions,preserved,low,Parenthesizes simple return expressions; the expression value and control flow are unchanged.,True,407,9812,8518d9678be4
codexglue,15653,15653__code_normalization_abstraction,code_normalization_abstraction,0,parenthesized simple return expressions,preserved,low,Parenthesizes simple return expressions; the expression value and control flow are unchanged.,True,53,1042,7d3816df6e74
codexglue,25550,25550__code_normalization_abstraction,code_normalization_abstraction,0,parenthesized simple return expressions,preserved,low,Parenthesizes simple return expressions; the expression value and control flow are unchanged.,True,37,509,0d93ff66ae41
codexglue,20643,20643__code_normalization_abstraction,code_normalization_abstraction,1,parenthesized simple return expressions,preserved,low,Parenthesizes simple return expressions; the expression value and control flow are unchanged.,True,37,537,12db512d800e
codexglue,20054,20054__code_normalization_abstraction,code_normalization_abstraction,0,parenthesized simple return expressions,preserved,low,Parenthesizes simple return expressions; the expression value and control flow are unchanged.,True,547,6733,9c0c63283967
codexglue,16147,16147__code_normalization_abstraction,code_normalization_abstraction,0,parenthesized simple return expressions,preserved,low,Parenthesizes simple return expressions; the expression value and control flow are unchanged.,True,93,1535,b277ff0aa86c
codexglue,3743,3743__code_normalization_abstraction,code_normalization_abstraction,0,parenthesized simple return expressions,preserved,low,Parenthesizes simple return expressions; the expression value and control flow are unchanged.,True,203,3216,d51f98faff7a
codexglue,3274,3274__code_normalization_abstraction,code_normalization_abstraction,0,parenthesized simple return expressions,preserved,low,Parenthesizes simple return expressions; the expression value and control flow are unchanged.,True,53,821,a54dedf7c110
codexglue,14309,14309__code_normalization_abstraction,code_normalization_abstraction,1,parenthesized simple return expressions,preserved,low,Parenthesizes simple return expressions; the expression value and control flow are unchanged.,True,10,279,8aae78a0dcee
codexglue,12616,12616__code_normalization_abstraction,code_normalization_abstraction,0,parenthesized simple return expressions,preserved,low,Parenthesizes simple return expressions; the expression value and control flow are unchanged.,True,99,2000,cbd7d01b57e7
codexglue,1145,1145__code_normalization_abstraction,code_normalization_abstraction,0,parenthesized simple return expressions,preserved,low,Parenthesizes simple return expressions; the expression value and control flow are unchanged.,True,85,1142,72e8b5ae1ca5
codexglue,24921,24921__code_normalization_abstraction,code_normalization_abstraction,1,parenthesized simple return expressions,preserved,low,Parenthesizes simple return expressions; the expression value and control flow are unchanged.,True,189,2942,032dc92b5365
codexglue,18598,18598__code_normalization_abstraction,code_normalization_abstraction,0,parenthesized simple return expressions,preserved,low,Parenthesizes simple return expressions; the expression value and control flow are unchanged.,True,19,399,e9b03e1a2c85
codexglue,21776,21776__code_normalization_abstraction,code_normalization_abstraction,1,parenthesized simple return expressions,preserved,low,Parenthesizes simple return expressions; the expression value and control flow are unchanged.,True,43,471,a6cf993200e6
codexglue,9301,9301__code_normalization_abstraction,code_normalization_abstraction,1,parenthesized simple return expressions,preserved,low,Parenthesizes simple return expressions; the expression value and control flow are unchanged.,True,225,4187,0e923c1ef188
codexglue,4341,4341__code_normalization_abstraction,code_normalization_abstraction,0,parenthesized simple return expressions,preserved,low,Parenthesizes simple return expressions; the expression value and control flow are unchanged.,True,183,3012,b7366f6f0ef1
codexglue,9109,9109__code_normalization_abstraction,code_normalization_abstraction,1,parenthesized simple return expressions,preserved,low,Parenthesizes simple return expressions; the expression value and control flow are unchanged.,True,187,3649,d627c49178e7
codexglue,2846,2846__code_normalization_abstraction,code_normalization_abstraction,1,parenthesized simple return expressions,preserved,low,Parenthesizes simple return expressions; the expression value and control flow are unchanged.,True,135,2105,859e66e50abf
codexglue,21762,21762__code_normalization_abstraction,code_normalization_abstraction,1,parenthesized simple return expressions,preserved,low,Parenthesizes simple return expressions; the expression value and control flow are unchanged.,True,209,2860,c97fbf3b3063
codexglue,70,70__code_normalization_abstraction,code_normalization_abstraction,0,parenthesized simple return expressions,preserved,low,Parenthesizes simple return expressions; the expression value and control flow are unchanged.,True,21,355,be1f8282de6c
codexglue,23692,23692__code_normalization_abstraction,code_normalization_abstraction,0,parenthesized simple return expressions,preserved,low,Parenthesizes simple return expressions; the expression value and control flow are unchanged.,True,161,2756,b9b0287168b7
codexglue,23870,23870__code_normalization_abstraction,code_normalization_abstraction,0,parenthesized simple return expressions,preserved,low,Parenthesizes simple return expressions; the expression value and control flow are unchanged.,True,349,7113,e8ddbbd370e4
codexglue,13899,13899__code_normalization_abstraction,code_normalization_abstraction,1,parenthesized simple return expressions,preserved,low,Parenthesizes simple return expressions; the expression value and control flow are unchanged.,True,87,2021,ddd90865facd
codexglue,24433,24433__code_normalization_abstraction,code_normalization_abstraction,0,parenthesized simple return expressions,preserved,low,Parenthesizes simple return expressions; the expression value and control flow are unchanged.,True,25,295,7688d402ab57
codexglue,19886,19886__comment_banner,comment_banner,0,comment inserted,preserved,low,Inserts a C/C++ block comment after the opening brace; comments are not executable.,True,122,1645,6b1bd7f2dd15
codexglue,9349,9349__comment_banner,comment_banner,1,comment inserted,preserved,low,Inserts a C/C++ block comment after the opening brace; comments are not executable.,True,312,7002,f9a065a7f79a
codexglue,25831,25831__comment_banner,comment_banner,1,comment inserted,preserved,low,Inserts a C/C++ block comment after the opening brace; comments are not executable.,True,18,333,fda08f86988b
codexglue,4166,4166__comment_banner,comment_banner,1,comment inserted,preserved,low,Inserts a C/C++ block comment after the opening brace; comments are not executable.,True,96,1824,176bb933d0a3
codexglue,12668,12668__comment_banner,comment_banner,0,comment inserted,preserved,low,Inserts a C/C++ block comment after the opening brace; comments are not executable.,True,10,142,923ad6bf67a4
codexglue,23307,23307__comment_banner,comment_banner,1,comment inserted,preserved,low,Inserts a C/C++ block comment after the opening brace; comments are not executable.,True,188,2601,e4dc3d297fc8
codexglue,18329,18329__comment_banner,comment_banner,1,comment inserted,preserved,low,Inserts a C/C++ block comment after the opening brace; comments are not executable.,True,38,579,e32f2ad2f746
codexglue,16083,16083__comment_banner,comment_banner,0,comment inserted,preserved,low,Inserts a C/C++ block comment after the opening brace; comments are not executable.,True,18,253,6c96ff8ebb46
codexglue,7814,7814__comment_banner,comment_banner,0,comment inserted,preserved,low,Inserts a C/C++ block comment after the opening brace; comments are not executable.,True,46,751,fbb39e4dc2ce
codexglue,10278,10278__comment_banner,comment_banner,0,comment inserted,preserved,low,Inserts a C/C++ block comment after the opening brace; comments are not executable.,True,54,867,97c6ffbed938
codexglue,12814,12814__comment_banner,comment_banner,1,comment inserted,preserved,low,Inserts a C/C++ block comment after the opening brace; comments are not executable.,True,22,798,31dde9cfab8d
codexglue,7777,7777__comment_banner,comment_banner,0,comment inserted,preserved,low,Inserts a C/C++ block comment after the opening brace; comments are not executable.,True,52,895,eb4a84577d72
codexglue,24559,24559__comment_banner,comment_banner,1,comment inserted,preserved,low,Inserts a C/C++ block comment after the opening brace; comments are not executable.,True,62,954,ff7ef7da6167
codexglue,25958,25958__comment_banner,comment_banner,0,comment inserted,preserved,low,Inserts a C/C++ block comment after the opening brace; comments are not executable.,True,122,1594,ec94592320e5
codexglue,5731,5731__comment_banner,comment_banner,1,comment inserted,preserved,low,Inserts a C/C++ block comment after the opening brace; comments are not executable.,True,12,206,df9453ffa06e
codexglue,11529,11529__comment_banner,comment_banner,0,comment inserted,preserved,low,Inserts a C/C++ block comment after the opening brace; comments are not executable.,True,16,304,6f7c239a949d
codexglue,13236,13236__comment_banner,comment_banner,1,comment inserted,preserved,low,Inserts a C/C++ block comment after the opening brace; comments are not executable.,True,18,319,c0139941bb9f
codexglue,7982,7982__comment_banner,comment_banner,1,comment inserted,preserved,low,Inserts a C/C++ block comment after the opening brace; comments are not executable.,True,36,502,29f159923901
codexglue,1215,1215__comment_banner,comment_banner,0,comment inserted,preserved,low,Inserts a C/C++ block comment after the opening brace; comments are not executable.,True,24,534,209451497092
codexglue,2471,2471__comment_banner,comment_banner,0,comment inserted,preserved,low,Inserts a C/C++ block comment after the opening brace; comments are not executable.,True,36,539,04e6e2e7b2d6
codexglue,14612,14612__comment_banner,comment_banner,1,comment inserted,preserved,low,Inserts a C/C++ block comment after the opening brace; comments are not executable.,True,284,5404,340aa21a872c
codexglue,7109,7109__comment_banner,comment_banner,0,comment inserted,preserved,low,Inserts a C/C++ block comment after the opening brace; comments are not executable.,True,834,15019,d19b58295bb7
codexglue,3722,3722__comment_banner,comment_banner,1,comment inserted,preserved,low,Inserts a C/C++ block comment after the opening brace; comments are not executable.,True,54,819,af2c413bbdb9
codexglue,10842,10842__comment_banner,comment_banner,1,comment inserted,preserved,low,Inserts a C/C++ block comment after the opening brace; comments are not executable.,True,816,16779,8941d8485f82
codexglue,3460,3460__comment_banner,comment_banner,1,comment inserted,preserved,low,Inserts a C/C++ block comment after the opening brace; comments are not executable.,True,100,2294,c43769f155cd
codexglue,7780,7780__comment_banner,comment_banner,0,comment inserted,preserved,low,Inserts a C/C++ block comment after the opening brace; comments are not executable.,True,52,700,7d5ad77de651
codexglue,2911,2911__comment_banner,comment_banner,0,comment inserted,preserved,low,Inserts a C/C++ block comment after the opening brace; comments are not executable.,True,60,877,0e8150499145
codexglue,9101,9101__comment_banner,comment_banner,1,comment inserted,preserved,low,Inserts a C/C++ block comment after the opening brace; comments are not executable.,True,42,958,659d667bd29f
codexglue,2737,2737__comment_banner,comment_banner,0,comment inserted,preserved,low,Inserts a C/C++ block comment after the opening brace; comments are not executable.,True,192,4003,5739740a113f
codexglue,21538,21538__comment_banner,comment_banner,0,comment inserted,preserved,low,Inserts a C/C++ block comment after the opening brace; comments are not executable.,True,480,11279,c7ec55540fd0
codexglue,22970,22970__comment_banner,comment_banner,1,comment inserted,preserved,low,Inserts a C/C++ block comment after the opening brace; comments are not executable.,True,104,1892,2a2501942ef8
codexglue,1726,1726__comment_banner,comment_banner,1,comment inserted,preserved,low,Inserts a C/C++ block comment after the opening brace; comments are not executable.,True,36,527,fac874f1d9a9
codexglue,14025,14025__comment_banner,comment_banner,1,comment inserted,preserved,low,Inserts a C/C++ block comment after the opening brace; comments are not executable.,True,24,374,4c507edd97e3
codexglue,6507,6507__comment_banner,comment_banner,1,comment inserted,preserved,low,Inserts a C/C++ block comment after the opening brace; comments are not executable.,True,20,249,6b883d01ad5b
codexglue,10064,10064__comment_banner,comment_banner,0,comment inserted,preserved,low,Inserts a C/C++ block comment after the opening brace; comments are not executable.,True,64,1000,507456d7de37
codexglue,14220,14220__comment_banner,comment_banner,0,comment inserted,preserved,low,Inserts a C/C++ block comment after the opening brace; comments are not executable.,True,40,748,670a10f0c589
codexglue,23587,23587__comment_banner,comment_banner,0,comment inserted,preserved,low,Inserts a C/C++ block comment after the opening brace; comments are not executable.,True,36,619,93bb43b44922
codexglue,16755,16755__comment_banner,comment_banner,1,comment inserted,preserved,low,Inserts a C/C++ block comment after the opening brace; comments are not executable.,True,48,818,325bc38021a3
codexglue,4385,4385__comment_banner,comment_banner,1,comment inserted,preserved,low,Inserts a C/C++ block comment after the opening brace; comments are not executable.,True,12,239,dd0655f87a5c
codexglue,10504,10504__comment_banner,comment_banner,1,comment inserted,preserved,low,Inserts a C/C++ block comment after the opening brace; comments are not executable.,True,614,8607,ab9aa3dce380
codexglue,946,946__control_flow_rewrite,control_flow_rewrite,1,inverted simple returning if/else,preserved_with_precondition,medium,Inverts a restricted returning if/else pattern where both branches return; branch conditions and returned expressions are preserved.,True,24,382,0b95b0958765
codexglue,2063,2063__control_flow_rewrite,control_flow_rewrite,0,inverted simple returning if/else,preserved_with_precondition,medium,Inverts a restricted returning if/else pattern where both branches return; branch conditions and returned expressions are preserved.,True,16,243,263d8fd1376e
codexglue,7462,7462__control_flow_rewrite,control_flow_rewrite,0,inverted simple returning if/else,preserved_with_precondition,medium,Inverts a restricted returning if/else pattern where both branches return; branch conditions and returned expressions are preserved.,True,822,13894,f1f7882090e9
codexglue,8296,8296__control_flow_rewrite,control_flow_rewrite,0,inverted simple returning if/else,preserved_with_precondition,medium,Inverts a restricted returning if/else pattern where both branches return; branch conditions and returned expressions are preserved.,True,50,725,484a60b8bb72
codexglue,14126,14126__control_flow_rewrite,control_flow_rewrite,0,inverted simple returning if/else,preserved_with_precondition,medium,Inverts a restricted returning if/else pattern where both branches return; branch conditions and returned expressions are preserved.,True,74,1165,d754ce4c92a6
codexglue,15239,15239__control_flow_rewrite,control_flow_rewrite,1,inverted simple returning if/else,preserved_with_precondition,medium,Inverts a restricted returning if/else pattern where both branches return; branch conditions and returned expressions are preserved.,True,24,480,c4efb3265406
codexglue,21622,21622__control_flow_rewrite,control_flow_rewrite,0,inverted simple returning if/else,preserved_with_precondition,medium,Inverts a restricted returning if/else pattern where both branches return; branch conditions and returned expressions are preserved.,True,18,248,891316243dd8
codexglue,26100,26100__control_flow_rewrite,control_flow_rewrite,1,inverted simple returning if/else,preserved_with_precondition,medium,Inverts a restricted returning if/else pattern where both branches return; branch conditions and returned expressions are preserved.,True,10,167,5dda522e5097
codexglue,20105,20105__dead_branch_after_opening_brace,dead_branch_after_opening_brace,0,unreachable branch inserted,preserved_with_precondition,low,Adds an unreachable if(0) branch immediately after the opening brace; the branch is syntactically isolated and never executes.,True,43,708,0b357b6036f2
codexglue,860,860__dead_branch_after_opening_brace,dead_branch_after_opening_brace,1,unreachable branch inserted,preserved_with_precondition,low,Adds an unreachable if(0) branch immediately after the opening brace; the branch is syntactically isolated and never executes.,True,91,1750,8d4e0af34e5b
codexglue,19554,19554__dead_branch_after_opening_brace,dead_branch_after_opening_brace,1,unreachable branch inserted,preserved_with_precondition,low,Adds an unreachable if(0) branch immediately after the opening brace; the branch is syntactically isolated and never executes.,True,23,402,3eef85bb6229
codexglue,10594,10594__dead_branch_after_opening_brace,dead_branch_after_opening_brace,1,unreachable branch inserted,preserved_with_precondition,low,Adds an unreachable if(0) branch immediately after the opening brace; the branch is syntactically isolated and never executes.,True,547,9440,4c96ee9b7820
codexglue,7004,7004__dead_branch_after_opening_brace,dead_branch_after_opening_brace,1,unreachable branch inserted,preserved_with_precondition,low,Adds an unreachable if(0) branch immediately after the opening brace; the branch is syntactically isolated and never executes.,True,39,512,89899d8c2682
codexglue,22265,22265__dead_branch_after_opening_brace,dead_branch_after_opening_brace,1,unreachable branch inserted,preserved_with_precondition,low,Adds an unreachable if(0) branch immediately after the opening brace; the branch is syntactically isolated and never executes.,True,37,604,4fd3e1b8ad31
codexglue,23855,23855__dead_branch_after_opening_brace,dead_branch_after_opening_brace,0,unreachable branch inserted,preserved_with_precondition,low,Adds an unreachable if(0) branch immediately after the opening brace; the branch is syntactically isolated and never executes.,True,69,799,2907a205947e
codexglue,21796,21796__dead_branch_after_opening_brace,dead_branch_after_opening_brace,1,unreachable branch inserted,preserved_with_precondition,low,Adds an unreachable if(0) branch immediately after the opening brace; the branch is syntactically isolated and never executes.,True,55,916,36f8193ad019
codexglue,19759,19759__dead_branch_after_opening_brace,dead_branch_after_opening_brace,0,unreachable branch inserted,preserved_with_precondition,low,Adds an unreachable if(0) branch immediately after the opening brace; the branch is syntactically isolated and never executes.,True,111,2149,3f8f054c26a3
codexglue,25510,25510__dead_branch_after_opening_brace,dead_branch_after_opening_brace,0,unreachable branch inserted,preserved_with_precondition,low,Adds an unreachable if(0) branch immediately after the opening brace; the branch is syntactically isolated and never executes.,True,13,242,887ec2ed7df1
codexglue,12367,12367__dead_branch_after_opening_brace,dead_branch_after_opening_brace,0,unreachable branch inserted,preserved_with_precondition,low,Adds an unreachable if(0) branch immediately after the opening brace; the branch is syntactically isolated and never executes.,True,37,492,5a6296ec65a9
codexglue,26175,26175__dead_branch_after_opening_brace,dead_branch_after_opening_brace,1,unreachable branch inserted,preserved_with_precondition,low,Adds an unreachable if(0) branch immediately after the opening brace; the branch is syntactically isolated and never executes.,True,45,633,4710bdb49e34
codexglue,16930,16930__dead_branch_after_opening_brace,dead_branch_after_opening_brace,1,unreachable branch inserted,preserved_with_precondition,low,Adds an unreachable if(0) branch immediately after the opening brace; the branch is syntactically isolated and never executes.,True,67,840,6eb49edf60a5
codexglue,12314,12314__dead_branch_after_opening_brace,dead_branch_after_opening_brace,0,unreachable branch inserted,preserved_with_precondition,low,Adds an unreachable if(0) branch immediately after the opening brace; the branch is syntactically isolated and never executes.,True,45,630,125271994fd4
codexglue,18254,18254__dead_branch_after_opening_brace,dead_branch_after_opening_brace,0,unreachable branch inserted,preserved_with_precondition,low,Adds an unreachable if(0) branch immediately after the opening brace; the branch is syntactically isolated and never executes.,True,355,6077,fae0f9896e7b
codexglue,4610,4610__dead_branch_after_opening_brace,dead_branch_after_opening_brace,0,unreachable branch inserted,preserved_with_precondition,low,Adds an unreachable if(0) branch immediately after the opening brace; the branch is syntactically isolated and never executes.,True,19,320,824b6f7a6d69
codexglue,17742,17742__dead_branch_after_opening_brace,dead_branch_after_opening_brace,1,unreachable branch inserted,preserved_with_precondition,low,Adds an unreachable if(0) branch immediately after the opening brace; the branch is syntactically isolated and never executes.,True,87,1432,24ff9b58deff
codexglue,16452,16452__dead_branch_after_opening_brace,dead_branch_after_opening_brace,0,unreachable branch inserted,preserved_with_precondition,low,Adds an unreachable if(0) branch immediately after the opening brace; the branch is syntactically isolated and never executes.,True,351,6710,8b2c8af6bc56
codexglue,21324,21324__dead_branch_after_opening_brace,dead_branch_after_opening_brace,0,unreachable branch inserted,preserved_with_precondition,low,Adds an unreachable if(0) branch immediately after the opening brace; the branch is syntactically isolated and never executes.,True,161,2672,7025483b6754
codexglue,7992,7992__dead_branch_after_opening_brace,dead_branch_after_opening_brace,0,unreachable branch inserted,preserved_with_precondition,low,Adds an unreachable if(0) branch immediately after the opening brace; the branch is syntactically isolated and never executes.,True,183,2157,2101a221a1bf
codexglue,26587,26587__dead_branch_after_opening_brace,dead_branch_after_opening_brace,1,unreachable branch inserted,preserved_with_precondition,low,Adds an unreachable if(0) branch immediately after the opening brace; the branch is syntactically isolated and never executes.,True,139,1803,7b9625077cfd
codexglue,24761,24761__dead_branch_after_opening_brace,dead_branch_after_opening_brace,0,unreachable branch inserted,preserved_with_precondition,low,Adds an unreachable if(0) branch immediately after the opening brace; the branch is syntactically isolated and never executes.,True,55,1028,175d1f3a498e
codexglue,9091,9091__dead_branch_after_opening_brace,dead_branch_after_opening_brace,1,unreachable branch inserted,preserved_with_precondition,low,Adds an unreachable if(0) branch immediately after the opening brace; the branch is syntactically isolated and never executes.,True,37,611,874bbae9e26b
codexglue,24356,24356__dead_branch_after_opening_brace,dead_branch_after_opening_brace,0,unreachable branch inserted,preserved_with_precondition,low,Adds an unreachable if(0) branch immediately after the opening brace; the branch is syntactically isolated and never executes.,True,203,4368,69da48c831d3
codexglue,20248,20248__dead_branch_after_opening_brace,dead_branch_after_opening_brace,0,unreachable branch inserted,preserved_with_precondition,low,Adds an unreachable if(0) branch immediately after the opening brace; the branch is syntactically isolated and never executes.,True,87,1618,62bd153d5cfe
codexglue,22718,22718__dead_branch_after_opening_brace,dead_branch_after_opening_brace,1,unreachable branch inserted,preserved_with_precondition,low,Adds an unreachable if(0) branch immediately after the opening brace; the branch is syntactically isolated and never executes.,True,27,353,fd78e47c2806
codexglue,10962,10962__dead_branch_after_opening_brace,dead_branch_after_opening_brace,1,unreachable branch inserted,preserved_with_precondition,low,Adds an unreachable if(0) branch immediately after the opening brace; the branch is syntactically isolated and never executes.,True,137,2966,eb5debb9946e
codexglue,11235,11235__dead_branch_after_opening_brace,dead_branch_after_opening_brace,1,unreachable branch inserted,preserved_with_precondition,low,Adds an unreachable if(0) branch immediately after the opening brace; the branch is syntactically isolated and never executes.,True,35,721,524d46e5bdde
codexglue,25566,25566__dead_branch_after_opening_brace,dead_branch_after_opening_brace,1,unreachable branch inserted,preserved_with_precondition,low,Adds an unreachable if(0) branch immediately after the opening brace; the branch is syntactically isolated and never executes.,True,77,1121,2c1a9bb17703
codexglue,19223,19223__dead_branch_after_opening_brace,dead_branch_after_opening_brace,1,unreachable branch inserted,preserved_with_precondition,low,Adds an unreachable if(0) branch immediately after the opening brace; the branch is syntactically isolated and never executes.,True,111,1761,b9ad777b1d11
codexglue,2471,2471__dead_branch_after_opening_brace,dead_branch_after_opening_brace,0,unreachable branch inserted,preserved_with_precondition,low,Adds an unreachable if(0) branch immediately after the opening brace; the branch is syntactically isolated and never executes.,True,37,558,cccb143532e6
codexglue,4213,4213__dead_branch_after_opening_brace,dead_branch_after_opening_brace,0,unreachable branch inserted,preserved_with_precondition,low,Adds an unreachable if(0) branch immediately after the opening brace; the branch is syntactically isolated and never executes.,True,199,3280,32e130d08f11
codexglue,8963,8963__dead_branch_after_opening_brace,dead_branch_after_opening_brace,0,unreachable branch inserted,preserved_with_precondition,low,Adds an unreachable if(0) branch immediately after the opening brace; the branch is syntactically isolated and never executes.,True,15,395,58326d119f21
codexglue,1998,1998__dead_branch_after_opening_brace,dead_branch_after_opening_brace,1,unreachable branch inserted,preserved_with_precondition,low,Adds an unreachable if(0) branch immediately after the opening brace; the branch is syntactically isolated and never executes.,True,171,3671,29c9746b78be
codexglue,12205,12205__dead_branch_after_opening_brace,dead_branch_after_opening_brace,1,unreachable branch inserted,preserved_with_precondition,low,Adds an unreachable if(0) branch immediately after the opening brace; the branch is syntactically isolated and never executes.,True,17,276,642679b3a647
codexglue,22201,22201__dead_branch_after_opening_brace,dead_branch_after_opening_brace,0,unreachable branch inserted,preserved_with_precondition,low,Adds an unreachable if(0) branch immediately after the opening brace; the branch is syntactically isolated and never executes.,True,25,439,6869f639ec09
codexglue,17700,17700__dead_branch_after_opening_brace,dead_branch_after_opening_brace,0,unreachable branch inserted,preserved_with_precondition,low,Adds an unreachable if(0) branch immediately after the opening brace; the branch is syntactically isolated and never executes.,True,13,202,17c1418c8979
codexglue,16693,16693__dead_branch_after_opening_brace,dead_branch_after_opening_brace,1,unreachable branch inserted,preserved_with_precondition,low,Adds an unreachable if(0) branch immediately after the opening brace; the branch is syntactically isolated and never executes.,True,81,1752,c827752dc15c
codexglue,24075,24075__dead_branch_after_opening_brace,dead_branch_after_opening_brace,1,unreachable branch inserted,preserved_with_precondition,low,Adds an unreachable if(0) branch immediately after the opening brace; the branch is syntactically isolated and never executes.,True,29,552,190aa1e233d4
codexglue,22615,22615__dead_branch_after_opening_brace,dead_branch_after_opening_brace,1,unreachable branch inserted,preserved_with_precondition,low,Adds an unreachable if(0) branch immediately after the opening brace; the branch is syntactically isolated and never executes.,True,53,589,d44908f9cf59
codexglue,9036,9036__identifier_renaming,identifier_renaming,0,renamed simple identifier,preserved_with_precondition,medium,Applies deterministic local identifier renaming under the transformation preconditions; external symbols and keywords are left unchanged.,True,83,1289,6b28564b0a38
codexglue,23429,23429__identifier_renaming,identifier_renaming,1,renamed simple identifier,preserved_with_precondition,medium,Applies deterministic local identifier renaming under the transformation preconditions; external symbols and keywords are left unchanged.,True,253,5070,73cb59138e65
codexglue,7777,7777__identifier_renaming,identifier_renaming,0,renamed simple identifier,preserved_with_precondition,medium,Applies deterministic local identifier renaming under the transformation preconditions; external symbols and keywords are left unchanged.,True,51,844,bfe063526fcf
codexglue,17030,17030__identifier_renaming,identifier_renaming,0,renamed simple identifier,preserved_with_precondition,medium,Applies deterministic local identifier renaming under the transformation preconditions; external symbols and keywords are left unchanged.,True,139,1984,84ef89a0c3fa
codexglue,2328,2328__identifier_renaming,identifier_renaming,1,renamed simple identifier,preserved_with_precondition,medium,Applies deterministic local identifier renaming under the transformation preconditions; external symbols and keywords are left unchanged.,True,147,2055,1e86b6920866
codexglue,22089,22089__identifier_renaming,identifier_renaming,0,renamed simple identifier,preserved_with_precondition,medium,Applies deterministic local identifier renaming under the transformation preconditions; external symbols and keywords are left unchanged.,True,67,1346,161495ce0781
codexglue,10869,10869__identifier_renaming,identifier_renaming,1,renamed simple identifier,preserved_with_precondition,medium,Applies deterministic local identifier renaming under the transformation preconditions; external symbols and keywords are left unchanged.,True,55,1090,71c6dac9c269
codexglue,12026,12026__identifier_renaming,identifier_renaming,0,renamed simple identifier,preserved_with_precondition,medium,Applies deterministic local identifier renaming under the transformation preconditions; external symbols and keywords are left unchanged.,True,65,1632,e55815e8a0f2
codexglue,305,305__identifier_renaming,identifier_renaming,1,renamed simple identifier,preserved_with_precondition,medium,Applies deterministic local identifier renaming under the transformation preconditions; external symbols and keywords are left unchanged.,True,43,688,b92eb272e87c
codexglue,15132,15132__identifier_renaming,identifier_renaming,1,renamed simple identifier,preserved_with_precondition,medium,Applies deterministic local identifier renaming under the transformation preconditions; external symbols and keywords are left unchanged.,True,78,1027,73aa6758eb91
codexglue,25958,25958__identifier_renaming,identifier_renaming,0,renamed simple identifier,preserved_with_precondition,medium,Applies deterministic local identifier renaming under the transformation preconditions; external symbols and keywords are left unchanged.,True,121,1566,565553e5c0c2
codexglue,9258,9258__identifier_renaming,identifier_renaming,0,renamed simple identifier,preserved_with_precondition,medium,Applies deterministic local identifier renaming under the transformation preconditions; external symbols and keywords are left unchanged.,True,145,2144,292a0b28d47b
codexglue,25181,25181__identifier_renaming,identifier_renaming,1,renamed simple identifier,preserved_with_precondition,medium,Applies deterministic local identifier renaming under the transformation preconditions; external symbols and keywords are left unchanged.,True,49,1137,d0f574478cc0
codexglue,11844,11844__identifier_renaming,identifier_renaming,0,renamed simple identifier,preserved_with_precondition,medium,Applies deterministic local identifier renaming under the transformation preconditions; external symbols and keywords are left unchanged.,True,33,608,c40ed86b737b
codexglue,2818,2818__identifier_renaming,identifier_renaming,0,renamed simple identifier,preserved_with_precondition,medium,Applies deterministic local identifier renaming under the transformation preconditions; external symbols and keywords are left unchanged.,True,539,7766,6aefdbbda74e
codexglue,21583,21583__identifier_renaming,identifier_renaming,1,renamed simple identifier,preserved_with_precondition,medium,Applies deterministic local identifier renaming under the transformation preconditions; external symbols and keywords are left unchanged.,True,25,424,08404451530d
codexglue,2895,2895__identifier_renaming,identifier_renaming,0,renamed simple identifier,preserved_with_precondition,medium,Applies deterministic local identifier renaming under the transformation preconditions; external symbols and keywords are left unchanged.,True,33,448,40dd7e739e57
codexglue,9072,9072__identifier_renaming,identifier_renaming,0,renamed simple identifier,preserved_with_precondition,medium,Applies deterministic local identifier renaming under the transformation preconditions; external symbols and keywords are left unchanged.,True,67,1173,1a835e802edc
codexglue,14126,14126__identifier_renaming,identifier_renaming,0,renamed simple identifier,preserved_with_precondition,medium,Applies deterministic local identifier renaming under the transformation preconditions; external symbols and keywords are left unchanged.,True,79,1231,671149ff16c6
codexglue,16057,16057__identifier_renaming,identifier_renaming,1,renamed simple identifier,preserved_with_precondition,medium,Applies deterministic local identifier renaming under the transformation preconditions; external symbols and keywords are left unchanged.,True,21,264,bbcc724f9b0e
codexglue,14639,14639__identifier_renaming,identifier_renaming,1,renamed simple identifier,preserved_with_precondition,medium,Applies deterministic local identifier renaming under the transformation preconditions; external symbols and keywords are left unchanged.,True,85,1223,26ca6293afbf
codexglue,27317,27317__identifier_renaming,identifier_renaming,0,renamed simple identifier,preserved_with_precondition,medium,Applies deterministic local identifier renaming under the transformation preconditions; external symbols and keywords are left unchanged.,True,95,1952,62b2bf1a5718
codexglue,25353,25353__identifier_renaming,identifier_renaming,0,renamed simple identifier,preserved_with_precondition,medium,Applies deterministic local identifier renaming under the transformation preconditions; external symbols and keywords are left unchanged.,True,225,3618,52fa05245068
codexglue,17953,17953__identifier_renaming,identifier_renaming,0,renamed simple identifier,preserved_with_precondition,medium,Applies deterministic local identifier renaming under the transformation preconditions; external symbols and keywords are left unchanged.,True,273,4647,a77b226964b0
codexglue,11400,11400__identifier_renaming,identifier_renaming,0,renamed simple identifier,preserved_with_precondition,medium,Applies deterministic local identifier renaming under the transformation preconditions; external symbols and keywords are left unchanged.,True,51,690,fa663133fd1e
codexglue,26568,26568__identifier_renaming,identifier_renaming,0,renamed simple identifier,preserved_with_precondition,medium,Applies deterministic local identifier renaming under the transformation preconditions; external symbols and keywords are left unchanged.,True,91,1666,004e5d6f8f0a
codexglue,5508,5508__identifier_renaming,identifier_renaming,1,renamed simple identifier,preserved_with_precondition,medium,Applies deterministic local identifier renaming under the transformation preconditions; external symbols and keywords are left unchanged.,True,44,645,7b931f1bb9b7
codexglue,11117,11117__identifier_renaming,identifier_renaming,1,renamed simple identifier,preserved_with_precondition,medium,Applies deterministic local identifier renaming under the transformation preconditions; external symbols and keywords are left unchanged.,True,27,414,09de2b4e9857
codexglue,4009,4009__identifier_renaming,identifier_renaming,1,renamed simple identifier,preserved_with_precondition,medium,Applies deterministic local identifier renaming under the transformation preconditions; external symbols and keywords are left unchanged.,True,107,1639,f3b535b91813
codexglue,262,262__identifier_renaming,identifier_renaming,1,renamed simple identifier,preserved_with_precondition,medium,Applies deterministic local identifier renaming under the transformation preconditions; external symbols and keywords are left unchanged.,True,34,974,23b38b23abf2
codexglue,10849,10849__identifier_renaming,identifier_renaming,1,renamed simple identifier,preserved_with_precondition,medium,Applies deterministic local identifier renaming under the transformation preconditions; external symbols and keywords are left unchanged.,True,31,394,5979962b71e5
codexglue,26110,26110__identifier_renaming,identifier_renaming,1,renamed simple identifier,preserved_with_precondition,medium,Applies deterministic local identifier renaming under the transformation preconditions; external symbols and keywords are left unchanged.,True,61,1516,66cb4822d45c
codexglue,24328,24328__identifier_renaming,identifier_renaming,1,renamed simple identifier,preserved_with_precondition,medium,Applies deterministic local identifier renaming under the transformation preconditions; external symbols and keywords are left unchanged.,True,41,595,325cdf4a6ea2
codexglue,3517,3517__identifier_renaming,identifier_renaming,0,renamed simple identifier,preserved_with_precondition,medium,Applies deterministic local identifier renaming under the transformation preconditions; external symbols and keywords are left unchanged.,True,569,12355,37e66e770076
codexglue,22966,22966__identifier_renaming,identifier_renaming,1,renamed simple identifier,preserved_with_precondition,medium,Applies deterministic local identifier renaming under the transformation preconditions; external symbols and keywords are left unchanged.,True,185,3776,a23f109b8295
codexglue,8313,8313__identifier_renaming,identifier_renaming,0,renamed simple identifier,preserved_with_precondition,medium,Applies deterministic local identifier renaming under the transformation preconditions; external symbols and keywords are left unchanged.,True,27,512,03c565d12e72
codexglue,24292,24292__identifier_renaming,identifier_renaming,1,renamed simple identifier,preserved_with_precondition,medium,Applies deterministic local identifier renaming under the transformation preconditions; external symbols and keywords are left unchanged.,True,24,314,3149b1d48332
codexglue,24087,24087__identifier_renaming,identifier_renaming,0,renamed simple identifier,preserved_with_precondition,medium,Applies deterministic local identifier renaming under the transformation preconditions; external symbols and keywords are left unchanged.,True,21,231,830b0346c72c
codexglue,6775,6775__identifier_renaming,identifier_renaming,1,renamed simple identifier,preserved_with_precondition,medium,Applies deterministic local identifier renaming under the transformation preconditions; external symbols and keywords are left unchanged.,True,33,477,f62cbc5a1eeb
codexglue,15206,15206__identifier_renaming,identifier_renaming,1,renamed simple identifier,preserved_with_precondition,medium,Applies deterministic local identifier renaming under the transformation preconditions; external symbols and keywords are left unchanged.,True,193,2999,f4e4a521e618
codexglue,16752,16752__safe_dead_code_carrier,safe_dead_code_carrier,0,compile-time unreachable carrier inserted,preserved_with_precondition,low,"Adds a compile-time dead-code carrier guarded by a constant-false condition, with no reachable side effects.",True,73,1234,e89b4ccb9db2
codexglue,21413,21413__safe_dead_code_carrier,safe_dead_code_carrier,0,compile-time unreachable carrier inserted,preserved_with_precondition,low,"Adds a compile-time dead-code carrier guarded by a constant-false condition, with no reachable side effects.",True,103,1567,1628aac55331
codexglue,4521,4521__safe_dead_code_carrier,safe_dead_code_carrier,1,compile-time unreachable carrier inserted,preserved_with_precondition,low,"Adds a compile-time dead-code carrier guarded by a constant-false condition, with no reachable side effects.",True,171,2860,ad11ea61e210
codexglue,1434,1434__safe_dead_code_carrier,safe_dead_code_carrier,1,compile-time unreachable carrier inserted,preserved_with_precondition,low,"Adds a compile-time dead-code carrier guarded by a constant-false condition, with no reachable side effects.",True,136,2935,2f68fa13fe7f
codexglue,1469,1469__safe_dead_code_carrier,safe_dead_code_carrier,1,compile-time unreachable carrier inserted,preserved_with_precondition,low,"Adds a compile-time dead-code carrier guarded by a constant-false condition, with no reachable side effects.",True,151,2492,ede927448015
codexglue,21135,21135__safe_dead_code_carrier,safe_dead_code_carrier,1,compile-time unreachable carrier inserted,preserved_with_precondition,low,"Adds a compile-time dead-code carrier guarded by a constant-false condition, with no reachable side effects.",True,35,497,c1e9b42ff00b
codexglue,14521,14521__safe_dead_code_carrier,safe_dead_code_carrier,1,compile-time unreachable carrier inserted,preserved_with_precondition,low,"Adds a compile-time dead-code carrier guarded by a constant-false condition, with no reachable side effects.",True,187,2868,3480283815e3
codexglue,10278,10278__safe_dead_code_carrier,safe_dead_code_carrier,0,compile-time unreachable carrier inserted,preserved_with_precondition,low,"Adds a compile-time dead-code carrier guarded by a constant-false condition, with no reachable side effects.",True,55,914,d37370ea5a3a
codexglue,11592,11592__safe_dead_code_carrier,safe_dead_code_carrier,0,compile-time unreachable carrier inserted,preserved_with_precondition,low,"Adds a compile-time dead-code carrier guarded by a constant-false condition, with no reachable side effects.",True,97,1586,49dee9272551
codexglue,12451,12451__safe_dead_code_carrier,safe_dead_code_carrier,0,compile-time unreachable carrier inserted,preserved_with_precondition,low,"Adds a compile-time dead-code carrier guarded by a constant-false condition, with no reachable side effects.",True,933,21114,52527c0b6533
codexglue,7916,7916__safe_dead_code_carrier,safe_dead_code_carrier,1,compile-time unreachable carrier inserted,preserved_with_precondition,low,"Adds a compile-time dead-code carrier guarded by a constant-false condition, with no reachable side effects.",True,131,2201,2c832417a0a3
codexglue,7866,7866__safe_dead_code_carrier,safe_dead_code_carrier,0,compile-time unreachable carrier inserted,preserved_with_precondition,low,"Adds a compile-time dead-code carrier guarded by a constant-false condition, with no reachable side effects.",True,55,1075,a32d6cdb2a17
codexglue,15987,15987__safe_dead_code_carrier,safe_dead_code_carrier,1,compile-time unreachable carrier inserted,preserved_with_precondition,low,"Adds a compile-time dead-code carrier guarded by a constant-false condition, with no reachable side effects.",True,93,1625,2be09320f336
codexglue,15524,15524__safe_dead_code_carrier,safe_dead_code_carrier,0,compile-time unreachable carrier inserted,preserved_with_precondition,low,"Adds a compile-time dead-code carrier guarded by a constant-false condition, with no reachable side effects.",True,15,402,cb257fdf1833
codexglue,14469,14469__safe_dead_code_carrier,safe_dead_code_carrier,1,compile-time unreachable carrier inserted,preserved_with_precondition,low,"Adds a compile-time dead-code carrier guarded by a constant-false condition, with no reachable side effects.",True,47,701,cd44db888ba2
codexglue,14362,14362__safe_dead_code_carrier,safe_dead_code_carrier,1,compile-time unreachable carrier inserted,preserved_with_precondition,low,"Adds a compile-time dead-code carrier guarded by a constant-false condition, with no reachable side effects.",True,22,336,7867475aacc6
codexglue,21828,21828__safe_dead_code_carrier,safe_dead_code_carrier,0,compile-time unreachable carrier inserted,preserved_with_precondition,low,"Adds a compile-time dead-code carrier guarded by a constant-false condition, with no reachable side effects.",True,77,1408,f440e5536ee3
codexglue,24588,24588__safe_dead_code_carrier,safe_dead_code_carrier,0,compile-time unreachable carrier inserted,preserved_with_precondition,low,"Adds a compile-time dead-code carrier guarded by a constant-false condition, with no reachable side effects.",True,131,2815,036b236ec60c
codexglue,16256,16256__safe_dead_code_carrier,safe_dead_code_carrier,0,compile-time unreachable carrier inserted,preserved_with_precondition,low,"Adds a compile-time dead-code carrier guarded by a constant-false condition, with no reachable side effects.",True,151,2673,4185e2fef11c
codexglue,9528,9528__safe_dead_code_carrier,safe_dead_code_carrier,1,compile-time unreachable carrier inserted,preserved_with_precondition,low,"Adds a compile-time dead-code carrier guarded by a constant-false condition, with no reachable side effects.",True,37,933,332ca586d8e2
codexglue,16419,16419__safe_dead_code_carrier,safe_dead_code_carrier,0,compile-time unreachable carrier inserted,preserved_with_precondition,low,"Adds a compile-time dead-code carrier guarded by a constant-false condition, with no reachable side effects.",True,263,4575,d448a381d456
codexglue,10316,10316__safe_dead_code_carrier,safe_dead_code_carrier,0,compile-time unreachable carrier inserted,preserved_with_precondition,low,"Adds a compile-time dead-code carrier guarded by a constant-false condition, with no reachable side effects.",True,9,162,a1be9ef2d275
codexglue,3040,3040__safe_dead_code_carrier,safe_dead_code_carrier,0,compile-time unreachable carrier inserted,preserved_with_precondition,low,"Adds a compile-time dead-code carrier guarded by a constant-false condition, with no reachable side effects.",True,13,211,9c9494bcef86
codexglue,27046,27046__safe_dead_code_carrier,safe_dead_code_carrier,0,compile-time unreachable carrier inserted,preserved_with_precondition,low,"Adds a compile-time dead-code carrier guarded by a constant-false condition, with no reachable side effects.",True,85,1465,f55eb9f6ffb1
codexglue,26183,26183__safe_dead_code_carrier,safe_dead_code_carrier,1,compile-time unreachable carrier inserted,preserved_with_precondition,low,"Adds a compile-time dead-code carrier guarded by a constant-false condition, with no reachable side effects.",True,139,3106,17754e565844
codexglue,20553,20553__safe_dead_code_carrier,safe_dead_code_carrier,0,compile-time unreachable carrier inserted,preserved_with_precondition,low,"Adds a compile-time dead-code carrier guarded by a constant-false condition, with no reachable side effects.",True,31,384,eb408e9bd807
codexglue,14387,14387__safe_dead_code_carrier,safe_dead_code_carrier,0,compile-time unreachable carrier inserted,preserved_with_precondition,low,"Adds a compile-time dead-code carrier guarded by a constant-false condition, with no reachable side effects.",True,33,513,04107e5196b6
codexglue,23052,23052__safe_dead_code_carrier,safe_dead_code_carrier,0,compile-time unreachable carrier inserted,preserved_with_precondition,low,"Adds a compile-time dead-code carrier guarded by a constant-false condition, with no reachable side effects.",True,175,2627,2b1be1138005
codexglue,13951,13951__safe_dead_code_carrier,safe_dead_code_carrier,0,compile-time unreachable carrier inserted,preserved_with_precondition,low,"Adds a compile-time dead-code carrier guarded by a constant-false condition, with no reachable side effects.",True,319,6145,b777b1734b81
codexglue,6727,6727__safe_dead_code_carrier,safe_dead_code_carrier,1,compile-time unreachable carrier inserted,preserved_with_precondition,low,"Adds a compile-time dead-code carrier guarded by a constant-false condition, with no reachable side effects.",True,77,1855,12bdd9320db0
codexglue,20105,20105__safe_dead_code_carrier,safe_dead_code_carrier,0,compile-time unreachable carrier inserted,preserved_with_precondition,low,"Adds a compile-time dead-code carrier guarded by a constant-false condition, with no reachable side effects.",True,43,736,000e2472e078
codexglue,18447,18447__safe_dead_code_carrier,safe_dead_code_carrier,1,compile-time unreachable carrier inserted,preserved_with_precondition,low,"Adds a compile-time dead-code carrier guarded by a constant-false condition, with no reachable side effects.",True,17,358,a3b6bfd29418
codexglue,7729,7729__safe_dead_code_carrier,safe_dead_code_carrier,0,compile-time unreachable carrier inserted,preserved_with_precondition,low,"Adds a compile-time dead-code carrier guarded by a constant-false condition, with no reachable side effects.",True,13,252,8c69923ddc30
codexglue,23123,23123__safe_dead_code_carrier,safe_dead_code_carrier,0,compile-time unreachable carrier inserted,preserved_with_precondition,low,"Adds a compile-time dead-code carrier guarded by a constant-false condition, with no reachable side effects.",True,43,567,cb2451d8b644
codexglue,25223,25223__safe_dead_code_carrier,safe_dead_code_carrier,0,compile-time unreachable carrier inserted,preserved_with_precondition,low,"Adds a compile-time dead-code carrier guarded by a constant-false condition, with no reachable side effects.",True,23,347,6968136049d3
codexglue,20022,20022__safe_dead_code_carrier,safe_dead_code_carrier,0,compile-time unreachable carrier inserted,preserved_with_precondition,low,"Adds a compile-time dead-code carrier guarded by a constant-false condition, with no reachable side effects.",True,599,11464,b5671341627b
codexglue,6007,6007__safe_dead_code_carrier,safe_dead_code_carrier,0,compile-time unreachable carrier inserted,preserved_with_precondition,low,"Adds a compile-time dead-code carrier guarded by a constant-false condition, with no reachable side effects.",True,23,349,39181071be5d
codexglue,2142,2142__safe_dead_code_carrier,safe_dead_code_carrier,1,compile-time unreachable carrier inserted,preserved_with_precondition,low,"Adds a compile-time dead-code carrier guarded by a constant-false condition, with no reachable side effects.",True,35,577,f8d83a342e06
codexglue,12320,12320__safe_dead_code_carrier,safe_dead_code_carrier,0,compile-time unreachable carrier inserted,preserved_with_precondition,low,"Adds a compile-time dead-code carrier guarded by a constant-false condition, with no reachable side effects.",True,19,317,ed9e283efce6
codexglue,17141,17141__safe_dead_code_carrier,safe_dead_code_carrier,0,compile-time unreachable carrier inserted,preserved_with_precondition,low,"Adds a compile-time dead-code carrier guarded by a constant-false condition, with no reachable side effects.",True,75,1029,442ef8cbf5ce
bigvul,bigvul-9a5467bf7b6e9e02ec9c3da4e23747c05faeaac6-798-after,bigvul-9a5467bf7b6e9e02ec9c3da4e23747c05faeaac6-798-after__blank_line_expansion,blank_line_expansion,0,blank lines inserted after semicolons,preserved,low,Adds whitespace after semicolon-terminated statements; no token-level control or data dependency is introduced.,True,5,100,1a096b7ae1cb
bigvul,bigvul-e21bdfb9c758ac411012ad84f83d26d3f7dd69fb-729-after,bigvul-e21bdfb9c758ac411012ad84f83d26d3f7dd69fb-729-after__blank_line_expansion,blank_line_expansion,0,blank lines inserted after semicolons,preserved,low,Adds whitespace after semicolon-terminated statements; no token-level control or data dependency is introduced.,True,9,230,c8a58a3e6c02
bigvul,bigvul-4d4f992826a4962790ecd0cce6fbba4a415ce149-1865-after,bigvul-4d4f992826a4962790ecd0cce6fbba4a415ce149-1865-after__blank_line_expansion,blank_line_expansion,0,blank lines inserted after semicolons,preserved,low,Adds whitespace after semicolon-terminated statements; no token-level control or data dependency is introduced.,True,15,192,342fcff59162
bigvul,bigvul-295c883fe3105b19bcd0f9e07d54c6b589fc5bff-734-after,bigvul-295c883fe3105b19bcd0f9e07d54c6b589fc5bff-734-after__blank_line_expansion,blank_line_expansion,0,blank lines inserted after semicolons,preserved,low,Adds whitespace after semicolon-terminated statements; no token-level control or data dependency is introduced.,True,33,1101,3e6674390bc3
bigvul,bigvul-a5cd335165e31db9dbab636fd29895d41da55dd2-1981-after,bigvul-a5cd335165e31db9dbab636fd29895d41da55dd2-1981-after__blank_line_expansion,blank_line_expansion,0,blank lines inserted after semicolons,preserved,low,Adds whitespace after semicolon-terminated statements; no token-level control or data dependency is introduced.,True,24,570,de4db90102b5
bigvul,bigvul-863d37ea66d5c960db08d6f4a2cbd2518f0f80d1-1453-after,bigvul-863d37ea66d5c960db08d6f4a2cbd2518f0f80d1-1453-after__blank_line_expansion,blank_line_expansion,0,blank lines inserted after semicolons,preserved,low,Adds whitespace after semicolon-terminated statements; no token-level control or data dependency is introduced.,True,84,1573,376114d98545
bigvul,bigvul-d42b2388f7f8e0332c846675133acea151fc557a-2430-after,bigvul-d42b2388f7f8e0332c846675133acea151fc557a-2430-after__blank_line_expansion,blank_line_expansion,0,blank lines inserted after semicolons,preserved,low,Adds whitespace after semicolon-terminated statements; no token-level control or data dependency is introduced.,True,107,3384,529412b3e9bf
bigvul,bigvul-506e9d6c2d4baaf580d489fff0690c0ff2ff588f-15-after,bigvul-506e9d6c2d4baaf580d489fff0690c0ff2ff588f-15-after__blank_line_expansion,blank_line_expansion,0,blank lines inserted after semicolons,preserved,low,Adds whitespace after semicolon-terminated statements; no token-level control or data dependency is introduced.,True,26,470,2a7bbcc4e6fe
bigvul,bigvul-550fd08c2cebad61c548def135f67aba284c6162-276-after,bigvul-550fd08c2cebad61c548def135f67aba284c6162-276-after__blank_line_expansion,blank_line_expansion,0,blank lines inserted after semicolons,preserved,low,Adds whitespace after semicolon-terminated statements; no token-level control or data dependency is introduced.,True,5,92,e18d67d3bc01
bigvul,bigvul-5c17c861a357e9458001f021a7afa7aab9937439-1428-after,bigvul-5c17c861a357e9458001f021a7afa7aab9937439-1428-after__blank_line_expansion,blank_line_expansion,0,blank lines inserted after semicolons,preserved,low,Adds whitespace after semicolon-terminated statements; no token-level control or data dependency is introduced.,True,8,131,a0381722fa43
bigvul,bigvul-5e4089659bb49b3095fa541fa6387b4c40d7396e-113-after,bigvul-5e4089659bb49b3095fa541fa6387b4c40d7396e-113-after__blank_line_expansion,blank_line_expansion,0,blank lines inserted after semicolons,preserved,low,Adds whitespace after semicolon-terminated statements; no token-level control or data dependency is introduced.,True,16,329,b82799afc789
bigvul,bigvul-ea3d1d84be3d6f97bf50e76511c9e26af6895533-480-after,bigvul-ea3d1d84be3d6f97bf50e76511c9e26af6895533-480-after__blank_line_expansion,blank_line_expansion,0,blank lines inserted after semicolons,preserved,low,Adds whitespace after semicolon-terminated statements; no token-level control or data dependency is introduced.,True,5,187,e522173bd934
bigvul,bigvul-f15133df088ecadd141ea1907f2c96df67c729f0-500-after,bigvul-f15133df088ecadd141ea1907f2c96df67c729f0-500-after__blank_line_expansion,blank_line_expansion,0,blank lines inserted after semicolons,preserved,low,Adds whitespace after semicolon-terminated statements; no token-level control or data dependency is introduced.,True,13,244,29ad0ee46c14
bigvul,bigvul-f6e9d0d9955e85bdd7540b251cd50d598dacc5e6-149-after,bigvul-f6e9d0d9955e85bdd7540b251cd50d598dacc5e6-149-after__blank_line_expansion,blank_line_expansion,0,blank lines inserted after semicolons,preserved,low,Adds whitespace after semicolon-terminated statements; no token-level control or data dependency is introduced.,True,5,118,a2347f00ea9e
bigvul,bigvul-6b7339f4c31ad69c8e9c0b2859276e22cf72176d-385-after,bigvul-6b7339f4c31ad69c8e9c0b2859276e22cf72176d-385-after__blank_line_expansion,blank_line_expansion,0,blank lines inserted after semicolons,preserved,low,Adds whitespace after semicolon-terminated statements; no token-level control or data dependency is introduced.,True,25,629,348a75565375
bigvul,bigvul-2f663de43634c1197a7a2ed8afc12cb6dc565bd0-2627-after,bigvul-2f663de43634c1197a7a2ed8afc12cb6dc565bd0-2627-after__blank_line_expansion,blank_line_expansion,0,blank lines inserted after semicolons,preserved,low,Adds whitespace after semicolon-terminated statements; no token-level control or data dependency is introduced.,True,9,231,6ad850e02257
bigvul,bigvul-2721a0148649e07ed74468f097a28899741eb58f?w=1-1238-after,bigvul-2721a0148649e07ed74468f097a28899741eb58f?w=1-1238-after__blank_line_expansion,blank_line_expansion,0,blank lines inserted after semicolons,preserved,low,Adds whitespace after semicolon-terminated statements; no token-level control or data dependency is introduced.,True,32,508,a92a259a585d
bigvul,bigvul-c839b706092583f6b12ed3cc634bf5af34b7a2bb-2875-after,bigvul-c839b706092583f6b12ed3cc634bf5af34b7a2bb-2875-after__blank_line_expansion,blank_line_expansion,0,blank lines inserted after semicolons,preserved,low,Adds whitespace after semicolon-terminated statements; no token-level control or data dependency is introduced.,True,20,466,fe2339e47205
bigvul,bigvul-954d75b2b64e4799f360d2a6bf9cff6d9fee37e7-495-after,bigvul-954d75b2b64e4799f360d2a6bf9cff6d9fee37e7-495-after__blank_line_expansion,blank_line_expansion,0,blank lines inserted after semicolons,preserved,low,Adds whitespace after semicolon-terminated statements; no token-level control or data dependency is introduced.,True,21,497,1d64e4603993
bigvul,bigvul-54d83fc74aa9ec72794373cb47432c5f7fb1a309-131-after,bigvul-54d83fc74aa9ec72794373cb47432c5f7fb1a309-131-after__blank_line_expansion,blank_line_expansion,0,blank lines inserted after semicolons,preserved,low,Adds whitespace after semicolon-terminated statements; no token-level control or data dependency is introduced.,True,10,287,67a7c2015718
bigvul,bigvul-124eb202e70678539544f6268efc98131f19fa49-1832-after,bigvul-124eb202e70678539544f6268efc98131f19fa49-1832-after__blank_line_expansion,blank_line_expansion,0,blank lines inserted after semicolons,preserved,low,Adds whitespace after semicolon-terminated statements; no token-level control or data dependency is introduced.,True,47,1213,60df41cd10f1
bigvul,bigvul-a4acc2991a60408f2044b2a3b19817074c04b751-658-after,bigvul-a4acc2991a60408f2044b2a3b19817074c04b751-658-after__blank_line_expansion,blank_line_expansion,0,blank lines inserted after semicolons,preserved,low,Adds whitespace after semicolon-terminated statements; no token-level control or data dependency is introduced.,True,21,518,22d94719a8d7
bigvul,bigvul-e89086e09a38cc6713bcd4b9c29abf92cf393936-2116-after,bigvul-e89086e09a38cc6713bcd4b9c29abf92cf393936-2116-after__blank_line_expansion,blank_line_expansion,0,blank lines inserted after semicolons,preserved,low,Adds whitespace after semicolon-terminated statements; no token-level control or data dependency is introduced.,True,15,254,0cb61d27c102
bigvul,bigvul-54d83fc74aa9ec72794373cb47432c5f7fb1a309-131-before,bigvul-54d83fc74aa9ec72794373cb47432c5f7fb1a309-131-before__blank_line_expansion,blank_line_expansion,1,blank lines inserted after semicolons,preserved,low,Adds whitespace after semicolon-terminated statements; no token-level control or data dependency is introduced.,True,8,167,aefa0805fc5e
bigvul,bigvul-26f670a244982335cc08943fb1ec099a2c81e42d-498-after,bigvul-26f670a244982335cc08943fb1ec099a2c81e42d-498-after__blank_line_expansion,blank_line_expansion,0,blank lines inserted after semicolons,preserved,low,Adds whitespace after semicolon-terminated statements; no token-level control or data dependency is introduced.,True,11,278,eae8bd541a85
bigvul,bigvul-65c49d5b382de4085ee5668732bcb0f6ecaf7148-864-after,bigvul-65c49d5b382de4085ee5668732bcb0f6ecaf7148-864-after__blank_line_expansion,blank_line_expansion,0,blank lines inserted after semicolons,preserved,low,Adds whitespace after semicolon-terminated statements; no token-level control or data dependency is introduced.,True,46,817,d97d7044b706
bigvul,bigvul-f911e11e7f6b5c0d6f5ee694a9871de6619889f7-1233-after,bigvul-f911e11e7f6b5c0d6f5ee694a9871de6619889f7-1233-after__blank_line_expansion,blank_line_expansion,0,blank lines inserted after semicolons,preserved,low,Adds whitespace after semicolon-terminated statements; no token-level control or data dependency is introduced.,True,8,176,a235e77b3f8b
bigvul,bigvul-baff42ab1494528907bf4d5870359e31711746ae-701-after,bigvul-baff42ab1494528907bf4d5870359e31711746ae-701-after__blank_line_expansion,blank_line_expansion,0,blank lines inserted after semicolons,preserved,low,Adds whitespace after semicolon-terminated statements; no token-level control or data dependency is introduced.,True,11,182,7d77bb10b0c7
bigvul,bigvul-c3957448cfc6e299165196a33cd954b790875fdb-366-after,bigvul-c3957448cfc6e299165196a33cd954b790875fdb-366-after__blank_line_expansion,blank_line_expansion,0,blank lines inserted after semicolons,preserved,low,Adds whitespace after semicolon-terminated statements; no token-level control or data dependency is introduced.,True,5,137,7ee0d91416bf
bigvul,bigvul-c5d72beaab1cbbbe68271f4bc4b6670d69985157-2219-after,bigvul-c5d72beaab1cbbbe68271f4bc4b6670d69985157-2219-after__blank_line_expansion,blank_line_expansion,0,blank lines inserted after semicolons,preserved,low,Adds whitespace after semicolon-terminated statements; no token-level control or data dependency is introduced.,True,23,543,f13deb2e7095
bigvul,bigvul-4a1d704194a441bf83c636004a479e01360ec850-1381-after,bigvul-4a1d704194a441bf83c636004a479e01360ec850-1381-after__blank_line_expansion,blank_line_expansion,0,blank lines inserted after semicolons,preserved,low,Adds whitespace after semicolon-terminated statements; no token-level control or data dependency is introduced.,True,22,498,9623fc67bf42
bigvul,bigvul-0d7717faeaef5b72434632c95c78bee4883e2573-1376-after,bigvul-0d7717faeaef5b72434632c95c78bee4883e2573-1376-after__blank_line_expansion,blank_line_expansion,0,blank lines inserted after semicolons,preserved,low,Adds whitespace after semicolon-terminated statements; no token-level control or data dependency is introduced.,True,12,328,1f9cd616e025
bigvul,bigvul-5d26a105b5a73e5635eae0629b42fa0a90e07b7b-256-after,bigvul-5d26a105b5a73e5635eae0629b42fa0a90e07b7b-256-after__blank_line_expansion,blank_line_expansion,0,blank lines inserted after semicolons,preserved,low,Adds whitespace after semicolon-terminated statements; no token-level control or data dependency is introduced.,True,9,200,bf356a77b39e
bigvul,bigvul-5d78b84d39bd34bc9fce9d01c0dcd5a22a330d34-2252-after,bigvul-5d78b84d39bd34bc9fce9d01c0dcd5a22a330d34-2252-after__blank_line_expansion,blank_line_expansion,0,blank lines inserted after semicolons,preserved,low,Adds whitespace after semicolon-terminated statements; no token-level control or data dependency is introduced.,True,23,779,0a6a340410a3
bigvul,bigvul-eb4bcacd683a68534bbe2e4d8d6eeafafc7f57ba-2523-after,bigvul-eb4bcacd683a68534bbe2e4d8d6eeafafc7f57ba-2523-after__blank_line_expansion,blank_line_expansion,0,blank lines inserted after semicolons,preserved,low,Adds whitespace after semicolon-terminated statements; no token-level control or data dependency is introduced.,True,20,694,8cd14848150d
bigvul,bigvul-08f0d612f2a4039aaf6733d4e8d0a67614941378-422-after,bigvul-08f0d612f2a4039aaf6733d4e8d0a67614941378-422-after__blank_line_expansion,blank_line_expansion,0,blank lines inserted after semicolons,preserved,low,Adds whitespace after semicolon-terminated statements; no token-level control or data dependency is introduced.,True,13,482,8d160fb362fa
bigvul,bigvul-9d4853418ab2f754c2b63e091c29c5529b8b86ca-1435-after,bigvul-9d4853418ab2f754c2b63e091c29c5529b8b86ca-1435-after__blank_line_expansion,blank_line_expansion,0,blank lines inserted after semicolons,preserved,low,Adds whitespace after semicolon-terminated statements; no token-level control or data dependency is introduced.,True,14,182,442be4caab63
bigvul,bigvul-7ca3e5279d05fceb1e8a043c6f5b6f58dea3ed38-1953-after,bigvul-7ca3e5279d05fceb1e8a043c6f5b6f58dea3ed38-1953-after__blank_line_expansion,blank_line_expansion,0,blank lines inserted after semicolons,preserved,low,Adds whitespace after semicolon-terminated statements; no token-level control or data dependency is introduced.,True,77,1703,f2871294ec07
bigvul,bigvul-dd3b6fe574edad231c01c78e4647a74c38dc4178-1891-after,bigvul-dd3b6fe574edad231c01c78e4647a74c38dc4178-1891-after__blank_line_expansion,blank_line_expansion,0,blank lines inserted after semicolons,preserved,low,Adds whitespace after semicolon-terminated statements; no token-level control or data dependency is introduced.,True,24,636,dbaa2380927d
bigvul,bigvul-8f0b86c2fc77fca1508d81314f864011abe25f04-1460-after,bigvul-8f0b86c2fc77fca1508d81314f864011abe25f04-1460-after__blank_line_expansion,blank_line_expansion,0,blank lines inserted after semicolons,preserved,low,Adds whitespace after semicolon-terminated statements; no token-level control or data dependency is introduced.,True,25,695,a10feda1fbce
bigvul,bigvul-2ad6b02cbf13d8f9dce50340e966ba413cb66b1c-557-after,bigvul-2ad6b02cbf13d8f9dce50340e966ba413cb66b1c-557-after__brace_line_shift,brace_line_shift,0,first function opening brace shifted,preserved,low,Moves the first opening brace to a conventional layout without changing statement order.,True,2,30,a86b45cdf5f6
bigvul,bigvul-ae66a48d272b1fdc8bf475b107ae11d95edc91f9-2080-after,bigvul-ae66a48d272b1fdc8bf475b107ae11d95edc91f9-2080-after__brace_line_shift,brace_line_shift,0,first function opening brace shifted,preserved,low,Moves the first opening brace to a conventional layout without changing statement order.,True,8,228,2035a135e117
bigvul,bigvul-e248db02fbab2ee9162940bc19f087fd7d96cb9d-1187-after,bigvul-e248db02fbab2ee9162940bc19f087fd7d96cb9d-1187-after__brace_line_shift,brace_line_shift,0,first function opening brace shifted,preserved,low,Moves the first opening brace to a conventional layout without changing statement order.,True,115,3188,cea256e8b51e
bigvul,bigvul-5cfe3023574666663d970ce48cdbc8ed15ce61d9-2674-after,bigvul-5cfe3023574666663d970ce48cdbc8ed15ce61d9-2674-after__brace_line_shift,brace_line_shift,0,first function opening brace shifted,preserved,low,Moves the first opening brace to a conventional layout without changing statement order.,True,4,91,5cac5b3a9de1
bigvul,bigvul-ee7579229ff7e9e5ae28bf53aea069251499d7da-1013-after,bigvul-ee7579229ff7e9e5ae28bf53aea069251499d7da-1013-after__brace_line_shift,brace_line_shift,0,first function opening brace shifted,preserved,low,Moves the first opening brace to a conventional layout without changing statement order.,True,17,708,c8b352fbf102
bigvul,bigvul-df5b1e1f88e013bc96107cc52c4a4f33a8238444-142-after,bigvul-df5b1e1f88e013bc96107cc52c4a4f33a8238444-142-after__brace_line_shift,brace_line_shift,0,first function opening brace shifted,preserved,low,Moves the first opening brace to a conventional layout without changing statement order.,True,24,763,bf7542815f68
bigvul,bigvul-c442b3eda2f1fdd4d1d4864c34c43cbaf223acae-1033-after,bigvul-c442b3eda2f1fdd4d1d4864c34c43cbaf223acae-1033-after__brace_line_shift,brace_line_shift,0,first function opening brace shifted,preserved,low,Moves the first opening brace to a conventional layout without changing statement order.,True,15,419,c28cbaf32f5f
bigvul,bigvul-d0947db40187f4708c58e64cbd6013faf9eddeed-2221-after,bigvul-d0947db40187f4708c58e64cbd6013faf9eddeed-2221-after__brace_line_shift,brace_line_shift,0,first function opening brace shifted,preserved,low,Moves the first opening brace to a conventional layout without changing statement order.,True,265,7254,43ee372abc0b
bigvul,bigvul-a7a44ba55cb4f884c6bc9ceac90072dea38e66d0-284-after,bigvul-a7a44ba55cb4f884c6bc9ceac90072dea38e66d0-284-after__brace_line_shift,brace_line_shift,0,first function opening brace shifted,preserved,low,Moves the first opening brace to a conventional layout without changing statement order.,True,7,118,0a5e98961b48
bigvul,bigvul-c4a4dfb26615b5ef5e9dcc730ef43f70ce9202e2-620-after,bigvul-c4a4dfb26615b5ef5e9dcc730ef43f70ce9202e2-620-after__brace_line_shift,brace_line_shift,0,first function opening brace shifted,preserved,low,Moves the first opening brace to a conventional layout without changing statement order.,True,10,421,558c634bca3b
bigvul,bigvul-5bb223676defeba9c44a5ce42460c86e24561e73-1130-after,bigvul-5bb223676defeba9c44a5ce42460c86e24561e73-1130-after__brace_line_shift,brace_line_shift,0,first function opening brace shifted,preserved,low,Moves the first opening brace to a conventional layout without changing statement order.,True,23,976,600b89940ea2
bigvul,bigvul-fc80ab45621bd966f70594c0b7393ec005a94007-2360-after,bigvul-fc80ab45621bd966f70594c0b7393ec005a94007-2360-after__brace_line_shift,brace_line_shift,0,first function opening brace shifted,preserved,low,Moves the first opening brace to a conventional layout without changing statement order.,True,161,2940,206dfb13a82d
bigvul,bigvul-7f48b71cb22bb2fc9fcec2013e9eaff55381a43d-2244-after,bigvul-7f48b71cb22bb2fc9fcec2013e9eaff55381a43d-2244-after__brace_line_shift,brace_line_shift,0,first function opening brace shifted,preserved,low,Moves the first opening brace to a conventional layout without changing statement order.,True,8,221,ce123884fc7a
bigvul,bigvul-10c7ed8f076afd290fccf283d8bc416959722ca3-2677-after,bigvul-10c7ed8f076afd290fccf283d8bc416959722ca3-2677-after__brace_line_shift,brace_line_shift,0,first function opening brace shifted,preserved,low,Moves the first opening brace to a conventional layout without changing statement order.,True,6,150,5e4b425799de
bigvul,bigvul-db5523bcb7e0419955172709c241a188ab94e8e0-2325-after,bigvul-db5523bcb7e0419955172709c241a188ab94e8e0-2325-after__brace_line_shift,brace_line_shift,0,first function opening brace shifted,preserved,low,Moves the first opening brace to a conventional layout without changing statement order.,True,13,639,72dee921d861
bigvul,bigvul-a9cbaa7a40e2b2723cfc2f266c42f4980038a949-1336-after,bigvul-a9cbaa7a40e2b2723cfc2f266c42f4980038a949-1336-after__brace_line_shift,brace_line_shift,0,first function opening brace shifted,preserved,low,Moves the first opening brace to a conventional layout without changing statement order.,True,6,225,a23927838416
bigvul,bigvul-36b04932bb93cc3269279282686b439a17a89920-554-after,bigvul-36b04932bb93cc3269279282686b439a17a89920-554-after__brace_line_shift,brace_line_shift,0,first function opening brace shifted,preserved,low,Moves the first opening brace to a conventional layout without changing statement order.,True,6,64,4ec42d345c7f
bigvul,bigvul-d27468a832d5316884bd02f459cbf493697fd7e1-992-before,bigvul-d27468a832d5316884bd02f459cbf493697fd7e1-992-before__brace_line_shift,brace_line_shift,1,first function opening brace shifted,preserved,low,Moves the first opening brace to a conventional layout without changing statement order.,True,16,475,3e3680f9dded
bigvul,bigvul-643f0fcf3b8ab09a68f0ecd2aa37aafeda3e63ef-2844-after,bigvul-643f0fcf3b8ab09a68f0ecd2aa37aafeda3e63ef-2844-after__brace_line_shift,brace_line_shift,0,first function opening brace shifted,preserved,low,Moves the first opening brace to a conventional layout without changing statement order.,True,29,878,31075a335933
bigvul,bigvul-0b694217046d6b2bfa5814676e8615c18e6a45ff-1337-after,bigvul-0b694217046d6b2bfa5814676e8615c18e6a45ff-1337-after__brace_line_shift,brace_line_shift,0,first function opening brace shifted,preserved,low,Moves the first opening brace to a conventional layout without changing statement order.,True,9,251,daa6f5bfe528
bigvul,bigvul-454434f6100cb6a529652a25b5fc181caa7c7f32-2529-after,bigvul-454434f6100cb6a529652a25b5fc181caa7c7f32-2529-after__brace_line_shift,brace_line_shift,0,first function opening brace shifted,preserved,low,Moves the first opening brace to a conventional layout without changing statement order.,True,58,2128,a566248a8647
bigvul,bigvul-ef97ce340c462d5212336f09bf8075d1cb10faa4-106-after,bigvul-ef97ce340c462d5212336f09bf8075d1cb10faa4-106-after__brace_line_shift,brace_line_shift,0,first function opening brace shifted,preserved,low,Moves the first opening brace to a conventional layout without changing statement order.,True,13,436,a56a3b62430e
bigvul,bigvul-9ad7483d8e7c20e9f1a5a08d00150fb51899f14c-2606-after,bigvul-9ad7483d8e7c20e9f1a5a08d00150fb51899f14c-2606-after__brace_line_shift,brace_line_shift,0,first function opening brace shifted,preserved,low,Moves the first opening brace to a conventional layout without changing statement order.,True,9,337,4dd1a9ba68b8
bigvul,bigvul-ee70db46f81afa582c96b887b73bcd2a86feda00-2573-after,bigvul-ee70db46f81afa582c96b887b73bcd2a86feda00-2573-after__brace_line_shift,brace_line_shift,0,first function opening brace shifted,preserved,low,Moves the first opening brace to a conventional layout without changing statement order.,True,17,453,e287abe21f9a
bigvul,bigvul-1b53cf9815bb4744958d41f3795d5d5a1d365e2d-2557-after,bigvul-1b53cf9815bb4744958d41f3795d5d5a1d365e2d-2557-after__brace_line_shift,brace_line_shift,0,first function opening brace shifted,preserved,low,Moves the first opening brace to a conventional layout without changing statement order.,True,15,299,d3900595caca
bigvul,bigvul-e34e01b1b0987e418bc22e3ef1cf2e4ecaead264-2478-after,bigvul-e34e01b1b0987e418bc22e3ef1cf2e4ecaead264-2478-after__brace_line_shift,brace_line_shift,0,first function opening brace shifted,preserved,low,Moves the first opening brace to a conventional layout without changing statement order.,True,5,164,84e072cf382a
bigvul,bigvul-0bb5ced60304da7f61478ffd359e7ba65d72f181-2470-after,bigvul-0bb5ced60304da7f61478ffd359e7ba65d72f181-2470-after__brace_line_shift,brace_line_shift,0,first function opening brace shifted,preserved,low,Moves the first opening brace to a conventional layout without changing statement order.,True,18,476,0f5bd37da528
bigvul,bigvul-116d0963cadfbf55ef2ec3d13781987c4d80517a-1879-after,bigvul-116d0963cadfbf55ef2ec3d13781987c4d80517a-1879-after__brace_line_shift,brace_line_shift,0,first function opening brace shifted,preserved,low,Moves the first opening brace to a conventional layout without changing statement order.,True,41,1388,2bc40326c871
bigvul,bigvul-a18788b14db60ae3673f932249cd02d33a227c4e-2048-after,bigvul-a18788b14db60ae3673f932249cd02d33a227c4e-2048-after__brace_line_shift,brace_line_shift,0,first function opening brace shifted,preserved,low,Moves the first opening brace to a conventional layout without changing statement order.,True,233,5728,ac0058be39c3
bigvul,bigvul-8eb1367ca44e772963e704a700ef72ae2e12babd-248-after,bigvul-8eb1367ca44e772963e704a700ef72ae2e12babd-248-after__brace_line_shift,brace_line_shift,0,first function opening brace shifted,preserved,low,Moves the first opening brace to a conventional layout without changing statement order.,True,22,689,103603c44672
bigvul,bigvul-1cbd25ca15383394ffa9ee8601c5de4c0f2f90e1-1918-after,bigvul-1cbd25ca15383394ffa9ee8601c5de4c0f2f90e1-1918-after__brace_line_shift,brace_line_shift,0,first function opening brace shifted,preserved,low,Moves the first opening brace to a conventional layout without changing statement order.,True,21,697,dc91820bcdce
bigvul,bigvul-87a082c5137a63dedb3fe5b1f48f75dcd1fd780c-2162-after,bigvul-87a082c5137a63dedb3fe5b1f48f75dcd1fd780c-2162-after__brace_line_shift,brace_line_shift,0,first function opening brace shifted,preserved,low,Moves the first opening brace to a conventional layout without changing statement order.,True,20,370,2c104a13de41
bigvul,bigvul-16c719e0e275d2ee5d5c69e4962b744bcaf0fe40-2298-after,bigvul-16c719e0e275d2ee5d5c69e4962b744bcaf0fe40-2298-after__brace_line_shift,brace_line_shift,0,first function opening brace shifted,preserved,low,Moves the first opening brace to a conventional layout without changing statement order.,True,9,288,2abd2a2cce1d
bigvul,bigvul-1eefa26e1795192c5a347a1e1e7a99e88c47f9c4-386-after,bigvul-1eefa26e1795192c5a347a1e1e7a99e88c47f9c4-386-after__brace_line_shift,brace_line_shift,0,first function opening brace shifted,preserved,low,Moves the first opening brace to a conventional layout without changing statement order.,True,5,152,40a4877d155c
bigvul,bigvul-52b1526443c1f433087928291d1c3d37a5600515-2474-after,bigvul-52b1526443c1f433087928291d1c3d37a5600515-2474-after__brace_line_shift,brace_line_shift,0,first function opening brace shifted,preserved,low,Moves the first opening brace to a conventional layout without changing statement order.,True,15,272,a1092000d3fe
bigvul,bigvul-e853106b58d6b4b0467dbd6436c9bb1cfbd372cf-229-after,bigvul-e853106b58d6b4b0467dbd6436c9bb1cfbd372cf-229-after__brace_line_shift,brace_line_shift,0,first function opening brace shifted,preserved,low,Moves the first opening brace to a conventional layout without changing statement order.,True,4,104,c20c634c5c16
bigvul,bigvul-248a92c21c20c14b5983680c50e1d8b73fc79a2f-1963-after,bigvul-248a92c21c20c14b5983680c50e1d8b73fc79a2f-1963-after__brace_line_shift,brace_line_shift,0,first function opening brace shifted,preserved,low,Moves the first opening brace to a conventional layout without changing statement order.,True,2,79,a28820ac19b6
bigvul,bigvul-a4b20ed4917f1f6fc83b6375a48e2c3895d43a8a-774-after,bigvul-a4b20ed4917f1f6fc83b6375a48e2c3895d43a8a-774-after__brace_line_shift,brace_line_shift,0,first function opening brace shifted,preserved,low,Moves the first opening brace to a conventional layout without changing statement order.,True,7,314,716487a06a02
bigvul,bigvul-d0947db40187f4708c58e64cbd6013faf9eddeed-2221-before,bigvul-d0947db40187f4708c58e64cbd6013faf9eddeed-2221-before__brace_line_shift,brace_line_shift,1,first function opening brace shifted,preserved,low,Moves the first opening brace to a conventional layout without changing statement order.,True,265,7215,cf62e0eea95d
bigvul,bigvul-0edf0986f3be570f5bf90ff245a85c1675f5c9a4-2825-after,bigvul-0edf0986f3be570f5bf90ff245a85c1675f5c9a4-2825-after__brace_line_shift,brace_line_shift,0,first function opening brace shifted,preserved,low,Moves the first opening brace to a conventional layout without changing statement order.,True,76,2166,75c3df39c23c
bigvul,bigvul-03a53d1c7765eeb3af0bc34c3dff02ada1953fbf-1757-after,bigvul-03a53d1c7765eeb3af0bc34c3dff02ada1953fbf-1757-after__code_normalization_abstraction,code_normalization_abstraction,0,parenthesized simple return expressions,preserved,low,Parenthesizes simple return expressions; the expression value and control flow are unchanged.,True,3,99,5e29a6e80f24
bigvul,bigvul-69bfe2d957d903521d32324190c2754cb073be15-2648-after,bigvul-69bfe2d957d903521d32324190c2754cb073be15-2648-after__code_normalization_abstraction,code_normalization_abstraction,0,parenthesized simple return expressions,preserved,low,Parenthesizes simple return expressions; the expression value and control flow are unchanged.,True,11,304,1da8b37b0a10
bigvul,bigvul-ee7579229ff7e9e5ae28bf53aea069251499d7da-378-after,bigvul-ee7579229ff7e9e5ae28bf53aea069251499d7da-378-after__code_normalization_abstraction,code_normalization_abstraction,0,parenthesized simple return expressions,preserved,low,Parenthesizes simple return expressions; the expression value and control flow are unchanged.,True,3,85,883f66d7507e
bigvul,bigvul-7572777eef78ebdee1ecb7c258c0ef94d35bad16-344-after,bigvul-7572777eef78ebdee1ecb7c258c0ef94d35bad16-344-after__code_normalization_abstraction,code_normalization_abstraction,0,parenthesized simple return expressions,preserved,low,Parenthesizes simple return expressions; the expression value and control flow are unchanged.,True,31,700,7c1c20dd0306
bigvul,bigvul-0befd1f3745055c32940f5faf9559be6a14395e6-1567-after,bigvul-0befd1f3745055c32940f5faf9559be6a14395e6-1567-after__code_normalization_abstraction,code_normalization_abstraction,0,parenthesized simple return expressions,preserved,low,Parenthesizes simple return expressions; the expression value and control flow are unchanged.,True,21,492,c6eae5f692d0
bigvul,bigvul-215f894965df5fb0bb45b107d84524e700d2073c-1392-after,bigvul-215f894965df5fb0bb45b107d84524e700d2073c-1392-after__code_normalization_abstraction,code_normalization_abstraction,0,parenthesized simple return expressions,preserved,low,Parenthesizes simple return expressions; the expression value and control flow are unchanged.,True,4,90,2d95f7cd9786
bigvul,bigvul-d0c31f0342cefc46a3b3d80359a9779d044d4c0d-128-after,bigvul-d0c31f0342cefc46a3b3d80359a9779d044d4c0d-128-after__code_normalization_abstraction,code_normalization_abstraction,0,parenthesized simple return expressions,preserved,low,Parenthesizes simple return expressions; the expression value and control flow are unchanged.,True,5,125,ef6a31e24a75
bigvul,bigvul-dc777c346d5d452a53b13b917c45f6a1bad2f20b-2697-after,bigvul-dc777c346d5d452a53b13b917c45f6a1bad2f20b-2697-after__code_normalization_abstraction,code_normalization_abstraction,0,parenthesized simple return expressions,preserved,low,Parenthesizes simple return expressions; the expression value and control flow are unchanged.,True,27,634,e2eff37c209a
bigvul,bigvul-19190765882e272a6a2162c89acdb29110f7e3cf-2005-after,bigvul-19190765882e272a6a2162c89acdb29110f7e3cf-2005-after__code_normalization_abstraction,code_normalization_abstraction,0,parenthesized simple return expressions,preserved,low,Parenthesizes simple return expressions; the expression value and control flow are unchanged.,True,26,1062,9a258b91de5d
bigvul,bigvul-550fd08c2cebad61c548def135f67aba284c6162-2362-after,bigvul-550fd08c2cebad61c548def135f67aba284c6162-2362-after__code_normalization_abstraction,code_normalization_abstraction,0,parenthesized simple return expressions,preserved,low,Parenthesizes simple return expressions; the expression value and control flow are unchanged.,True,65,1412,0413c18ebe42
bigvul,bigvul-ca4ef4574f1ee5252e2cd365f8f5d5bafd048f32-995-after,bigvul-ca4ef4574f1ee5252e2cd365f8f5d5bafd048f32-995-after__code_normalization_abstraction,code_normalization_abstraction,0,parenthesized simple return expressions,preserved,low,Parenthesizes simple return expressions; the expression value and control flow are unchanged.,True,31,762,d22b46b2b0d1
bigvul,bigvul-0ddcff49b672239dda94d70d0fcf50317a9f4b51-468-after,bigvul-0ddcff49b672239dda94d70d0fcf50317a9f4b51-468-after__code_normalization_abstraction,code_normalization_abstraction,0,parenthesized simple return expressions,preserved,low,Parenthesizes simple return expressions; the expression value and control flow are unchanged.,True,63,1240,32cd349caa04
bigvul,bigvul-2e8e8c6387ecdf5923dfc4d7718d18eba1b0873d-963-after,bigvul-2e8e8c6387ecdf5923dfc4d7718d18eba1b0873d-963-after__code_normalization_abstraction,code_normalization_abstraction,0,parenthesized simple return expressions,preserved,low,Parenthesizes simple return expressions; the expression value and control flow are unchanged.,True,14,247,254826877944
bigvul,bigvul-dd42bf1197144ede075a9d4793123f7689e164bc-291-after,bigvul-dd42bf1197144ede075a9d4793123f7689e164bc-291-after__code_normalization_abstraction,code_normalization_abstraction,0,parenthesized simple return expressions,preserved,low,Parenthesizes simple return expressions; the expression value and control flow are unchanged.,True,10,200,399bd5a62ca1
bigvul,bigvul-fc80ab45621bd966f70594c0b7393ec005a94007-2360-after,bigvul-fc80ab45621bd966f70594c0b7393ec005a94007-2360-after__code_normalization_abstraction,code_normalization_abstraction,0,parenthesized simple return expressions,preserved,low,Parenthesizes simple return expressions; the expression value and control flow are unchanged.,True,161,2945,9de186ec8ec6
bigvul,bigvul-bfdc0b497faa82a0ba2f9dddcf109231dd519fcc-14-after,bigvul-bfdc0b497faa82a0ba2f9dddcf109231dd519fcc-14-after__code_normalization_abstraction,code_normalization_abstraction,0,parenthesized simple return expressions,preserved,low,Parenthesizes simple return expressions; the expression value and control flow are unchanged.,True,30,633,f9e54535d4d8
bigvul,bigvul-2119afbe74ee0c914c1d5c4c859c594c08b0ad42-2571-after,bigvul-2119afbe74ee0c914c1d5c4c859c594c08b0ad42-2571-after__code_normalization_abstraction,code_normalization_abstraction,0,parenthesized simple return expressions,preserved,low,Parenthesizes simple return expressions; the expression value and control flow are unchanged.,True,25,787,fe25c1a7b274
bigvul,bigvul-55caa8b08c84af2b50fbc936cf334a5a93dd7db5-2587-after,bigvul-55caa8b08c84af2b50fbc936cf334a5a93dd7db5-2587-after__code_normalization_abstraction,code_normalization_abstraction,0,parenthesized simple return expressions,preserved,low,Parenthesizes simple return expressions; the expression value and control flow are unchanged.,True,11,390,549144210cbf
bigvul,bigvul-3f190e3aec212fc8c61e202c51400afa7384d4bc-1509-after,bigvul-3f190e3aec212fc8c61e202c51400afa7384d4bc-1509-after__code_normalization_abstraction,code_normalization_abstraction,0,parenthesized simple return expressions,preserved,low,Parenthesizes simple return expressions; the expression value and control flow are unchanged.,True,4,84,265f085b059a
bigvul,bigvul-be0726d33cb8f411945884664924bed3cb8c70ee-2661-before,bigvul-be0726d33cb8f411945884664924bed3cb8c70ee-2661-before__code_normalization_abstraction,code_normalization_abstraction,1,parenthesized simple return expressions,preserved,low,Parenthesizes simple return expressions; the expression value and control flow are unchanged.,True,78,2136,ebbbb8ac70e2
bigvul,bigvul-38740a5b87d53ceb89eb2c970150f6e94e00373a-2056-after,bigvul-38740a5b87d53ceb89eb2c970150f6e94e00373a-2056-after__code_normalization_abstraction,code_normalization_abstraction,0,parenthesized simple return expressions,preserved,low,Parenthesizes simple return expressions; the expression value and control flow are unchanged.,True,38,844,c587fda9893e
bigvul,bigvul-6010c0303a422a9c5fa8860c061bf7105eb7f8b2-936-after,bigvul-6010c0303a422a9c5fa8860c061bf7105eb7f8b2-936-after__code_normalization_abstraction,code_normalization_abstraction,0,parenthesized simple return expressions,preserved,low,Parenthesizes simple return expressions; the expression value and control flow are unchanged.,True,44,1018,3cd2529187a5
bigvul,bigvul-c7e8e8a8f7a70b343ca1e0f90a31e35ab2d16de1-2704-after,bigvul-c7e8e8a8f7a70b343ca1e0f90a31e35ab2d16de1-2704-after__code_normalization_abstraction,code_normalization_abstraction,0,parenthesized simple return expressions,preserved,low,Parenthesizes simple return expressions; the expression value and control flow are unchanged.,True,69,1573,5abdb3258dd7
bigvul,bigvul-ec0223ec48a90cb605244b45f7c62de856403729-445-after,bigvul-ec0223ec48a90cb605244b45f7c62de856403729-445-after__code_normalization_abstraction,code_normalization_abstraction,0,parenthesized simple return expressions,preserved,low,Parenthesizes simple return expressions; the expression value and control flow are unchanged.,True,117,4202,0ec27e4932ac
bigvul,bigvul-ba3b1b344017bbf36283464b51014fad15c2f3f4-1307-after,bigvul-ba3b1b344017bbf36283464b51014fad15c2f3f4-1307-after__code_normalization_abstraction,code_normalization_abstraction,0,parenthesized simple return expressions,preserved,low,Parenthesizes simple return expressions; the expression value and control flow are unchanged.,True,18,796,d25902e59f8d
bigvul,bigvul-65c49d5b382de4085ee5668732bcb0f6ecaf7148-2422-after,bigvul-65c49d5b382de4085ee5668732bcb0f6ecaf7148-2422-after__code_normalization_abstraction,code_normalization_abstraction,0,parenthesized simple return expressions,preserved,low,Parenthesizes simple return expressions; the expression value and control flow are unchanged.,True,97,1872,273aa8450d9b
bigvul,bigvul-9c78a04df4e44ef6487eee99c4258397f4fdca55-1896-after,bigvul-9c78a04df4e44ef6487eee99c4258397f4fdca55-1896-after__code_normalization_abstraction,code_normalization_abstraction,0,parenthesized simple return expressions,preserved,low,Parenthesizes simple return expressions; the expression value and control flow are unchanged.,True,15,489,34417cb8975e
bigvul,bigvul-bceb03fd2be95097a7b409ea59914f332fb6bc86-1646-after,bigvul-bceb03fd2be95097a7b409ea59914f332fb6bc86-1646-after__code_normalization_abstraction,code_normalization_abstraction,0,parenthesized simple return expressions,preserved,low,Parenthesizes simple return expressions; the expression value and control flow are unchanged.,True,10,250,0f71e06a7d2d
bigvul,bigvul-7b2d314a61fd0e12f47c62996cb49ec0d1ba747a-795-after,bigvul-7b2d314a61fd0e12f47c62996cb49ec0d1ba747a-795-after__code_normalization_abstraction,code_normalization_abstraction,0,parenthesized simple return expressions,preserved,low,Parenthesizes simple return expressions; the expression value and control flow are unchanged.,True,511,13491,1ecf48b82d8a
bigvul,bigvul-1630f53481f445ada0a455e9979236d31a8d3bb0-1025-after,bigvul-1630f53481f445ada0a455e9979236d31a8d3bb0-1025-after__code_normalization_abstraction,code_normalization_abstraction,0,parenthesized simple return expressions,preserved,low,Parenthesizes simple return expressions; the expression value and control flow are unchanged.,True,21,491,e060999e0cd6
bigvul,bigvul-0e6fe3a4c96be2d3e88389a5776f878021b4c59f-1325-after,bigvul-0e6fe3a4c96be2d3e88389a5776f878021b4c59f-1325-after__code_normalization_abstraction,code_normalization_abstraction,0,parenthesized simple return expressions,preserved,low,Parenthesizes simple return expressions; the expression value and control flow are unchanged.,True,39,783,7ec367f11f1f
bigvul,bigvul-8ea5693d5cf304e56174bb6b65412f04209904db-792-after,bigvul-8ea5693d5cf304e56174bb6b65412f04209904db-792-after__code_normalization_abstraction,code_normalization_abstraction,0,parenthesized simple return expressions,preserved,low,Parenthesizes simple return expressions; the expression value and control flow are unchanged.,True,13,556,dfe15f83af65
bigvul,bigvul-42073d54c53a496be40ae84152bbfe2c923ac7bc-2589-after,bigvul-42073d54c53a496be40ae84152bbfe2c923ac7bc-2589-after__code_normalization_abstraction,code_normalization_abstraction,0,parenthesized simple return expressions,preserved,low,Parenthesizes simple return expressions; the expression value and control flow are unchanged.,True,36,1180,ceab2d159959
bigvul,bigvul-215f894965df5fb0bb45b107d84524e700d2073c-2721-after,bigvul-215f894965df5fb0bb45b107d84524e700d2073c-2721-after__code_normalization_abstraction,code_normalization_abstraction,0,parenthesized simple return expressions,preserved,low,Parenthesizes simple return expressions; the expression value and control flow are unchanged.,True,36,1579,65e1e979a760
bigvul,bigvul-e6bd18f57aad1a2d1ef40e646d03ed0f2515c9e3-598-after,bigvul-e6bd18f57aad1a2d1ef40e646d03ed0f2515c9e3-598-after__code_normalization_abstraction,code_normalization_abstraction,0,parenthesized simple return expressions,preserved,low,Parenthesizes simple return expressions; the expression value and control flow are unchanged.,True,15,386,8f7c0d8adedc
bigvul,bigvul-438274f938e046d33cb0e1230b41da32ffe223e1-1160-after,bigvul-438274f938e046d33cb0e1230b41da32ffe223e1-1160-after__code_normalization_abstraction,code_normalization_abstraction,0,parenthesized simple return expressions,preserved,low,Parenthesizes simple return expressions; the expression value and control flow are unchanged.,True,118,4372,69b584f825bf
bigvul,bigvul-4d06dd537f95683aba3651098ae288b7cbff8274-1369-after,bigvul-4d06dd537f95683aba3651098ae288b7cbff8274-1369-after__code_normalization_abstraction,code_normalization_abstraction,0,parenthesized simple return expressions,preserved,low,Parenthesizes simple return expressions; the expression value and control flow are unchanged.,True,32,861,dad009775cf1
bigvul,bigvul-9a5467bf7b6e9e02ec9c3da4e23747c05faeaac6-814-after,bigvul-9a5467bf7b6e9e02ec9c3da4e23747c05faeaac6-814-after__code_normalization_abstraction,code_normalization_abstraction,0,parenthesized simple return expressions,preserved,low,Parenthesizes simple return expressions; the expression value and control flow are unchanged.,True,37,945,7eb4538cc339
bigvul,bigvul-ee7579229ff7e9e5ae28bf53aea069251499d7da-127-after,bigvul-ee7579229ff7e9e5ae28bf53aea069251499d7da-127-after__code_normalization_abstraction,code_normalization_abstraction,0,parenthesized simple return expressions,preserved,low,Parenthesizes simple return expressions; the expression value and control flow are unchanged.,True,55,1748,36918f442b06
bigvul,bigvul-d128139d53e9268e87921e82d89b3f2053cb83fd-245-after,bigvul-d128139d53e9268e87921e82d89b3f2053cb83fd-245-after__code_normalization_abstraction,code_normalization_abstraction,0,parenthesized simple return expressions,preserved,low,Parenthesizes simple return expressions; the expression value and control flow are unchanged.,True,12,478,299294dd6854
bigvul,bigvul-665baf5ed5c6186d973c46cdea165c0548027350-1383-after,bigvul-665baf5ed5c6186d973c46cdea165c0548027350-1383-after__comment_banner,comment_banner,0,comment inserted,preserved,low,Inserts a C/C++ block comment after the opening brace; comments are not executable.,True,24,929,8498154a599a
bigvul,bigvul-a4acc2991a60408f2044b2a3b19817074c04b751-658-after,bigvul-a4acc2991a60408f2044b2a3b19817074c04b751-658-after__comment_banner,comment_banner,0,comment inserted,preserved,low,Inserts a C/C++ block comment after the opening brace; comments are not executable.,True,18,557,f8250420d638
bigvul,bigvul-9b04ffd8e7a07e9b2947fe5b71acf85dff38a63f-346-after,bigvul-9b04ffd8e7a07e9b2947fe5b71acf85dff38a63f-346-after__comment_banner,comment_banner,0,comment inserted,preserved,low,Inserts a C/C++ block comment after the opening brace; comments are not executable.,True,49,1195,bcda178e0b93
bigvul,bigvul-a9cbaa7a40e2b2723cfc2f266c42f4980038a949-1018-after,bigvul-a9cbaa7a40e2b2723cfc2f266c42f4980038a949-1018-after__comment_banner,comment_banner,0,comment inserted,preserved,low,Inserts a C/C++ block comment after the opening brace; comments are not executable.,True,6,184,08c9e1885b6c
bigvul,bigvul-9c52057c698fb96f8f07e7a4bcf4801a092bda89-322-after,bigvul-9c52057c698fb96f8f07e7a4bcf4801a092bda89-322-after__comment_banner,comment_banner,0,comment inserted,preserved,low,Inserts a C/C++ block comment after the opening brace; comments are not executable.,True,143,3521,94ba9873371b
bigvul,bigvul-18d67244984a574ba2dd8779faabc0e3e34f4b76-726-after,bigvul-18d67244984a574ba2dd8779faabc0e3e34f4b76-726-after__comment_banner,comment_banner,0,comment inserted,preserved,low,Inserts a C/C++ block comment after the opening brace; comments are not executable.,True,10,353,d5bf00693e96
bigvul,bigvul-550fd08c2cebad61c548def135f67aba284c6162-259-after,bigvul-550fd08c2cebad61c548def135f67aba284c6162-259-after__comment_banner,comment_banner,0,comment inserted,preserved,low,Inserts a C/C++ block comment after the opening brace; comments are not executable.,True,66,1451,756cac39de76
bigvul,bigvul-1630f53481f445ada0a455e9979236d31a8d3bb0-847-after,bigvul-1630f53481f445ada0a455e9979236d31a8d3bb0-847-after__comment_banner,comment_banner,0,comment inserted,preserved,low,Inserts a C/C++ block comment after the opening brace; comments are not executable.,True,9,305,c02164c5dcba
bigvul,bigvul-78d89fe556cb5dabbc47b4967cdf55e607e29580-2724-before,bigvul-78d89fe556cb5dabbc47b4967cdf55e607e29580-2724-before__comment_banner,comment_banner,1,comment inserted,preserved,low,Inserts a C/C++ block comment after the opening brace; comments are not executable.,True,19,725,1fb0948c9cff
bigvul,bigvul-445a5a42c500ceb80f8fa7f2c11f3682538033f3-2797-after,bigvul-445a5a42c500ceb80f8fa7f2c11f3682538033f3-2797-after__comment_banner,comment_banner,0,comment inserted,preserved,low,Inserts a C/C++ block comment after the opening brace; comments are not executable.,True,29,858,5bb7790d6473
bigvul,bigvul-d128139d53e9268e87921e82d89b3f2053cb83fd-245-after,bigvul-d128139d53e9268e87921e82d89b3f2053cb83fd-245-after__comment_banner,comment_banner,0,comment inserted,preserved,low,Inserts a C/C++ block comment after the opening brace; comments are not executable.,True,13,519,3725f9c964ec
bigvul,bigvul-1f4b49e64adf4623eefda503bca61e253597b9bf-2071-after,bigvul-1f4b49e64adf4623eefda503bca61e253597b9bf-2071-after__comment_banner,comment_banner,0,comment inserted,preserved,low,Inserts a C/C++ block comment after the opening brace; comments are not executable.,True,5,120,21e4941287dc
bigvul,bigvul-88c4913f11967abfd08a8b22b4423710322ac49b-2204-after,bigvul-88c4913f11967abfd08a8b22b4423710322ac49b-2204-after__comment_banner,comment_banner,0,comment inserted,preserved,low,Inserts a C/C++ block comment after the opening brace; comments are not executable.,True,5,169,0dab8994c9c3
bigvul,bigvul-4d45a96e57fbabf00a7378b337d0ddcace6f38c1-150-after,bigvul-4d45a96e57fbabf00a7378b337d0ddcace6f38c1-150-after__comment_banner,comment_banner,0,comment inserted,preserved,low,Inserts a C/C++ block comment after the opening brace; comments are not executable.,True,5,135,f37dc723634f
bigvul,bigvul-a9cbaa7a40e2b2723cfc2f266c42f4980038a949-1336-after,bigvul-a9cbaa7a40e2b2723cfc2f266c42f4980038a949-1336-after__comment_banner,comment_banner,0,comment inserted,preserved,low,Inserts a C/C++ block comment after the opening brace; comments are not executable.,True,6,268,ad8a50f63c3a
bigvul,bigvul-5d26a105b5a73e5635eae0629b42fa0a90e07b7b-600-after,bigvul-5d26a105b5a73e5635eae0629b42fa0a90e07b7b-600-after__comment_banner,comment_banner,0,comment inserted,preserved,low,Inserts a C/C++ block comment after the opening brace; comments are not executable.,True,35,1160,6c3338feec06
bigvul,bigvul-ed6f4545a2a345697e07908c887333f5bdcc97a3-941-after,bigvul-ed6f4545a2a345697e07908c887333f5bdcc97a3-941-after__comment_banner,comment_banner,0,comment inserted,preserved,low,Inserts a C/C++ block comment after the opening brace; comments are not executable.,True,23,775,00d8552e60e2
bigvul,bigvul-0ab2412a104d2f235d7b9fe19d30ef605a410832-1347-after,bigvul-0ab2412a104d2f235d7b9fe19d30ef605a410832-1347-after__comment_banner,comment_banner,0,comment inserted,preserved,low,Inserts a C/C++ block comment after the opening brace; comments are not executable.,True,29,835,7cd94125e7c5
bigvul,bigvul-a3e2afaedd8190398ae45ccef34fcdee00fb19aa-2267-after,bigvul-a3e2afaedd8190398ae45ccef34fcdee00fb19aa-2267-after__comment_banner,comment_banner,0,comment inserted,preserved,low,Inserts a C/C++ block comment after the opening brace; comments are not executable.,True,17,537,e29e6a6e27b6
bigvul,bigvul-3f1693d558d0758f829c8b53993f1749ddf6ffcb-1589-after,bigvul-3f1693d558d0758f829c8b53993f1749ddf6ffcb-1589-after__comment_banner,comment_banner,0,comment inserted,preserved,low,Inserts a C/C++ block comment after the opening brace; comments are not executable.,True,8,250,c9c6adebf7ad
bigvul,bigvul-9965adea952e84c925de418e971b204dfda7d6e0-414-after,bigvul-9965adea952e84c925de418e971b204dfda7d6e0-414-after__comment_banner,comment_banner,0,comment inserted,preserved,low,Inserts a C/C++ block comment after the opening brace; comments are not executable.,True,10,411,9428ccb8abee
bigvul,bigvul-d251157ac1928191af851d199a9ff255d330bec9-985-after,bigvul-d251157ac1928191af851d199a9ff255d330bec9-985-after__comment_banner,comment_banner,0,comment inserted,preserved,low,Inserts a C/C++ block comment after the opening brace; comments are not executable.,True,7,203,592cd387c55a
bigvul,bigvul-1cbd25ca15383394ffa9ee8601c5de4c0f2f90e1-1918-after,bigvul-1cbd25ca15383394ffa9ee8601c5de4c0f2f90e1-1918-after__comment_banner,comment_banner,0,comment inserted,preserved,low,Inserts a C/C++ block comment after the opening brace; comments are not executable.,True,21,740,176e1b57548d
bigvul,bigvul-f3d3342602f8bcbf37d7c46641cb9bca7618eb1c-75-after,bigvul-f3d3342602f8bcbf37d7c46641cb9bca7618eb1c-75-after__comment_banner,comment_banner,0,comment inserted,preserved,low,Inserts a C/C++ block comment after the opening brace; comments are not executable.,True,26,553,a29fdf349dd8
bigvul,bigvul-69bfe2d957d903521d32324190c2754cb073be15-2648-after,bigvul-69bfe2d957d903521d32324190c2754cb073be15-2648-after__comment_banner,comment_banner,0,comment inserted,preserved,low,Inserts a C/C++ block comment after the opening brace; comments are not executable.,True,12,345,7806169a3635
bigvul,bigvul-bfd0a56b90005f8c8a004baf407ad90045c2b11e-1870-after,bigvul-bfd0a56b90005f8c8a004baf407ad90045c2b11e-1870-after__comment_banner,comment_banner,0,comment inserted,preserved,low,Inserts a C/C++ block comment after the opening brace; comments are not executable.,True,7,190,ca201fcd5336
bigvul,bigvul-17a33dfd95b1a29e90db76414eb9622df9632320-993-after,bigvul-17a33dfd95b1a29e90db76414eb9622df9632320-993-after__comment_banner,comment_banner,0,comment inserted,preserved,low,Inserts a C/C++ block comment after the opening brace; comments are not executable.,True,26,574,06364d3fd311
bigvul,bigvul-baef1ffd73db183ca50c854e1779ed7f6e5100a8-649-after,bigvul-baef1ffd73db183ca50c854e1779ed7f6e5100a8-649-after__comment_banner,comment_banner,0,comment inserted,preserved,low,Inserts a C/C++ block comment after the opening brace; comments are not executable.,True,23,828,5f8812b6c02b
bigvul,bigvul-adca986a53b31b6da4cb22f8e755f6856daea89a-2137-after,bigvul-adca986a53b31b6da4cb22f8e755f6856daea89a-2137-after__comment_banner,comment_banner,0,comment inserted,preserved,low,Inserts a C/C++ block comment after the opening brace; comments are not executable.,True,5,205,96eef01b0150
bigvul,bigvul-4cc0286f2f3780abc6084bcdae5dce595daa3c12-2293-after,bigvul-4cc0286f2f3780abc6084bcdae5dce595daa3c12-2293-after__comment_banner,comment_banner,0,comment inserted,preserved,low,Inserts a C/C++ block comment after the opening brace; comments are not executable.,True,8,262,578a2fc7c6da
bigvul,bigvul-90dc7f853d31b0a4e9441cba97feccf36d8b69a4-2096-after,bigvul-90dc7f853d31b0a4e9441cba97feccf36d8b69a4-2096-after__comment_banner,comment_banner,0,comment inserted,preserved,low,Inserts a C/C++ block comment after the opening brace; comments are not executable.,True,7,200,5a3f6036ce89
bigvul,bigvul-3095060f479b86288e31c79ecbc5131a66bcd2f9-1889-after,bigvul-3095060f479b86288e31c79ecbc5131a66bcd2f9-1889-after__comment_banner,comment_banner,0,comment inserted,preserved,low,Inserts a C/C++ block comment after the opening brace; comments are not executable.,True,29,743,abfb72b9dd72
bigvul,bigvul-0fcc7cb3b66f23fac53ae08647aa0007a2bd56c4-2458-after,bigvul-0fcc7cb3b66f23fac53ae08647aa0007a2bd56c4-2458-after__comment_banner,comment_banner,0,comment inserted,preserved,low,Inserts a C/C++ block comment after the opening brace; comments are not executable.,True,7,249,a2a05e9798f5
bigvul,bigvul-5b65968b6c64fa02e74ca6b965bf5998b911e826-1175-after,bigvul-5b65968b6c64fa02e74ca6b965bf5998b911e826-1175-after__comment_banner,comment_banner,0,comment inserted,preserved,low,Inserts a C/C++ block comment after the opening brace; comments are not executable.,True,65,2367,ff8d723dac02
bigvul,bigvul-d27468a832d5316884bd02f459cbf493697fd7e1-2528-after,bigvul-d27468a832d5316884bd02f459cbf493697fd7e1-2528-after__comment_banner,comment_banner,0,comment inserted,preserved,low,Inserts a C/C++ block comment after the opening brace; comments are not executable.,True,24,799,6bed4830a90a
bigvul,bigvul-dc0b027dfadfcb8a5504f7d8052754bf8d501ab9-1608-after,bigvul-dc0b027dfadfcb8a5504f7d8052754bf8d501ab9-1608-after__comment_banner,comment_banner,0,comment inserted,preserved,low,Inserts a C/C++ block comment after the opening brace; comments are not executable.,True,18,422,285ea0d23de1
bigvul,bigvul-3095060f479b86288e31c79ecbc5131a66bcd2f9-1166-after,bigvul-3095060f479b86288e31c79ecbc5131a66bcd2f9-1166-after__comment_banner,comment_banner,0,comment inserted,preserved,low,Inserts a C/C++ block comment after the opening brace; comments are not executable.,True,35,823,ecc3cc56db38
bigvul,bigvul-412b65d15a7f8a93794653968308fc100f2aa87c-1743-after,bigvul-412b65d15a7f8a93794653968308fc100f2aa87c-1743-after__comment_banner,comment_banner,0,comment inserted,preserved,low,Inserts a C/C++ block comment after the opening brace; comments are not executable.,True,11,310,f94215b1ef77
bigvul,bigvul-a197e92349a4aa2141b5dff12e9dd44c2a2166e3-434-after,bigvul-a197e92349a4aa2141b5dff12e9dd44c2a2166e3-434-after__comment_banner,comment_banner,0,comment inserted,preserved,low,Inserts a C/C++ block comment after the opening brace; comments are not executable.,True,7,253,67def8b2f0ed
bigvul,bigvul-eee5cc2702929fd41cce28058dc6d6717f723f87-2765-after,bigvul-eee5cc2702929fd41cce28058dc6d6717f723f87-2765-after__comment_banner,comment_banner,0,comment inserted,preserved,low,Inserts a C/C++ block comment after the opening brace; comments are not executable.,True,5,116,5f45bfc41fec
bigvul,bigvul-f1a142d29ad1dfaecd3b609051b476440289ec72-1387-after,bigvul-f1a142d29ad1dfaecd3b609051b476440289ec72-1387-after__control_flow_rewrite,control_flow_rewrite,0,inverted simple returning if/else,preserved_with_precondition,medium,Inverts a restricted returning if/else pattern where both branches return; branch conditions and returned expressions are preserved.,True,10,362,2b8211c7aaa6
bigvul,bigvul-c2a13ced4272f2e65d2773e2ea6ca11c1ce4a911?w=1-1681-after,bigvul-c2a13ced4272f2e65d2773e2ea6ca11c1ce4a911?w=1-1681-after__control_flow_rewrite,control_flow_rewrite,0,inverted simple returning if/else,preserved_with_precondition,medium,Inverts a restricted returning if/else pattern where both branches return; branch conditions and returned expressions are preserved.,True,11,533,c703b0651e92
bigvul,bigvul-c13e1da62b5f5f0e6fe8c1f769a5a28415415244-2082-after,bigvul-c13e1da62b5f5f0e6fe8c1f769a5a28415415244-2082-after__control_flow_rewrite,control_flow_rewrite,0,inverted simple returning if/else,preserved_with_precondition,medium,Inverts a restricted returning if/else pattern where both branches return; branch conditions and returned expressions are preserved.,True,13,479,9806061da162
bigvul,bigvul-e5285319229a5d77bf316bb0d3a6cbd3cb8666d9-2333-after,bigvul-e5285319229a5d77bf316bb0d3a6cbd3cb8666d9-2333-after__control_flow_rewrite,control_flow_rewrite,0,inverted simple returning if/else,preserved_with_precondition,medium,Inverts a restricted returning if/else pattern where both branches return; branch conditions and returned expressions are preserved.,True,30,1036,00b47e8a6286
bigvul,bigvul-7e4ab8e1189846041f955e6c83f72bc1624e7a98-1695-after,bigvul-7e4ab8e1189846041f955e6c83f72bc1624e7a98-1695-after__dead_branch_after_opening_brace,dead_branch_after_opening_brace,0,unreachable branch inserted,preserved_with_precondition,low,Adds an unreachable if(0) branch immediately after the opening brace; the branch is syntactically isolated and never executes.,True,22,632,0ea2c03c7163
bigvul,bigvul-0fcc7cb3b66f23fac53ae08647aa0007a2bd56c4-1561-after,bigvul-0fcc7cb3b66f23fac53ae08647aa0007a2bd56c4-1561-after__dead_branch_after_opening_brace,dead_branch_after_opening_brace,0,unreachable branch inserted,preserved_with_precondition,low,Adds an unreachable if(0) branch immediately after the opening brace; the branch is syntactically isolated and never executes.,True,17,457,13de7a0ab7da
bigvul,bigvul-a18788b14db60ae3673f932249cd02d33a227c4e-2048-after,bigvul-a18788b14db60ae3673f932249cd02d33a227c4e-2048-after__dead_branch_after_opening_brace,dead_branch_after_opening_brace,0,unreachable branch inserted,preserved_with_precondition,low,Adds an unreachable if(0) branch immediately after the opening brace; the branch is syntactically isolated and never executes.,True,235,5792,1d3cd46b785b
bigvul,bigvul-4efbc454ba68def5ef285b26ebfcfdb605b52755-751-after,bigvul-4efbc454ba68def5ef285b26ebfcfdb605b52755-751-after__dead_branch_after_opening_brace,dead_branch_after_opening_brace,0,unreachable branch inserted,preserved_with_precondition,low,Adds an unreachable if(0) branch immediately after the opening brace; the branch is syntactically isolated and never executes.,True,71,1513,3e66b24f41e8
bigvul,bigvul-a8b0ca17b80e92faab46ee7179ba9e99ccb61233-2575-after,bigvul-a8b0ca17b80e92faab46ee7179ba9e99ccb61233-2575-after__dead_branch_after_opening_brace,dead_branch_after_opening_brace,0,unreachable branch inserted,preserved_with_precondition,low,Adds an unreachable if(0) branch immediately after the opening brace; the branch is syntactically isolated and never executes.,True,11,256,28dc381861db
bigvul,bigvul-76f36a8362a3e817cc3ec721d591f2f8878dc0c7-2393-after,bigvul-76f36a8362a3e817cc3ec721d591f2f8878dc0c7-2393-after__dead_branch_after_opening_brace,dead_branch_after_opening_brace,0,unreachable branch inserted,preserved_with_precondition,low,Adds an unreachable if(0) branch immediately after the opening brace; the branch is syntactically isolated and never executes.,True,6,216,c5ece78b429a
bigvul,bigvul-20e0fa98b751facf9a1101edaefbc19c82616a68-844-after,bigvul-20e0fa98b751facf9a1101edaefbc19c82616a68-844-after__dead_branch_after_opening_brace,dead_branch_after_opening_brace,0,unreachable branch inserted,preserved_with_precondition,low,Adds an unreachable if(0) branch immediately after the opening brace; the branch is syntactically isolated and never executes.,True,54,1551,feb585a92c10
bigvul,bigvul-5800dc5c19f34e6e03b5adab1282535cb102fafd-2708-after,bigvul-5800dc5c19f34e6e03b5adab1282535cb102fafd-2708-after__dead_branch_after_opening_brace,dead_branch_after_opening_brace,0,unreachable branch inserted,preserved_with_precondition,low,Adds an unreachable if(0) branch immediately after the opening brace; the branch is syntactically isolated and never executes.,True,7,182,150a090b6b75
bigvul,bigvul-f043bfc98c193c284e2cd768fefabe18ac2fed9b-2351-after,bigvul-f043bfc98c193c284e2cd768fefabe18ac2fed9b-2351-after__dead_branch_after_opening_brace,dead_branch_after_opening_brace,0,unreachable branch inserted,preserved_with_precondition,low,Adds an unreachable if(0) branch immediately after the opening brace; the branch is syntactically isolated and never executes.,True,17,480,01586cc6e13a
bigvul,bigvul-954d75b2b64e4799f360d2a6bf9cff6d9fee37e7-1933-after,bigvul-954d75b2b64e4799f360d2a6bf9cff6d9fee37e7-1933-after__dead_branch_after_opening_brace,dead_branch_after_opening_brace,0,unreachable branch inserted,preserved_with_precondition,low,Adds an unreachable if(0) branch immediately after the opening brace; the branch is syntactically isolated and never executes.,True,6,104,2e2d127562de
bigvul,bigvul-f2d26633cbd50735ac2af30436888b71ac0abad3-2183-after,bigvul-f2d26633cbd50735ac2af30436888b71ac0abad3-2183-after__dead_branch_after_opening_brace,dead_branch_after_opening_brace,0,unreachable branch inserted,preserved_with_precondition,low,Adds an unreachable if(0) branch immediately after the opening brace; the branch is syntactically isolated and never executes.,True,5,141,bb8b0b2cd20c
bigvul,bigvul-18e3b739fdc826481c6a1335ce0c5b19b3d415da-1029-after,bigvul-18e3b739fdc826481c6a1335ce0c5b19b3d415da-1029-after__dead_branch_after_opening_brace,dead_branch_after_opening_brace,0,unreachable branch inserted,preserved_with_precondition,low,Adds an unreachable if(0) branch immediately after the opening brace; the branch is syntactically isolated and never executes.,True,44,1351,4aaafb9ee161
bigvul,bigvul-d18c519758c2e6043f0e1f00e2b69a55b3d7997f-2885-after,bigvul-d18c519758c2e6043f0e1f00e2b69a55b3d7997f-2885-after__dead_branch_after_opening_brace,dead_branch_after_opening_brace,0,unreachable branch inserted,preserved_with_precondition,low,Adds an unreachable if(0) branch immediately after the opening brace; the branch is syntactically isolated and never executes.,True,15,640,c8fd8ceb1099
bigvul,bigvul-f6d8bd051c391c1c0458a30b2a7abcd939329259-1054-after,bigvul-f6d8bd051c391c1c0458a30b2a7abcd939329259-1054-after__dead_branch_after_opening_brace,dead_branch_after_opening_brace,0,unreachable branch inserted,preserved_with_precondition,low,Adds an unreachable if(0) branch immediately after the opening brace; the branch is syntactically isolated and never executes.,True,28,684,a305f6a6e3d8
bigvul,bigvul-f183580d61c054f7f6bb35cfe29e1b342390fbeb-2465-after,bigvul-f183580d61c054f7f6bb35cfe29e1b342390fbeb-2465-after__dead_branch_after_opening_brace,dead_branch_after_opening_brace,0,unreachable branch inserted,preserved_with_precondition,low,Adds an unreachable if(0) branch immediately after the opening brace; the branch is syntactically isolated and never executes.,True,10,225,48e9c4df4e5b
bigvul,bigvul-c40f7d74c741a907cfaeb73a7697081881c497d0-1842-after,bigvul-c40f7d74c741a907cfaeb73a7697081881c497d0-1842-after__dead_branch_after_opening_brace,dead_branch_after_opening_brace,0,unreachable branch inserted,preserved_with_precondition,low,Adds an unreachable if(0) branch immediately after the opening brace; the branch is syntactically isolated and never executes.,True,6,212,e57d49622530
bigvul,bigvul-7e4ab8e1189846041f955e6c83f72bc1624e7a98-222-after,bigvul-7e4ab8e1189846041f955e6c83f72bc1624e7a98-222-after__dead_branch_after_opening_brace,dead_branch_after_opening_brace,0,unreachable branch inserted,preserved_with_precondition,low,Adds an unreachable if(0) branch immediately after the opening brace; the branch is syntactically isolated and never executes.,True,14,440,0e898ad93a8a
bigvul,bigvul-1d147bfa64293b2723c4fec50922168658e613ba-398-after,bigvul-1d147bfa64293b2723c4fec50922168658e613ba-398-after__dead_branch_after_opening_brace,dead_branch_after_opening_brace,0,unreachable branch inserted,preserved_with_precondition,low,Adds an unreachable if(0) branch immediately after the opening brace; the branch is syntactically isolated and never executes.,True,19,340,3002d8fa0b20
bigvul,bigvul-88223c5245e9b470e1e6362bfd96829562ffe6ab-832-after,bigvul-88223c5245e9b470e1e6362bfd96829562ffe6ab-832-after__dead_branch_after_opening_brace,dead_branch_after_opening_brace,0,unreachable branch inserted,preserved_with_precondition,low,Adds an unreachable if(0) branch immediately after the opening brace; the branch is syntactically isolated and never executes.,True,8,298,c32e810e7726
bigvul,bigvul-75ca8ffd7bd7c58ace1144df05e1307d8d707662-176-after,bigvul-75ca8ffd7bd7c58ace1144df05e1307d8d707662-176-after__dead_branch_after_opening_brace,dead_branch_after_opening_brace,0,unreachable branch inserted,preserved_with_precondition,low,Adds an unreachable if(0) branch immediately after the opening brace; the branch is syntactically isolated and never executes.,True,28,912,9135b4441576
bigvul,bigvul-530d50a1abdcdf4d1775652d4c456c1274d83d8d-1154-after,bigvul-530d50a1abdcdf4d1775652d4c456c1274d83d8d-1154-after__dead_branch_after_opening_brace,dead_branch_after_opening_brace,0,unreachable branch inserted,preserved_with_precondition,low,Adds an unreachable if(0) branch immediately after the opening brace; the branch is syntactically isolated and never executes.,True,68,1278,b9dde2148e4a
bigvul,bigvul-bcf3b67d16a4c8ffae0aa79de5853435e683945c-2136-after,bigvul-bcf3b67d16a4c8ffae0aa79de5853435e683945c-2136-after__dead_branch_after_opening_brace,dead_branch_after_opening_brace,0,unreachable branch inserted,preserved_with_precondition,low,Adds an unreachable if(0) branch immediately after the opening brace; the branch is syntactically isolated and never executes.,True,6,194,2120066f3e8f
bigvul,bigvul-c70422f760c120480fee4de6c38804c72aa26bc1-1690-after,bigvul-c70422f760c120480fee4de6c38804c72aa26bc1-1690-after__dead_branch_after_opening_brace,dead_branch_after_opening_brace,0,unreachable branch inserted,preserved_with_precondition,low,Adds an unreachable if(0) branch immediately after the opening brace; the branch is syntactically isolated and never executes.,True,16,365,cf4666d70e4a
bigvul,bigvul-e66eded8309ebf679d3d3c1f5820d1f2ca332c71-1579-after,bigvul-e66eded8309ebf679d3d3c1f5820d1f2ca332c71-1579-after__dead_branch_after_opening_brace,dead_branch_after_opening_brace,0,unreachable branch inserted,preserved_with_precondition,low,Adds an unreachable if(0) branch immediately after the opening brace; the branch is syntactically isolated and never executes.,True,139,3512,7d73cb23fd08
bigvul,bigvul-3119b232c9c453c98d8fa8b6ae4e37ba18117cd4-2315-after,bigvul-3119b232c9c453c98d8fa8b6ae4e37ba18117cd4-2315-after__dead_branch_after_opening_brace,dead_branch_after_opening_brace,0,unreachable branch inserted,preserved_with_precondition,low,Adds an unreachable if(0) branch immediately after the opening brace; the branch is syntactically isolated and never executes.,True,11,253,98415c8b5660
bigvul,bigvul-eb4bcacd683a68534bbe2e4d8d6eeafafc7f57ba-2173-after,bigvul-eb4bcacd683a68534bbe2e4d8d6eeafafc7f57ba-2173-after__dead_branch_after_opening_brace,dead_branch_after_opening_brace,0,unreachable branch inserted,preserved_with_precondition,low,Adds an unreachable if(0) branch immediately after the opening brace; the branch is syntactically isolated and never executes.,True,20,624,a12826458ab4
bigvul,bigvul-899a5d9f0ed13b8e32449a08a361e0de127dd961-704-after,bigvul-899a5d9f0ed13b8e32449a08a361e0de127dd961-704-after__dead_branch_after_opening_brace,dead_branch_after_opening_brace,0,unreachable branch inserted,preserved_with_precondition,low,Adds an unreachable if(0) branch immediately after the opening brace; the branch is syntactically isolated and never executes.,True,36,1220,a936fadd4d27
bigvul,bigvul-8275cdd0e7ac550dcce2b3ef6d2fb3b808c1ae59-1911-after,bigvul-8275cdd0e7ac550dcce2b3ef6d2fb3b808c1ae59-1911-after__dead_branch_after_opening_brace,dead_branch_after_opening_brace,0,unreachable branch inserted,preserved_with_precondition,low,Adds an unreachable if(0) branch immediately after the opening brace; the branch is syntactically isolated and never executes.,True,17,401,1e5a630bfafe
bigvul,bigvul-948356eec65aea91995d4b7cc487d197d2c5f602-2541-after,bigvul-948356eec65aea91995d4b7cc487d197d2c5f602-2541-after__dead_branch_after_opening_brace,dead_branch_after_opening_brace,0,unreachable branch inserted,preserved_with_precondition,low,Adds an unreachable if(0) branch immediately after the opening brace; the branch is syntactically isolated and never executes.,True,129,4136,9a64ebea003e
bigvul,bigvul-4dca546d04321a610c1835010b5dad85163b65e1-609-after,bigvul-4dca546d04321a610c1835010b5dad85163b65e1-609-after__dead_branch_after_opening_brace,dead_branch_after_opening_brace,0,unreachable branch inserted,preserved_with_precondition,low,Adds an unreachable if(0) branch immediately after the opening brace; the branch is syntactically isolated and never executes.,True,25,711,39e58380f9fe
bigvul,bigvul-665baf5ed5c6186d973c46cdea165c0548027350-1383-after,bigvul-665baf5ed5c6186d973c46cdea165c0548027350-1383-after__dead_branch_after_opening_brace,dead_branch_after_opening_brace,0,unreachable branch inserted,preserved_with_precondition,low,Adds an unreachable if(0) branch immediately after the opening brace; the branch is syntactically isolated and never executes.,True,25,948,d36134dec7f8
bigvul,bigvul-9c52057c698fb96f8f07e7a4bcf4801a092bda89-1812-after,bigvul-9c52057c698fb96f8f07e7a4bcf4801a092bda89-1812-after__dead_branch_after_opening_brace,dead_branch_after_opening_brace,0,unreachable branch inserted,preserved_with_precondition,low,Adds an unreachable if(0) branch immediately after the opening brace; the branch is syntactically isolated and never executes.,True,394,9888,a3fe2084481c
bigvul,bigvul-eb4bcacd683a68534bbe2e4d8d6eeafafc7f57ba-866-after,bigvul-eb4bcacd683a68534bbe2e4d8d6eeafafc7f57ba-866-after__dead_branch_after_opening_brace,dead_branch_after_opening_brace,0,unreachable branch inserted,preserved_with_precondition,low,Adds an unreachable if(0) branch immediately after the opening brace; the branch is syntactically isolated and never executes.,True,6,281,1ddc5111c732
bigvul,bigvul-ea3d7209ca01da209cda6f0dea8be9cc4b7a933b-2711-after,bigvul-ea3d7209ca01da209cda6f0dea8be9cc4b7a933b-2711-after__dead_branch_after_opening_brace,dead_branch_after_opening_brace,0,unreachable branch inserted,preserved_with_precondition,low,Adds an unreachable if(0) branch immediately after the opening brace; the branch is syntactically isolated and never executes.,True,15,420,033835ebc0b6
bigvul,bigvul-5d26a105b5a73e5635eae0629b42fa0a90e07b7b-961-after,bigvul-5d26a105b5a73e5635eae0629b42fa0a90e07b7b-961-after__dead_branch_after_opening_brace,dead_branch_after_opening_brace,0,unreachable branch inserted,preserved_with_precondition,low,Adds an unreachable if(0) branch immediately after the opening brace; the branch is syntactically isolated and never executes.,True,14,448,f2fa2a83be72
bigvul,bigvul-fc790462b4f248712bbc8c3734664dd6b05f80f2-24-after,bigvul-fc790462b4f248712bbc8c3734664dd6b05f80f2-24-after__dead_branch_after_opening_brace,dead_branch_after_opening_brace,0,unreachable branch inserted,preserved_with_precondition,low,Adds an unreachable if(0) branch immediately after the opening brace; the branch is syntactically isolated and never executes.,True,9,454,e157e14b5b71
bigvul,bigvul-673ce95d481ea9368c4d4d43ac756ba1d6d9e608-1219-after,bigvul-673ce95d481ea9368c4d4d43ac756ba1d6d9e608-1219-after__dead_branch_after_opening_brace,dead_branch_after_opening_brace,0,unreachable branch inserted,preserved_with_precondition,low,Adds an unreachable if(0) branch immediately after the opening brace; the branch is syntactically isolated and never executes.,True,14,377,80046cf62074
bigvul,bigvul-ee0d8d8482345ff97a75a7d747efc309f13b0d80-2126-after,bigvul-ee0d8d8482345ff97a75a7d747efc309f13b0d80-2126-after__dead_branch_after_opening_brace,dead_branch_after_opening_brace,0,unreachable branch inserted,preserved_with_precondition,low,Adds an unreachable if(0) branch immediately after the opening brace; the branch is syntactically isolated and never executes.,True,23,427,8440e26b81a5
bigvul,bigvul-8eb1367ca44e772963e704a700ef72ae2e12babd-732-after,bigvul-8eb1367ca44e772963e704a700ef72ae2e12babd-732-after__dead_branch_after_opening_brace,dead_branch_after_opening_brace,0,unreachable branch inserted,preserved_with_precondition,low,Adds an unreachable if(0) branch immediately after the opening brace; the branch is syntactically isolated and never executes.,True,16,378,3cb1d004700c
bigvul,bigvul-56b512399a5c2221ba4812f5170f3f8dc352cd74-2066-after,bigvul-56b512399a5c2221ba4812f5170f3f8dc352cd74-2066-after__dead_branch_after_opening_brace,dead_branch_after_opening_brace,0,unreachable branch inserted,preserved_with_precondition,low,Adds an unreachable if(0) branch immediately after the opening brace; the branch is syntactically isolated and never executes.,True,35,1318,73f8926e66cd
bigvul,bigvul-ffb35baac6981f9e8914f8f3bffd37f284b85970-2376-after,bigvul-ffb35baac6981f9e8914f8f3bffd37f284b85970-2376-after__identifier_renaming,identifier_renaming,0,renamed simple identifier,preserved_with_precondition,medium,Applies deterministic local identifier renaming under the transformation preconditions; external symbols and keywords are left unchanged.,True,121,4397,8929a1623c46
bigvul,bigvul-6b5d3fb26fb4be48e4966e4b1d97c2165538d4ef-827-after,bigvul-6b5d3fb26fb4be48e4966e4b1d97c2165538d4ef-827-after__identifier_renaming,identifier_renaming,0,renamed simple identifier,preserved_with_precondition,medium,Applies deterministic local identifier renaming under the transformation preconditions; external symbols and keywords are left unchanged.,True,85,4033,978a7d11920e
bigvul,bigvul-b4d16b4495b732888e12baf5b8a7e9bf2665e22b-173-after,bigvul-b4d16b4495b732888e12baf5b8a7e9bf2665e22b-173-after__identifier_renaming,identifier_renaming,0,renamed simple identifier,preserved_with_precondition,medium,Applies deterministic local identifier renaming under the transformation preconditions; external symbols and keywords are left unchanged.,True,16,440,37e2a32a9834
bigvul,bigvul-a676f235309a59d4aa78eeffd2574ae5d341fcb0-1558-after,bigvul-a676f235309a59d4aa78eeffd2574ae5d341fcb0-1558-after__identifier_renaming,identifier_renaming,0,renamed simple identifier,preserved_with_precondition,medium,Applies deterministic local identifier renaming under the transformation preconditions; external symbols and keywords are left unchanged.,True,34,1179,66e54c87aae4
bigvul,bigvul-75ca8ffd7bd7c58ace1144df05e1307d8d707662-176-after,bigvul-75ca8ffd7bd7c58ace1144df05e1307d8d707662-176-after__identifier_renaming,identifier_renaming,0,renamed simple identifier,preserved_with_precondition,medium,Applies deterministic local identifier renaming under the transformation preconditions; external symbols and keywords are left unchanged.,True,26,830,8838b1138d3a
bigvul,bigvul-5b82f4f90c3d531313714df4b936f92fb0ff15cf-630-after,bigvul-5b82f4f90c3d531313714df4b936f92fb0ff15cf-630-after__identifier_renaming,identifier_renaming,0,renamed simple identifier,preserved_with_precondition,medium,Applies deterministic local identifier renaming under the transformation preconditions; external symbols and keywords are left unchanged.,True,14,453,d3b4249f97a8
bigvul,bigvul-5d26a105b5a73e5635eae0629b42fa0a90e07b7b-997-after,bigvul-5d26a105b5a73e5635eae0629b42fa0a90e07b7b-997-after__identifier_renaming,identifier_renaming,0,renamed simple identifier,preserved_with_precondition,medium,Applies deterministic local identifier renaming under the transformation preconditions; external symbols and keywords are left unchanged.,True,21,484,2bd267685c20
bigvul,bigvul-1c449a34fe0b50aaffb881bfb9d7c5ab0bb18cdd-1125-after,bigvul-1c449a34fe0b50aaffb881bfb9d7c5ab0bb18cdd-1125-after__identifier_renaming,identifier_renaming,0,renamed simple identifier,preserved_with_precondition,medium,Applies deterministic local identifier renaming under the transformation preconditions; external symbols and keywords are left unchanged.,True,35,1030,52f685ed204c
bigvul,bigvul-7a9cdebdcc17e426fb5287e4a82db1dfe86339b2-1024-after,bigvul-7a9cdebdcc17e426fb5287e4a82db1dfe86339b2-1024-after__identifier_renaming,identifier_renaming,0,renamed simple identifier,preserved_with_precondition,medium,Applies deterministic local identifier renaming under the transformation preconditions; external symbols and keywords are left unchanged.,True,5,181,330ff946e80b
bigvul,bigvul-a430c9166312e1aa3d80bce32374233bdbfeba32-1970-after,bigvul-a430c9166312e1aa3d80bce32374233bdbfeba32-1970-after__identifier_renaming,identifier_renaming,0,renamed simple identifier,preserved_with_precondition,medium,Applies deterministic local identifier renaming under the transformation preconditions; external symbols and keywords are left unchanged.,True,22,956,f9827ae29d12
bigvul,bigvul-16c719e0e275d2ee5d5c69e4962b744bcaf0fe40-2298-after,bigvul-16c719e0e275d2ee5d5c69e4962b744bcaf0fe40-2298-after__identifier_renaming,identifier_renaming,0,renamed simple identifier,preserved_with_precondition,medium,Applies deterministic local identifier renaming under the transformation preconditions; external symbols and keywords are left unchanged.,True,8,288,4886aac59694
bigvul,bigvul-8835ba4a39cf53f705417b3b3a94eb067673f2c9-1824-after,bigvul-8835ba4a39cf53f705417b3b3a94eb067673f2c9-1824-after__identifier_renaming,identifier_renaming,0,renamed simple identifier,preserved_with_precondition,medium,Applies deterministic local identifier renaming under the transformation preconditions; external symbols and keywords are left unchanged.,True,9,320,70bee04f5dea
bigvul,bigvul-4dcc6affe04368461310a21238f7e1871a752a05-2003-after,bigvul-4dcc6affe04368461310a21238f7e1871a752a05-2003-after__identifier_renaming,identifier_renaming,0,renamed simple identifier,preserved_with_precondition,medium,Applies deterministic local identifier renaming under the transformation preconditions; external symbols and keywords are left unchanged.,True,9,367,0689f272f9c8
bigvul,bigvul-1fc9c95ec144499e69dc8ec76dbe07799d7d82cd-2051-after,bigvul-1fc9c95ec144499e69dc8ec76dbe07799d7d82cd-2051-after__identifier_renaming,identifier_renaming,0,renamed simple identifier,preserved_with_precondition,medium,Applies deterministic local identifier renaming under the transformation preconditions; external symbols and keywords are left unchanged.,True,133,4787,40a2e38403d7
bigvul,bigvul-bb4a21e98656fe2c7d98ba2163e6defe9a630e2b-2788-after,bigvul-bb4a21e98656fe2c7d98ba2163e6defe9a630e2b-2788-after__identifier_renaming,identifier_renaming,0,renamed simple identifier,preserved_with_precondition,medium,Applies deterministic local identifier renaming under the transformation preconditions; external symbols and keywords are left unchanged.,True,27,552,7870812ca144
bigvul,bigvul-854e8bb1aa06c578c2c9145fa6bfe3680ef63b23-1283-after,bigvul-854e8bb1aa06c578c2c9145fa6bfe3680ef63b23-1283-after__identifier_renaming,identifier_renaming,0,renamed simple identifier,preserved_with_precondition,medium,Applies deterministic local identifier renaming under the transformation preconditions; external symbols and keywords are left unchanged.,True,8,209,c199acdba3c0
bigvul,bigvul-96dbafe288dbe2f0cc45fa3c39daf6d0c37acbab-797-after,bigvul-96dbafe288dbe2f0cc45fa3c39daf6d0c37acbab-797-after__identifier_renaming,identifier_renaming,0,renamed simple identifier,preserved_with_precondition,medium,Applies deterministic local identifier renaming under the transformation preconditions; external symbols and keywords are left unchanged.,True,156,4098,e53837581953
bigvul,bigvul-8275cdd0e7ac550dcce2b3ef6d2fb3b808c1ae59-1911-after,bigvul-8275cdd0e7ac550dcce2b3ef6d2fb3b808c1ae59-1911-after__identifier_renaming,identifier_renaming,0,renamed simple identifier,preserved_with_precondition,medium,Applies deterministic local identifier renaming under the transformation preconditions; external symbols and keywords are left unchanged.,True,15,363,4c95d2284b09
bigvul,bigvul-01ca667133d019edc9f0a1f70a272447c84ec41f-2192-after,bigvul-01ca667133d019edc9f0a1f70a272447c84ec41f-2192-after__identifier_renaming,identifier_renaming,0,renamed simple identifier,preserved_with_precondition,medium,Applies deterministic local identifier renaming under the transformation preconditions; external symbols and keywords are left unchanged.,True,60,1930,efdf683fc2ac
bigvul,bigvul-beb39db59d14990e401e235faf66a6b9b31240b0-371-after,bigvul-beb39db59d14990e401e235faf66a6b9b31240b0-371-after__identifier_renaming,identifier_renaming,0,renamed simple identifier,preserved_with_precondition,medium,Applies deterministic local identifier renaming under the transformation preconditions; external symbols and keywords are left unchanged.,True,79,2232,ab35280964b7
bigvul,bigvul-f3d3342602f8bcbf37d7c46641cb9bca7618eb1c-781-after,bigvul-f3d3342602f8bcbf37d7c46641cb9bca7618eb1c-781-after__identifier_renaming,identifier_renaming,0,renamed simple identifier,preserved_with_precondition,medium,Applies deterministic local identifier renaming under the transformation preconditions; external symbols and keywords are left unchanged.,True,47,901,aff58d2a0609
bigvul,bigvul-864e2e22fcd0cba3f5e67680ccabd0302dfda45d-2114-after,bigvul-864e2e22fcd0cba3f5e67680ccabd0302dfda45d-2114-after__identifier_renaming,identifier_renaming,0,renamed simple identifier,preserved_with_precondition,medium,Applies deterministic local identifier renaming under the transformation preconditions; external symbols and keywords are left unchanged.,True,18,609,67b1ff1d9254
bigvul,bigvul-81f9c4e4177d31ced6f52a89bb70e93bfb77ca03-264-after,bigvul-81f9c4e4177d31ced6f52a89bb70e93bfb77ca03-264-after__identifier_renaming,identifier_renaming,0,renamed simple identifier,preserved_with_precondition,medium,Applies deterministic local identifier renaming under the transformation preconditions; external symbols and keywords are left unchanged.,True,7,184,f85b8ed0d357
bigvul,bigvul-7ed47b7d142ec99ad6880bbbec51e9f12b3af74c-2002-before,bigvul-7ed47b7d142ec99ad6880bbbec51e9f12b3af74c-2002-before__identifier_renaming,identifier_renaming,1,renamed simple identifier,preserved_with_precondition,medium,Applies deterministic local identifier renaming under the transformation preconditions; external symbols and keywords are left unchanged.,True,36,814,74e34adaff28
bigvul,bigvul-8909c9ad8ff03611c9c96c9a92656213e4bb495b-16-after,bigvul-8909c9ad8ff03611c9c96c9a92656213e4bb495b-16-after__identifier_renaming,identifier_renaming,0,renamed simple identifier,preserved_with_precondition,medium,Applies deterministic local identifier renaming under the transformation preconditions; external symbols and keywords are left unchanged.,True,5,154,9d64894fcf83
bigvul,bigvul-2117d5398c81554fbf803f5fd1dc55eb78216c0c-2202-after,bigvul-2117d5398c81554fbf803f5fd1dc55eb78216c0c-2202-after__identifier_renaming,identifier_renaming,0,renamed simple identifier,preserved_with_precondition,medium,Applies deterministic local identifier renaming under the transformation preconditions; external symbols and keywords are left unchanged.,True,64,1591,6f1b957ab4b5
bigvul,bigvul-fc80ab45621bd966f70594c0b7393ec005a94007-766-after,bigvul-fc80ab45621bd966f70594c0b7393ec005a94007-766-after__identifier_renaming,identifier_renaming,0,renamed simple identifier,preserved_with_precondition,medium,Applies deterministic local identifier renaming under the transformation preconditions; external symbols and keywords are left unchanged.,True,227,8854,2eee4af05bd2
bigvul,bigvul-c265cad1c95b84abfd4e8d861f25926ef13b5d91-1878-after,bigvul-c265cad1c95b84abfd4e8d861f25926ef13b5d91-1878-after__identifier_renaming,identifier_renaming,0,renamed simple identifier,preserved_with_precondition,medium,Applies deterministic local identifier renaming under the transformation preconditions; external symbols and keywords are left unchanged.,True,33,976,9e1509fd27c3
bigvul,bigvul-643f0fcf3b8ab09a68f0ecd2aa37aafeda3e63ef-1758-after,bigvul-643f0fcf3b8ab09a68f0ecd2aa37aafeda3e63ef-1758-after__identifier_renaming,identifier_renaming,0,renamed simple identifier,preserved_with_precondition,medium,Applies deterministic local identifier renaming under the transformation preconditions; external symbols and keywords are left unchanged.,True,14,384,bd03a0b9b4d6
bigvul,bigvul-5d78b84d39bd34bc9fce9d01c0dcd5a22a330d34-2252-after,bigvul-5d78b84d39bd34bc9fce9d01c0dcd5a22a330d34-2252-after__identifier_renaming,identifier_renaming,0,renamed simple identifier,preserved_with_precondition,medium,Applies deterministic local identifier renaming under the transformation preconditions; external symbols and keywords are left unchanged.,True,18,764,956ed90c9a88
bigvul,bigvul-744692dc059845b2a3022119871846e74d4f6e11-2400-after,bigvul-744692dc059845b2a3022119871846e74d4f6e11-2400-after__identifier_renaming,identifier_renaming,0,renamed simple identifier,preserved_with_precondition,medium,Applies deterministic local identifier renaming under the transformation preconditions; external symbols and keywords are left unchanged.,True,26,858,4746020f7919
bigvul,bigvul-c9b63f7f9be01692b03fa15275135a4910a7e02d-221-after,bigvul-c9b63f7f9be01692b03fa15275135a4910a7e02d-221-after__identifier_renaming,identifier_renaming,0,renamed simple identifier,preserved_with_precondition,medium,Applies deterministic local identifier renaming under the transformation preconditions; external symbols and keywords are left unchanged.,True,195,4851,7edb294d5949
bigvul,bigvul-4435b9142ff9813845d5c97ab29a5d637bedb257-1639-after,bigvul-4435b9142ff9813845d5c97ab29a5d637bedb257-1639-after__identifier_renaming,identifier_renaming,0,renamed simple identifier,preserved_with_precondition,medium,Applies deterministic local identifier renaming under the transformation preconditions; external symbols and keywords are left unchanged.,True,156,3659,248b69538d16
bigvul,bigvul-dee1f973ca341c266229faa5a1a5bb268bed3531-582-after,bigvul-dee1f973ca341c266229faa5a1a5bb268bed3531-582-after__identifier_renaming,identifier_renaming,0,renamed simple identifier,preserved_with_precondition,medium,Applies deterministic local identifier renaming under the transformation preconditions; external symbols and keywords are left unchanged.,True,28,652,840b5f8fc746
bigvul,bigvul-1a828911013ff501b87aacc5b555e470b31f2909-1751-after,bigvul-1a828911013ff501b87aacc5b555e470b31f2909-1751-after__identifier_renaming,identifier_renaming,0,renamed simple identifier,preserved_with_precondition,medium,Applies deterministic local identifier renaming under the transformation preconditions; external symbols and keywords are left unchanged.,True,16,662,89cb21b2681f
bigvul,bigvul-42073d54c53a496be40ae84152bbfe2c923ac7bc-2217-before,bigvul-42073d54c53a496be40ae84152bbfe2c923ac7bc-2217-before__identifier_renaming,identifier_renaming,1,renamed simple identifier,preserved_with_precondition,medium,Applies deterministic local identifier renaming under the transformation preconditions; external symbols and keywords are left unchanged.,True,321,10187,9b325e303cf1
bigvul,bigvul-a9cbaa7a40e2b2723cfc2f266c42f4980038a949-1732-after,bigvul-a9cbaa7a40e2b2723cfc2f266c42f4980038a949-1732-after__identifier_renaming,identifier_renaming,0,renamed simple identifier,preserved_with_precondition,medium,Applies deterministic local identifier renaming under the transformation preconditions; external symbols and keywords are left unchanged.,True,22,715,34b0b9efb836
bigvul,bigvul-5d26a105b5a73e5635eae0629b42fa0a90e07b7b-2725-after,bigvul-5d26a105b5a73e5635eae0629b42fa0a90e07b7b-2725-after__identifier_renaming,identifier_renaming,0,renamed simple identifier,preserved_with_precondition,medium,Applies deterministic local identifier renaming under the transformation preconditions; external symbols and keywords are left unchanged.,True,12,339,5f2acda342a0
bigvul,bigvul-9d02cda7a634fbd6e53d98091f618057f0174387-454-after,bigvul-9d02cda7a634fbd6e53d98091f618057f0174387-454-after__identifier_renaming,identifier_renaming,0,renamed simple identifier,preserved_with_precondition,medium,Applies deterministic local identifier renaming under the transformation preconditions; external symbols and keywords are left unchanged.,True,7,209,d15757117441
bigvul,bigvul-4af6da3b275b764b1afe194df6499b33d2bf4cde-2210-after,bigvul-4af6da3b275b764b1afe194df6499b33d2bf4cde-2210-after__identifier_renaming,identifier_renaming,0,renamed simple identifier,preserved_with_precondition,medium,Applies deterministic local identifier renaming under the transformation preconditions; external symbols and keywords are left unchanged.,True,7,180,13f03ce2f635
bigvul,bigvul-18de8f9f0762c3a542b1122589edb8af859d9813-1222-after,bigvul-18de8f9f0762c3a542b1122589edb8af859d9813-1222-after__safe_dead_code_carrier,safe_dead_code_carrier,0,compile-time unreachable carrier inserted,preserved_with_precondition,low,"Adds a compile-time dead-code carrier guarded by a constant-false condition, with no reachable side effects.",True,35,1361,cdee6c5cb604
bigvul,bigvul-fa7438a0ff4033e4741c807394a9af6207940d71-1588-after,bigvul-fa7438a0ff4033e4741c807394a9af6207940d71-1588-after__safe_dead_code_carrier,safe_dead_code_carrier,0,compile-time unreachable carrier inserted,preserved_with_precondition,low,"Adds a compile-time dead-code carrier guarded by a constant-false condition, with no reachable side effects.",True,30,776,4805ffc514ad
bigvul,bigvul-55caa8b08c84af2b50fbc936cf334a5a93dd7db5-2058-after,bigvul-55caa8b08c84af2b50fbc936cf334a5a93dd7db5-2058-after__safe_dead_code_carrier,safe_dead_code_carrier,0,compile-time unreachable carrier inserted,preserved_with_precondition,low,"Adds a compile-time dead-code carrier guarded by a constant-false condition, with no reachable side effects.",True,8,210,92a4d4980baf
bigvul,bigvul-90fb08ed0146c9beacfd4dde98a20fc45419fff3-421-after,bigvul-90fb08ed0146c9beacfd4dde98a20fc45419fff3-421-after__safe_dead_code_carrier,safe_dead_code_carrier,0,compile-time unreachable carrier inserted,preserved_with_precondition,low,"Adds a compile-time dead-code carrier guarded by a constant-false condition, with no reachable side effects.",True,19,683,2800d0eb5ca0
bigvul,bigvul-c94f9e854228e0ea00e1de8769d8d3f7cab84a55-123-after,bigvul-c94f9e854228e0ea00e1de8769d8d3f7cab84a55-123-after__safe_dead_code_carrier,safe_dead_code_carrier,0,compile-time unreachable carrier inserted,preserved_with_precondition,low,"Adds a compile-time dead-code carrier guarded by a constant-false condition, with no reachable side effects.",True,10,316,5e64f0ff5a58
bigvul,bigvul-ee7579229ff7e9e5ae28bf53aea069251499d7da-127-after,bigvul-ee7579229ff7e9e5ae28bf53aea069251499d7da-127-after__safe_dead_code_carrier,safe_dead_code_carrier,0,compile-time unreachable carrier inserted,preserved_with_precondition,low,"Adds a compile-time dead-code carrier guarded by a constant-false condition, with no reachable side effects.",True,57,1828,2d8d433cea10
bigvul,bigvul-4a1d704194a441bf83c636004a479e01360ec850-2032-after,bigvul-4a1d704194a441bf83c636004a479e01360ec850-2032-after__safe_dead_code_carrier,safe_dead_code_carrier,0,compile-time unreachable carrier inserted,preserved_with_precondition,low,"Adds a compile-time dead-code carrier guarded by a constant-false condition, with no reachable side effects.",True,43,931,f926ffca1e3c
bigvul,bigvul-4442dc8a92b8f9ad8ee9e7f8438f4c04c03a22dc-1375-after,bigvul-4442dc8a92b8f9ad8ee9e7f8438f4c04c03a22dc-1375-after__safe_dead_code_carrier,safe_dead_code_carrier,0,compile-time unreachable carrier inserted,preserved_with_precondition,low,"Adds a compile-time dead-code carrier guarded by a constant-false condition, with no reachable side effects.",True,12,344,7ae81e646fed
bigvul,bigvul-0ad646c81b2182f7fa67ec0c8c825e0ee165696d-958-after,bigvul-0ad646c81b2182f7fa67ec0c8c825e0ee165696d-958-after__safe_dead_code_carrier,safe_dead_code_carrier,0,compile-time unreachable carrier inserted,preserved_with_precondition,low,"Adds a compile-time dead-code carrier guarded by a constant-false condition, with no reachable side effects.",True,6,224,f12dfeddf4f5
bigvul,bigvul-d10a8dac48d3a9467e81c62cb45208344f4542db-1085-after,bigvul-d10a8dac48d3a9467e81c62cb45208344f4542db-1085-after__safe_dead_code_carrier,safe_dead_code_carrier,0,compile-time unreachable carrier inserted,preserved_with_precondition,low,"Adds a compile-time dead-code carrier guarded by a constant-false condition, with no reachable side effects.",True,33,1239,011397cfc8a6
bigvul,bigvul-aecd0ada163a4d6c769cec178955d5f3e9316f2f-1186-after,bigvul-aecd0ada163a4d6c769cec178955d5f3e9316f2f-1186-after__safe_dead_code_carrier,safe_dead_code_carrier,0,compile-time unreachable carrier inserted,preserved_with_precondition,low,"Adds a compile-time dead-code carrier guarded by a constant-false condition, with no reachable side effects.",True,82,2184,0386bfa519fc
bigvul,bigvul-c40f7d74c741a907cfaeb73a7697081881c497d0-743-after,bigvul-c40f7d74c741a907cfaeb73a7697081881c497d0-743-after__safe_dead_code_carrier,safe_dead_code_carrier,0,compile-time unreachable carrier inserted,preserved_with_precondition,low,"Adds a compile-time dead-code carrier guarded by a constant-false condition, with no reachable side effects.",True,24,806,67636159265f
bigvul,bigvul-295c883fe3105b19bcd0f9e07d54c6b589fc5bff-734-after,bigvul-295c883fe3105b19bcd0f9e07d54c6b589fc5bff-734-after__safe_dead_code_carrier,safe_dead_code_carrier,0,compile-time unreachable carrier inserted,preserved_with_precondition,low,"Adds a compile-time dead-code carrier guarded by a constant-false condition, with no reachable side effects.",True,32,1188,f32bd590e846
bigvul,bigvul-4435b9142ff9813845d5c97ab29a5d637bedb257-1514-after,bigvul-4435b9142ff9813845d5c97ab29a5d637bedb257-1514-after__safe_dead_code_carrier,safe_dead_code_carrier,0,compile-time unreachable carrier inserted,preserved_with_precondition,low,"Adds a compile-time dead-code carrier guarded by a constant-false condition, with no reachable side effects.",True,27,715,3ad10a9873d6
bigvul,bigvul-f592cf6a66b63decc7e7093b36501229a5de1f1d-1465-after,bigvul-f592cf6a66b63decc7e7093b36501229a5de1f1d-1465-after__safe_dead_code_carrier,safe_dead_code_carrier,0,compile-time unreachable carrier inserted,preserved_with_precondition,low,"Adds a compile-time dead-code carrier guarded by a constant-false condition, with no reachable side effects.",True,12,479,55da4db94a9f
bigvul,bigvul-8822b64a0fa64a5dd1dfcf837c5b0be83f8c05d1-1371-after,bigvul-8822b64a0fa64a5dd1dfcf837c5b0be83f8c05d1-1371-after__safe_dead_code_carrier,safe_dead_code_carrier,0,compile-time unreachable carrier inserted,preserved_with_precondition,low,"Adds a compile-time dead-code carrier guarded by a constant-false condition, with no reachable side effects.",True,33,882,22564ca43bfd
bigvul,bigvul-114cd3d0aac8bd1aeaf4b33840feb0163d342d5b-1360-after,bigvul-114cd3d0aac8bd1aeaf4b33840feb0163d342d5b-1360-after__safe_dead_code_carrier,safe_dead_code_carrier,0,compile-time unreachable carrier inserted,preserved_with_precondition,low,"Adds a compile-time dead-code carrier guarded by a constant-false condition, with no reachable side effects.",True,494,19793,4621ad41d0a4
bigvul,bigvul-5008105780c0b0182ea6eda83ad5598f225be3ee-2099-after,bigvul-5008105780c0b0182ea6eda83ad5598f225be3ee-2099-after__safe_dead_code_carrier,safe_dead_code_carrier,0,compile-time unreachable carrier inserted,preserved_with_precondition,low,"Adds a compile-time dead-code carrier guarded by a constant-false condition, with no reachable side effects.",True,36,891,3b83cb802023
bigvul,bigvul-d345af9ed62ee5f431be327967f41c3cc3fe936a-2373-after,bigvul-d345af9ed62ee5f431be327967f41c3cc3fe936a-2373-after__safe_dead_code_carrier,safe_dead_code_carrier,0,compile-time unreachable carrier inserted,preserved_with_precondition,low,"Adds a compile-time dead-code carrier guarded by a constant-false condition, with no reachable side effects.",True,22,559,1ee92a3d7e73
bigvul,bigvul-a9cbaa7a40e2b2723cfc2f266c42f4980038a949-1542-after,bigvul-a9cbaa7a40e2b2723cfc2f266c42f4980038a949-1542-after__safe_dead_code_carrier,safe_dead_code_carrier,0,compile-time unreachable carrier inserted,preserved_with_precondition,low,"Adds a compile-time dead-code carrier guarded by a constant-false condition, with no reachable side effects.",True,27,1155,e9c042cd17f3
bigvul,bigvul-fac8e0f579695a3ecbc4d3cac369139d7f819971-890-after,bigvul-fac8e0f579695a3ecbc4d3cac369139d7f819971-890-after__safe_dead_code_carrier,safe_dead_code_carrier,0,compile-time unreachable carrier inserted,preserved_with_precondition,low,"Adds a compile-time dead-code carrier guarded by a constant-false condition, with no reachable side effects.",True,13,287,150b7db97870
bigvul,bigvul-a0fe4d88137213aa24fbb16fd7eec34533345c9b-1556-after,bigvul-a0fe4d88137213aa24fbb16fd7eec34533345c9b-1556-after__safe_dead_code_carrier,safe_dead_code_carrier,0,compile-time unreachable carrier inserted,preserved_with_precondition,low,"Adds a compile-time dead-code carrier guarded by a constant-false condition, with no reachable side effects.",True,6,193,82320ad8c05b
bigvul,bigvul-2e8e8c6387ecdf5923dfc4d7718d18eba1b0873d-963-after,bigvul-2e8e8c6387ecdf5923dfc4d7718d18eba1b0873d-963-after__safe_dead_code_carrier,safe_dead_code_carrier,0,compile-time unreachable carrier inserted,preserved_with_precondition,low,"Adds a compile-time dead-code carrier guarded by a constant-false condition, with no reachable side effects.",True,16,335,8968f07e657d
bigvul,bigvul-dc777c346d5d452a53b13b917c45f6a1bad2f20b-271-after,bigvul-dc777c346d5d452a53b13b917c45f6a1bad2f20b-271-after__safe_dead_code_carrier,safe_dead_code_carrier,0,compile-time unreachable carrier inserted,preserved_with_precondition,low,"Adds a compile-time dead-code carrier guarded by a constant-false condition, with no reachable side effects.",True,14,545,f9f420756f81
bigvul,bigvul-f3d3342602f8bcbf37d7c46641cb9bca7618eb1c-2621-after,bigvul-f3d3342602f8bcbf37d7c46641cb9bca7618eb1c-2621-after__safe_dead_code_carrier,safe_dead_code_carrier,0,compile-time unreachable carrier inserted,preserved_with_precondition,low,"Adds a compile-time dead-code carrier guarded by a constant-false condition, with no reachable side effects.",True,101,1952,b68339707380
bigvul,bigvul-454434f6100cb6a529652a25b5fc181caa7c7f32-2529-after,bigvul-454434f6100cb6a529652a25b5fc181caa7c7f32-2529-after__safe_dead_code_carrier,safe_dead_code_carrier,0,compile-time unreachable carrier inserted,preserved_with_precondition,low,"Adds a compile-time dead-code carrier guarded by a constant-false condition, with no reachable side effects.",True,59,2218,849bb260bd3d
bigvul,bigvul-621b5060e823301d0cba4cb52a7ee3491922d291-1969-after,bigvul-621b5060e823301d0cba4cb52a7ee3491922d291-1969-after__safe_dead_code_carrier,safe_dead_code_carrier,0,compile-time unreachable carrier inserted,preserved_with_precondition,low,"Adds a compile-time dead-code carrier guarded by a constant-false condition, with no reachable side effects.",True,28,864,208de8fbd561
bigvul,bigvul-e89cfcb9090e8c98129ae9160c513f504db74599-1365-after,bigvul-e89cfcb9090e8c98129ae9160c513f504db74599-1365-after__safe_dead_code_carrier,safe_dead_code_carrier,0,compile-time unreachable carrier inserted,preserved_with_precondition,low,"Adds a compile-time dead-code carrier guarded by a constant-false condition, with no reachable side effects.",True,15,469,4df04f877493
bigvul,bigvul-1630f53481f445ada0a455e9979236d31a8d3bb0-2211-after,bigvul-1630f53481f445ada0a455e9979236d31a8d3bb0-2211-after__safe_dead_code_carrier,safe_dead_code_carrier,0,compile-time unreachable carrier inserted,preserved_with_precondition,low,"Adds a compile-time dead-code carrier guarded by a constant-false condition, with no reachable side effects.",True,6,161,faa84626df8d
bigvul,bigvul-51380baf17241728b6d48cdb84140b931e3e3cc5-1329-after,bigvul-51380baf17241728b6d48cdb84140b931e3e3cc5-1329-after__safe_dead_code_carrier,safe_dead_code_carrier,0,compile-time unreachable carrier inserted,preserved_with_precondition,low,"Adds a compile-time dead-code carrier guarded by a constant-false condition, with no reachable side effects.",True,13,332,e3e7616dc614
bigvul,bigvul-f26f9aff6aaf67e9a430d16c266f91b13a5bff64-625-after,bigvul-f26f9aff6aaf67e9a430d16c266f91b13a5bff64-625-after__safe_dead_code_carrier,safe_dead_code_carrier,0,compile-time unreachable carrier inserted,preserved_with_precondition,low,"Adds a compile-time dead-code carrier guarded by a constant-false condition, with no reachable side effects.",True,32,690,eaece337de69
bigvul,bigvul-1cbd25ca15383394ffa9ee8601c5de4c0f2f90e1-1918-after,bigvul-1cbd25ca15383394ffa9ee8601c5de4c0f2f90e1-1918-after__safe_dead_code_carrier,safe_dead_code_carrier,0,compile-time unreachable carrier inserted,preserved_with_precondition,low,"Adds a compile-time dead-code carrier guarded by a constant-false condition, with no reachable side effects.",True,22,787,199d62bc3a6d
bigvul,bigvul-cfcce91cfc1a14a91a672ad0f052b86a5c1768a3-1765-after,bigvul-cfcce91cfc1a14a91a672ad0f052b86a5c1768a3-1765-after__safe_dead_code_carrier,safe_dead_code_carrier,0,compile-time unreachable carrier inserted,preserved_with_precondition,low,"Adds a compile-time dead-code carrier guarded by a constant-false condition, with no reachable side effects.",True,28,1081,6b5bc393db4a
bigvul,bigvul-a8b0ca17b80e92faab46ee7179ba9e99ccb61233-717-after,bigvul-a8b0ca17b80e92faab46ee7179ba9e99ccb61233-717-after__safe_dead_code_carrier,safe_dead_code_carrier,0,compile-time unreachable carrier inserted,preserved_with_precondition,low,"Adds a compile-time dead-code carrier guarded by a constant-false condition, with no reachable side effects.",True,31,630,ff69b7f1c326
bigvul,bigvul-c5d72beaab1cbbbe68271f4bc4b6670d69985157-2219-after,bigvul-c5d72beaab1cbbbe68271f4bc4b6670d69985157-2219-after__safe_dead_code_carrier,safe_dead_code_carrier,0,compile-time unreachable carrier inserted,preserved_with_precondition,low,"Adds a compile-time dead-code carrier guarded by a constant-false condition, with no reachable side effects.",True,22,630,5f3673504ac4
bigvul,bigvul-04f2d32871bb3b11d7dc024039952f2fe2750306-2435-after,bigvul-04f2d32871bb3b11d7dc024039952f2fe2750306-2435-after__safe_dead_code_carrier,safe_dead_code_carrier,0,compile-time unreachable carrier inserted,preserved_with_precondition,low,"Adds a compile-time dead-code carrier guarded by a constant-false condition, with no reachable side effects.",True,12,454,78d28f0a60b0
bigvul,bigvul-99844692ee805d18d5ee7fd9c62f14d2dffa2e06-1909-after,bigvul-99844692ee805d18d5ee7fd9c62f14d2dffa2e06-1909-after__safe_dead_code_carrier,safe_dead_code_carrier,0,compile-time unreachable carrier inserted,preserved_with_precondition,low,"Adds a compile-time dead-code carrier guarded by a constant-false condition, with no reachable side effects.",True,6,288,0a04e8a70beb
bigvul,bigvul-3a353ebdb7753a3fbeb401c4c0e0f3358ccbb90b-560-after,bigvul-3a353ebdb7753a3fbeb401c4c0e0f3358ccbb90b-560-after__safe_dead_code_carrier,safe_dead_code_carrier,0,compile-time unreachable carrier inserted,preserved_with_precondition,low,"Adds a compile-time dead-code carrier guarded by a constant-false condition, with no reachable side effects.",True,12,357,c373ba39f627
bigvul,bigvul-83a4b92815ea04969d494416eaae3d4c6b338e4a#diff-c8b4b355f9b5c06d585b23138e1c185f-192-after,bigvul-83a4b92815ea04969d494416eaae3d4c6b338e4a#diff-c8b4b355f9b5c06d585b23138e1c185f-192-after__safe_dead_code_carrier,safe_dead_code_carrier,0,compile-time unreachable carrier inserted,preserved_with_precondition,low,"Adds a compile-time dead-code carrier guarded by a constant-false condition, with no reachable side effects.",True,244,8160,8ff06f48f97c
bigvul,bigvul-7fa8bd35982700cb2cb6ce22d05128c019a2b587-1167-after,bigvul-7fa8bd35982700cb2cb6ce22d05128c019a2b587-1167-after__safe_dead_code_carrier,safe_dead_code_carrier,0,compile-time unreachable carrier inserted,preserved_with_precondition,low,"Adds a compile-time dead-code carrier guarded by a constant-false condition, with no reachable side effects.",True,36,1298,764d9202b167
diversevul,diversevul-d77a74237e660dd2ce9f1e14b02635f8a2569653-1649,diversevul-d77a74237e660dd2ce9f1e14b02635f8a2569653-1649__blank_line_expansion,blank_line_expansion,0,blank lines inserted after semicolons,preserved,low,Adds whitespace after semicolon-terminated statements; no token-level control or data dependency is introduced.,True,7,186,04402e5c79b6
diversevul,diversevul-feeee4b5832b17641e505b7083e0d299fdae318e-1511,diversevul-feeee4b5832b17641e505b7083e0d299fdae318e-1511__blank_line_expansion,blank_line_expansion,0,blank lines inserted after semicolons,preserved,low,Adds whitespace after semicolon-terminated statements; no token-level control or data dependency is introduced.,True,207,5797,0e8deff48f5f
diversevul,diversevul-4befcfd015256c568121653038accbd84820198f-3836,diversevul-4befcfd015256c568121653038accbd84820198f-3836__blank_line_expansion,blank_line_expansion,0,blank lines inserted after semicolons,preserved,low,Adds whitespace after semicolon-terminated statements; no token-level control or data dependency is introduced.,True,24,473,3b80ba6a5410
diversevul,diversevul-1ebb71143758f45dc0fa76e2f48429e13b16d110-1520,diversevul-1ebb71143758f45dc0fa76e2f48429e13b16d110-1520__blank_line_expansion,blank_line_expansion,1,blank lines inserted after semicolons,preserved,low,Adds whitespace after semicolon-terminated statements; no token-level control or data dependency is introduced.,True,20,420,5690fb00d84b
diversevul,diversevul-04c4f2ee3f68c9a4bf1653d15f1a9a435ae33f7a-4073,diversevul-04c4f2ee3f68c9a4bf1653d15f1a9a435ae33f7a-4073__blank_line_expansion,blank_line_expansion,0,blank lines inserted after semicolons,preserved,low,Adds whitespace after semicolon-terminated statements; no token-level control or data dependency is introduced.,True,21,476,2d0f12f59c76
diversevul,diversevul-d6f5e358452479fa8a773b5c6ccc9e4ec5a20880-2989,diversevul-d6f5e358452479fa8a773b5c6ccc9e4ec5a20880-2989__blank_line_expansion,blank_line_expansion,0,blank lines inserted after semicolons,preserved,low,Adds whitespace after semicolon-terminated statements; no token-level control or data dependency is introduced.,True,11,314,246244a9ea38
diversevul,diversevul-08c7ab404f69d9c4ca6ca7a9cf7eec74c804f917-34,diversevul-08c7ab404f69d9c4ca6ca7a9cf7eec74c804f917-34__blank_line_expansion,blank_line_expansion,0,blank lines inserted after semicolons,preserved,low,Adds whitespace after semicolon-terminated statements; no token-level control or data dependency is introduced.,True,49,1411,796348574068
diversevul,diversevul-9f1a39a5d1cd7989ada2d1cb32f97d84360e050f-580,diversevul-9f1a39a5d1cd7989ada2d1cb32f97d84360e050f-580__blank_line_expansion,blank_line_expansion,0,blank lines inserted after semicolons,preserved,low,Adds whitespace after semicolon-terminated statements; no token-level control or data dependency is introduced.,True,28,365,42a85c627cef
diversevul,diversevul-20b7bb685c5ea74c651ca1ea547ac66b0fee7035-2936,diversevul-20b7bb685c5ea74c651ca1ea547ac66b0fee7035-2936__blank_line_expansion,blank_line_expansion,0,blank lines inserted after semicolons,preserved,low,Adds whitespace after semicolon-terminated statements; no token-level control or data dependency is introduced.,True,6,193,bf3549a137f1
diversevul,diversevul-cc51b3e2720ea862d500cab2ea517518ff39a497-240,diversevul-cc51b3e2720ea862d500cab2ea517518ff39a497-240__blank_line_expansion,blank_line_expansion,0,blank lines inserted after semicolons,preserved,low,Adds whitespace after semicolon-terminated statements; no token-level control or data dependency is introduced.,True,40,1073,a4f5d524d6f7
diversevul,diversevul-49d876f2c5fc00bcedaa986a7cf6dedd6bf16f54-1001,diversevul-49d876f2c5fc00bcedaa986a7cf6dedd6bf16f54-1001__blank_line_expansion,blank_line_expansion,0,blank lines inserted after semicolons,preserved,low,Adds whitespace after semicolon-terminated statements; no token-level control or data dependency is introduced.,True,5,113,42803b451510
diversevul,diversevul-0a3aa5f908e351201dc9c4d4807b09ed9eedff77-3837,diversevul-0a3aa5f908e351201dc9c4d4807b09ed9eedff77-3837__blank_line_expansion,blank_line_expansion,0,blank lines inserted after semicolons,preserved,low,Adds whitespace after semicolon-terminated statements; no token-level control or data dependency is introduced.,True,14,326,450512b2dc3e
diversevul,diversevul-67b0503db9c29b04eadfeede6bebbfe5ddad94ef-1049,diversevul-67b0503db9c29b04eadfeede6bebbfe5ddad94ef-1049__blank_line_expansion,blank_line_expansion,0,blank lines inserted after semicolons,preserved,low,Adds whitespace after semicolon-terminated statements; no token-level control or data dependency is introduced.,True,38,965,49c2353cfb1d
diversevul,diversevul-ce96fd6b0761d98353761bf78d5bfb55291179fd-321,diversevul-ce96fd6b0761d98353761bf78d5bfb55291179fd-321__blank_line_expansion,blank_line_expansion,0,blank lines inserted after semicolons,preserved,low,Adds whitespace after semicolon-terminated statements; no token-level control or data dependency is introduced.,True,15,356,4cbf42084e84
diversevul,diversevul-e91f7b960032074a55fc91273c1917e3082b5338-807,diversevul-e91f7b960032074a55fc91273c1917e3082b5338-807__blank_line_expansion,blank_line_expansion,0,blank lines inserted after semicolons,preserved,low,Adds whitespace after semicolon-terminated statements; no token-level control or data dependency is introduced.,True,32,531,28a2b3f2905c
diversevul,diversevul-d182d8f6ba3071503d96ce17395c9d55871f0242-2540,diversevul-d182d8f6ba3071503d96ce17395c9d55871f0242-2540__blank_line_expansion,blank_line_expansion,0,blank lines inserted after semicolons,preserved,low,Adds whitespace after semicolon-terminated statements; no token-level control or data dependency is introduced.,True,18,444,40b07c15fb1d
diversevul,diversevul-4582999be608c9794d4518ae336b265084db9f93-1036,diversevul-4582999be608c9794d4518ae336b265084db9f93-1036__blank_line_expansion,blank_line_expansion,0,blank lines inserted after semicolons,preserved,low,Adds whitespace after semicolon-terminated statements; no token-level control or data dependency is introduced.,True,24,470,0e979a943251
diversevul,diversevul-b0d5ffd4ad91cf8683ee106f13742db3dc66599a-284,diversevul-b0d5ffd4ad91cf8683ee106f13742db3dc66599a-284__blank_line_expansion,blank_line_expansion,0,blank lines inserted after semicolons,preserved,low,Adds whitespace after semicolon-terminated statements; no token-level control or data dependency is introduced.,True,9,214,2e8b05586539
diversevul,diversevul-30e724cbff1ecd90e5a676831902d1e41ec1b347-3769,diversevul-30e724cbff1ecd90e5a676831902d1e41ec1b347-3769__blank_line_expansion,blank_line_expansion,0,blank lines inserted after semicolons,preserved,low,Adds whitespace after semicolon-terminated statements; no token-level control or data dependency is introduced.,True,21,426,135307713ad3
diversevul,diversevul-033dc0d1d28b8d2ba1a5187f564a01c15187eb4e-1365,diversevul-033dc0d1d28b8d2ba1a5187f564a01c15187eb4e-1365__blank_line_expansion,blank_line_expansion,0,blank lines inserted after semicolons,preserved,low,Adds whitespace after semicolon-terminated statements; no token-level control or data dependency is introduced.,True,27,656,c08d99149785
diversevul,diversevul-6549d49630ce5f5ac823fd3ae0c6c8558b8716ae-4354,diversevul-6549d49630ce5f5ac823fd3ae0c6c8558b8716ae-4354__blank_line_expansion,blank_line_expansion,0,blank lines inserted after semicolons,preserved,low,Adds whitespace after semicolon-terminated statements; no token-level control or data dependency is introduced.,True,5,79,7dfc02f037e5
diversevul,diversevul-c336a32a1dcd445e6b83827f83531d4c6414e2cd-283,diversevul-c336a32a1dcd445e6b83827f83531d4c6414e2cd-283__blank_line_expansion,blank_line_expansion,0,blank lines inserted after semicolons,preserved,low,Adds whitespace after semicolon-terminated statements; no token-level control or data dependency is introduced.,True,24,424,d0677f1f3f42
diversevul,diversevul-391e77fcd217e78b2c51342ac3ddb7100ecacdd2-1044,diversevul-391e77fcd217e78b2c51342ac3ddb7100ecacdd2-1044__blank_line_expansion,blank_line_expansion,0,blank lines inserted after semicolons,preserved,low,Adds whitespace after semicolon-terminated statements; no token-level control or data dependency is introduced.,True,47,1084,ca8016156bb3
diversevul,diversevul-7b0d0b40cd78cadb525df760ee4cac151533c2b5-1790,diversevul-7b0d0b40cd78cadb525df760ee4cac151533c2b5-1790__blank_line_expansion,blank_line_expansion,0,blank lines inserted after semicolons,preserved,low,Adds whitespace after semicolon-terminated statements; no token-level control or data dependency is introduced.,True,16,355,408cf38dea06
diversevul,diversevul-20e0fa98b751facf9a1101edaefbc19c82616a68-2530,diversevul-20e0fa98b751facf9a1101edaefbc19c82616a68-2530__blank_line_expansion,blank_line_expansion,0,blank lines inserted after semicolons,preserved,low,Adds whitespace after semicolon-terminated statements; no token-level control or data dependency is introduced.,True,94,2532,05899125240e
diversevul,diversevul-7a80d2096f1b7125085e21448112aa02f49f5e9a-1456,diversevul-7a80d2096f1b7125085e21448112aa02f49f5e9a-1456__blank_line_expansion,blank_line_expansion,0,blank lines inserted after semicolons,preserved,low,Adds whitespace after semicolon-terminated statements; no token-level control or data dependency is introduced.,True,29,530,db2ec19c552d
diversevul,diversevul-0048b4837affd153897ed1222283492070027aa9-771,diversevul-0048b4837affd153897ed1222283492070027aa9-771__blank_line_expansion,blank_line_expansion,0,blank lines inserted after semicolons,preserved,low,Adds whitespace after semicolon-terminated statements; no token-level control or data dependency is introduced.,True,17,317,df3ba67c80f3
diversevul,diversevul-a4780adeefd042482f624f5e0d577bf9cdcbb760-4575,diversevul-a4780adeefd042482f624f5e0d577bf9cdcbb760-4575__blank_line_expansion,blank_line_expansion,0,blank lines inserted after semicolons,preserved,low,Adds whitespace after semicolon-terminated statements; no token-level control or data dependency is introduced.,True,19,452,3929296bacce
diversevul,diversevul-1ac703a7d0789e46833f4013a3876c2e3af18ec7-2842,diversevul-1ac703a7d0789e46833f4013a3876c2e3af18ec7-2842__blank_line_expansion,blank_line_expansion,0,blank lines inserted after semicolons,preserved,low,Adds whitespace after semicolon-terminated statements; no token-level control or data dependency is introduced.,True,28,1038,82848f5e1232
diversevul,diversevul-196d67593439b03088913227093e374235596e33-2832,diversevul-196d67593439b03088913227093e374235596e33-2832__blank_line_expansion,blank_line_expansion,0,blank lines inserted after semicolons,preserved,low,Adds whitespace after semicolon-terminated statements; no token-level control or data dependency is introduced.,True,16,379,ef9ced4c7b58
diversevul,diversevul-80fa26c74279fced8d778351cff19d1d8f44fe4e-544,diversevul-80fa26c74279fced8d778351cff19d1d8f44fe4e-544__blank_line_expansion,blank_line_expansion,0,blank lines inserted after semicolons,preserved,low,Adds whitespace after semicolon-terminated statements; no token-level control or data dependency is introduced.,True,13,237,d216e3faa433
diversevul,diversevul-5f173040e324f6c2eebb90d86cf1b0cdb5890f0a-4645,diversevul-5f173040e324f6c2eebb90d86cf1b0cdb5890f0a-4645__blank_line_expansion,blank_line_expansion,0,blank lines inserted after semicolons,preserved,low,Adds whitespace after semicolon-terminated statements; no token-level control or data dependency is introduced.,True,9,150,b4b2e77fbfbf
diversevul,diversevul-c51f6177576d7e12614c64d316cf0b67addd17c9-884,diversevul-c51f6177576d7e12614c64d316cf0b67addd17c9-884__blank_line_expansion,blank_line_expansion,0,blank lines inserted after semicolons,preserved,low,Adds whitespace after semicolon-terminated statements; no token-level control or data dependency is introduced.,True,8,134,e26716c07acf
diversevul,diversevul-8c35502217c1879cb8257c617007282eee3fe1cc-2950,diversevul-8c35502217c1879cb8257c617007282eee3fe1cc-2950__blank_line_expansion,blank_line_expansion,0,blank lines inserted after semicolons,preserved,low,Adds whitespace after semicolon-terminated statements; no token-level control or data dependency is introduced.,True,15,316,fbc83a08b5b0
diversevul,diversevul-f5048b3e71fc30ad096970b8df6e7af073bae4cb-4022,diversevul-f5048b3e71fc30ad096970b8df6e7af073bae4cb-4022__blank_line_expansion,blank_line_expansion,1,blank lines inserted after semicolons,preserved,low,Adds whitespace after semicolon-terminated statements; no token-level control or data dependency is introduced.,True,19,389,eb0a09b1ea23
diversevul,diversevul-07b43bc8aa1ffebd9b68d60624c9610cf7e460c7-3892,diversevul-07b43bc8aa1ffebd9b68d60624c9610cf7e460c7-3892__blank_line_expansion,blank_line_expansion,0,blank lines inserted after semicolons,preserved,low,Adds whitespace after semicolon-terminated statements; no token-level control or data dependency is introduced.,True,16,257,6480821b4721
diversevul,diversevul-0fa3ecd87848c9c93c2c828ef4c3a8ca36ce46c7-3005,diversevul-0fa3ecd87848c9c93c2c828ef4c3a8ca36ce46c7-3005__blank_line_expansion,blank_line_expansion,0,blank lines inserted after semicolons,preserved,low,Adds whitespace after semicolon-terminated statements; no token-level control or data dependency is introduced.,True,22,406,5f5f5463d5db
diversevul,diversevul-c40f7d74c741a907cfaeb73a7697081881c497d0-796,diversevul-c40f7d74c741a907cfaeb73a7697081881c497d0-796__blank_line_expansion,blank_line_expansion,0,blank lines inserted after semicolons,preserved,low,Adds whitespace after semicolon-terminated statements; no token-level control or data dependency is introduced.,True,42,1209,4322c576ea97
diversevul,diversevul-a642fc305053cc1c6e47e4f4df327895747ab485-3123,diversevul-a642fc305053cc1c6e47e4f4df327895747ab485-3123__blank_line_expansion,blank_line_expansion,0,blank lines inserted after semicolons,preserved,low,Adds whitespace after semicolon-terminated statements; no token-level control or data dependency is introduced.,True,17,459,5575bcddfda2
diversevul,diversevul-619cb58dd90b4e03ac68286c70ed98acbefd1c90-1703,diversevul-619cb58dd90b4e03ac68286c70ed98acbefd1c90-1703__blank_line_expansion,blank_line_expansion,0,blank lines inserted after semicolons,preserved,low,Adds whitespace after semicolon-terminated statements; no token-level control or data dependency is introduced.,True,8,193,a5c8cc2e112e
diversevul,diversevul-ca989269a2876bae79393bd54c3e72d49975fc75-2493,diversevul-ca989269a2876bae79393bd54c3e72d49975fc75-2493__brace_line_shift,brace_line_shift,0,first function opening brace shifted,preserved,low,Moves the first opening brace to a conventional layout without changing statement order.,True,52,1226,1205b3fe7ddc
diversevul,diversevul-10af1e8c1ad2a58a0a3342a856bae63e8f257abb-905,diversevul-10af1e8c1ad2a58a0a3342a856bae63e8f257abb-905__brace_line_shift,brace_line_shift,0,first function opening brace shifted,preserved,low,Moves the first opening brace to a conventional layout without changing statement order.,True,5,159,90925a5a5384
diversevul,diversevul-a9cc1711dd4ed6a215038f1c5c03af0ef52c3211-4956,diversevul-a9cc1711dd4ed6a215038f1c5c03af0ef52c3211-4956__brace_line_shift,brace_line_shift,0,first function opening brace shifted,preserved,low,Moves the first opening brace to a conventional layout without changing statement order.,True,17,699,f2e1a8302bd4
diversevul,diversevul-c321eb588909646c15aefde035fd3133ba32cdee-134,diversevul-c321eb588909646c15aefde035fd3133ba32cdee-134__brace_line_shift,brace_line_shift,0,first function opening brace shifted,preserved,low,Moves the first opening brace to a conventional layout without changing statement order.,True,46,1443,ab0e44a69a27
diversevul,diversevul-ecb72fa66f3d846b724b4fa1d7648669cebabe0c-4090,diversevul-ecb72fa66f3d846b724b4fa1d7648669cebabe0c-4090__brace_line_shift,brace_line_shift,0,first function opening brace shifted,preserved,low,Moves the first opening brace to a conventional layout without changing statement order.,True,40,1142,4c7db8b1ab31
diversevul,diversevul-ebad9ddc4efb2635f37174c9d800d06206f1edf9-4856,diversevul-ebad9ddc4efb2635f37174c9d800d06206f1edf9-4856__brace_line_shift,brace_line_shift,0,first function opening brace shifted,preserved,low,Moves the first opening brace to a conventional layout without changing statement order.,True,20,572,11ace50163cb
diversevul,diversevul-b7fa67742cd8d2b0ca0c0273b157f6ffee9ad6e2-4061,diversevul-b7fa67742cd8d2b0ca0c0273b157f6ffee9ad6e2-4061__brace_line_shift,brace_line_shift,1,first function opening brace shifted,preserved,low,Moves the first opening brace to a conventional layout without changing statement order.,True,74,2332,c9ab71d213cb
diversevul,diversevul-01f47e04fd7c8d54399c9e465f823f0017069f8f-4081,diversevul-01f47e04fd7c8d54399c9e465f823f0017069f8f-4081__brace_line_shift,brace_line_shift,0,first function opening brace shifted,preserved,low,Moves the first opening brace to a conventional layout without changing statement order.,True,7,198,e0acee7a00e8
diversevul,diversevul-0cc38aaa4064fd9e79101994ce9872c6d91f816b-4733,diversevul-0cc38aaa4064fd9e79101994ce9872c6d91f816b-4733__brace_line_shift,brace_line_shift,0,first function opening brace shifted,preserved,low,Moves the first opening brace to a conventional layout without changing statement order.,True,24,839,54501be4d97c
diversevul,diversevul-5ac1b9e24ff6afc465756edf845d2e9660bd34bf-3241,diversevul-5ac1b9e24ff6afc465756edf845d2e9660bd34bf-3241__brace_line_shift,brace_line_shift,0,first function opening brace shifted,preserved,low,Moves the first opening brace to a conventional layout without changing statement order.,True,33,1398,cb0087594a09
diversevul,diversevul-f6a40570fa63d5afdd596c78083d754081d80ae3-938,diversevul-f6a40570fa63d5afdd596c78083d754081d80ae3-938__brace_line_shift,brace_line_shift,0,first function opening brace shifted,preserved,low,Moves the first opening brace to a conventional layout without changing statement order.,True,4,123,bb666d0198c0
diversevul,diversevul-c65c8fdaaa257e0487ab0aaae9e8f6b439335945-2116,diversevul-c65c8fdaaa257e0487ab0aaae9e8f6b439335945-2116__brace_line_shift,brace_line_shift,0,first function opening brace shifted,preserved,low,Moves the first opening brace to a conventional layout without changing statement order.,True,13,435,a85709ca3c03
diversevul,diversevul-feaa4e7f7399c51ee6f52deb84dc3f795b4035d6-4526,diversevul-feaa4e7f7399c51ee6f52deb84dc3f795b4035d6-4526__brace_line_shift,brace_line_shift,0,first function opening brace shifted,preserved,low,Moves the first opening brace to a conventional layout without changing statement order.,True,105,2428,621bedba6689
diversevul,diversevul-15691e456c7dc9bd6be203b09765b063bf4a380c-3222,diversevul-15691e456c7dc9bd6be203b09765b063bf4a380c-3222__brace_line_shift,brace_line_shift,0,first function opening brace shifted,preserved,low,Moves the first opening brace to a conventional layout without changing statement order.,True,12,603,2b152018f155
diversevul,diversevul-c8617100f359b217a974938c5539a1dd8a120b0e-4868,diversevul-c8617100f359b217a974938c5539a1dd8a120b0e-4868__brace_line_shift,brace_line_shift,0,first function opening brace shifted,preserved,low,Moves the first opening brace to a conventional layout without changing statement order.,True,6,145,359a1622266b
diversevul,diversevul-035cf2afc04988b22cb67f4ebfd77e9b344cb6e0-268,diversevul-035cf2afc04988b22cb67f4ebfd77e9b344cb6e0-268__brace_line_shift,brace_line_shift,0,first function opening brace shifted,preserved,low,Moves the first opening brace to a conventional layout without changing statement order.,True,4,90,d4fc86a70b5b
diversevul,diversevul-dd528b3aabd13863f855a68e76966e4e019fc399-4745,diversevul-dd528b3aabd13863f855a68e76966e4e019fc399-4745__brace_line_shift,brace_line_shift,0,first function opening brace shifted,preserved,low,Moves the first opening brace to a conventional layout without changing statement order.,True,35,1016,4872ff395491
diversevul,diversevul-127e7a6c8942b362aa3c6627f44d660a4fb75312-3825,diversevul-127e7a6c8942b362aa3c6627f44d660a4fb75312-3825__brace_line_shift,brace_line_shift,0,first function opening brace shifted,preserved,low,Moves the first opening brace to a conventional layout without changing statement order.,True,10,372,4b403b0da534
diversevul,diversevul-fcd977cc7f8f6cc7f012e5b72d33cf7d77b3fa69-3341,diversevul-fcd977cc7f8f6cc7f012e5b72d33cf7d77b3fa69-3341__brace_line_shift,brace_line_shift,0,first function opening brace shifted,preserved,low,Moves the first opening brace to a conventional layout without changing statement order.,True,9,165,e17cbb85eb6b
diversevul,diversevul-fd80a31e0697d6317ce8c2d289575399f4e06d21-624,diversevul-fd80a31e0697d6317ce8c2d289575399f4e06d21-624__brace_line_shift,brace_line_shift,0,first function opening brace shifted,preserved,low,Moves the first opening brace to a conventional layout without changing statement order.,True,11,437,1f43e2d1e131
diversevul,diversevul-c6a876473cbff0fd323c8abcaace98ee2d21863d-2870,diversevul-c6a876473cbff0fd323c8abcaace98ee2d21863d-2870__brace_line_shift,brace_line_shift,0,first function opening brace shifted,preserved,low,Moves the first opening brace to a conventional layout without changing statement order.,True,178,3455,aaa97c4890c9
diversevul,diversevul-34d54b04e98dd0bac32e9aab0fbda0bf501bc742-1015,diversevul-34d54b04e98dd0bac32e9aab0fbda0bf501bc742-1015__brace_line_shift,brace_line_shift,0,first function opening brace shifted,preserved,low,Moves the first opening brace to a conventional layout without changing statement order.,True,2,55,23a8c9894e04
diversevul,diversevul-0943c006c7d900dfc0281639e992791d6c567438-2917,diversevul-0943c006c7d900dfc0281639e992791d6c567438-2917__brace_line_shift,brace_line_shift,0,first function opening brace shifted,preserved,low,Moves the first opening brace to a conventional layout without changing statement order.,True,15,400,58bb503bb38c
diversevul,diversevul-1970c2158b1ffa416d159d03c3370b9a462aee35-2227,diversevul-1970c2158b1ffa416d159d03c3370b9a462aee35-2227__brace_line_shift,brace_line_shift,0,first function opening brace shifted,preserved,low,Moves the first opening brace to a conventional layout without changing statement order.,True,27,1211,5fac4aba9bad
diversevul,diversevul-322ac05f8bbc1bce066af1dabd1b70ccdbe28891-3926,diversevul-322ac05f8bbc1bce066af1dabd1b70ccdbe28891-3926__brace_line_shift,brace_line_shift,0,first function opening brace shifted,preserved,low,Moves the first opening brace to a conventional layout without changing statement order.,True,47,1577,c554fb3356ec
diversevul,diversevul-0a076417d1d7fba3632b73349a1fd29a83e68816-2143,diversevul-0a076417d1d7fba3632b73349a1fd29a83e68816-2143__brace_line_shift,brace_line_shift,0,first function opening brace shifted,preserved,low,Moves the first opening brace to a conventional layout without changing statement order.,True,7,327,d96e5dbd5a11
diversevul,diversevul-c7235be6e36c4bef84594aa3b2f0561db84b63d8-3364,diversevul-c7235be6e36c4bef84594aa3b2f0561db84b63d8-3364__brace_line_shift,brace_line_shift,0,first function opening brace shifted,preserved,low,Moves the first opening brace to a conventional layout without changing statement order.,True,6,173,01052b481dc9
diversevul,diversevul-ce22d6f9178507c7a41b04ac4097b9ea902049e3-2494,diversevul-ce22d6f9178507c7a41b04ac4097b9ea902049e3-2494__brace_line_shift,brace_line_shift,0,first function opening brace shifted,preserved,low,Moves the first opening brace to a conventional layout without changing statement order.,True,84,3602,e49993073463
diversevul,diversevul-051c73a9a7ffe9e525f6f0a1b8f5198ff8cc6752-2205,diversevul-051c73a9a7ffe9e525f6f0a1b8f5198ff8cc6752-2205__brace_line_shift,brace_line_shift,0,first function opening brace shifted,preserved,low,Moves the first opening brace to a conventional layout without changing statement order.,True,25,542,97ad0fbce1ef
diversevul,diversevul-9b4ce651b26557f16103c3a366c91934ecd439ab-3270,diversevul-9b4ce651b26557f16103c3a366c91934ecd439ab-3270__brace_line_shift,brace_line_shift,0,first function opening brace shifted,preserved,low,Moves the first opening brace to a conventional layout without changing statement order.,True,122,4414,0d65f00270a3
diversevul,diversevul-afc39bea36fd436e54262f150c009e8d72db5014-1193,diversevul-afc39bea36fd436e54262f150c009e8d72db5014-1193__brace_line_shift,brace_line_shift,0,first function opening brace shifted,preserved,low,Moves the first opening brace to a conventional layout without changing statement order.,True,8,484,4c6853f55364
diversevul,diversevul-33e63d19e5496c151bad69f65cdbc7cba2b4c211-563,diversevul-33e63d19e5496c151bad69f65cdbc7cba2b4c211-563__brace_line_shift,brace_line_shift,0,first function opening brace shifted,preserved,low,Moves the first opening brace to a conventional layout without changing statement order.,True,10,511,b64b4e4e389f
diversevul,diversevul-e9ce0d64faf19fa4e9c260250fbdf25e3c11e152-885,diversevul-e9ce0d64faf19fa4e9c260250fbdf25e3c11e152-885__brace_line_shift,brace_line_shift,0,first function opening brace shifted,preserved,low,Moves the first opening brace to a conventional layout without changing statement order.,True,11,369,867b18b8f61d
diversevul,diversevul-8d7970b8f3db727fe798b65f3377fe6787575426-4816,diversevul-8d7970b8f3db727fe798b65f3377fe6787575426-4816__brace_line_shift,brace_line_shift,0,first function opening brace shifted,preserved,low,Moves the first opening brace to a conventional layout without changing statement order.,True,27,576,01b90f084127
diversevul,diversevul-8d807cc21655eaa6e6a08afafeec3682c0f3f2ab-4376,diversevul-8d807cc21655eaa6e6a08afafeec3682c0f3f2ab-4376__brace_line_shift,brace_line_shift,0,first function opening brace shifted,preserved,low,Moves the first opening brace to a conventional layout without changing statement order.,True,12,243,8ca35054f01d
diversevul,diversevul-43b2f4ef399e2fd7240b4eeb0658686ad95f8e62-4200,diversevul-43b2f4ef399e2fd7240b4eeb0658686ad95f8e62-4200__brace_line_shift,brace_line_shift,0,first function opening brace shifted,preserved,low,Moves the first opening brace to a conventional layout without changing statement order.,True,1898,77786,2eabc4e89c87
diversevul,diversevul-34628967f1e65dc8f34e000f0f5518e21afbfc7b-2630,diversevul-34628967f1e65dc8f34e000f0f5518e21afbfc7b-2630__brace_line_shift,brace_line_shift,0,first function opening brace shifted,preserved,low,Moves the first opening brace to a conventional layout without changing statement order.,True,20,476,04742a6d36ba
diversevul,diversevul-efea03b38fb8d3b81762237dc85e579cc5fc6e87-3515,diversevul-efea03b38fb8d3b81762237dc85e579cc5fc6e87-3515__brace_line_shift,brace_line_shift,0,first function opening brace shifted,preserved,low,Moves the first opening brace to a conventional layout without changing statement order.,True,9,360,860dfcc20e08
diversevul,diversevul-319d5ab1c6d916b6b8a0d85b2ae3f01b3ad04f2c-4222,diversevul-319d5ab1c6d916b6b8a0d85b2ae3f01b3ad04f2c-4222__brace_line_shift,brace_line_shift,0,first function opening brace shifted,preserved,low,Moves the first opening brace to a conventional layout without changing statement order.,True,43,990,63f4d985c903
diversevul,diversevul-1744be2d17befc69bf00033993f4081852a747d6-3365,diversevul-1744be2d17befc69bf00033993f4081852a747d6-3365__brace_line_shift,brace_line_shift,0,first function opening brace shifted,preserved,low,Moves the first opening brace to a conventional layout without changing statement order.,True,202,6274,cb9d6a90dd77
diversevul,diversevul-7acf0bc4224081d4f425fcc8b2e361b95291d878-3550,diversevul-7acf0bc4224081d4f425fcc8b2e361b95291d878-3550__code_normalization_abstraction,code_normalization_abstraction,0,parenthesized simple return expressions,preserved,low,Parenthesizes simple return expressions; the expression value and control flow are unchanged.,True,3,98,dcb80d163422
diversevul,diversevul-259e5e6c75a910f3b5e656151dc602f53f9d7548-130,diversevul-259e5e6c75a910f3b5e656151dc602f53f9d7548-130__code_normalization_abstraction,code_normalization_abstraction,0,parenthesized simple return expressions,preserved,low,Parenthesizes simple return expressions; the expression value and control flow are unchanged.,True,12,273,fe1cf6b5ca2e
diversevul,diversevul-a819d2b440aafa3138d95ff6e8b824da885a70e9-3646,diversevul-a819d2b440aafa3138d95ff6e8b824da885a70e9-3646__code_normalization_abstraction,code_normalization_abstraction,0,parenthesized simple return expressions,preserved,low,Parenthesizes simple return expressions; the expression value and control flow are unchanged.,True,9,184,c3613de2917a
diversevul,diversevul-0a3aa5f908e351201dc9c4d4807b09ed9eedff77-3600,diversevul-0a3aa5f908e351201dc9c4d4807b09ed9eedff77-3600__code_normalization_abstraction,code_normalization_abstraction,0,parenthesized simple return expressions,preserved,low,Parenthesizes simple return expressions; the expression value and control flow are unchanged.,True,22,614,277cd48d9cc2
diversevul,diversevul-23adbe12ef7d3d4195e80800ab36b37bee28cd03-3575,diversevul-23adbe12ef7d3d4195e80800ab36b37bee28cd03-3575__code_normalization_abstraction,code_normalization_abstraction,0,parenthesized simple return expressions,preserved,low,Parenthesizes simple return expressions; the expression value and control flow are unchanged.,True,89,2163,9a446980c860
diversevul,diversevul-a5b064bf4b17a9884d7d361733737fb614ad8979-3447,diversevul-a5b064bf4b17a9884d7d361733737fb614ad8979-3447__code_normalization_abstraction,code_normalization_abstraction,0,parenthesized simple return expressions,preserved,low,Parenthesizes simple return expressions; the expression value and control flow are unchanged.,True,198,7750,bbe4df8de776
diversevul,diversevul-0bfc96cb77224736dfa35c3c555d37b3646ef35e-4680,diversevul-0bfc96cb77224736dfa35c3c555d37b3646ef35e-4680__code_normalization_abstraction,code_normalization_abstraction,0,parenthesized simple return expressions,preserved,low,Parenthesizes simple return expressions; the expression value and control flow are unchanged.,True,13,263,ec504299efe5
diversevul,diversevul-6e3855aed7ba8bb4731fc4087ca7f9078b2f3d97-4801,diversevul-6e3855aed7ba8bb4731fc4087ca7f9078b2f3d97-4801__code_normalization_abstraction,code_normalization_abstraction,0,parenthesized simple return expressions,preserved,low,Parenthesizes simple return expressions; the expression value and control flow are unchanged.,True,4,76,6032972dedad
diversevul,diversevul-51255f113fe3c7b63ffe957636a7656a3ff9d1ff-3433,diversevul-51255f113fe3c7b63ffe957636a7656a3ff9d1ff-3433__code_normalization_abstraction,code_normalization_abstraction,0,parenthesized simple return expressions,preserved,low,Parenthesizes simple return expressions; the expression value and control flow are unchanged.,True,19,347,35cf49973281
diversevul,diversevul-df6b5e29ffea2d5a3e08de92fb765fdb21c7a21e-2633,diversevul-df6b5e29ffea2d5a3e08de92fb765fdb21c7a21e-2633__code_normalization_abstraction,code_normalization_abstraction,0,parenthesized simple return expressions,preserved,low,Parenthesizes simple return expressions; the expression value and control flow are unchanged.,True,64,1667,d55811379936
diversevul,diversevul-da215fcb9cd3096a3e223c87577d5d4ab8f8518b-2864,diversevul-da215fcb9cd3096a3e223c87577d5d4ab8f8518b-2864__code_normalization_abstraction,code_normalization_abstraction,0,parenthesized simple return expressions,preserved,low,Parenthesizes simple return expressions; the expression value and control flow are unchanged.,True,9,368,ecb262964db9
diversevul,diversevul-6fcca0fa48118e6d63733eb4644c6cd880c15b8f-318,diversevul-6fcca0fa48118e6d63733eb4644c6cd880c15b8f-318__code_normalization_abstraction,code_normalization_abstraction,0,parenthesized simple return expressions,preserved,low,Parenthesizes simple return expressions; the expression value and control flow are unchanged.,True,10,277,a2c8c8efbcda
diversevul,diversevul-156a5fd297b61bce31630d7a52c15614bf784843-2681,diversevul-156a5fd297b61bce31630d7a52c15614bf784843-2681__code_normalization_abstraction,code_normalization_abstraction,0,parenthesized simple return expressions,preserved,low,Parenthesizes simple return expressions; the expression value and control flow are unchanged.,True,21,798,b6a6830b1edf
diversevul,diversevul-10af1e8c1ad2a58a0a3342a856bae63e8f257abb-4402,diversevul-10af1e8c1ad2a58a0a3342a856bae63e8f257abb-4402__code_normalization_abstraction,code_normalization_abstraction,0,parenthesized simple return expressions,preserved,low,Parenthesizes simple return expressions; the expression value and control flow are unchanged.,True,1,95,9fedd012d517
diversevul,diversevul-819cbb120eaec7e014e5abd029260db1ca8c5735-3019,diversevul-819cbb120eaec7e014e5abd029260db1ca8c5735-3019__code_normalization_abstraction,code_normalization_abstraction,0,parenthesized simple return expressions,preserved,low,Parenthesizes simple return expressions; the expression value and control flow are unchanged.,True,107,2314,7ac59810c9c3
diversevul,diversevul-7b8a4ecd6ff9cdf4e5d3850ebf822f1e989255b3-3201,diversevul-7b8a4ecd6ff9cdf4e5d3850ebf822f1e989255b3-3201__code_normalization_abstraction,code_normalization_abstraction,0,parenthesized simple return expressions,preserved,low,Parenthesizes simple return expressions; the expression value and control flow are unchanged.,True,10,347,78548f313957
diversevul,diversevul-d2aeab37eb4fad4376b68ea4dfbbf285a2926384-513,diversevul-d2aeab37eb4fad4376b68ea4dfbbf285a2926384-513__code_normalization_abstraction,code_normalization_abstraction,0,parenthesized simple return expressions,preserved,low,Parenthesizes simple return expressions; the expression value and control flow are unchanged.,True,64,2202,7ba8d4405fcc
diversevul,diversevul-8f1935733b10d974a1a4176d38dd151ed98cf381-4525,diversevul-8f1935733b10d974a1a4176d38dd151ed98cf381-4525__code_normalization_abstraction,code_normalization_abstraction,0,parenthesized simple return expressions,preserved,low,Parenthesizes simple return expressions; the expression value and control flow are unchanged.,True,18,673,f8b6b096e4a6
diversevul,diversevul-dd99e9f98fbf423ff6d365b37a98e8879170f17c-3437,diversevul-dd99e9f98fbf423ff6d365b37a98e8879170f17c-3437__code_normalization_abstraction,code_normalization_abstraction,0,parenthesized simple return expressions,preserved,low,Parenthesizes simple return expressions; the expression value and control flow are unchanged.,True,74,2009,7556484f7203
diversevul,diversevul-70feee0e1ef331b22cc51f383d532a0d043fbdcc-306,diversevul-70feee0e1ef331b22cc51f383d532a0d043fbdcc-306__code_normalization_abstraction,code_normalization_abstraction,0,parenthesized simple return expressions,preserved,low,Parenthesizes simple return expressions; the expression value and control flow are unchanged.,True,8,140,c192f06aa133
diversevul,diversevul-37ad222868e52271905b94afea4fc780d83294b4-2742,diversevul-37ad222868e52271905b94afea4fc780d83294b4-2742__code_normalization_abstraction,code_normalization_abstraction,0,parenthesized simple return expressions,preserved,low,Parenthesizes simple return expressions; the expression value and control flow are unchanged.,True,20,584,dc5954607256
diversevul,diversevul-d3a117814d6acbf0dca3eff1a7626843b9b3734a-1076,diversevul-d3a117814d6acbf0dca3eff1a7626843b9b3734a-1076__code_normalization_abstraction,code_normalization_abstraction,0,parenthesized simple return expressions,preserved,low,Parenthesizes simple return expressions; the expression value and control flow are unchanged.,True,356,9504,9d0334c34ecd
diversevul,diversevul-9f1a39a5d1cd7989ada2d1cb32f97d84360e050f-3112,diversevul-9f1a39a5d1cd7989ada2d1cb32f97d84360e050f-3112__code_normalization_abstraction,code_normalization_abstraction,0,parenthesized simple return expressions,preserved,low,Parenthesizes simple return expressions; the expression value and control flow are unchanged.,True,8,135,e789387030d5
diversevul,diversevul-fb013ec666759cb8a9e294347c7b4c1f597639cc-511,diversevul-fb013ec666759cb8a9e294347c7b4c1f597639cc-511__code_normalization_abstraction,code_normalization_abstraction,0,parenthesized simple return expressions,preserved,low,Parenthesizes simple return expressions; the expression value and control flow are unchanged.,True,30,743,e0b3fb89c249
diversevul,diversevul-272b62c1f0f6f742046e45b50b6fec98860208a0-4059,diversevul-272b62c1f0f6f742046e45b50b6fec98860208a0-4059__code_normalization_abstraction,code_normalization_abstraction,0,parenthesized simple return expressions,preserved,low,Parenthesizes simple return expressions; the expression value and control flow are unchanged.,True,44,1023,9b3b7ad373a8
diversevul,diversevul-1970c2158b1ffa416d159d03c3370b9a462aee35-3941,diversevul-1970c2158b1ffa416d159d03c3370b9a462aee35-3941__code_normalization_abstraction,code_normalization_abstraction,0,parenthesized simple return expressions,preserved,low,Parenthesizes simple return expressions; the expression value and control flow are unchanged.,True,118,5398,64a6a0f0823c
diversevul,diversevul-796dd28aaa6b9fa76d99c42c4d5ff8b257cc2191-3187,diversevul-796dd28aaa6b9fa76d99c42c4d5ff8b257cc2191-3187__code_normalization_abstraction,code_normalization_abstraction,0,parenthesized simple return expressions,preserved,low,Parenthesizes simple return expressions; the expression value and control flow are unchanged.,True,23,597,ff1628a85331
diversevul,diversevul-b000e169562697aa072600695d4f0c0412f94f4f-4800,diversevul-b000e169562697aa072600695d4f0c0412f94f4f-4800__code_normalization_abstraction,code_normalization_abstraction,0,parenthesized simple return expressions,preserved,low,Parenthesizes simple return expressions; the expression value and control flow are unchanged.,True,7,176,e4d2fc361f2f
diversevul,diversevul-51380baf17241728b6d48cdb84140b931e3e3cc5-724,diversevul-51380baf17241728b6d48cdb84140b931e3e3cc5-724__code_normalization_abstraction,code_normalization_abstraction,0,parenthesized simple return expressions,preserved,low,Parenthesizes simple return expressions; the expression value and control flow are unchanged.,True,9,286,25978a953743
diversevul,diversevul-ab8a0ee8937256311e649a88e8ddd7c7f870ad59-650,diversevul-ab8a0ee8937256311e649a88e8ddd7c7f870ad59-650__code_normalization_abstraction,code_normalization_abstraction,0,parenthesized simple return expressions,preserved,low,Parenthesizes simple return expressions; the expression value and control flow are unchanged.,True,4,137,38039d5a2944
diversevul,diversevul-dd7633ecd553a5e304d349aa6f8eb8a0417098c5-2903,diversevul-dd7633ecd553a5e304d349aa6f8eb8a0417098c5-2903__code_normalization_abstraction,code_normalization_abstraction,0,parenthesized simple return expressions,preserved,low,Parenthesizes simple return expressions; the expression value and control flow are unchanged.,True,17,374,2bfffd0a2177
diversevul,diversevul-5c17c861a357e9458001f021a7afa7aab9937439-2583,diversevul-5c17c861a357e9458001f021a7afa7aab9937439-2583__code_normalization_abstraction,code_normalization_abstraction,0,parenthesized simple return expressions,preserved,low,Parenthesizes simple return expressions; the expression value and control flow are unchanged.,True,13,364,bdf8905fc261
diversevul,diversevul-a87f3fe01a5a894aa27ccd6a239155fd129988e4-212,diversevul-a87f3fe01a5a894aa27ccd6a239155fd129988e4-212__code_normalization_abstraction,code_normalization_abstraction,0,parenthesized simple return expressions,preserved,low,Parenthesizes simple return expressions; the expression value and control flow are unchanged.,True,10,241,dc8fdb1f9253
diversevul,diversevul-d2b9d2a5ad5ef04ff978c9923d19730cb05efd55-4935,diversevul-d2b9d2a5ad5ef04ff978c9923d19730cb05efd55-4935__code_normalization_abstraction,code_normalization_abstraction,0,parenthesized simple return expressions,preserved,low,Parenthesizes simple return expressions; the expression value and control flow are unchanged.,True,104,2944,f7fb62c9c45a
diversevul,diversevul-e677edbcabee849bfdd43f1602bccbecf736a646-3669,diversevul-e677edbcabee849bfdd43f1602bccbecf736a646-3669__code_normalization_abstraction,code_normalization_abstraction,0,parenthesized simple return expressions,preserved,low,Parenthesizes simple return expressions; the expression value and control flow are unchanged.,True,82,2381,9e0d807e382e
diversevul,diversevul-f8f55e1825ee5c7bdb3208fc7c5b54321d172732-4281,diversevul-f8f55e1825ee5c7bdb3208fc7c5b54321d172732-4281__code_normalization_abstraction,code_normalization_abstraction,0,parenthesized simple return expressions,preserved,low,Parenthesizes simple return expressions; the expression value and control flow are unchanged.,True,14,592,b546f9adb0c9
diversevul,diversevul-c8617100f359b217a974938c5539a1dd8a120b0e-1858,diversevul-c8617100f359b217a974938c5539a1dd8a120b0e-1858__code_normalization_abstraction,code_normalization_abstraction,0,parenthesized simple return expressions,preserved,low,Parenthesizes simple return expressions; the expression value and control flow are unchanged.,True,10,240,6fec6afdcf46
diversevul,diversevul-ac8003393569aba51048c9d67e1491559877b1d1-882,diversevul-ac8003393569aba51048c9d67e1491559877b1d1-882__code_normalization_abstraction,code_normalization_abstraction,0,parenthesized simple return expressions,preserved,low,Parenthesizes simple return expressions; the expression value and control flow are unchanged.,True,8,309,3a1a5dc2395a
diversevul,diversevul-744692dc059845b2a3022119871846e74d4f6e11-1801,diversevul-744692dc059845b2a3022119871846e74d4f6e11-1801__code_normalization_abstraction,code_normalization_abstraction,0,parenthesized simple return expressions,preserved,low,Parenthesizes simple return expressions; the expression value and control flow are unchanged.,True,250,7466,b7aaea2b317f
diversevul,diversevul-2813f38e021c6e6581c0c88fcf107e41788bc835-546,diversevul-2813f38e021c6e6581c0c88fcf107e41788bc835-546__code_normalization_abstraction,code_normalization_abstraction,0,parenthesized simple return expressions,preserved,low,Parenthesizes simple return expressions; the expression value and control flow are unchanged.,True,319,8059,51c53c56e75f
diversevul,diversevul-00cc7e28a3ed54b3b512ef3b58ea737a57acf1f9-4481,diversevul-00cc7e28a3ed54b3b512ef3b58ea737a57acf1f9-4481__comment_banner,comment_banner,0,comment inserted,preserved,low,Inserts a C/C++ block comment after the opening brace; comments are not executable.,True,26,511,930c34f9c16f
diversevul,diversevul-8844618d8aa7a9973e7b527d038a2a589665002c-17,diversevul-8844618d8aa7a9973e7b527d038a2a589665002c-17__comment_banner,comment_banner,0,comment inserted,preserved,low,Inserts a C/C++ block comment after the opening brace; comments are not executable.,True,139,3272,a87f1ae19a33
diversevul,diversevul-ea3d7209ca01da209cda6f0dea8be9cc4b7a933b-4869,diversevul-ea3d7209ca01da209cda6f0dea8be9cc4b7a933b-4869__comment_banner,comment_banner,0,comment inserted,preserved,low,Inserts a C/C++ block comment after the opening brace; comments are not executable.,True,60,1699,ba1a8b0a4aaf
diversevul,diversevul-619cb58dd90b4e03ac68286c70ed98acbefd1c90-4898,diversevul-619cb58dd90b4e03ac68286c70ed98acbefd1c90-4898__comment_banner,comment_banner,0,comment inserted,preserved,low,Inserts a C/C++ block comment after the opening brace; comments are not executable.,True,12,447,ae4177b924ac
diversevul,diversevul-b9b21acc766db54d8c337d508d0fe2f5bf2daab0-2905,diversevul-b9b21acc766db54d8c337d508d0fe2f5bf2daab0-2905__comment_banner,comment_banner,0,comment inserted,preserved,low,Inserts a C/C++ block comment after the opening brace; comments are not executable.,True,58,1769,f5b991c17803
diversevul,diversevul-77ed81c069e10b3861d88f72e1c6be1277ee7eae-3918,diversevul-77ed81c069e10b3861d88f72e1c6be1277ee7eae-3918__comment_banner,comment_banner,0,comment inserted,preserved,low,Inserts a C/C++ block comment after the opening brace; comments are not executable.,True,37,1490,2effa93b577b
diversevul,diversevul-6b7339f4c31ad69c8e9c0b2859276e22cf72176d-1813,diversevul-6b7339f4c31ad69c8e9c0b2859276e22cf72176d-1813__comment_banner,comment_banner,0,comment inserted,preserved,low,Inserts a C/C++ block comment after the opening brace; comments are not executable.,True,67,1893,62168fbbdbc1
diversevul,diversevul-a67083ff4b8dcbb7ee2839da6338032030d712b0-812,diversevul-a67083ff4b8dcbb7ee2839da6338032030d712b0-812__comment_banner,comment_banner,0,comment inserted,preserved,low,Inserts a C/C++ block comment after the opening brace; comments are not executable.,True,17,526,858925e57f33
diversevul,diversevul-4ec0ef3a82125efc36173062a50624550a900ae0-2495,diversevul-4ec0ef3a82125efc36173062a50624550a900ae0-2495__comment_banner,comment_banner,0,comment inserted,preserved,low,Inserts a C/C++ block comment after the opening brace; comments are not executable.,True,122,4109,811c4942c3d2
diversevul,diversevul-592fd47a6245508b79fe6ac819fe6d3b2c1289be-4637,diversevul-592fd47a6245508b79fe6ac819fe6d3b2c1289be-4637__comment_banner,comment_banner,0,comment inserted,preserved,low,Inserts a C/C++ block comment after the opening brace; comments are not executable.,True,43,933,b02a954439a8
diversevul,diversevul-cd1490fb5fe82cbe9172a43be13298001b446ecd-3622,diversevul-cd1490fb5fe82cbe9172a43be13298001b446ecd-3622__comment_banner,comment_banner,0,comment inserted,preserved,low,Inserts a C/C++ block comment after the opening brace; comments are not executable.,True,6,167,c9c79f623847
diversevul,diversevul-96b9bf8f74af8abf1e30054f996708db7dc285be-3139,diversevul-96b9bf8f74af8abf1e30054f996708db7dc285be-3139__comment_banner,comment_banner,0,comment inserted,preserved,low,Inserts a C/C++ block comment after the opening brace; comments are not executable.,True,159,5070,c4d287f3ae50
diversevul,diversevul-8cf30aa2be256eba07bb1cefb998c52326e846e7-1512,diversevul-8cf30aa2be256eba07bb1cefb998c52326e846e7-1512__comment_banner,comment_banner,0,comment inserted,preserved,low,Inserts a C/C++ block comment after the opening brace; comments are not executable.,True,6,284,cbaead44bbc1
diversevul,diversevul-9d31939e55280a733d930b15ac9e4dda4497680c-1987,diversevul-9d31939e55280a733d930b15ac9e4dda4497680c-1987__comment_banner,comment_banner,0,comment inserted,preserved,low,Inserts a C/C++ block comment after the opening brace; comments are not executable.,True,7,145,36fed08be1ec
diversevul,diversevul-1a5a9906d4e8d1976b701f889d8f35d54b928f25-2533,diversevul-1a5a9906d4e8d1976b701f889d8f35d54b928f25-2533__comment_banner,comment_banner,0,comment inserted,preserved,low,Inserts a C/C++ block comment after the opening brace; comments are not executable.,True,6,175,9b63fcce020e
diversevul,diversevul-97096297d409ec6f206298444ba00719607e8ba8-1503,diversevul-97096297d409ec6f206298444ba00719607e8ba8-1503__comment_banner,comment_banner,0,comment inserted,preserved,low,Inserts a C/C++ block comment after the opening brace; comments are not executable.,True,8,253,4699055434f4
diversevul,diversevul-0625b4ba1a5d4703c7fb01c497bd6c156908af00-4906,diversevul-0625b4ba1a5d4703c7fb01c497bd6c156908af00-4906__comment_banner,comment_banner,0,comment inserted,preserved,low,Inserts a C/C++ block comment after the opening brace; comments are not executable.,True,82,2832,7e6b4f04d386
diversevul,diversevul-e52393740334443ae0206cab2d7caef381646725-1111,diversevul-e52393740334443ae0206cab2d7caef381646725-1111__comment_banner,comment_banner,0,comment inserted,preserved,low,Inserts a C/C++ block comment after the opening brace; comments are not executable.,True,44,1012,77a5e38ab1e2
diversevul,diversevul-619cb58dd90b4e03ac68286c70ed98acbefd1c90-2233,diversevul-619cb58dd90b4e03ac68286c70ed98acbefd1c90-2233__comment_banner,comment_banner,0,comment inserted,preserved,low,Inserts a C/C++ block comment after the opening brace; comments are not executable.,True,78,3461,5d6eba7f0658
diversevul,diversevul-52b1526443c1f433087928291d1c3d37a5600515-2619,diversevul-52b1526443c1f433087928291d1c3d37a5600515-2619__comment_banner,comment_banner,0,comment inserted,preserved,low,Inserts a C/C++ block comment after the opening brace; comments are not executable.,True,8,207,4589b9bf05d3
diversevul,diversevul-0e49a495826ea9e29134c1bd54fdeb31a034f40c-1555,diversevul-0e49a495826ea9e29134c1bd54fdeb31a034f40c-1555__comment_banner,comment_banner,0,comment inserted,preserved,low,Inserts a C/C++ block comment after the opening brace; comments are not executable.,True,2,129,6ea28ed99b72
diversevul,diversevul-185152818541f5cdc059cbff3f3e8b654fc27c1d-225,diversevul-185152818541f5cdc059cbff3f3e8b654fc27c1d-225__comment_banner,comment_banner,0,comment inserted,preserved,low,Inserts a C/C++ block comment after the opening brace; comments are not executable.,True,17,530,975dcb9265bd
diversevul,diversevul-c3c1bb99d1c11978d9ce94d1bdcf0705378c1459-463,diversevul-c3c1bb99d1c11978d9ce94d1bdcf0705378c1459-463__comment_banner,comment_banner,0,comment inserted,preserved,low,Inserts a C/C++ block comment after the opening brace; comments are not executable.,True,20,592,bde42def2f1c
diversevul,diversevul-348b1447d1452f978b69631d6de5b08dd3bdf79d-2856,diversevul-348b1447d1452f978b69631d6de5b08dd3bdf79d-2856__comment_banner,comment_banner,0,comment inserted,preserved,low,Inserts a C/C++ block comment after the opening brace; comments are not executable.,True,368,13076,bd9fce0f5bac
diversevul,diversevul-4905ef1130feb26c3150b28b97e4a96752e0d399-1366,diversevul-4905ef1130feb26c3150b28b97e4a96752e0d399-1366__comment_banner,comment_banner,0,comment inserted,preserved,low,Inserts a C/C++ block comment after the opening brace; comments are not executable.,True,17,746,6e147a7b21ed
diversevul,diversevul-b497b5942a8beb8f89ca1c359c54ad67ec843055-717,diversevul-b497b5942a8beb8f89ca1c359c54ad67ec843055-717__comment_banner,comment_banner,0,comment inserted,preserved,low,Inserts a C/C++ block comment after the opening brace; comments are not executable.,True,5,123,e4a803ed3f2b
diversevul,diversevul-fe46889f7baa75fc8e6c0fcde87706d396ce1461-2108,diversevul-fe46889f7baa75fc8e6c0fcde87706d396ce1461-2108__comment_banner,comment_banner,0,comment inserted,preserved,low,Inserts a C/C++ block comment after the opening brace; comments are not executable.,True,17,292,662f4cfffe30
diversevul,diversevul-aecd0ada163a4d6c769cec178955d5f3e9316f2f-666,diversevul-aecd0ada163a4d6c769cec178955d5f3e9316f2f-666__comment_banner,comment_banner,0,comment inserted,preserved,low,Inserts a C/C++ block comment after the opening brace; comments are not executable.,True,49,1572,e32f1a0109b1
diversevul,diversevul-fe9c842695e26d8116b61b80bfb905356f07834b-1507,diversevul-fe9c842695e26d8116b61b80bfb905356f07834b-1507__comment_banner,comment_banner,0,comment inserted,preserved,low,Inserts a C/C++ block comment after the opening brace; comments are not executable.,True,61,1380,89198dfbc78c
diversevul,diversevul-af810407f78b7f792a9bb8c47c8c532eb3b3a758-539,diversevul-af810407f78b7f792a9bb8c47c8c532eb3b3a758-539__comment_banner,comment_banner,0,comment inserted,preserved,low,Inserts a C/C++ block comment after the opening brace; comments are not executable.,True,17,605,7e5043749328
diversevul,diversevul-4ab42d78e37a294ac7bc56901d563c642e03c4ae-1756,diversevul-4ab42d78e37a294ac7bc56901d563c642e03c4ae-1756__comment_banner,comment_banner,0,comment inserted,preserved,low,Inserts a C/C++ block comment after the opening brace; comments are not executable.,True,9,234,86a6d47d4edf
diversevul,diversevul-fb013ec666759cb8a9e294347c7b4c1f597639cc-511,diversevul-fb013ec666759cb8a9e294347c7b4c1f597639cc-511__comment_banner,comment_banner,0,comment inserted,preserved,low,Inserts a C/C++ block comment after the opening brace; comments are not executable.,True,31,780,9a8a04ec4e29
diversevul,diversevul-f8f55e1825ee5c7bdb3208fc7c5b54321d172732-4281,diversevul-f8f55e1825ee5c7bdb3208fc7c5b54321d172732-4281__comment_banner,comment_banner,0,comment inserted,preserved,low,Inserts a C/C++ block comment after the opening brace; comments are not executable.,True,15,629,4fb024debfad
diversevul,diversevul-c8617100f359b217a974938c5539a1dd8a120b0e-4558,diversevul-c8617100f359b217a974938c5539a1dd8a120b0e-4558__comment_banner,comment_banner,0,comment inserted,preserved,low,Inserts a C/C++ block comment after the opening brace; comments are not executable.,True,10,289,6f7ab7722cb6
diversevul,diversevul-3b4929f65b0d8249f19a50245cd88ed1a2f78cff-316,diversevul-3b4929f65b0d8249f19a50245cd88ed1a2f78cff-316__comment_banner,comment_banner,0,comment inserted,preserved,low,Inserts a C/C++ block comment after the opening brace; comments are not executable.,True,9,252,577b1755423f
diversevul,diversevul-a0ad220c96692eda76b2e3fd7279f3dcd1d8a8ff-2759,diversevul-a0ad220c96692eda76b2e3fd7279f3dcd1d8a8ff-2759__comment_banner,comment_banner,0,comment inserted,preserved,low,Inserts a C/C++ block comment after the opening brace; comments are not executable.,True,16,365,6d4cf1986909
diversevul,diversevul-55749769fe608fa3f4a075e42e89d237c8e37637-1247,diversevul-55749769fe608fa3f4a075e42e89d237c8e37637-1247__comment_banner,comment_banner,0,comment inserted,preserved,low,Inserts a C/C++ block comment after the opening brace; comments are not executable.,True,8,230,8414eb1bffd6
diversevul,diversevul-1de07da61f0c8e9926dcbd68119f73230dae283f-1952,diversevul-1de07da61f0c8e9926dcbd68119f73230dae283f-1952__comment_banner,comment_banner,0,comment inserted,preserved,low,Inserts a C/C++ block comment after the opening brace; comments are not executable.,True,101,2093,743cc74d812b
diversevul,diversevul-b4487b93545214a9db8cbf32e86411677b0cca21-2783,diversevul-b4487b93545214a9db8cbf32e86411677b0cca21-2783__comment_banner,comment_banner,0,comment inserted,preserved,low,Inserts a C/C++ block comment after the opening brace; comments are not executable.,True,18,493,8e4cc5920eb8
diversevul,diversevul-804b6b6db4dcfc590a468e7be390738f9f7755fb-4692,diversevul-804b6b6db4dcfc590a468e7be390738f9f7755fb-4692__comment_banner,comment_banner,0,comment inserted,preserved,low,Inserts a C/C++ block comment after the opening brace; comments are not executable.,True,41,1519,a93d4b338d5e
diversevul,diversevul-1970c2158b1ffa416d159d03c3370b9a462aee35-24,diversevul-1970c2158b1ffa416d159d03c3370b9a462aee35-24__control_flow_rewrite,control_flow_rewrite,0,inverted simple returning if/else,preserved_with_precondition,medium,Inverts a restricted returning if/else pattern where both branches return; branch conditions and returned expressions are preserved.,True,6,143,47dd869644cc
diversevul,diversevul-37bc691e7d26ea4eb61a8a434ebd7a9ae76225ab-230,diversevul-37bc691e7d26ea4eb61a8a434ebd7a9ae76225ab-230__control_flow_rewrite,control_flow_rewrite,0,inverted simple returning if/else,preserved_with_precondition,medium,Inverts a restricted returning if/else pattern where both branches return; branch conditions and returned expressions are preserved.,True,7,131,9be160099fc6
diversevul,diversevul-070b4595981f48a21cc6b4f5047fdc2d09d3da91-1341,diversevul-070b4595981f48a21cc6b4f5047fdc2d09d3da91-1341__control_flow_rewrite,control_flow_rewrite,0,inverted simple returning if/else,preserved_with_precondition,medium,Inverts a restricted returning if/else pattern where both branches return; branch conditions and returned expressions are preserved.,True,7,135,caa65914c8b9
diversevul,diversevul-f9c2bf73adb2ede0a486b0db466c264f2b27e0bb-1833,diversevul-f9c2bf73adb2ede0a486b0db466c264f2b27e0bb-1833__control_flow_rewrite,control_flow_rewrite,0,inverted simple returning if/else,preserved_with_precondition,medium,Inverts a restricted returning if/else pattern where both branches return; branch conditions and returned expressions are preserved.,True,157,3947,e24caf452c15
diversevul,diversevul-df78c48354f376cf419d7a97f88ca07d572f00fb-1974,diversevul-df78c48354f376cf419d7a97f88ca07d572f00fb-1974__control_flow_rewrite,control_flow_rewrite,0,inverted simple returning if/else,preserved_with_precondition,medium,Inverts a restricted returning if/else pattern where both branches return; branch conditions and returned expressions are preserved.,True,9,175,2cbaf26dd6ed
diversevul,diversevul-ecebcc035ccd8d0e2984fe41420d9e944f456b3c-2828,diversevul-ecebcc035ccd8d0e2984fe41420d9e944f456b3c-2828__control_flow_rewrite,control_flow_rewrite,0,inverted simple returning if/else,preserved_with_precondition,medium,Inverts a restricted returning if/else pattern where both branches return; branch conditions and returned expressions are preserved.,True,85,3091,47cb7068cc78
diversevul,diversevul-026aeffcb4752054830ba203020ed6eb05bcaba8-3214,diversevul-026aeffcb4752054830ba203020ed6eb05bcaba8-3214__control_flow_rewrite,control_flow_rewrite,0,inverted simple returning if/else,preserved_with_precondition,medium,Inverts a restricted returning if/else pattern where both branches return; branch conditions and returned expressions are preserved.,True,10,277,556c2d2e133e
diversevul,diversevul-1f097d168d9cad473dd44010a337c1413a9cd198-3645,diversevul-1f097d168d9cad473dd44010a337c1413a9cd198-3645__control_flow_rewrite,control_flow_rewrite,0,inverted simple returning if/else,preserved_with_precondition,medium,Inverts a restricted returning if/else pattern where both branches return; branch conditions and returned expressions are preserved.,True,48,1860,26f7e0f1e03e
diversevul,diversevul-5b048e87e4e55990dae6b547add4dae59f4e1c76-3650,diversevul-5b048e87e4e55990dae6b547add4dae59f4e1c76-3650__control_flow_rewrite,control_flow_rewrite,0,inverted simple returning if/else,preserved_with_precondition,medium,Inverts a restricted returning if/else pattern where both branches return; branch conditions and returned expressions are preserved.,True,7,263,b116f31bff2f
diversevul,diversevul-f1ce8d5f5839cb2069ea37ff424fb96b8cd6932d-3747,diversevul-f1ce8d5f5839cb2069ea37ff424fb96b8cd6932d-3747__control_flow_rewrite,control_flow_rewrite,0,inverted simple returning if/else,preserved_with_precondition,medium,Inverts a restricted returning if/else pattern where both branches return; branch conditions and returned expressions are preserved.,True,13,273,fae9e68d0d17
diversevul,diversevul-070b4595981f48a21cc6b4f5047fdc2d09d3da91-4341,diversevul-070b4595981f48a21cc6b4f5047fdc2d09d3da91-4341__control_flow_rewrite,control_flow_rewrite,0,inverted simple returning if/else,preserved_with_precondition,medium,Inverts a restricted returning if/else pattern where both branches return; branch conditions and returned expressions are preserved.,True,11,353,befc752ba71c
diversevul,diversevul-1772b9a0393b55e6a280a35e8f0a1f75c014f301-4572,diversevul-1772b9a0393b55e6a280a35e8f0a1f75c014f301-4572__control_flow_rewrite,control_flow_rewrite,0,inverted simple returning if/else,preserved_with_precondition,medium,Inverts a restricted returning if/else pattern where both branches return; branch conditions and returned expressions are preserved.,True,15,749,10a08e85caec
diversevul,diversevul-be0726d33cb8f411945884664924bed3cb8c70ee-3285,diversevul-be0726d33cb8f411945884664924bed3cb8c70ee-3285__dead_branch_after_opening_brace,dead_branch_after_opening_brace,0,unreachable branch inserted,preserved_with_precondition,low,Adds an unreachable if(0) branch immediately after the opening brace; the branch is syntactically isolated and never executes.,True,16,397,db4f72a61b80
diversevul,diversevul-3318a386e4ca68c76e0294363d29bdc46fcad670-858,diversevul-3318a386e4ca68c76e0294363d29bdc46fcad670-858__dead_branch_after_opening_brace,dead_branch_after_opening_brace,0,unreachable branch inserted,preserved_with_precondition,low,Adds an unreachable if(0) branch immediately after the opening brace; the branch is syntactically isolated and never executes.,True,6,135,44773817acb8
diversevul,diversevul-34348d9ee4db15307c6c42db294419b4df569f76-2040,diversevul-34348d9ee4db15307c6c42db294419b4df569f76-2040__dead_branch_after_opening_brace,dead_branch_after_opening_brace,1,unreachable branch inserted,preserved_with_precondition,low,Adds an unreachable if(0) branch immediately after the opening brace; the branch is syntactically isolated and never executes.,True,8,242,349e0cf6cb10
diversevul,diversevul-0185604c2d82c560dab2f2933a18f797e74ab5a8-3970,diversevul-0185604c2d82c560dab2f2933a18f797e74ab5a8-3970__dead_branch_after_opening_brace,dead_branch_after_opening_brace,0,unreachable branch inserted,preserved_with_precondition,low,Adds an unreachable if(0) branch immediately after the opening brace; the branch is syntactically isolated and never executes.,True,9,316,325d8785c00a
diversevul,diversevul-6ce71d8aa3dafe3cdb52d5d72ae8f4b95916f939-154,diversevul-6ce71d8aa3dafe3cdb52d5d72ae8f4b95916f939-154__dead_branch_after_opening_brace,dead_branch_after_opening_brace,0,unreachable branch inserted,preserved_with_precondition,low,Adds an unreachable if(0) branch immediately after the opening brace; the branch is syntactically isolated and never executes.,True,180,6487,5dd3e9f4c2bc
diversevul,diversevul-89f5b7da2a6bad2e84670422ab8192382a5aeb9f-3864,diversevul-89f5b7da2a6bad2e84670422ab8192382a5aeb9f-3864__dead_branch_after_opening_brace,dead_branch_after_opening_brace,0,unreachable branch inserted,preserved_with_precondition,low,Adds an unreachable if(0) branch immediately after the opening brace; the branch is syntactically isolated and never executes.,True,42,902,fff21dd645e3
diversevul,diversevul-34c95743ca692ea0e44778e41a7c0a129363de84-2058,diversevul-34c95743ca692ea0e44778e41a7c0a129363de84-2058__dead_branch_after_opening_brace,dead_branch_after_opening_brace,1,unreachable branch inserted,preserved_with_precondition,low,Adds an unreachable if(0) branch immediately after the opening brace; the branch is syntactically isolated and never executes.,True,11,294,fea5b62b2d59
diversevul,diversevul-4f9fdc709c4861c390cd84e2ed1fd878b3442e28-1346,diversevul-4f9fdc709c4861c390cd84e2ed1fd878b3442e28-1346__dead_branch_after_opening_brace,dead_branch_after_opening_brace,0,unreachable branch inserted,preserved_with_precondition,low,Adds an unreachable if(0) branch immediately after the opening brace; the branch is syntactically isolated and never executes.,True,51,1495,63a47830a8e6
diversevul,diversevul-5519724a13664b43e225ca05351c60b4468e4555-4420,diversevul-5519724a13664b43e225ca05351c60b4468e4555-4420__dead_branch_after_opening_brace,dead_branch_after_opening_brace,0,unreachable branch inserted,preserved_with_precondition,low,Adds an unreachable if(0) branch immediately after the opening brace; the branch is syntactically isolated and never executes.,True,8,279,ef5314f086b5
diversevul,diversevul-5aba27604d957e960d8069d85ccaf868f8a7b07a-4743,diversevul-5aba27604d957e960d8069d85ccaf868f8a7b07a-4743__dead_branch_after_opening_brace,dead_branch_after_opening_brace,0,unreachable branch inserted,preserved_with_precondition,low,Adds an unreachable if(0) branch immediately after the opening brace; the branch is syntactically isolated and never executes.,True,30,1049,b7d552f1603e
diversevul,diversevul-a56ae87a4c1c1fead7d09c3653905841ccccf1cc-4333,diversevul-a56ae87a4c1c1fead7d09c3653905841ccccf1cc-4333__dead_branch_after_opening_brace,dead_branch_after_opening_brace,0,unreachable branch inserted,preserved_with_precondition,low,Adds an unreachable if(0) branch immediately after the opening brace; the branch is syntactically isolated and never executes.,True,66,1893,c4628909f02f
diversevul,diversevul-f1ce8d5f5839cb2069ea37ff424fb96b8cd6932d-3905,diversevul-f1ce8d5f5839cb2069ea37ff424fb96b8cd6932d-3905__dead_branch_after_opening_brace,dead_branch_after_opening_brace,0,unreachable branch inserted,preserved_with_precondition,low,Adds an unreachable if(0) branch immediately after the opening brace; the branch is syntactically isolated and never executes.,True,6,220,78667641a024
diversevul,diversevul-f00890eecdf8365ea125ac16769a83aa6b68792d-2428,diversevul-f00890eecdf8365ea125ac16769a83aa6b68792d-2428__dead_branch_after_opening_brace,dead_branch_after_opening_brace,0,unreachable branch inserted,preserved_with_precondition,low,Adds an unreachable if(0) branch immediately after the opening brace; the branch is syntactically isolated and never executes.,True,28,881,63acbcf18ba0
diversevul,diversevul-035c8587c0d8d307e45f1b7171a0d337bb451f1e-3323,diversevul-035c8587c0d8d307e45f1b7171a0d337bb451f1e-3323__dead_branch_after_opening_brace,dead_branch_after_opening_brace,0,unreachable branch inserted,preserved_with_precondition,low,Adds an unreachable if(0) branch immediately after the opening brace; the branch is syntactically isolated and never executes.,True,6,255,3b04aad5797b
diversevul,diversevul-52b1526443c1f433087928291d1c3d37a5600515-2411,diversevul-52b1526443c1f433087928291d1c3d37a5600515-2411__dead_branch_after_opening_brace,dead_branch_after_opening_brace,0,unreachable branch inserted,preserved_with_precondition,low,Adds an unreachable if(0) branch immediately after the opening brace; the branch is syntactically isolated and never executes.,True,12,277,72cee3793c57
diversevul,diversevul-65a9b1aa03c9bc2dc01b074295b9603232cb3b78-3597,diversevul-65a9b1aa03c9bc2dc01b074295b9603232cb3b78-3597__dead_branch_after_opening_brace,dead_branch_after_opening_brace,0,unreachable branch inserted,preserved_with_precondition,low,Adds an unreachable if(0) branch immediately after the opening brace; the branch is syntactically isolated and never executes.,True,6,141,44518360bec1
diversevul,diversevul-f91fbe3d94c8346884271838ae3406ae633f6f15-899,diversevul-f91fbe3d94c8346884271838ae3406ae633f6f15-899__dead_branch_after_opening_brace,dead_branch_after_opening_brace,0,unreachable branch inserted,preserved_with_precondition,low,Adds an unreachable if(0) branch immediately after the opening brace; the branch is syntactically isolated and never executes.,True,54,1089,f4fffbed0a1c
diversevul,diversevul-a06247c6804f1a7c86a2e5398a4c1f1db1471848-3499,diversevul-a06247c6804f1a7c86a2e5398a4c1f1db1471848-3499__dead_branch_after_opening_brace,dead_branch_after_opening_brace,0,unreachable branch inserted,preserved_with_precondition,low,Adds an unreachable if(0) branch immediately after the opening brace; the branch is syntactically isolated and never executes.,True,39,918,eb5636940804
diversevul,diversevul-4472c3a5a5b516aaf59b89be602fbce52756c3e9-3229,diversevul-4472c3a5a5b516aaf59b89be602fbce52756c3e9-3229__dead_branch_after_opening_brace,dead_branch_after_opening_brace,0,unreachable branch inserted,preserved_with_precondition,low,Adds an unreachable if(0) branch immediately after the opening brace; the branch is syntactically isolated and never executes.,True,24,553,9b6348e91a5c
diversevul,diversevul-bdfe457a2c1b47209e32783b3a6447e81baf179a-4235,diversevul-bdfe457a2c1b47209e32783b3a6447e81baf179a-4235__dead_branch_after_opening_brace,dead_branch_after_opening_brace,0,unreachable branch inserted,preserved_with_precondition,low,Adds an unreachable if(0) branch immediately after the opening brace; the branch is syntactically isolated and never executes.,True,32,713,dd23e39ea3a1
diversevul,diversevul-53d8c8f3d181d87a6aa925b449b51c4a2c922a51-1556,diversevul-53d8c8f3d181d87a6aa925b449b51c4a2c922a51-1556__dead_branch_after_opening_brace,dead_branch_after_opening_brace,0,unreachable branch inserted,preserved_with_precondition,low,Adds an unreachable if(0) branch immediately after the opening brace; the branch is syntactically isolated and never executes.,True,19,1018,8c89992cd3b8
diversevul,diversevul-f88eb7c0d002a67ef31aeb7850b42ff69abc46dc-4951,diversevul-f88eb7c0d002a67ef31aeb7850b42ff69abc46dc-4951__dead_branch_after_opening_brace,dead_branch_after_opening_brace,0,unreachable branch inserted,preserved_with_precondition,low,Adds an unreachable if(0) branch immediately after the opening brace; the branch is syntactically isolated and never executes.,True,60,1336,8312b86e1f18
diversevul,diversevul-6e5ae7a109cdfa9735ea7ccbd8cb79f9e8d3ae8b-1750,diversevul-6e5ae7a109cdfa9735ea7ccbd8cb79f9e8d3ae8b-1750__dead_branch_after_opening_brace,dead_branch_after_opening_brace,0,unreachable branch inserted,preserved_with_precondition,low,Adds an unreachable if(0) branch immediately after the opening brace; the branch is syntactically isolated and never executes.,True,14,407,8fd339ee64c7
diversevul,diversevul-34c95743ca692ea0e44778e41a7c0a129363de84-4864,diversevul-34c95743ca692ea0e44778e41a7c0a129363de84-4864__dead_branch_after_opening_brace,dead_branch_after_opening_brace,0,unreachable branch inserted,preserved_with_precondition,low,Adds an unreachable if(0) branch immediately after the opening brace; the branch is syntactically isolated and never executes.,True,115,4525,f39dde7c8198
diversevul,diversevul-e52393740334443ae0206cab2d7caef381646725-4001,diversevul-e52393740334443ae0206cab2d7caef381646725-4001__dead_branch_after_opening_brace,dead_branch_after_opening_brace,0,unreachable branch inserted,preserved_with_precondition,low,Adds an unreachable if(0) branch immediately after the opening brace; the branch is syntactically isolated and never executes.,True,13,299,c9953ddb3568
diversevul,diversevul-67bfd9feeecfb3c61d80f0e46d89c170fbee682b-4515,diversevul-67bfd9feeecfb3c61d80f0e46d89c170fbee682b-4515__dead_branch_after_opening_brace,dead_branch_after_opening_brace,1,unreachable branch inserted,preserved_with_precondition,low,Adds an unreachable if(0) branch immediately after the opening brace; the branch is syntactically isolated and never executes.,True,50,2323,6a2931cf78f8
diversevul,diversevul-f162ecdea0dda5dbbdb45503c1d55d9afaa41d44-2130,diversevul-f162ecdea0dda5dbbdb45503c1d55d9afaa41d44-2130__dead_branch_after_opening_brace,dead_branch_after_opening_brace,0,unreachable branch inserted,preserved_with_precondition,low,Adds an unreachable if(0) branch immediately after the opening brace; the branch is syntactically isolated and never executes.,True,16,407,10e2f21c16b2
diversevul,diversevul-db132b4731a9b4c9534144ba3a18e65b390e9ff6-2181,diversevul-db132b4731a9b4c9534144ba3a18e65b390e9ff6-2181__dead_branch_after_opening_brace,dead_branch_after_opening_brace,0,unreachable branch inserted,preserved_with_precondition,low,Adds an unreachable if(0) branch immediately after the opening brace; the branch is syntactically isolated and never executes.,True,6,185,d5015cd7affe
diversevul,diversevul-58bc3a942f198a1a8788553ca72c19d7c1702b74-3806,diversevul-58bc3a942f198a1a8788553ca72c19d7c1702b74-3806__dead_branch_after_opening_brace,dead_branch_after_opening_brace,0,unreachable branch inserted,preserved_with_precondition,low,Adds an unreachable if(0) branch immediately after the opening brace; the branch is syntactically isolated and never executes.,True,45,1421,4614a7db267a
diversevul,diversevul-fce0b267446d6f3f631bb4680ebc3527bbbea002-462,diversevul-fce0b267446d6f3f631bb4680ebc3527bbbea002-462__dead_branch_after_opening_brace,dead_branch_after_opening_brace,0,unreachable branch inserted,preserved_with_precondition,low,Adds an unreachable if(0) branch immediately after the opening brace; the branch is syntactically isolated and never executes.,True,55,2161,34b82b152e9c
diversevul,diversevul-de1e67d0703894cb6ea782e36abb63976ab07e60-827,diversevul-de1e67d0703894cb6ea782e36abb63976ab07e60-827__dead_branch_after_opening_brace,dead_branch_after_opening_brace,0,unreachable branch inserted,preserved_with_precondition,low,Adds an unreachable if(0) branch immediately after the opening brace; the branch is syntactically isolated and never executes.,True,34,819,c0f2a99e1635
diversevul,diversevul-c784e5249e773689e38d2bc1749f08b986621a26-1724,diversevul-c784e5249e773689e38d2bc1749f08b986621a26-1724__dead_branch_after_opening_brace,dead_branch_after_opening_brace,0,unreachable branch inserted,preserved_with_precondition,low,Adds an unreachable if(0) branch immediately after the opening brace; the branch is syntactically isolated and never executes.,True,23,567,1e0b853a3954
diversevul,diversevul-a612769774a30e4fc143c4cb6395c12573415660-369,diversevul-a612769774a30e4fc143c4cb6395c12573415660-369__dead_branch_after_opening_brace,dead_branch_after_opening_brace,0,unreachable branch inserted,preserved_with_precondition,low,Adds an unreachable if(0) branch immediately after the opening brace; the branch is syntactically isolated and never executes.,True,39,997,dffefc972649
diversevul,diversevul-bcf3b67d16a4c8ffae0aa79de5853435e683945c-2387,diversevul-bcf3b67d16a4c8ffae0aa79de5853435e683945c-2387__dead_branch_after_opening_brace,dead_branch_after_opening_brace,0,unreachable branch inserted,preserved_with_precondition,low,Adds an unreachable if(0) branch immediately after the opening brace; the branch is syntactically isolated and never executes.,True,12,249,8e83827de9a3
diversevul,diversevul-5ba77222e9fe7af8ff403816b5338b18b342053c-4416,diversevul-5ba77222e9fe7af8ff403816b5338b18b342053c-4416__dead_branch_after_opening_brace,dead_branch_after_opening_brace,0,unreachable branch inserted,preserved_with_precondition,low,Adds an unreachable if(0) branch immediately after the opening brace; the branch is syntactically isolated and never executes.,True,49,1709,7d4d0a7f273d
diversevul,diversevul-0e2b44af619e46e365971ea52b97457bc0778cd3-3490,diversevul-0e2b44af619e46e365971ea52b97457bc0778cd3-3490__dead_branch_after_opening_brace,dead_branch_after_opening_brace,0,unreachable branch inserted,preserved_with_precondition,low,Adds an unreachable if(0) branch immediately after the opening brace; the branch is syntactically isolated and never executes.,True,18,489,a8f9c3ec2320
diversevul,diversevul-f3c1863aa2721343245b63ac7bd68cfdc3dd41f3-3266,diversevul-f3c1863aa2721343245b63ac7bd68cfdc3dd41f3-3266__dead_branch_after_opening_brace,dead_branch_after_opening_brace,0,unreachable branch inserted,preserved_with_precondition,low,Adds an unreachable if(0) branch immediately after the opening brace; the branch is syntactically isolated and never executes.,True,23,596,6ba8c23d3ec2
diversevul,diversevul-cd38bb4d83c942c4bad596835c6766cbf32e5195-4791,diversevul-cd38bb4d83c942c4bad596835c6766cbf32e5195-4791__dead_branch_after_opening_brace,dead_branch_after_opening_brace,1,unreachable branch inserted,preserved_with_precondition,low,Adds an unreachable if(0) branch immediately after the opening brace; the branch is syntactically isolated and never executes.,True,53,1424,b20cd7134c2c
diversevul,diversevul-5d069dbe8aaf2a197142558b6fb2978189ba3454-4495,diversevul-5d069dbe8aaf2a197142558b6fb2978189ba3454-4495__dead_branch_after_opening_brace,dead_branch_after_opening_brace,0,unreachable branch inserted,preserved_with_precondition,low,Adds an unreachable if(0) branch immediately after the opening brace; the branch is syntactically isolated and never executes.,True,27,712,6c22d5d518af
diversevul,diversevul-2d8a041b7bfe1097af21441cb77d6af95f4f4680-1463,diversevul-2d8a041b7bfe1097af21441cb77d6af95f4f4680-1463__dead_branch_after_opening_brace,dead_branch_after_opening_brace,0,unreachable branch inserted,preserved_with_precondition,low,Adds an unreachable if(0) branch immediately after the opening brace; the branch is syntactically isolated and never executes.,True,3,137,692131d3c8f6
diversevul,diversevul-3b84ffcbacf144ce35650df958432f472b6483f8-2890,diversevul-3b84ffcbacf144ce35650df958432f472b6483f8-2890__identifier_renaming,identifier_renaming,0,renamed simple identifier,preserved_with_precondition,medium,Applies deterministic local identifier renaming under the transformation preconditions; external symbols and keywords are left unchanged.,True,100,3527,aca3b51e0e63
diversevul,diversevul-e9ce0d64faf19fa4e9c260250fbdf25e3c11e152-3863,diversevul-e9ce0d64faf19fa4e9c260250fbdf25e3c11e152-3863__identifier_renaming,identifier_renaming,0,renamed simple identifier,preserved_with_precondition,medium,Applies deterministic local identifier renaming under the transformation preconditions; external symbols and keywords are left unchanged.,True,183,9174,24b9e6f6ad26
diversevul,diversevul-1d2f7b2d956e242179aaf4a08f3545f99c81f9a3-931,diversevul-1d2f7b2d956e242179aaf4a08f3545f99c81f9a3-931__identifier_renaming,identifier_renaming,0,renamed simple identifier,preserved_with_precondition,medium,Applies deterministic local identifier renaming under the transformation preconditions; external symbols and keywords are left unchanged.,True,131,3667,9b920c8e7e7e
diversevul,diversevul-28d032cc688ccfda18c5bbcab8b50aba6e18cde5-2086,diversevul-28d032cc688ccfda18c5bbcab8b50aba6e18cde5-2086__identifier_renaming,identifier_renaming,0,renamed simple identifier,preserved_with_precondition,medium,Applies deterministic local identifier renaming under the transformation preconditions; external symbols and keywords are left unchanged.,True,24,546,68c29248d106
diversevul,diversevul-17137d4ab1ce81a2cee0fae842340a344ef3da83-270,diversevul-17137d4ab1ce81a2cee0fae842340a344ef3da83-270__identifier_renaming,identifier_renaming,0,renamed simple identifier,preserved_with_precondition,medium,Applies deterministic local identifier renaming under the transformation preconditions; external symbols and keywords are left unchanged.,True,85,3241,21e7d9093f1e
diversevul,diversevul-4cc27823899e070268b906ca677ee838d07cf67a-2726,diversevul-4cc27823899e070268b906ca677ee838d07cf67a-2726__identifier_renaming,identifier_renaming,0,renamed simple identifier,preserved_with_precondition,medium,Applies deterministic local identifier renaming under the transformation preconditions; external symbols and keywords are left unchanged.,True,15,510,5a71a2f7865c
diversevul,diversevul-cced03dd667a5df6df8fd40d8de0bff477ee02e8-4742,diversevul-cced03dd667a5df6df8fd40d8de0bff477ee02e8-4742__identifier_renaming,identifier_renaming,0,renamed simple identifier,preserved_with_precondition,medium,Applies deterministic local identifier renaming under the transformation preconditions; external symbols and keywords are left unchanged.,True,106,4990,d07e10a4bdc5
diversevul,diversevul-0dd1a733e60cf5239c0a185d4219ba2ef1118a8b-4787,diversevul-0dd1a733e60cf5239c0a185d4219ba2ef1118a8b-4787__identifier_renaming,identifier_renaming,0,renamed simple identifier,preserved_with_precondition,medium,Applies deterministic local identifier renaming under the transformation preconditions; external symbols and keywords are left unchanged.,True,39,1076,302730c82982
diversevul,diversevul-21c856b75d81eff61aa63b4f036bb64a85bf6d46-4842,diversevul-21c856b75d81eff61aa63b4f036bb64a85bf6d46-4842__identifier_renaming,identifier_renaming,0,renamed simple identifier,preserved_with_precondition,medium,Applies deterministic local identifier renaming under the transformation preconditions; external symbols and keywords are left unchanged.,True,24,871,80a187c71f47
diversevul,diversevul-c432131c3fdb2143e148e8ba88555f7f7a63b25e-1324,diversevul-c432131c3fdb2143e148e8ba88555f7f7a63b25e-1324__identifier_renaming,identifier_renaming,0,renamed simple identifier,preserved_with_precondition,medium,Applies deterministic local identifier renaming under the transformation preconditions; external symbols and keywords are left unchanged.,True,62,3466,cd2a0d1972fe
diversevul,diversevul-3db1af1f370295ad5355b8f64b865a2a357bcac0-4098,diversevul-3db1af1f370295ad5355b8f64b865a2a357bcac0-4098__identifier_renaming,identifier_renaming,0,renamed simple identifier,preserved_with_precondition,medium,Applies deterministic local identifier renaming under the transformation preconditions; external symbols and keywords are left unchanged.,True,6,185,78585794c32d
diversevul,diversevul-da37ec8582266983d0ec4b7550ec907401ec441e-1454,diversevul-da37ec8582266983d0ec4b7550ec907401ec441e-1454__identifier_renaming,identifier_renaming,0,renamed simple identifier,preserved_with_precondition,medium,Applies deterministic local identifier renaming under the transformation preconditions; external symbols and keywords are left unchanged.,True,5,277,db20450a4160
diversevul,diversevul-08c7ab404f69d9c4ca6ca7a9cf7eec74c804f917-34,diversevul-08c7ab404f69d9c4ca6ca7a9cf7eec74c804f917-34__identifier_renaming,identifier_renaming,0,renamed simple identifier,preserved_with_precondition,medium,Applies deterministic local identifier renaming under the transformation preconditions; external symbols and keywords are left unchanged.,True,45,1451,bd723d1e06e4
diversevul,diversevul-edb251a7ef1602d20a5afcbf23f24afb163de63b-1845,diversevul-edb251a7ef1602d20a5afcbf23f24afb163de63b-1845__identifier_renaming,identifier_renaming,0,renamed simple identifier,preserved_with_precondition,medium,Applies deterministic local identifier renaming under the transformation preconditions; external symbols and keywords are left unchanged.,True,6,118,79bdd54c464f
diversevul,diversevul-7bced397510ab569d31de4c70b39e13355046387-3226,diversevul-7bced397510ab569d31de4c70b39e13355046387-3226__identifier_renaming,identifier_renaming,0,renamed simple identifier,preserved_with_precondition,medium,Applies deterministic local identifier renaming under the transformation preconditions; external symbols and keywords are left unchanged.,True,26,945,90cdd451bd39
diversevul,diversevul-554b56687a19300a75ec24184746b5512580c819-1110,diversevul-554b56687a19300a75ec24184746b5512580c819-1110__identifier_renaming,identifier_renaming,0,renamed simple identifier,preserved_with_precondition,medium,Applies deterministic local identifier renaming under the transformation preconditions; external symbols and keywords are left unchanged.,True,37,1594,8d4874672761
diversevul,diversevul-e1caf6fb74981da62039846931ebdffed71309d1-3127,diversevul-e1caf6fb74981da62039846931ebdffed71309d1-3127__identifier_renaming,identifier_renaming,0,renamed simple identifier,preserved_with_precondition,medium,Applies deterministic local identifier renaming under the transformation preconditions; external symbols and keywords are left unchanged.,True,8,254,23ae7d0a00b2
diversevul,diversevul-da37ec8582266983d0ec4b7550ec907401ec441e-4053,diversevul-da37ec8582266983d0ec4b7550ec907401ec441e-4053__identifier_renaming,identifier_renaming,0,renamed simple identifier,preserved_with_precondition,medium,Applies deterministic local identifier renaming under the transformation preconditions; external symbols and keywords are left unchanged.,True,62,2706,fa88d879d3b1
diversevul,diversevul-245608911698adb3472803856019bdd5670b6614-1426,diversevul-245608911698adb3472803856019bdd5670b6614-1426__identifier_renaming,identifier_renaming,0,renamed simple identifier,preserved_with_precondition,medium,Applies deterministic local identifier renaming under the transformation preconditions; external symbols and keywords are left unchanged.,True,68,2242,ffe54faa3712
diversevul,diversevul-9eda4b36a8695e4a0cd27bea28b9c173c68a01ec-326,diversevul-9eda4b36a8695e4a0cd27bea28b9c173c68a01ec-326__identifier_renaming,identifier_renaming,0,renamed simple identifier,preserved_with_precondition,medium,Applies deterministic local identifier renaming under the transformation preconditions; external symbols and keywords are left unchanged.,True,679,23448,db8a21e167ea
diversevul,diversevul-293d9d3f7565f01a9dc40b53259886832eaa2ace-2664,diversevul-293d9d3f7565f01a9dc40b53259886832eaa2ace-2664__identifier_renaming,identifier_renaming,1,renamed simple identifier,preserved_with_precondition,medium,Applies deterministic local identifier renaming under the transformation preconditions; external symbols and keywords are left unchanged.,True,58,1288,8012522d0443
diversevul,diversevul-30c731b487190c02afff3f036736a392eb60cd9a-335,diversevul-30c731b487190c02afff3f036736a392eb60cd9a-335__identifier_renaming,identifier_renaming,0,renamed simple identifier,preserved_with_precondition,medium,Applies deterministic local identifier renaming under the transformation preconditions; external symbols and keywords are left unchanged.,True,12,287,58c5341f4673
diversevul,diversevul-29d6455178a09e1dc340380c582b13356227e8df-1077,diversevul-29d6455178a09e1dc340380c582b13356227e8df-1077__identifier_renaming,identifier_renaming,0,renamed simple identifier,preserved_with_precondition,medium,Applies deterministic local identifier renaming under the transformation preconditions; external symbols and keywords are left unchanged.,True,12,428,c00b5f68ec32
diversevul,diversevul-39675f7a7c7e7702f7d5341f1e0d01db746543a0-1733,diversevul-39675f7a7c7e7702f7d5341f1e0d01db746543a0-1733__identifier_renaming,identifier_renaming,0,renamed simple identifier,preserved_with_precondition,medium,Applies deterministic local identifier renaming under the transformation preconditions; external symbols and keywords are left unchanged.,True,21,540,985daaba05c9
diversevul,diversevul-963c7df3e0c5266efff260d0dff757dfe03d3632-1947,diversevul-963c7df3e0c5266efff260d0dff757dfe03d3632-1947__identifier_renaming,identifier_renaming,0,renamed simple identifier,preserved_with_precondition,medium,Applies deterministic local identifier renaming under the transformation preconditions; external symbols and keywords are left unchanged.,True,39,702,8a438e46d938
diversevul,diversevul-863d31ae775d56b785dc5b0105b6d251515d81d5-1781,diversevul-863d31ae775d56b785dc5b0105b6d251515d81d5-1781__identifier_renaming,identifier_renaming,0,renamed simple identifier,preserved_with_precondition,medium,Applies deterministic local identifier renaming under the transformation preconditions; external symbols and keywords are left unchanged.,True,8,141,55d9b933cda3
diversevul,diversevul-1cb3db1cf383a3c7dbda1aa0ce748b0958759947-3412,diversevul-1cb3db1cf383a3c7dbda1aa0ce748b0958759947-3412__identifier_renaming,identifier_renaming,0,renamed simple identifier,preserved_with_precondition,medium,Applies deterministic local identifier renaming under the transformation preconditions; external symbols and keywords are left unchanged.,True,10,247,c5e996edbb41
diversevul,diversevul-51093254bf879bc9ce96590400a87897c7498463-3950,diversevul-51093254bf879bc9ce96590400a87897c7498463-3950__identifier_renaming,identifier_renaming,0,renamed simple identifier,preserved_with_precondition,medium,Applies deterministic local identifier renaming under the transformation preconditions; external symbols and keywords are left unchanged.,True,27,577,00bfe6313438
diversevul,diversevul-c9b92530a723ac5ef8e352885a1862b18f31b2f5-3148,diversevul-c9b92530a723ac5ef8e352885a1862b18f31b2f5-3148__identifier_renaming,identifier_renaming,0,renamed simple identifier,preserved_with_precondition,medium,Applies deterministic local identifier renaming under the transformation preconditions; external symbols and keywords are left unchanged.,True,7,254,324a7f12d345
diversevul,diversevul-518ee3722a99d7f7d890db82a20bd81c1c0327fb-3482,diversevul-518ee3722a99d7f7d890db82a20bd81c1c0327fb-3482__identifier_renaming,identifier_renaming,0,renamed simple identifier,preserved_with_precondition,medium,Applies deterministic local identifier renaming under the transformation preconditions; external symbols and keywords are left unchanged.,True,4,153,8131eea501fa
diversevul,diversevul-c953baa084607dd1d84c3bfcce3cf6a87c3e6e05-3558,diversevul-c953baa084607dd1d84c3bfcce3cf6a87c3e6e05-3558__identifier_renaming,identifier_renaming,0,renamed simple identifier,preserved_with_precondition,medium,Applies deterministic local identifier renaming under the transformation preconditions; external symbols and keywords are left unchanged.,True,62,2447,394b6d623807
diversevul,diversevul-5f5bc6b1e2d5a6f827bc860ef2dc5b6f365d1339-4763,diversevul-5f5bc6b1e2d5a6f827bc860ef2dc5b6f365d1339-4763__identifier_renaming,identifier_renaming,0,renamed simple identifier,preserved_with_precondition,medium,Applies deterministic local identifier renaming under the transformation preconditions; external symbols and keywords are left unchanged.,True,33,988,3c10c697305e
diversevul,diversevul-5674b0057ff2903d43eaff802017eddf37c360f8-2196,diversevul-5674b0057ff2903d43eaff802017eddf37c360f8-2196__identifier_renaming,identifier_renaming,0,renamed simple identifier,preserved_with_precondition,medium,Applies deterministic local identifier renaming under the transformation preconditions; external symbols and keywords are left unchanged.,True,21,752,6755ee508671
diversevul,diversevul-4905ef1130feb26c3150b28b97e4a96752e0d399-1371,diversevul-4905ef1130feb26c3150b28b97e4a96752e0d399-1371__identifier_renaming,identifier_renaming,0,renamed simple identifier,preserved_with_precondition,medium,Applies deterministic local identifier renaming under the transformation preconditions; external symbols and keywords are left unchanged.,True,19,534,a48cff3e35a8
diversevul,diversevul-b7a0650e061b5418ab4a8f72c6e4b00317aff623-3321,diversevul-b7a0650e061b5418ab4a8f72c6e4b00317aff623-3321__identifier_renaming,identifier_renaming,0,renamed simple identifier,preserved_with_precondition,medium,Applies deterministic local identifier renaming under the transformation preconditions; external symbols and keywords are left unchanged.,True,32,976,e0c7df164382
diversevul,diversevul-fac8e0f579695a3ecbc4d3cac369139d7f819971-3757,diversevul-fac8e0f579695a3ecbc4d3cac369139d7f819971-3757__identifier_renaming,identifier_renaming,0,renamed simple identifier,preserved_with_precondition,medium,Applies deterministic local identifier renaming under the transformation preconditions; external symbols and keywords are left unchanged.,True,46,1095,7198163acece
diversevul,diversevul-aecd0ada163a4d6c769cec178955d5f3e9316f2f-666,diversevul-aecd0ada163a4d6c769cec178955d5f3e9316f2f-666__identifier_renaming,identifier_renaming,0,renamed simple identifier,preserved_with_precondition,medium,Applies deterministic local identifier renaming under the transformation preconditions; external symbols and keywords are left unchanged.,True,48,1541,9e437b11c2a3
diversevul,diversevul-4f9fdc709c4861c390cd84e2ed1fd878b3442e28-1346,diversevul-4f9fdc709c4861c390cd84e2ed1fd878b3442e28-1346__identifier_renaming,identifier_renaming,0,renamed simple identifier,preserved_with_precondition,medium,Applies deterministic local identifier renaming under the transformation preconditions; external symbols and keywords are left unchanged.,True,49,1448,28eda6d316b7
diversevul,diversevul-fdb9c9c03508990e4583046b590c30d958f272da-3660,diversevul-fdb9c9c03508990e4583046b590c30d958f272da-3660__identifier_renaming,identifier_renaming,0,renamed simple identifier,preserved_with_precondition,medium,Applies deterministic local identifier renaming under the transformation preconditions; external symbols and keywords are left unchanged.,True,21,638,91bce25a61e3
diversevul,diversevul-f8be156be163a052a067306417cd0ff679068c97-489,diversevul-f8be156be163a052a067306417cd0ff679068c97-489__identifier_renaming,identifier_renaming,0,renamed simple identifier,preserved_with_precondition,medium,Applies deterministic local identifier renaming under the transformation preconditions; external symbols and keywords are left unchanged.,True,70,1895,14f632b3f124
diversevul,diversevul-e79ef306afe332faf22e9b442a2c6b59cb175573-4708,diversevul-e79ef306afe332faf22e9b442a2c6b59cb175573-4708__safe_dead_code_carrier,safe_dead_code_carrier,0,compile-time unreachable carrier inserted,preserved_with_precondition,low,"Adds a compile-time dead-code carrier guarded by a constant-false condition, with no reachable side effects.",True,33,841,bdf87a7deaaa
diversevul,diversevul-3c18c43b6a3f753f0dfff99610d46ad46b8bfac4-40,diversevul-3c18c43b6a3f753f0dfff99610d46ad46b8bfac4-40__safe_dead_code_carrier,safe_dead_code_carrier,0,compile-time unreachable carrier inserted,preserved_with_precondition,low,"Adds a compile-time dead-code carrier guarded by a constant-false condition, with no reachable side effects.",True,91,3092,3559e6e9824f
diversevul,diversevul-bb057498f7457e8b2eba98332a3bad434de4cf12-1791,diversevul-bb057498f7457e8b2eba98332a3bad434de4cf12-1791__safe_dead_code_carrier,safe_dead_code_carrier,0,compile-time unreachable carrier inserted,preserved_with_precondition,low,"Adds a compile-time dead-code carrier guarded by a constant-false condition, with no reachable side effects.",True,20,651,ad5163da6eed
diversevul,diversevul-21d8699ed6c517b45e1613e20231cd8eba894985-4417,diversevul-21d8699ed6c517b45e1613e20231cd8eba894985-4417__safe_dead_code_carrier,safe_dead_code_carrier,0,compile-time unreachable carrier inserted,preserved_with_precondition,low,"Adds a compile-time dead-code carrier guarded by a constant-false condition, with no reachable side effects.",True,5,218,3e081850d0fc
diversevul,diversevul-28bdae3d113ef479c1660a581ef720cdc33bf466-4121,diversevul-28bdae3d113ef479c1660a581ef720cdc33bf466-4121__safe_dead_code_carrier,safe_dead_code_carrier,0,compile-time unreachable carrier inserted,preserved_with_precondition,low,"Adds a compile-time dead-code carrier guarded by a constant-false condition, with no reachable side effects.",True,14,304,52d24fb5993e
diversevul,diversevul-2d5516cbb9daf7d0e342a2e3b0fc6f8c39a81205-576,diversevul-2d5516cbb9daf7d0e342a2e3b0fc6f8c39a81205-576__safe_dead_code_carrier,safe_dead_code_carrier,0,compile-time unreachable carrier inserted,preserved_with_precondition,low,"Adds a compile-time dead-code carrier guarded by a constant-false condition, with no reachable side effects.",True,6,204,42e85e8f1be3
diversevul,diversevul-08c7ab404f69d9c4ca6ca7a9cf7eec74c804f917-3857,diversevul-08c7ab404f69d9c4ca6ca7a9cf7eec74c804f917-3857__safe_dead_code_carrier,safe_dead_code_carrier,0,compile-time unreachable carrier inserted,preserved_with_precondition,low,"Adds a compile-time dead-code carrier guarded by a constant-false condition, with no reachable side effects.",True,9,264,3b2be1f2f64e
diversevul,diversevul-fdf5af0daf8019cec2396cdef8fb042d80fe71fa-1375,diversevul-fdf5af0daf8019cec2396cdef8fb042d80fe71fa-1375__safe_dead_code_carrier,safe_dead_code_carrier,0,compile-time unreachable carrier inserted,preserved_with_precondition,low,"Adds a compile-time dead-code carrier guarded by a constant-false condition, with no reachable side effects.",True,13,364,30a98f3f0424
diversevul,diversevul-f69567cbe26d09eac9d387c0be0fc32c65a83ada-4112,diversevul-f69567cbe26d09eac9d387c0be0fc32c65a83ada-4112__safe_dead_code_carrier,safe_dead_code_carrier,0,compile-time unreachable carrier inserted,preserved_with_precondition,low,"Adds a compile-time dead-code carrier guarded by a constant-false condition, with no reachable side effects.",True,18,403,e4646c895f40
diversevul,diversevul-2617f3ef888e103324a28811886b99ed0a56346d-4070,diversevul-2617f3ef888e103324a28811886b99ed0a56346d-4070__safe_dead_code_carrier,safe_dead_code_carrier,0,compile-time unreachable carrier inserted,preserved_with_precondition,low,"Adds a compile-time dead-code carrier guarded by a constant-false condition, with no reachable side effects.",True,54,1547,0f2eaec23e84
diversevul,diversevul-36ca4ba63d083da6f9d4598f18f17a8c32c8eca2-1103,diversevul-36ca4ba63d083da6f9d4598f18f17a8c32c8eca2-1103__safe_dead_code_carrier,safe_dead_code_carrier,1,compile-time unreachable carrier inserted,preserved_with_precondition,low,"Adds a compile-time dead-code carrier guarded by a constant-false condition, with no reachable side effects.",True,123,3258,f1ee327677a1
diversevul,diversevul-807945f2eb5fa22e6f233cc17b85a2e141efe2c8-2528,diversevul-807945f2eb5fa22e6f233cc17b85a2e141efe2c8-2528__safe_dead_code_carrier,safe_dead_code_carrier,0,compile-time unreachable carrier inserted,preserved_with_precondition,low,"Adds a compile-time dead-code carrier guarded by a constant-false condition, with no reachable side effects.",True,19,654,0f1d29f5a5d3
diversevul,diversevul-0c319d3a144d4b8f1ea2047fd614d2149b68f889-3284,diversevul-0c319d3a144d4b8f1ea2047fd614d2149b68f889-3284__safe_dead_code_carrier,safe_dead_code_carrier,0,compile-time unreachable carrier inserted,preserved_with_precondition,low,"Adds a compile-time dead-code carrier guarded by a constant-false condition, with no reachable side effects.",True,103,2864,785b3d3ff117
diversevul,diversevul-c3c1bb99d1c11978d9ce94d1bdcf0705378c1459-4255,diversevul-c3c1bb99d1c11978d9ce94d1bdcf0705378c1459-4255__safe_dead_code_carrier,safe_dead_code_carrier,0,compile-time unreachable carrier inserted,preserved_with_precondition,low,"Adds a compile-time dead-code carrier guarded by a constant-false condition, with no reachable side effects.",True,14,316,d8d51c0af02e
diversevul,diversevul-652dd12a858989b14eed4e84e453059cd3ba340e-873,diversevul-652dd12a858989b14eed4e84e453059cd3ba340e-873__safe_dead_code_carrier,safe_dead_code_carrier,1,compile-time unreachable carrier inserted,preserved_with_precondition,low,"Adds a compile-time dead-code carrier guarded by a constant-false condition, with no reachable side effects.",True,29,677,2d34b2375e27
diversevul,diversevul-8f90658c731499722d5f4393c8ad70b971d05f77-260,diversevul-8f90658c731499722d5f4393c8ad70b971d05f77-260__safe_dead_code_carrier,safe_dead_code_carrier,0,compile-time unreachable carrier inserted,preserved_with_precondition,low,"Adds a compile-time dead-code carrier guarded by a constant-false condition, with no reachable side effects.",True,5,175,3f3e7cc69aaa
diversevul,diversevul-035cf2afc04988b22cb67f4ebfd77e9b344cb6e0-268,diversevul-035cf2afc04988b22cb67f4ebfd77e9b344cb6e0-268__safe_dead_code_carrier,safe_dead_code_carrier,0,compile-time unreachable carrier inserted,preserved_with_precondition,low,"Adds a compile-time dead-code carrier guarded by a constant-false condition, with no reachable side effects.",True,5,180,08b735e9acf6
diversevul,diversevul-d4139205b010ed06310d14284e63114e88ec6de2-4201,diversevul-d4139205b010ed06310d14284e63114e88ec6de2-4201__safe_dead_code_carrier,safe_dead_code_carrier,0,compile-time unreachable carrier inserted,preserved_with_precondition,low,"Adds a compile-time dead-code carrier guarded by a constant-false condition, with no reachable side effects.",True,21,456,6c0f3adc339c
diversevul,diversevul-a8f97366452ed491d13cf1e44241bc0b5740b1f0-2840,diversevul-a8f97366452ed491d13cf1e44241bc0b5740b1f0-2840__safe_dead_code_carrier,safe_dead_code_carrier,0,compile-time unreachable carrier inserted,preserved_with_precondition,low,"Adds a compile-time dead-code carrier guarded by a constant-false condition, with no reachable side effects.",True,32,1011,5bd24c453117
diversevul,diversevul-9d31939e55280a733d930b15ac9e4dda4497680c-1987,diversevul-9d31939e55280a733d930b15ac9e4dda4497680c-1987__safe_dead_code_carrier,safe_dead_code_carrier,0,compile-time unreachable carrier inserted,preserved_with_precondition,low,"Adds a compile-time dead-code carrier guarded by a constant-false condition, with no reachable side effects.",True,8,192,67e546cf5b33
diversevul,diversevul-dc0372993674d0b50fedfbf7b9fad1239b8efc5f-2244,diversevul-dc0372993674d0b50fedfbf7b9fad1239b8efc5f-2244__safe_dead_code_carrier,safe_dead_code_carrier,0,compile-time unreachable carrier inserted,preserved_with_precondition,low,"Adds a compile-time dead-code carrier guarded by a constant-false condition, with no reachable side effects.",True,36,794,5162c055ff37
diversevul,diversevul-57ebd808a97d7c5b1e1afb937c2db22beba3c1f8-2452,diversevul-57ebd808a97d7c5b1e1afb937c2db22beba3c1f8-2452__safe_dead_code_carrier,safe_dead_code_carrier,0,compile-time unreachable carrier inserted,preserved_with_precondition,low,"Adds a compile-time dead-code carrier guarded by a constant-false condition, with no reachable side effects.",True,20,502,9f15e0c7e90e
diversevul,diversevul-e66eded8309ebf679d3d3c1f5820d1f2ca332c71-1540,diversevul-e66eded8309ebf679d3d3c1f5820d1f2ca332c71-1540__safe_dead_code_carrier,safe_dead_code_carrier,0,compile-time unreachable carrier inserted,preserved_with_precondition,low,"Adds a compile-time dead-code carrier guarded by a constant-false condition, with no reachable side effects.",True,7,189,825a2895d86d
diversevul,diversevul-e3063a91daa7ad8a687223efa63079f0c24568e4-1522,diversevul-e3063a91daa7ad8a687223efa63079f0c24568e4-1522__safe_dead_code_carrier,safe_dead_code_carrier,0,compile-time unreachable carrier inserted,preserved_with_precondition,low,"Adds a compile-time dead-code carrier guarded by a constant-false condition, with no reachable side effects.",True,23,1049,019f1d5b288f
diversevul,diversevul-e1caf6fb74981da62039846931ebdffed71309d1-3127,diversevul-e1caf6fb74981da62039846931ebdffed71309d1-3127__safe_dead_code_carrier,safe_dead_code_carrier,0,compile-time unreachable carrier inserted,preserved_with_precondition,low,"Adds a compile-time dead-code carrier guarded by a constant-false condition, with no reachable side effects.",True,10,304,c4a78f6cee28
diversevul,diversevul-d1615ba11a93062b1429fce9f0f638d1572d3418-3029,diversevul-d1615ba11a93062b1429fce9f0f638d1572d3418-3029__safe_dead_code_carrier,safe_dead_code_carrier,0,compile-time unreachable carrier inserted,preserved_with_precondition,low,"Adds a compile-time dead-code carrier guarded by a constant-false condition, with no reachable side effects.",True,68,2814,e91cf0d398cd
diversevul,diversevul-8cdbd3b09f29da29374e2f83369df24228da0ad1-2831,diversevul-8cdbd3b09f29da29374e2f83369df24228da0ad1-2831__safe_dead_code_carrier,safe_dead_code_carrier,0,compile-time unreachable carrier inserted,preserved_with_precondition,low,"Adds a compile-time dead-code carrier guarded by a constant-false condition, with no reachable side effects.",True,26,741,0b1a410c033d
diversevul,diversevul-78b0e30954111cfaba0edbeee85450d8cbc6fdf6-2809,diversevul-78b0e30954111cfaba0edbeee85450d8cbc6fdf6-2809__safe_dead_code_carrier,safe_dead_code_carrier,0,compile-time unreachable carrier inserted,preserved_with_precondition,low,"Adds a compile-time dead-code carrier guarded by a constant-false condition, with no reachable side effects.",True,17,478,288836a889c6
diversevul,diversevul-dbb2483b2a46fbaf833cfb5deb5ed9cace9c7399-4340,diversevul-dbb2483b2a46fbaf833cfb5deb5ed9cace9c7399-4340__safe_dead_code_carrier,safe_dead_code_carrier,0,compile-time unreachable carrier inserted,preserved_with_precondition,low,"Adds a compile-time dead-code carrier guarded by a constant-false condition, with no reachable side effects.",True,7,216,97dd6e3e07aa
diversevul,diversevul-5ac224602f1d603aac5eaa72e1760d3e33a26f0a-4909,diversevul-5ac224602f1d603aac5eaa72e1760d3e33a26f0a-4909__safe_dead_code_carrier,safe_dead_code_carrier,0,compile-time unreachable carrier inserted,preserved_with_precondition,low,"Adds a compile-time dead-code carrier guarded by a constant-false condition, with no reachable side effects.",True,83,2711,f09e9fcc62da
diversevul,diversevul-1248079be837808da4c97364fb3b4c96c8015fbf-3188,diversevul-1248079be837808da4c97364fb3b4c96c8015fbf-3188__safe_dead_code_carrier,safe_dead_code_carrier,1,compile-time unreachable carrier inserted,preserved_with_precondition,low,"Adds a compile-time dead-code carrier guarded by a constant-false condition, with no reachable side effects.",True,52,1342,10d1317a8742
diversevul,diversevul-619cb58dd90b4e03ac68286c70ed98acbefd1c90-1847,diversevul-619cb58dd90b4e03ac68286c70ed98acbefd1c90-1847__safe_dead_code_carrier,safe_dead_code_carrier,0,compile-time unreachable carrier inserted,preserved_with_precondition,low,"Adds a compile-time dead-code carrier guarded by a constant-false condition, with no reachable side effects.",True,5,162,f00c70ff316d
diversevul,diversevul-804335f9d296440bb708ca844f5d89b58b50b0c6-3220,diversevul-804335f9d296440bb708ca844f5d89b58b50b0c6-3220__safe_dead_code_carrier,safe_dead_code_carrier,0,compile-time unreachable carrier inserted,preserved_with_precondition,low,"Adds a compile-time dead-code carrier guarded by a constant-false condition, with no reachable side effects.",True,184,4898,e2410f26258b
diversevul,diversevul-adf095206f25471e864a8e63a0f1caef53a0e3a6-1997,diversevul-adf095206f25471e864a8e63a0f1caef53a0e3a6-1997__safe_dead_code_carrier,safe_dead_code_carrier,0,compile-time unreachable carrier inserted,preserved_with_precondition,low,"Adds a compile-time dead-code carrier guarded by a constant-false condition, with no reachable side effects.",True,15,656,35ea6fc1499b
diversevul,diversevul-33e63d19e5496c151bad69f65cdbc7cba2b4c211-563,diversevul-33e63d19e5496c151bad69f65cdbc7cba2b4c211-563__safe_dead_code_carrier,safe_dead_code_carrier,0,compile-time unreachable carrier inserted,preserved_with_precondition,low,"Adds a compile-time dead-code carrier guarded by a constant-false condition, with no reachable side effects.",True,11,601,0b6e48d4860f
diversevul,diversevul-04c4f2ee3f68c9a4bf1653d15f1a9a435ae33f7a-4073,diversevul-04c4f2ee3f68c9a4bf1653d15f1a9a435ae33f7a-4073__safe_dead_code_carrier,safe_dead_code_carrier,0,compile-time unreachable carrier inserted,preserved_with_precondition,low,"Adds a compile-time dead-code carrier guarded by a constant-false condition, with no reachable side effects.",True,19,562,0d7c193415c9
diversevul,diversevul-736b01642d85be832385063f278fe7cd4ffb5221-2819,diversevul-736b01642d85be832385063f278fe7cd4ffb5221-2819__safe_dead_code_carrier,safe_dead_code_carrier,0,compile-time unreachable carrier inserted,preserved_with_precondition,low,"Adds a compile-time dead-code carrier guarded by a constant-false condition, with no reachable side effects.",True,6,206,468a27b65a70
diversevul,diversevul-1772b9a0393b55e6a280a35e8f0a1f75c014f301-4572,diversevul-1772b9a0393b55e6a280a35e8f0a1f75c014f301-4572__safe_dead_code_carrier,safe_dead_code_carrier,0,compile-time unreachable carrier inserted,preserved_with_precondition,low,"Adds a compile-time dead-code carrier guarded by a constant-false condition, with no reachable side effects.",True,18,865,3847005efb39
diversevul,diversevul-d1f82808877bb10d3deee7cf3374a4eb3fb582db-2744,diversevul-d1f82808877bb10d3deee7cf3374a4eb3fb582db-2744__safe_dead_code_carrier,safe_dead_code_carrier,0,compile-time unreachable carrier inserted,preserved_with_precondition,low,"Adds a compile-time dead-code carrier guarded by a constant-false condition, with no reachable side effects.",True,22,581,633fae696538
diversevul,diversevul-107f2c5d201a4dfea1b7f15c5957ff2ac9e5f260-1298,diversevul-107f2c5d201a4dfea1b7f15c5957ff2ac9e5f260-1298__safe_dead_code_carrier,safe_dead_code_carrier,0,compile-time unreachable carrier inserted,preserved_with_precondition,low,"Adds a compile-time dead-code carrier guarded by a constant-false condition, with no reachable side effects.",True,10,364,a33734165bf5
