detector,base_id,transform,cwe,score_margin,vdcp_success,score_tie,decision_success
VulBERTa-public,bigvul-04839626ed859623901ebd3a5fd483982186b59d-100,blank_line_expansion,CWE-119,-0.12390787899494171,0.0,0.0,0.0
VulBERTa-public,bigvul-04839626ed859623901ebd3a5fd483982186b59d-100,brace_line_shift,CWE-119,-0.12390787899494171,0.0,0.0,0.0
VulBERTa-public,bigvul-04839626ed859623901ebd3a5fd483982186b59d-100,code_normalization_abstraction,CWE-119,-0.1253056786954403,0.0,0.0,0.0
VulBERTa-public,bigvul-04839626ed859623901ebd3a5fd483982186b59d-100,comment_banner,CWE-119,-0.13217557221651077,0.0,0.0,0.0
VulBERTa-public,bigvul-04839626ed859623901ebd3a5fd483982186b59d-100,control_flow_rewrite,CWE-119,-0.12390787899494171,0.0,0.0,0.0
VulBERTa-public,bigvul-04839626ed859623901ebd3a5fd483982186b59d-100,dead_branch_after_opening_brace,CWE-119,0.7766192108392715,1.0,0.0,1.0
VulBERTa-public,bigvul-04839626ed859623901ebd3a5fd483982186b59d-100,identifier_renaming,CWE-119,-0.12390787899494171,0.0,0.0,0.0
VulBERTa-public,bigvul-04839626ed859623901ebd3a5fd483982186b59d-100,original,CWE-119,-0.12390787899494171,0.0,0.0,0.0
VulBERTa-public,bigvul-04839626ed859623901ebd3a5fd483982186b59d-100,safe_dead_code_carrier,CWE-119,0.6156493574380875,1.0,0.0,1.0
VulBERTa-public,bigvul-04839626ed859623901ebd3a5fd483982186b59d-595,blank_line_expansion,CWE-119,-0.9146689288318157,0.0,0.0,0.0
VulBERTa-public,bigvul-04839626ed859623901ebd3a5fd483982186b59d-595,brace_line_shift,CWE-119,-0.9146689288318157,0.0,0.0,0.0
VulBERTa-public,bigvul-04839626ed859623901ebd3a5fd483982186b59d-595,code_normalization_abstraction,CWE-119,-0.9101119413971901,0.0,0.0,0.0
VulBERTa-public,bigvul-04839626ed859623901ebd3a5fd483982186b59d-595,comment_banner,CWE-119,-0.11394604481756687,0.0,0.0,0.0
VulBERTa-public,bigvul-04839626ed859623901ebd3a5fd483982186b59d-595,control_flow_rewrite,CWE-119,-0.9146689288318157,0.0,0.0,0.0
VulBERTa-public,bigvul-04839626ed859623901ebd3a5fd483982186b59d-595,dead_branch_after_opening_brace,CWE-119,-0.37457704544067383,0.0,0.0,0.0
VulBERTa-public,bigvul-04839626ed859623901ebd3a5fd483982186b59d-595,identifier_renaming,CWE-119,-0.9146689288318157,0.0,0.0,0.0
VulBERTa-public,bigvul-04839626ed859623901ebd3a5fd483982186b59d-595,original,CWE-119,-0.9146689288318157,0.0,0.0,0.0
VulBERTa-public,bigvul-04839626ed859623901ebd3a5fd483982186b59d-595,safe_dead_code_carrier,CWE-119,-0.3582735061645508,0.0,0.0,0.0
VulBERTa-public,bigvul-04aaacb936a08d70862d6d9d7e8354721ae46be8-2882,blank_line_expansion,CWE-200,0.022361278533935547,1.0,0.0,0.0
VulBERTa-public,bigvul-04aaacb936a08d70862d6d9d7e8354721ae46be8-2882,brace_line_shift,CWE-200,0.022361278533935547,1.0,0.0,0.0
VulBERTa-public,bigvul-04aaacb936a08d70862d6d9d7e8354721ae46be8-2882,code_normalization_abstraction,CWE-200,0.022361278533935547,1.0,0.0,0.0
VulBERTa-public,bigvul-04aaacb936a08d70862d6d9d7e8354721ae46be8-2882,comment_banner,CWE-200,0.14450490474700928,1.0,0.0,0.0
VulBERTa-public,bigvul-04aaacb936a08d70862d6d9d7e8354721ae46be8-2882,control_flow_rewrite,CWE-200,0.022361278533935547,1.0,0.0,0.0
VulBERTa-public,bigvul-04aaacb936a08d70862d6d9d7e8354721ae46be8-2882,dead_branch_after_opening_brace,CWE-200,0.0901077389717102,1.0,0.0,0.0
VulBERTa-public,bigvul-04aaacb936a08d70862d6d9d7e8354721ae46be8-2882,identifier_renaming,CWE-200,0.022361278533935547,1.0,0.0,0.0
VulBERTa-public,bigvul-04aaacb936a08d70862d6d9d7e8354721ae46be8-2882,original,CWE-200,0.022361263632774353,1.0,0.0,0.0
VulBERTa-public,bigvul-04aaacb936a08d70862d6d9d7e8354721ae46be8-2882,safe_dead_code_carrier,CWE-200,0.10114169120788574,1.0,0.0,0.0
VulBERTa-public,bigvul-0558f33c06bb910e2879e355192227a8e8f0219d-1421,blank_line_expansion,unknown,-0.003808833658695221,0.0,0.0,0.0
VulBERTa-public,bigvul-0558f33c06bb910e2879e355192227a8e8f0219d-1421,brace_line_shift,unknown,-0.003808833658695221,0.0,0.0,0.0
VulBERTa-public,bigvul-0558f33c06bb910e2879e355192227a8e8f0219d-1421,code_normalization_abstraction,unknown,-0.0027116332203149796,0.0,0.0,0.0
VulBERTa-public,bigvul-0558f33c06bb910e2879e355192227a8e8f0219d-1421,comment_banner,unknown,0.005747120827436447,1.0,0.0,0.0
VulBERTa-public,bigvul-0558f33c06bb910e2879e355192227a8e8f0219d-1421,control_flow_rewrite,unknown,-0.003808833658695221,0.0,0.0,0.0
VulBERTa-public,bigvul-0558f33c06bb910e2879e355192227a8e8f0219d-1421,dead_branch_after_opening_brace,unknown,-0.0761323869228363,0.0,0.0,0.0
VulBERTa-public,bigvul-0558f33c06bb910e2879e355192227a8e8f0219d-1421,identifier_renaming,unknown,0.0003199893981218338,1.0,0.0,0.0
VulBERTa-public,bigvul-0558f33c06bb910e2879e355192227a8e8f0219d-1421,original,unknown,-0.003808833658695221,0.0,0.0,0.0
VulBERTa-public,bigvul-0558f33c06bb910e2879e355192227a8e8f0219d-1421,safe_dead_code_carrier,unknown,-0.22428858280181885,0.0,0.0,0.0
VulBERTa-public,bigvul-0a38f71865b63025dce4de1f8cca71979c48d14d-2034,blank_line_expansion,CWE-119,-0.16171001642942429,0.0,0.0,0.0
VulBERTa-public,bigvul-0a38f71865b63025dce4de1f8cca71979c48d14d-2034,brace_line_shift,CWE-119,-0.16171007603406906,0.0,0.0,0.0
VulBERTa-public,bigvul-0a38f71865b63025dce4de1f8cca71979c48d14d-2034,code_normalization_abstraction,CWE-119,-0.16171007603406906,0.0,0.0,0.0
VulBERTa-public,bigvul-0a38f71865b63025dce4de1f8cca71979c48d14d-2034,comment_banner,CWE-119,-0.080535888671875,0.0,0.0,0.0
VulBERTa-public,bigvul-0a38f71865b63025dce4de1f8cca71979c48d14d-2034,control_flow_rewrite,CWE-119,-0.16171007603406906,0.0,0.0,0.0
VulBERTa-public,bigvul-0a38f71865b63025dce4de1f8cca71979c48d14d-2034,dead_branch_after_opening_brace,CWE-119,-0.08916941285133362,0.0,0.0,0.0
VulBERTa-public,bigvul-0a38f71865b63025dce4de1f8cca71979c48d14d-2034,identifier_renaming,CWE-119,-0.16171007603406906,0.0,0.0,0.0
VulBERTa-public,bigvul-0a38f71865b63025dce4de1f8cca71979c48d14d-2034,original,CWE-119,-0.16171001642942429,0.0,0.0,0.0
VulBERTa-public,bigvul-0a38f71865b63025dce4de1f8cca71979c48d14d-2034,safe_dead_code_carrier,CWE-119,-0.12428457289934158,0.0,0.0,0.0
VulBERTa-public,bigvul-0bd1a6ddb5fb23dfea3e72d60e5e8df4cf5826bc-1777,blank_line_expansion,CWE-264,-0.010224103927612305,0.0,0.0,0.0
VulBERTa-public,bigvul-0bd1a6ddb5fb23dfea3e72d60e5e8df4cf5826bc-1777,brace_line_shift,CWE-264,-0.010224103927612305,0.0,0.0,0.0
VulBERTa-public,bigvul-0bd1a6ddb5fb23dfea3e72d60e5e8df4cf5826bc-1777,code_normalization_abstraction,CWE-264,-0.03363889455795288,0.0,0.0,0.0
VulBERTa-public,bigvul-0bd1a6ddb5fb23dfea3e72d60e5e8df4cf5826bc-1777,comment_banner,CWE-264,0.021392762660980225,1.0,0.0,0.0
VulBERTa-public,bigvul-0bd1a6ddb5fb23dfea3e72d60e5e8df4cf5826bc-1777,control_flow_rewrite,CWE-264,-0.010224103927612305,0.0,0.0,0.0
VulBERTa-public,bigvul-0bd1a6ddb5fb23dfea3e72d60e5e8df4cf5826bc-1777,dead_branch_after_opening_brace,CWE-264,0.0018042922019958496,1.0,0.0,0.0
VulBERTa-public,bigvul-0bd1a6ddb5fb23dfea3e72d60e5e8df4cf5826bc-1777,identifier_renaming,CWE-264,0.027940869331359863,1.0,0.0,0.0
VulBERTa-public,bigvul-0bd1a6ddb5fb23dfea3e72d60e5e8df4cf5826bc-1777,original,CWE-264,-0.010224103927612305,0.0,0.0,0.0
VulBERTa-public,bigvul-0bd1a6ddb5fb23dfea3e72d60e5e8df4cf5826bc-1777,safe_dead_code_carrier,CWE-264,-0.016048789024353027,0.0,0.0,0.0
VulBERTa-public,bigvul-0bfc96cb77224736dfa35c3c555d37b3646ef35e-2152,blank_line_expansion,CWE-264,-0.015054864808917046,0.0,0.0,0.0
VulBERTa-public,bigvul-0bfc96cb77224736dfa35c3c555d37b3646ef35e-2152,brace_line_shift,CWE-264,-0.015054864808917046,0.0,0.0,0.0
VulBERTa-public,bigvul-0bfc96cb77224736dfa35c3c555d37b3646ef35e-2152,code_normalization_abstraction,CWE-264,-0.005953462794423103,0.0,0.0,0.0
VulBERTa-public,bigvul-0bfc96cb77224736dfa35c3c555d37b3646ef35e-2152,comment_banner,CWE-264,-0.006740465760231018,0.0,0.0,0.0
VulBERTa-public,bigvul-0bfc96cb77224736dfa35c3c555d37b3646ef35e-2152,control_flow_rewrite,CWE-264,-0.015054864808917046,0.0,0.0,0.0
VulBERTa-public,bigvul-0bfc96cb77224736dfa35c3c555d37b3646ef35e-2152,dead_branch_after_opening_brace,CWE-264,-0.0075417011976242065,0.0,0.0,0.0
VulBERTa-public,bigvul-0bfc96cb77224736dfa35c3c555d37b3646ef35e-2152,identifier_renaming,CWE-264,-0.001134650781750679,0.0,0.0,0.0
VulBERTa-public,bigvul-0bfc96cb77224736dfa35c3c555d37b3646ef35e-2152,original,CWE-264,-0.015054864808917046,0.0,0.0,0.0
VulBERTa-public,bigvul-0bfc96cb77224736dfa35c3c555d37b3646ef35e-2152,safe_dead_code_carrier,CWE-264,-0.07968838512897491,0.0,0.0,0.0
VulBERTa-public,bigvul-0da8b8b801f9276359262f1ef8274c7812d3dfda?w=1-1398,blank_line_expansion,CWE-190,0.0,0.0,1.0,0.0
VulBERTa-public,bigvul-0da8b8b801f9276359262f1ef8274c7812d3dfda?w=1-1398,brace_line_shift,CWE-190,0.0,0.0,1.0,0.0
VulBERTa-public,bigvul-0da8b8b801f9276359262f1ef8274c7812d3dfda?w=1-1398,code_normalization_abstraction,CWE-190,0.0,0.0,1.0,0.0
VulBERTa-public,bigvul-0da8b8b801f9276359262f1ef8274c7812d3dfda?w=1-1398,comment_banner,CWE-190,0.0,0.0,1.0,0.0
VulBERTa-public,bigvul-0da8b8b801f9276359262f1ef8274c7812d3dfda?w=1-1398,control_flow_rewrite,CWE-190,0.0,0.0,1.0,0.0
VulBERTa-public,bigvul-0da8b8b801f9276359262f1ef8274c7812d3dfda?w=1-1398,dead_branch_after_opening_brace,CWE-190,0.0,0.0,1.0,0.0
VulBERTa-public,bigvul-0da8b8b801f9276359262f1ef8274c7812d3dfda?w=1-1398,identifier_renaming,CWE-190,0.0,0.0,1.0,0.0
VulBERTa-public,bigvul-0da8b8b801f9276359262f1ef8274c7812d3dfda?w=1-1398,original,CWE-190,0.0,0.0,1.0,0.0
VulBERTa-public,bigvul-0da8b8b801f9276359262f1ef8274c7812d3dfda?w=1-1398,safe_dead_code_carrier,CWE-190,0.0,0.0,1.0,0.0
VulBERTa-public,bigvul-14f2111f9cec919a450115ce4914f228effca58e-383,blank_line_expansion,CWE-281,-0.014583885669708252,0.0,0.0,0.0
VulBERTa-public,bigvul-14f2111f9cec919a450115ce4914f228effca58e-383,brace_line_shift,CWE-281,-0.014583885669708252,0.0,0.0,0.0
VulBERTa-public,bigvul-14f2111f9cec919a450115ce4914f228effca58e-383,code_normalization_abstraction,CWE-281,-0.014583766460418701,0.0,0.0,0.0
VulBERTa-public,bigvul-14f2111f9cec919a450115ce4914f228effca58e-383,comment_banner,CWE-281,-0.054027557373046875,0.0,0.0,0.0
VulBERTa-public,bigvul-14f2111f9cec919a450115ce4914f228effca58e-383,control_flow_rewrite,CWE-281,-0.014583766460418701,0.0,0.0,0.0
VulBERTa-public,bigvul-14f2111f9cec919a450115ce4914f228effca58e-383,dead_branch_after_opening_brace,CWE-281,-0.12148931622505188,0.0,0.0,0.0
VulBERTa-public,bigvul-14f2111f9cec919a450115ce4914f228effca58e-383,identifier_renaming,CWE-281,-0.1534663438796997,0.0,0.0,0.0
VulBERTa-public,bigvul-14f2111f9cec919a450115ce4914f228effca58e-383,original,CWE-281,-0.014583885669708252,0.0,0.0,0.0
VulBERTa-public,bigvul-14f2111f9cec919a450115ce4914f228effca58e-383,safe_dead_code_carrier,CWE-281,-0.09948545694351196,0.0,0.0,0.0
VulBERTa-public,bigvul-19190765882e272a6a2162c89acdb29110f7e3cf-511,blank_line_expansion,unknown,0.05236689746379852,1.0,0.0,0.0
VulBERTa-public,bigvul-19190765882e272a6a2162c89acdb29110f7e3cf-511,brace_line_shift,unknown,0.05236689746379852,1.0,0.0,0.0
VulBERTa-public,bigvul-19190765882e272a6a2162c89acdb29110f7e3cf-511,code_normalization_abstraction,unknown,0.050706662237644196,1.0,0.0,0.0
VulBERTa-public,bigvul-19190765882e272a6a2162c89acdb29110f7e3cf-511,comment_banner,unknown,0.048725396394729614,1.0,0.0,0.0
VulBERTa-public,bigvul-19190765882e272a6a2162c89acdb29110f7e3cf-511,control_flow_rewrite,unknown,0.05236689746379852,1.0,0.0,0.0
VulBERTa-public,bigvul-19190765882e272a6a2162c89acdb29110f7e3cf-511,dead_branch_after_opening_brace,unknown,-0.8463690131902695,0.0,0.0,0.0
VulBERTa-public,bigvul-19190765882e272a6a2162c89acdb29110f7e3cf-511,identifier_renaming,unknown,0.05236689746379852,1.0,0.0,0.0
VulBERTa-public,bigvul-19190765882e272a6a2162c89acdb29110f7e3cf-511,original,unknown,0.05236689746379852,1.0,0.0,0.0
VulBERTa-public,bigvul-19190765882e272a6a2162c89acdb29110f7e3cf-511,safe_dead_code_carrier,unknown,-0.7538008689880371,0.0,0.0,0.0
VulBERTa-public,bigvul-19190765882e272a6a2162c89acdb29110f7e3cf-556,blank_line_expansion,unknown,-0.09069007635116577,0.0,0.0,0.0
VulBERTa-public,bigvul-19190765882e272a6a2162c89acdb29110f7e3cf-556,brace_line_shift,unknown,-0.09069007635116577,0.0,0.0,0.0
VulBERTa-public,bigvul-19190765882e272a6a2162c89acdb29110f7e3cf-556,code_normalization_abstraction,unknown,-0.09069007635116577,0.0,0.0,0.0
VulBERTa-public,bigvul-19190765882e272a6a2162c89acdb29110f7e3cf-556,comment_banner,unknown,-0.5679803788661957,0.0,0.0,0.0
VulBERTa-public,bigvul-19190765882e272a6a2162c89acdb29110f7e3cf-556,control_flow_rewrite,unknown,-0.09069007635116577,0.0,0.0,0.0
VulBERTa-public,bigvul-19190765882e272a6a2162c89acdb29110f7e3cf-556,dead_branch_after_opening_brace,unknown,-0.37938445806503296,0.0,0.0,0.0
VulBERTa-public,bigvul-19190765882e272a6a2162c89acdb29110f7e3cf-556,identifier_renaming,unknown,-0.09069007635116577,0.0,0.0,0.0
VulBERTa-public,bigvul-19190765882e272a6a2162c89acdb29110f7e3cf-556,original,unknown,-0.09069007635116577,0.0,0.0,0.0
VulBERTa-public,bigvul-19190765882e272a6a2162c89acdb29110f7e3cf-556,safe_dead_code_carrier,unknown,-0.3565475344657898,0.0,0.0,0.0
VulBERTa-public,bigvul-1dcd10aceabbc03bf571ea32b892c522cbe923de-1555,blank_line_expansion,CWE-125,-0.027853935956954956,0.0,0.0,0.0
VulBERTa-public,bigvul-1dcd10aceabbc03bf571ea32b892c522cbe923de-1555,brace_line_shift,CWE-125,-0.027853935956954956,0.0,0.0,0.0
VulBERTa-public,bigvul-1dcd10aceabbc03bf571ea32b892c522cbe923de-1555,code_normalization_abstraction,CWE-125,-0.027853935956954956,0.0,0.0,0.0
VulBERTa-public,bigvul-1dcd10aceabbc03bf571ea32b892c522cbe923de-1555,comment_banner,CWE-125,0.052830375730991364,1.0,0.0,0.0
VulBERTa-public,bigvul-1dcd10aceabbc03bf571ea32b892c522cbe923de-1555,control_flow_rewrite,CWE-125,-0.027853935956954956,0.0,0.0,0.0
VulBERTa-public,bigvul-1dcd10aceabbc03bf571ea32b892c522cbe923de-1555,dead_branch_after_opening_brace,CWE-125,0.03441573679447174,1.0,0.0,0.0
VulBERTa-public,bigvul-1dcd10aceabbc03bf571ea32b892c522cbe923de-1555,identifier_renaming,CWE-125,-0.01703619956970215,0.0,0.0,0.0
VulBERTa-public,bigvul-1dcd10aceabbc03bf571ea32b892c522cbe923de-1555,original,CWE-125,-0.027853935956954956,0.0,0.0,0.0
VulBERTa-public,bigvul-1dcd10aceabbc03bf571ea32b892c522cbe923de-1555,safe_dead_code_carrier,CWE-125,-0.08351442217826843,0.0,0.0,0.0
VulBERTa-public,bigvul-2ac4c6f7b2b2af20c0e2b0ba05367e454cd11b33-241,blank_line_expansion,CWE-400,-0.0336112380027771,0.0,0.0,0.0
VulBERTa-public,bigvul-2ac4c6f7b2b2af20c0e2b0ba05367e454cd11b33-241,brace_line_shift,CWE-400,-0.0336112380027771,0.0,0.0,0.0
VulBERTa-public,bigvul-2ac4c6f7b2b2af20c0e2b0ba05367e454cd11b33-241,code_normalization_abstraction,CWE-400,-0.0336112380027771,0.0,0.0,0.0
VulBERTa-public,bigvul-2ac4c6f7b2b2af20c0e2b0ba05367e454cd11b33-241,comment_banner,CWE-400,-0.051422715187072754,0.0,0.0,0.0
VulBERTa-public,bigvul-2ac4c6f7b2b2af20c0e2b0ba05367e454cd11b33-241,control_flow_rewrite,CWE-400,-0.0336112380027771,0.0,0.0,0.0
VulBERTa-public,bigvul-2ac4c6f7b2b2af20c0e2b0ba05367e454cd11b33-241,dead_branch_after_opening_brace,CWE-400,-0.03132987022399902,0.0,0.0,0.0
VulBERTa-public,bigvul-2ac4c6f7b2b2af20c0e2b0ba05367e454cd11b33-241,identifier_renaming,CWE-400,0.0029206275939941406,1.0,0.0,0.0
VulBERTa-public,bigvul-2ac4c6f7b2b2af20c0e2b0ba05367e454cd11b33-241,original,CWE-400,-0.0336112380027771,0.0,0.0,0.0
VulBERTa-public,bigvul-2ac4c6f7b2b2af20c0e2b0ba05367e454cd11b33-241,safe_dead_code_carrier,CWE-400,-0.004170119762420654,0.0,0.0,0.0
VulBERTa-public,bigvul-3119b232c9c453c98d8fa8b6ae4e37ba18117cd4-2315,blank_line_expansion,CWE-476,0.0,0.0,1.0,0.0
VulBERTa-public,bigvul-3119b232c9c453c98d8fa8b6ae4e37ba18117cd4-2315,brace_line_shift,CWE-476,0.0,0.0,1.0,0.0
VulBERTa-public,bigvul-3119b232c9c453c98d8fa8b6ae4e37ba18117cd4-2315,code_normalization_abstraction,CWE-476,0.0,0.0,1.0,0.0
VulBERTa-public,bigvul-3119b232c9c453c98d8fa8b6ae4e37ba18117cd4-2315,comment_banner,CWE-476,0.0,0.0,1.0,0.0
VulBERTa-public,bigvul-3119b232c9c453c98d8fa8b6ae4e37ba18117cd4-2315,control_flow_rewrite,CWE-476,0.0,0.0,1.0,0.0
VulBERTa-public,bigvul-3119b232c9c453c98d8fa8b6ae4e37ba18117cd4-2315,dead_branch_after_opening_brace,CWE-476,0.0,0.0,1.0,0.0
VulBERTa-public,bigvul-3119b232c9c453c98d8fa8b6ae4e37ba18117cd4-2315,identifier_renaming,CWE-476,0.0,0.0,1.0,0.0
VulBERTa-public,bigvul-3119b232c9c453c98d8fa8b6ae4e37ba18117cd4-2315,original,CWE-476,0.0,0.0,1.0,0.0
VulBERTa-public,bigvul-3119b232c9c453c98d8fa8b6ae4e37ba18117cd4-2315,safe_dead_code_carrier,CWE-476,0.0,0.0,1.0,0.0
VulBERTa-public,bigvul-34cec721d39c76be1e0a600829a7b17bdfb832b6-1759,blank_line_expansion,CWE-835,2.7604401111602783e-05,1.0,0.0,0.0
VulBERTa-public,bigvul-34cec721d39c76be1e0a600829a7b17bdfb832b6-1759,brace_line_shift,CWE-835,2.7604401111602783e-05,1.0,0.0,0.0
VulBERTa-public,bigvul-34cec721d39c76be1e0a600829a7b17bdfb832b6-1759,code_normalization_abstraction,CWE-835,-0.0017060935497283936,0.0,0.0,0.0
VulBERTa-public,bigvul-34cec721d39c76be1e0a600829a7b17bdfb832b6-1759,comment_banner,CWE-835,3.188103437423706e-05,1.0,0.0,0.0
VulBERTa-public,bigvul-34cec721d39c76be1e0a600829a7b17bdfb832b6-1759,control_flow_rewrite,CWE-835,2.7604401111602783e-05,1.0,0.0,0.0
VulBERTa-public,bigvul-34cec721d39c76be1e0a600829a7b17bdfb832b6-1759,dead_branch_after_opening_brace,CWE-835,0.00014294683933258057,1.0,0.0,0.0
VulBERTa-public,bigvul-34cec721d39c76be1e0a600829a7b17bdfb832b6-1759,identifier_renaming,CWE-835,0.0002641752362251282,1.0,0.0,0.0
VulBERTa-public,bigvul-34cec721d39c76be1e0a600829a7b17bdfb832b6-1759,original,CWE-835,2.7604401111602783e-05,1.0,0.0,0.0
VulBERTa-public,bigvul-34cec721d39c76be1e0a600829a7b17bdfb832b6-1759,safe_dead_code_carrier,CWE-835,-0.0001889839768409729,0.0,0.0,0.0
VulBERTa-public,bigvul-363b02dab09b3226f3bd1420dad9c72b79a42a76-820,blank_line_expansion,CWE-20,-0.09711860120296478,0.0,0.0,0.0
VulBERTa-public,bigvul-363b02dab09b3226f3bd1420dad9c72b79a42a76-820,brace_line_shift,CWE-20,-0.09711860120296478,0.0,0.0,0.0
VulBERTa-public,bigvul-363b02dab09b3226f3bd1420dad9c72b79a42a76-820,code_normalization_abstraction,CWE-20,-0.09711860120296478,0.0,0.0,0.0
VulBERTa-public,bigvul-363b02dab09b3226f3bd1420dad9c72b79a42a76-820,comment_banner,CWE-20,0.009239375591278076,1.0,0.0,0.0
VulBERTa-public,bigvul-363b02dab09b3226f3bd1420dad9c72b79a42a76-820,control_flow_rewrite,CWE-20,-0.09711860120296478,0.0,0.0,0.0
VulBERTa-public,bigvul-363b02dab09b3226f3bd1420dad9c72b79a42a76-820,dead_branch_after_opening_brace,CWE-20,0.0019477605819702148,1.0,0.0,0.0
VulBERTa-public,bigvul-363b02dab09b3226f3bd1420dad9c72b79a42a76-820,identifier_renaming,CWE-20,-0.04332830011844635,0.0,0.0,0.0
VulBERTa-public,bigvul-363b02dab09b3226f3bd1420dad9c72b79a42a76-820,original,CWE-20,-0.09711852669715881,0.0,0.0,0.0
VulBERTa-public,bigvul-363b02dab09b3226f3bd1420dad9c72b79a42a76-820,safe_dead_code_carrier,CWE-20,-0.03701597452163696,0.0,0.0,0.0
VulBERTa-public,bigvul-37c88107679d36c419572732b4af6e18bb2f7dce-482,blank_line_expansion,CWE-20,0.0020284131169319153,1.0,0.0,0.0
VulBERTa-public,bigvul-37c88107679d36c419572732b4af6e18bb2f7dce-482,brace_line_shift,CWE-20,0.0020284131169319153,1.0,0.0,0.0
VulBERTa-public,bigvul-37c88107679d36c419572732b4af6e18bb2f7dce-482,code_normalization_abstraction,CWE-20,0.0020284131169319153,1.0,0.0,0.0
VulBERTa-public,bigvul-37c88107679d36c419572732b4af6e18bb2f7dce-482,comment_banner,CWE-20,0.0019983723759651184,1.0,0.0,0.0
VulBERTa-public,bigvul-37c88107679d36c419572732b4af6e18bb2f7dce-482,control_flow_rewrite,CWE-20,0.0020284131169319153,1.0,0.0,0.0
VulBERTa-public,bigvul-37c88107679d36c419572732b4af6e18bb2f7dce-482,dead_branch_after_opening_brace,CWE-20,0.0022030845284461975,1.0,0.0,0.0
VulBERTa-public,bigvul-37c88107679d36c419572732b4af6e18bb2f7dce-482,identifier_renaming,CWE-20,0.0020284131169319153,1.0,0.0,0.0
VulBERTa-public,bigvul-37c88107679d36c419572732b4af6e18bb2f7dce-482,original,CWE-20,0.0020284131169319153,1.0,0.0,0.0
VulBERTa-public,bigvul-37c88107679d36c419572732b4af6e18bb2f7dce-482,safe_dead_code_carrier,CWE-20,0.04242214560508728,1.0,0.0,0.0
VulBERTa-public,bigvul-3984ef0b72831da8b3ece4745cac4f8575b19098-318,blank_line_expansion,CWE-320,0.03795349597930908,1.0,0.0,0.0
VulBERTa-public,bigvul-3984ef0b72831da8b3ece4745cac4f8575b19098-318,brace_line_shift,CWE-320,0.03795349597930908,1.0,0.0,0.0
VulBERTa-public,bigvul-3984ef0b72831da8b3ece4745cac4f8575b19098-318,code_normalization_abstraction,CWE-320,0.04282170534133911,1.0,0.0,0.0
VulBERTa-public,bigvul-3984ef0b72831da8b3ece4745cac4f8575b19098-318,comment_banner,CWE-320,0.17697834968566895,1.0,0.0,0.0
VulBERTa-public,bigvul-3984ef0b72831da8b3ece4745cac4f8575b19098-318,control_flow_rewrite,CWE-320,0.03795349597930908,1.0,0.0,0.0
VulBERTa-public,bigvul-3984ef0b72831da8b3ece4745cac4f8575b19098-318,dead_branch_after_opening_brace,CWE-320,0.07439517974853516,1.0,0.0,0.0
VulBERTa-public,bigvul-3984ef0b72831da8b3ece4745cac4f8575b19098-318,identifier_renaming,CWE-320,0.0702214241027832,1.0,0.0,0.0
VulBERTa-public,bigvul-3984ef0b72831da8b3ece4745cac4f8575b19098-318,original,CWE-320,0.03795349597930908,1.0,0.0,0.0
VulBERTa-public,bigvul-3984ef0b72831da8b3ece4745cac4f8575b19098-318,safe_dead_code_carrier,CWE-320,0.08922445774078369,1.0,0.0,0.0
VulBERTa-public,bigvul-3b0d77670a0613f409110817455d2137576b485a-1263,blank_line_expansion,CWE-399,-0.327492356300354,0.0,0.0,0.0
VulBERTa-public,bigvul-3b0d77670a0613f409110817455d2137576b485a-1263,brace_line_shift,CWE-399,-0.327492356300354,0.0,0.0,0.0
VulBERTa-public,bigvul-3b0d77670a0613f409110817455d2137576b485a-1263,code_normalization_abstraction,CWE-399,-0.38912004232406616,0.0,0.0,0.0
VulBERTa-public,bigvul-3b0d77670a0613f409110817455d2137576b485a-1263,comment_banner,CWE-399,-0.6387491524219513,0.0,0.0,0.0
VulBERTa-public,bigvul-3b0d77670a0613f409110817455d2137576b485a-1263,control_flow_rewrite,CWE-399,-0.327492356300354,0.0,0.0,0.0
VulBERTa-public,bigvul-3b0d77670a0613f409110817455d2137576b485a-1263,dead_branch_after_opening_brace,CWE-399,-0.26396310329437256,0.0,0.0,0.0
VulBERTa-public,bigvul-3b0d77670a0613f409110817455d2137576b485a-1263,identifier_renaming,CWE-399,-0.7267858386039734,0.0,0.0,0.0
VulBERTa-public,bigvul-3b0d77670a0613f409110817455d2137576b485a-1263,original,CWE-399,-0.327492356300354,0.0,0.0,0.0
VulBERTa-public,bigvul-3b0d77670a0613f409110817455d2137576b485a-1263,safe_dead_code_carrier,CWE-399,-0.2922595143318176,0.0,0.0,0.0
VulBERTa-public,bigvul-3c8e4852477d5b1e2da877808c998dc57db9460f-2802,blank_line_expansion,CWE-20,-0.00031054019927978516,0.0,0.0,0.0
VulBERTa-public,bigvul-3c8e4852477d5b1e2da877808c998dc57db9460f-2802,brace_line_shift,CWE-20,-0.00031054019927978516,0.0,0.0,0.0
VulBERTa-public,bigvul-3c8e4852477d5b1e2da877808c998dc57db9460f-2802,code_normalization_abstraction,CWE-20,-0.00031054019927978516,0.0,0.0,0.0
VulBERTa-public,bigvul-3c8e4852477d5b1e2da877808c998dc57db9460f-2802,comment_banner,CWE-20,0.038162827491760254,1.0,0.0,0.0
VulBERTa-public,bigvul-3c8e4852477d5b1e2da877808c998dc57db9460f-2802,control_flow_rewrite,CWE-20,-0.00031054019927978516,0.0,0.0,0.0
VulBERTa-public,bigvul-3c8e4852477d5b1e2da877808c998dc57db9460f-2802,dead_branch_after_opening_brace,CWE-20,-0.000645756721496582,0.0,0.0,0.0
VulBERTa-public,bigvul-3c8e4852477d5b1e2da877808c998dc57db9460f-2802,identifier_renaming,CWE-20,-0.00031054019927978516,0.0,0.0,0.0
VulBERTa-public,bigvul-3c8e4852477d5b1e2da877808c998dc57db9460f-2802,original,CWE-20,-0.00031054019927978516,0.0,0.0,0.0
VulBERTa-public,bigvul-3c8e4852477d5b1e2da877808c998dc57db9460f-2802,safe_dead_code_carrier,CWE-20,-0.0016478896141052246,0.0,0.0,0.0
VulBERTa-public,bigvul-3e5dae3b38fdb566fb2b7183e810b82eb3ce6f21-1147,blank_line_expansion,unknown,0.2663675621151924,1.0,0.0,0.0
VulBERTa-public,bigvul-3e5dae3b38fdb566fb2b7183e810b82eb3ce6f21-1147,brace_line_shift,unknown,0.2663675621151924,1.0,0.0,0.0
VulBERTa-public,bigvul-3e5dae3b38fdb566fb2b7183e810b82eb3ce6f21-1147,code_normalization_abstraction,unknown,0.2663675621151924,1.0,0.0,0.0
VulBERTa-public,bigvul-3e5dae3b38fdb566fb2b7183e810b82eb3ce6f21-1147,comment_banner,unknown,0.012256905436515808,1.0,0.0,0.0
VulBERTa-public,bigvul-3e5dae3b38fdb566fb2b7183e810b82eb3ce6f21-1147,control_flow_rewrite,unknown,0.2663675621151924,1.0,0.0,0.0
VulBERTa-public,bigvul-3e5dae3b38fdb566fb2b7183e810b82eb3ce6f21-1147,dead_branch_after_opening_brace,unknown,0.04016201198101044,1.0,0.0,0.0
VulBERTa-public,bigvul-3e5dae3b38fdb566fb2b7183e810b82eb3ce6f21-1147,identifier_renaming,unknown,0.2663675621151924,1.0,0.0,0.0
VulBERTa-public,bigvul-3e5dae3b38fdb566fb2b7183e810b82eb3ce6f21-1147,original,unknown,0.2663675621151924,1.0,0.0,0.0
VulBERTa-public,bigvul-3e5dae3b38fdb566fb2b7183e810b82eb3ce6f21-1147,safe_dead_code_carrier,unknown,0.6216232106089592,1.0,0.0,1.0
VulBERTa-public,bigvul-42073d54c53a496be40ae84152bbfe2c923ac7bc-2217,blank_line_expansion,CWE-125,0.0,0.0,1.0,0.0
VulBERTa-public,bigvul-42073d54c53a496be40ae84152bbfe2c923ac7bc-2217,brace_line_shift,CWE-125,0.0,0.0,1.0,0.0
VulBERTa-public,bigvul-42073d54c53a496be40ae84152bbfe2c923ac7bc-2217,code_normalization_abstraction,CWE-125,0.0,0.0,1.0,0.0
VulBERTa-public,bigvul-42073d54c53a496be40ae84152bbfe2c923ac7bc-2217,comment_banner,CWE-125,0.0,0.0,1.0,0.0
VulBERTa-public,bigvul-42073d54c53a496be40ae84152bbfe2c923ac7bc-2217,control_flow_rewrite,CWE-125,0.0,0.0,1.0,0.0
VulBERTa-public,bigvul-42073d54c53a496be40ae84152bbfe2c923ac7bc-2217,dead_branch_after_opening_brace,CWE-125,0.0,0.0,1.0,0.0
VulBERTa-public,bigvul-42073d54c53a496be40ae84152bbfe2c923ac7bc-2217,identifier_renaming,CWE-125,0.0,0.0,1.0,0.0
VulBERTa-public,bigvul-42073d54c53a496be40ae84152bbfe2c923ac7bc-2217,original,CWE-125,0.0,0.0,1.0,0.0
VulBERTa-public,bigvul-42073d54c53a496be40ae84152bbfe2c923ac7bc-2217,safe_dead_code_carrier,CWE-125,0.0,0.0,1.0,0.0
VulBERTa-public,bigvul-45d901b56f578a74b19ba0d10fa5c4c467f19303-1338,blank_line_expansion,CWE-20,0.02739471197128296,1.0,0.0,0.0
VulBERTa-public,bigvul-45d901b56f578a74b19ba0d10fa5c4c467f19303-1338,brace_line_shift,CWE-20,0.02739471197128296,1.0,0.0,0.0
VulBERTa-public,bigvul-45d901b56f578a74b19ba0d10fa5c4c467f19303-1338,code_normalization_abstraction,CWE-20,0.02739471197128296,1.0,0.0,0.0
VulBERTa-public,bigvul-45d901b56f578a74b19ba0d10fa5c4c467f19303-1338,comment_banner,CWE-20,-0.029055535793304443,0.0,0.0,0.0
VulBERTa-public,bigvul-45d901b56f578a74b19ba0d10fa5c4c467f19303-1338,control_flow_rewrite,CWE-20,0.02739471197128296,1.0,0.0,0.0
VulBERTa-public,bigvul-45d901b56f578a74b19ba0d10fa5c4c467f19303-1338,dead_branch_after_opening_brace,CWE-20,0.013620138168334961,1.0,0.0,0.0
VulBERTa-public,bigvul-45d901b56f578a74b19ba0d10fa5c4c467f19303-1338,identifier_renaming,CWE-20,-0.03367209434509277,0.0,0.0,0.0
VulBERTa-public,bigvul-45d901b56f578a74b19ba0d10fa5c4c467f19303-1338,original,CWE-20,0.02739471197128296,1.0,0.0,0.0
VulBERTa-public,bigvul-45d901b56f578a74b19ba0d10fa5c4c467f19303-1338,safe_dead_code_carrier,CWE-20,-0.01303243637084961,0.0,0.0,0.0
VulBERTa-public,bigvul-472271b153c5dc53c28beac55480a8d8434b2d5c-1650,blank_line_expansion,CWE-284,0.0030769966542720795,1.0,0.0,0.0
VulBERTa-public,bigvul-472271b153c5dc53c28beac55480a8d8434b2d5c-1650,brace_line_shift,CWE-284,0.0030769966542720795,1.0,0.0,0.0
VulBERTa-public,bigvul-472271b153c5dc53c28beac55480a8d8434b2d5c-1650,code_normalization_abstraction,CWE-284,0.0030769966542720795,1.0,0.0,0.0
VulBERTa-public,bigvul-472271b153c5dc53c28beac55480a8d8434b2d5c-1650,comment_banner,CWE-284,4.93563711643219e-05,1.0,0.0,0.0
VulBERTa-public,bigvul-472271b153c5dc53c28beac55480a8d8434b2d5c-1650,control_flow_rewrite,CWE-284,0.0030769966542720795,1.0,0.0,0.0
VulBERTa-public,bigvul-472271b153c5dc53c28beac55480a8d8434b2d5c-1650,dead_branch_after_opening_brace,CWE-284,0.00030795857310295105,1.0,0.0,0.0
VulBERTa-public,bigvul-472271b153c5dc53c28beac55480a8d8434b2d5c-1650,identifier_renaming,CWE-284,0.000944383442401886,1.0,0.0,0.0
VulBERTa-public,bigvul-472271b153c5dc53c28beac55480a8d8434b2d5c-1650,original,CWE-284,0.0030769966542720795,1.0,0.0,0.0
VulBERTa-public,bigvul-472271b153c5dc53c28beac55480a8d8434b2d5c-1650,safe_dead_code_carrier,CWE-284,-1.634657382965088e-05,0.0,0.0,0.0
VulBERTa-public,bigvul-497de07d89c1410d76a15bec2bb41f24a2a89f31-1071,blank_line_expansion,unknown,0.00017961114645004272,1.0,0.0,0.0
VulBERTa-public,bigvul-497de07d89c1410d76a15bec2bb41f24a2a89f31-1071,brace_line_shift,unknown,0.00017961114645004272,1.0,0.0,0.0
VulBERTa-public,bigvul-497de07d89c1410d76a15bec2bb41f24a2a89f31-1071,code_normalization_abstraction,unknown,0.004705220460891724,1.0,0.0,0.0
VulBERTa-public,bigvul-497de07d89c1410d76a15bec2bb41f24a2a89f31-1071,comment_banner,unknown,-0.0018267706036567688,0.0,0.0,0.0
VulBERTa-public,bigvul-497de07d89c1410d76a15bec2bb41f24a2a89f31-1071,control_flow_rewrite,unknown,0.00017961114645004272,1.0,0.0,0.0
VulBERTa-public,bigvul-497de07d89c1410d76a15bec2bb41f24a2a89f31-1071,dead_branch_after_opening_brace,unknown,-0.0009764283895492554,0.0,0.0,0.0
VulBERTa-public,bigvul-497de07d89c1410d76a15bec2bb41f24a2a89f31-1071,identifier_renaming,unknown,-0.004195384681224823,0.0,0.0,0.0
VulBERTa-public,bigvul-497de07d89c1410d76a15bec2bb41f24a2a89f31-1071,original,unknown,0.00017961114645004272,1.0,0.0,0.0
VulBERTa-public,bigvul-497de07d89c1410d76a15bec2bb41f24a2a89f31-1071,safe_dead_code_carrier,unknown,-0.2064741551876068,0.0,0.0,0.0
VulBERTa-public,bigvul-49d31c2f389acfe83417083e1208422b4091cd9e-883,blank_line_expansion,CWE-362,-0.052392952144145966,0.0,0.0,0.0
VulBERTa-public,bigvul-49d31c2f389acfe83417083e1208422b4091cd9e-883,brace_line_shift,CWE-362,-0.052392952144145966,0.0,0.0,0.0
VulBERTa-public,bigvul-49d31c2f389acfe83417083e1208422b4091cd9e-883,code_normalization_abstraction,CWE-362,-0.05493178963661194,0.0,0.0,0.0
VulBERTa-public,bigvul-49d31c2f389acfe83417083e1208422b4091cd9e-883,comment_banner,CWE-362,-0.033033065497875214,0.0,0.0,0.0
VulBERTa-public,bigvul-49d31c2f389acfe83417083e1208422b4091cd9e-883,control_flow_rewrite,CWE-362,-0.052392952144145966,0.0,0.0,0.0
VulBERTa-public,bigvul-49d31c2f389acfe83417083e1208422b4091cd9e-883,dead_branch_after_opening_brace,CWE-362,-0.05200891196727753,0.0,0.0,0.0
VulBERTa-public,bigvul-49d31c2f389acfe83417083e1208422b4091cd9e-883,identifier_renaming,CWE-362,-0.01638239622116089,0.0,0.0,0.0
VulBERTa-public,bigvul-49d31c2f389acfe83417083e1208422b4091cd9e-883,original,CWE-362,-0.052392952144145966,0.0,0.0,0.0
VulBERTa-public,bigvul-49d31c2f389acfe83417083e1208422b4091cd9e-883,safe_dead_code_carrier,CWE-362,-0.03545588254928589,0.0,0.0,0.0
VulBERTa-public,bigvul-51dfe5e3b332bcea02fb4d4c7493ae841106dd9b-1694,blank_line_expansion,unknown,0.00902501493692398,1.0,0.0,0.0
VulBERTa-public,bigvul-51dfe5e3b332bcea02fb4d4c7493ae841106dd9b-1694,brace_line_shift,unknown,0.00902501493692398,1.0,0.0,0.0
VulBERTa-public,bigvul-51dfe5e3b332bcea02fb4d4c7493ae841106dd9b-1694,code_normalization_abstraction,unknown,0.00902501493692398,1.0,0.0,0.0
VulBERTa-public,bigvul-51dfe5e3b332bcea02fb4d4c7493ae841106dd9b-1694,comment_banner,unknown,0.010142561048269272,1.0,0.0,0.0
VulBERTa-public,bigvul-51dfe5e3b332bcea02fb4d4c7493ae841106dd9b-1694,control_flow_rewrite,unknown,0.00902501493692398,1.0,0.0,0.0
VulBERTa-public,bigvul-51dfe5e3b332bcea02fb4d4c7493ae841106dd9b-1694,dead_branch_after_opening_brace,unknown,0.9084126502275467,1.0,0.0,1.0
VulBERTa-public,bigvul-51dfe5e3b332bcea02fb4d4c7493ae841106dd9b-1694,identifier_renaming,unknown,0.00902501493692398,1.0,0.0,0.0
VulBERTa-public,bigvul-51dfe5e3b332bcea02fb4d4c7493ae841106dd9b-1694,original,unknown,0.00902501493692398,1.0,0.0,0.0
VulBERTa-public,bigvul-51dfe5e3b332bcea02fb4d4c7493ae841106dd9b-1694,safe_dead_code_carrier,unknown,0.4841252714395523,1.0,0.0,1.0
VulBERTa-public,bigvul-53262b5285efbbfdbbcc17fbf5200890f1ee295c-1417,blank_line_expansion,CWE-94,-0.008194439113140106,0.0,0.0,0.0
VulBERTa-public,bigvul-53262b5285efbbfdbbcc17fbf5200890f1ee295c-1417,brace_line_shift,CWE-94,-0.008194439113140106,0.0,0.0,0.0
VulBERTa-public,bigvul-53262b5285efbbfdbbcc17fbf5200890f1ee295c-1417,code_normalization_abstraction,CWE-94,-0.008194439113140106,0.0,0.0,0.0
VulBERTa-public,bigvul-53262b5285efbbfdbbcc17fbf5200890f1ee295c-1417,comment_banner,CWE-94,0.060494307428598404,1.0,0.0,0.0
VulBERTa-public,bigvul-53262b5285efbbfdbbcc17fbf5200890f1ee295c-1417,control_flow_rewrite,CWE-94,-0.008194439113140106,0.0,0.0,0.0
VulBERTa-public,bigvul-53262b5285efbbfdbbcc17fbf5200890f1ee295c-1417,dead_branch_after_opening_brace,CWE-94,0.19929184019565582,1.0,0.0,0.0
VulBERTa-public,bigvul-53262b5285efbbfdbbcc17fbf5200890f1ee295c-1417,identifier_renaming,CWE-94,-0.008194439113140106,0.0,0.0,0.0
VulBERTa-public,bigvul-53262b5285efbbfdbbcc17fbf5200890f1ee295c-1417,original,CWE-94,-0.008194439113140106,0.0,0.0,0.0
VulBERTa-public,bigvul-53262b5285efbbfdbbcc17fbf5200890f1ee295c-1417,safe_dead_code_carrier,CWE-94,-0.07920446246862411,0.0,0.0,0.0
VulBERTa-public,bigvul-5443b57cc54f2e46b35246637be26a69e9f493e1-85,blank_line_expansion,unknown,0.003009200096130371,1.0,0.0,0.0
VulBERTa-public,bigvul-5443b57cc54f2e46b35246637be26a69e9f493e1-85,brace_line_shift,unknown,0.003009200096130371,1.0,0.0,0.0
VulBERTa-public,bigvul-5443b57cc54f2e46b35246637be26a69e9f493e1-85,code_normalization_abstraction,unknown,0.003009200096130371,1.0,0.0,0.0
VulBERTa-public,bigvul-5443b57cc54f2e46b35246637be26a69e9f493e1-85,comment_banner,unknown,-0.014969050884246826,0.0,0.0,0.0
VulBERTa-public,bigvul-5443b57cc54f2e46b35246637be26a69e9f493e1-85,control_flow_rewrite,unknown,0.003009200096130371,1.0,0.0,0.0
VulBERTa-public,bigvul-5443b57cc54f2e46b35246637be26a69e9f493e1-85,dead_branch_after_opening_brace,unknown,0.0016031265258789062,1.0,0.0,0.0
VulBERTa-public,bigvul-5443b57cc54f2e46b35246637be26a69e9f493e1-85,identifier_renaming,unknown,0.003009200096130371,1.0,0.0,0.0
VulBERTa-public,bigvul-5443b57cc54f2e46b35246637be26a69e9f493e1-85,original,unknown,0.003009200096130371,1.0,0.0,0.0
VulBERTa-public,bigvul-5443b57cc54f2e46b35246637be26a69e9f493e1-85,safe_dead_code_carrier,unknown,0.0036928653717041016,1.0,0.0,0.0
VulBERTa-public,bigvul-54d83fc74aa9ec72794373cb47432c5f7fb1a309-131,blank_line_expansion,CWE-119,-0.022435784339904785,0.0,0.0,0.0
VulBERTa-public,bigvul-54d83fc74aa9ec72794373cb47432c5f7fb1a309-131,brace_line_shift,CWE-119,-0.022435784339904785,0.0,0.0,0.0
VulBERTa-public,bigvul-54d83fc74aa9ec72794373cb47432c5f7fb1a309-131,code_normalization_abstraction,CWE-119,-0.022435873746871948,0.0,0.0,0.0
VulBERTa-public,bigvul-54d83fc74aa9ec72794373cb47432c5f7fb1a309-131,comment_banner,CWE-119,0.02584434300661087,1.0,0.0,0.0
VulBERTa-public,bigvul-54d83fc74aa9ec72794373cb47432c5f7fb1a309-131,control_flow_rewrite,CWE-119,-0.022435784339904785,0.0,0.0,0.0
VulBERTa-public,bigvul-54d83fc74aa9ec72794373cb47432c5f7fb1a309-131,dead_branch_after_opening_brace,CWE-119,0.1789427399635315,1.0,0.0,0.0
VulBERTa-public,bigvul-54d83fc74aa9ec72794373cb47432c5f7fb1a309-131,identifier_renaming,CWE-119,-0.022435784339904785,0.0,0.0,0.0
VulBERTa-public,bigvul-54d83fc74aa9ec72794373cb47432c5f7fb1a309-131,original,CWE-119,-0.022435784339904785,0.0,0.0,0.0
VulBERTa-public,bigvul-54d83fc74aa9ec72794373cb47432c5f7fb1a309-131,safe_dead_code_carrier,CWE-119,-0.0172540545463562,0.0,0.0,0.0
VulBERTa-public,bigvul-550fd08c2cebad61c548def135f67aba284c6162-1549,blank_line_expansion,CWE-264,0.0006153751164674759,1.0,0.0,0.0
VulBERTa-public,bigvul-550fd08c2cebad61c548def135f67aba284c6162-1549,brace_line_shift,CWE-264,0.0006153751164674759,1.0,0.0,0.0
VulBERTa-public,bigvul-550fd08c2cebad61c548def135f67aba284c6162-1549,code_normalization_abstraction,CWE-264,0.0006153751164674759,1.0,0.0,0.0
VulBERTa-public,bigvul-550fd08c2cebad61c548def135f67aba284c6162-1549,comment_banner,CWE-264,-0.006524849683046341,0.0,0.0,0.0
VulBERTa-public,bigvul-550fd08c2cebad61c548def135f67aba284c6162-1549,control_flow_rewrite,CWE-264,0.0006153751164674759,1.0,0.0,0.0
VulBERTa-public,bigvul-550fd08c2cebad61c548def135f67aba284c6162-1549,dead_branch_after_opening_brace,CWE-264,0.006919249892234802,1.0,0.0,0.0
VulBERTa-public,bigvul-550fd08c2cebad61c548def135f67aba284c6162-1549,identifier_renaming,CWE-264,0.0006153751164674759,1.0,0.0,0.0
VulBERTa-public,bigvul-550fd08c2cebad61c548def135f67aba284c6162-1549,original,CWE-264,0.0006153751164674759,1.0,0.0,0.0
VulBERTa-public,bigvul-550fd08c2cebad61c548def135f67aba284c6162-1549,safe_dead_code_carrier,CWE-264,0.004720166325569153,1.0,0.0,0.0
VulBERTa-public,bigvul-592fd47a6245508b79fe6ac819fe6d3b2c1289be-1885,blank_line_expansion,CWE-59,-0.0029436051845550537,0.0,0.0,0.0
VulBERTa-public,bigvul-592fd47a6245508b79fe6ac819fe6d3b2c1289be-1885,brace_line_shift,CWE-59,-0.0029436051845550537,0.0,0.0,0.0
VulBERTa-public,bigvul-592fd47a6245508b79fe6ac819fe6d3b2c1289be-1885,code_normalization_abstraction,CWE-59,0.0086287260055542,1.0,0.0,0.0
VulBERTa-public,bigvul-592fd47a6245508b79fe6ac819fe6d3b2c1289be-1885,comment_banner,CWE-59,0.007330149412155151,1.0,0.0,0.0
VulBERTa-public,bigvul-592fd47a6245508b79fe6ac819fe6d3b2c1289be-1885,control_flow_rewrite,CWE-59,-0.0029436051845550537,0.0,0.0,0.0
VulBERTa-public,bigvul-592fd47a6245508b79fe6ac819fe6d3b2c1289be-1885,dead_branch_after_opening_brace,CWE-59,0.00473359227180481,1.0,0.0,0.0
VulBERTa-public,bigvul-592fd47a6245508b79fe6ac819fe6d3b2c1289be-1885,identifier_renaming,CWE-59,0.0012080967426300049,1.0,0.0,0.0
VulBERTa-public,bigvul-592fd47a6245508b79fe6ac819fe6d3b2c1289be-1885,original,CWE-59,-0.0029436051845550537,0.0,0.0,0.0
VulBERTa-public,bigvul-592fd47a6245508b79fe6ac819fe6d3b2c1289be-1885,safe_dead_code_carrier,CWE-59,0.006250500679016113,1.0,0.0,0.0
VulBERTa-public,bigvul-5a15b72a270b514cd442872221a788a303bdaa88-1521,blank_line_expansion,unknown,-0.8883789200335741,0.0,0.0,0.0
VulBERTa-public,bigvul-5a15b72a270b514cd442872221a788a303bdaa88-1521,brace_line_shift,unknown,-0.8883789200335741,0.0,0.0,0.0
VulBERTa-public,bigvul-5a15b72a270b514cd442872221a788a303bdaa88-1521,code_normalization_abstraction,unknown,-0.8883789200335741,0.0,0.0,0.0
VulBERTa-public,bigvul-5a15b72a270b514cd442872221a788a303bdaa88-1521,comment_banner,unknown,-0.7591727152466774,0.0,0.0,0.0
VulBERTa-public,bigvul-5a15b72a270b514cd442872221a788a303bdaa88-1521,control_flow_rewrite,unknown,-0.8883789200335741,0.0,0.0,0.0
VulBERTa-public,bigvul-5a15b72a270b514cd442872221a788a303bdaa88-1521,dead_branch_after_opening_brace,unknown,-0.8145981281995773,0.0,0.0,0.0
VulBERTa-public,bigvul-5a15b72a270b514cd442872221a788a303bdaa88-1521,identifier_renaming,unknown,-0.8883789200335741,0.0,0.0,0.0
VulBERTa-public,bigvul-5a15b72a270b514cd442872221a788a303bdaa88-1521,original,unknown,-0.8883789200335741,0.0,0.0,0.0
VulBERTa-public,bigvul-5a15b72a270b514cd442872221a788a303bdaa88-1521,safe_dead_code_carrier,unknown,-0.8618552163243294,0.0,0.0,0.0
VulBERTa-public,bigvul-5a9753fca56f0eeb9f61e342b2fccffc364f9426-2519,blank_line_expansion,CWE-119,0.7800084948539734,1.0,0.0,1.0
VulBERTa-public,bigvul-5a9753fca56f0eeb9f61e342b2fccffc364f9426-2519,brace_line_shift,CWE-119,0.7800084948539734,1.0,0.0,1.0
VulBERTa-public,bigvul-5a9753fca56f0eeb9f61e342b2fccffc364f9426-2519,code_normalization_abstraction,CWE-119,0.7800085097551346,1.0,0.0,1.0
VulBERTa-public,bigvul-5a9753fca56f0eeb9f61e342b2fccffc364f9426-2519,comment_banner,CWE-119,-0.02565186470746994,0.0,0.0,0.0
VulBERTa-public,bigvul-5a9753fca56f0eeb9f61e342b2fccffc364f9426-2519,control_flow_rewrite,CWE-119,0.7800085097551346,1.0,0.0,1.0
VulBERTa-public,bigvul-5a9753fca56f0eeb9f61e342b2fccffc364f9426-2519,dead_branch_after_opening_brace,CWE-119,0.0575026273727417,1.0,0.0,0.0
VulBERTa-public,bigvul-5a9753fca56f0eeb9f61e342b2fccffc364f9426-2519,identifier_renaming,CWE-119,0.7800085097551346,1.0,0.0,1.0
VulBERTa-public,bigvul-5a9753fca56f0eeb9f61e342b2fccffc364f9426-2519,original,CWE-119,0.7800084948539734,1.0,0.0,1.0
VulBERTa-public,bigvul-5a9753fca56f0eeb9f61e342b2fccffc364f9426-2519,safe_dead_code_carrier,CWE-119,0.2705141305923462,1.0,0.0,0.0
VulBERTa-public,bigvul-5a9753fca56f0eeb9f61e342b2fccffc364f9426-2783,blank_line_expansion,CWE-119,-0.5575262159109116,0.0,0.0,0.0
VulBERTa-public,bigvul-5a9753fca56f0eeb9f61e342b2fccffc364f9426-2783,brace_line_shift,CWE-119,-0.5575262159109116,0.0,0.0,0.0
VulBERTa-public,bigvul-5a9753fca56f0eeb9f61e342b2fccffc364f9426-2783,code_normalization_abstraction,CWE-119,-0.5575262159109116,0.0,0.0,0.0
VulBERTa-public,bigvul-5a9753fca56f0eeb9f61e342b2fccffc364f9426-2783,comment_banner,CWE-119,-0.02563609927892685,0.0,0.0,0.0
VulBERTa-public,bigvul-5a9753fca56f0eeb9f61e342b2fccffc364f9426-2783,control_flow_rewrite,CWE-119,-0.5575262159109116,0.0,0.0,0.0
VulBERTa-public,bigvul-5a9753fca56f0eeb9f61e342b2fccffc364f9426-2783,dead_branch_after_opening_brace,CWE-119,-0.1458265781402588,0.0,0.0,0.0
VulBERTa-public,bigvul-5a9753fca56f0eeb9f61e342b2fccffc364f9426-2783,identifier_renaming,CWE-119,-0.13985715806484222,0.0,0.0,0.0
VulBERTa-public,bigvul-5a9753fca56f0eeb9f61e342b2fccffc364f9426-2783,original,CWE-119,-0.5575262159109116,0.0,0.0,0.0
VulBERTa-public,bigvul-5a9753fca56f0eeb9f61e342b2fccffc364f9426-2783,safe_dead_code_carrier,CWE-119,0.017630577087402344,1.0,0.0,0.0
VulBERTa-public,bigvul-5a9753fca56f0eeb9f61e342b2fccffc364f9426-83,blank_line_expansion,CWE-119,0.0015962682664394379,1.0,0.0,0.0
VulBERTa-public,bigvul-5a9753fca56f0eeb9f61e342b2fccffc364f9426-83,brace_line_shift,CWE-119,0.0015962421894073486,1.0,0.0,0.0
VulBERTa-public,bigvul-5a9753fca56f0eeb9f61e342b2fccffc364f9426-83,code_normalization_abstraction,CWE-119,0.0016964003443717957,1.0,0.0,0.0
VulBERTa-public,bigvul-5a9753fca56f0eeb9f61e342b2fccffc364f9426-83,comment_banner,CWE-119,0.005060173571109772,1.0,0.0,0.0
VulBERTa-public,bigvul-5a9753fca56f0eeb9f61e342b2fccffc364f9426-83,control_flow_rewrite,CWE-119,0.0015962421894073486,1.0,0.0,0.0
VulBERTa-public,bigvul-5a9753fca56f0eeb9f61e342b2fccffc364f9426-83,dead_branch_after_opening_brace,CWE-119,0.007112324237823486,1.0,0.0,0.0
VulBERTa-public,bigvul-5a9753fca56f0eeb9f61e342b2fccffc364f9426-83,identifier_renaming,CWE-119,0.022469833493232727,1.0,0.0,0.0
VulBERTa-public,bigvul-5a9753fca56f0eeb9f61e342b2fccffc364f9426-83,original,CWE-119,0.0015962682664394379,1.0,0.0,0.0
VulBERTa-public,bigvul-5a9753fca56f0eeb9f61e342b2fccffc364f9426-83,safe_dead_code_carrier,CWE-119,0.13801147043704987,1.0,0.0,0.0
VulBERTa-public,bigvul-5b998565255a504887c6d2e90d11001a00c9d6da-1633,blank_line_expansion,CWE-399,-0.7458708584308624,0.0,0.0,0.0
VulBERTa-public,bigvul-5b998565255a504887c6d2e90d11001a00c9d6da-1633,brace_line_shift,CWE-399,-0.7458708584308624,0.0,0.0,0.0
VulBERTa-public,bigvul-5b998565255a504887c6d2e90d11001a00c9d6da-1633,code_normalization_abstraction,CWE-399,-0.7458708584308624,0.0,0.0,0.0
VulBERTa-public,bigvul-5b998565255a504887c6d2e90d11001a00c9d6da-1633,comment_banner,CWE-399,-0.8498200848698616,0.0,0.0,0.0
VulBERTa-public,bigvul-5b998565255a504887c6d2e90d11001a00c9d6da-1633,control_flow_rewrite,CWE-399,-0.7458708584308624,0.0,0.0,0.0
VulBERTa-public,bigvul-5b998565255a504887c6d2e90d11001a00c9d6da-1633,dead_branch_after_opening_brace,CWE-399,-0.012241005897521973,0.0,0.0,0.0
VulBERTa-public,bigvul-5b998565255a504887c6d2e90d11001a00c9d6da-1633,identifier_renaming,CWE-399,-0.7458708584308624,0.0,0.0,0.0
VulBERTa-public,bigvul-5b998565255a504887c6d2e90d11001a00c9d6da-1633,original,CWE-399,-0.7458708584308624,0.0,0.0,0.0
VulBERTa-public,bigvul-5b998565255a504887c6d2e90d11001a00c9d6da-1633,safe_dead_code_carrier,CWE-399,-0.6829442530870438,0.0,0.0,0.0
VulBERTa-public,bigvul-5bb223676defeba9c44a5ce42460c86e24561e73-393,blank_line_expansion,CWE-362,-0.06937521696090698,0.0,0.0,0.0
VulBERTa-public,bigvul-5bb223676defeba9c44a5ce42460c86e24561e73-393,brace_line_shift,CWE-362,-0.06937521696090698,0.0,0.0,0.0
VulBERTa-public,bigvul-5bb223676defeba9c44a5ce42460c86e24561e73-393,code_normalization_abstraction,CWE-362,-0.06937521696090698,0.0,0.0,0.0
VulBERTa-public,bigvul-5bb223676defeba9c44a5ce42460c86e24561e73-393,comment_banner,CWE-362,-0.2852976322174072,0.0,0.0,0.0
VulBERTa-public,bigvul-5bb223676defeba9c44a5ce42460c86e24561e73-393,control_flow_rewrite,CWE-362,-0.06937521696090698,0.0,0.0,0.0
VulBERTa-public,bigvul-5bb223676defeba9c44a5ce42460c86e24561e73-393,dead_branch_after_opening_brace,CWE-362,-0.22359824180603027,0.0,0.0,0.0
VulBERTa-public,bigvul-5bb223676defeba9c44a5ce42460c86e24561e73-393,identifier_renaming,CWE-362,-0.06937521696090698,0.0,0.0,0.0
VulBERTa-public,bigvul-5bb223676defeba9c44a5ce42460c86e24561e73-393,original,CWE-362,-0.06937521696090698,0.0,0.0,0.0
VulBERTa-public,bigvul-5bb223676defeba9c44a5ce42460c86e24561e73-393,safe_dead_code_carrier,CWE-362,-0.1143842339515686,0.0,0.0,0.0
VulBERTa-public,bigvul-5d340a5ca6e420a70297cdbdf777333f18bfdab7-918,blank_line_expansion,CWE-125,0.0052495077252388,1.0,0.0,0.0
VulBERTa-public,bigvul-5d340a5ca6e420a70297cdbdf777333f18bfdab7-918,brace_line_shift,CWE-125,0.0052495077252388,1.0,0.0,0.0
VulBERTa-public,bigvul-5d340a5ca6e420a70297cdbdf777333f18bfdab7-918,code_normalization_abstraction,CWE-125,0.00951559841632843,1.0,0.0,0.0
VulBERTa-public,bigvul-5d340a5ca6e420a70297cdbdf777333f18bfdab7-918,comment_banner,CWE-125,0.033067911863327026,1.0,0.0,0.0
VulBERTa-public,bigvul-5d340a5ca6e420a70297cdbdf777333f18bfdab7-918,control_flow_rewrite,CWE-125,0.0052495077252388,1.0,0.0,0.0
VulBERTa-public,bigvul-5d340a5ca6e420a70297cdbdf777333f18bfdab7-918,dead_branch_after_opening_brace,CWE-125,-0.017048805952072144,0.0,0.0,0.0
VulBERTa-public,bigvul-5d340a5ca6e420a70297cdbdf777333f18bfdab7-918,identifier_renaming,CWE-125,-0.002947494387626648,0.0,0.0,0.0
VulBERTa-public,bigvul-5d340a5ca6e420a70297cdbdf777333f18bfdab7-918,original,CWE-125,0.0052495077252388,1.0,0.0,0.0
VulBERTa-public,bigvul-5d340a5ca6e420a70297cdbdf777333f18bfdab7-918,safe_dead_code_carrier,CWE-125,-0.015876874327659607,0.0,0.0,0.0
VulBERTa-public,bigvul-648cbc15a6830523b3a4eb78d674f059bd2a7ce9-348,blank_line_expansion,unknown,-0.0716063380241394,0.0,0.0,0.0
VulBERTa-public,bigvul-648cbc15a6830523b3a4eb78d674f059bd2a7ce9-348,brace_line_shift,unknown,-0.0716063380241394,0.0,0.0,0.0
VulBERTa-public,bigvul-648cbc15a6830523b3a4eb78d674f059bd2a7ce9-348,code_normalization_abstraction,unknown,-0.0716063380241394,0.0,0.0,0.0
VulBERTa-public,bigvul-648cbc15a6830523b3a4eb78d674f059bd2a7ce9-348,comment_banner,unknown,-0.04220817983150482,0.0,0.0,0.0
VulBERTa-public,bigvul-648cbc15a6830523b3a4eb78d674f059bd2a7ce9-348,control_flow_rewrite,unknown,-0.0716063380241394,0.0,0.0,0.0
VulBERTa-public,bigvul-648cbc15a6830523b3a4eb78d674f059bd2a7ce9-348,dead_branch_after_opening_brace,unknown,-0.1280984878540039,0.0,0.0,0.0
VulBERTa-public,bigvul-648cbc15a6830523b3a4eb78d674f059bd2a7ce9-348,identifier_renaming,unknown,-0.39014391601085663,0.0,0.0,0.0
VulBERTa-public,bigvul-648cbc15a6830523b3a4eb78d674f059bd2a7ce9-348,original,unknown,-0.0716063380241394,0.0,0.0,0.0
VulBERTa-public,bigvul-648cbc15a6830523b3a4eb78d674f059bd2a7ce9-348,safe_dead_code_carrier,unknown,-0.053179025650024414,0.0,0.0,0.0
VulBERTa-public,bigvul-6a60f01228557982e6508c5919cc21fcfddf110b-2477,blank_line_expansion,CWE-264,0.0035451650619506836,1.0,0.0,0.0
VulBERTa-public,bigvul-6a60f01228557982e6508c5919cc21fcfddf110b-2477,brace_line_shift,CWE-264,0.0035451650619506836,1.0,0.0,0.0
VulBERTa-public,bigvul-6a60f01228557982e6508c5919cc21fcfddf110b-2477,code_normalization_abstraction,CWE-264,0.0035451650619506836,1.0,0.0,0.0
VulBERTa-public,bigvul-6a60f01228557982e6508c5919cc21fcfddf110b-2477,comment_banner,CWE-264,-0.16925457119941711,0.0,0.0,0.0
VulBERTa-public,bigvul-6a60f01228557982e6508c5919cc21fcfddf110b-2477,control_flow_rewrite,CWE-264,0.0035451650619506836,1.0,0.0,0.0
VulBERTa-public,bigvul-6a60f01228557982e6508c5919cc21fcfddf110b-2477,dead_branch_after_opening_brace,CWE-264,0.0294303297996521,1.0,0.0,0.0
VulBERTa-public,bigvul-6a60f01228557982e6508c5919cc21fcfddf110b-2477,identifier_renaming,CWE-264,0.0035451650619506836,1.0,0.0,0.0
VulBERTa-public,bigvul-6a60f01228557982e6508c5919cc21fcfddf110b-2477,original,CWE-264,0.0035451650619506836,1.0,0.0,0.0
VulBERTa-public,bigvul-6a60f01228557982e6508c5919cc21fcfddf110b-2477,safe_dead_code_carrier,CWE-264,0.0963667631149292,1.0,0.0,0.0
VulBERTa-public,bigvul-6a7063ae61cf031630b48bdcdb09863ffc199962-913,blank_line_expansion,CWE-416,0.4228048324584961,1.0,0.0,1.0
VulBERTa-public,bigvul-6a7063ae61cf031630b48bdcdb09863ffc199962-913,brace_line_shift,CWE-416,0.4228048324584961,1.0,0.0,1.0
VulBERTa-public,bigvul-6a7063ae61cf031630b48bdcdb09863ffc199962-913,code_normalization_abstraction,CWE-416,0.4228048324584961,1.0,0.0,1.0
VulBERTa-public,bigvul-6a7063ae61cf031630b48bdcdb09863ffc199962-913,comment_banner,CWE-416,-0.022954821586608887,0.0,0.0,0.0
VulBERTa-public,bigvul-6a7063ae61cf031630b48bdcdb09863ffc199962-913,control_flow_rewrite,CWE-416,0.4228048324584961,1.0,0.0,1.0
VulBERTa-public,bigvul-6a7063ae61cf031630b48bdcdb09863ffc199962-913,dead_branch_after_opening_brace,CWE-416,0.08405858278274536,1.0,0.0,0.0
VulBERTa-public,bigvul-6a7063ae61cf031630b48bdcdb09863ffc199962-913,identifier_renaming,CWE-416,0.4228048324584961,1.0,0.0,1.0
VulBERTa-public,bigvul-6a7063ae61cf031630b48bdcdb09863ffc199962-913,original,CWE-416,0.4228048324584961,1.0,0.0,1.0
VulBERTa-public,bigvul-6a7063ae61cf031630b48bdcdb09863ffc199962-913,safe_dead_code_carrier,CWE-416,0.1991395354270935,1.0,0.0,0.0
VulBERTa-public,bigvul-6b6bff054d569a77973f2140c0e86366e6168a6c-2681,blank_line_expansion,CWE-20,0.0,0.0,1.0,0.0
VulBERTa-public,bigvul-6b6bff054d569a77973f2140c0e86366e6168a6c-2681,brace_line_shift,CWE-20,0.0,0.0,1.0,0.0
VulBERTa-public,bigvul-6b6bff054d569a77973f2140c0e86366e6168a6c-2681,code_normalization_abstraction,CWE-20,0.0,0.0,1.0,0.0
VulBERTa-public,bigvul-6b6bff054d569a77973f2140c0e86366e6168a6c-2681,comment_banner,CWE-20,0.0,0.0,1.0,0.0
VulBERTa-public,bigvul-6b6bff054d569a77973f2140c0e86366e6168a6c-2681,control_flow_rewrite,CWE-20,0.0,0.0,1.0,0.0
VulBERTa-public,bigvul-6b6bff054d569a77973f2140c0e86366e6168a6c-2681,dead_branch_after_opening_brace,CWE-20,0.0,0.0,1.0,0.0
VulBERTa-public,bigvul-6b6bff054d569a77973f2140c0e86366e6168a6c-2681,identifier_renaming,CWE-20,0.0,0.0,1.0,0.0
VulBERTa-public,bigvul-6b6bff054d569a77973f2140c0e86366e6168a6c-2681,original,CWE-20,0.0,0.0,1.0,0.0
VulBERTa-public,bigvul-6b6bff054d569a77973f2140c0e86366e6168a6c-2681,safe_dead_code_carrier,CWE-20,0.0,0.0,1.0,0.0
VulBERTa-public,bigvul-6d9425ec7badda912555d46ea7abcfab81fdd9b9-2117,blank_line_expansion,CWE-399,0.08922237157821655,1.0,0.0,0.0
VulBERTa-public,bigvul-6d9425ec7badda912555d46ea7abcfab81fdd9b9-2117,brace_line_shift,CWE-399,0.08922237157821655,1.0,0.0,0.0
VulBERTa-public,bigvul-6d9425ec7badda912555d46ea7abcfab81fdd9b9-2117,code_normalization_abstraction,CWE-399,0.08922237157821655,1.0,0.0,0.0
VulBERTa-public,bigvul-6d9425ec7badda912555d46ea7abcfab81fdd9b9-2117,comment_banner,CWE-399,0.09952479600906372,1.0,0.0,0.0
VulBERTa-public,bigvul-6d9425ec7badda912555d46ea7abcfab81fdd9b9-2117,control_flow_rewrite,CWE-399,0.08922237157821655,1.0,0.0,0.0
VulBERTa-public,bigvul-6d9425ec7badda912555d46ea7abcfab81fdd9b9-2117,dead_branch_after_opening_brace,CWE-399,0.009385287761688232,1.0,0.0,0.0
VulBERTa-public,bigvul-6d9425ec7badda912555d46ea7abcfab81fdd9b9-2117,identifier_renaming,CWE-399,0.08922237157821655,1.0,0.0,0.0
VulBERTa-public,bigvul-6d9425ec7badda912555d46ea7abcfab81fdd9b9-2117,original,CWE-399,0.08922237157821655,1.0,0.0,0.0
VulBERTa-public,bigvul-6d9425ec7badda912555d46ea7abcfab81fdd9b9-2117,safe_dead_code_carrier,CWE-399,0.06378179788589478,1.0,0.0,0.0
VulBERTa-public,bigvul-6f737ddfadb596d7d4a993f7ed2141ffd664a81c-117,blank_line_expansion,CWE-399,-0.00988835096359253,0.0,0.0,0.0
VulBERTa-public,bigvul-6f737ddfadb596d7d4a993f7ed2141ffd664a81c-117,brace_line_shift,CWE-399,-0.00988835096359253,0.0,0.0,0.0
VulBERTa-public,bigvul-6f737ddfadb596d7d4a993f7ed2141ffd664a81c-117,code_normalization_abstraction,CWE-399,-0.35474666953086853,0.0,0.0,0.0
VulBERTa-public,bigvul-6f737ddfadb596d7d4a993f7ed2141ffd664a81c-117,comment_banner,CWE-399,-0.023181617259979248,0.0,0.0,0.0
VulBERTa-public,bigvul-6f737ddfadb596d7d4a993f7ed2141ffd664a81c-117,control_flow_rewrite,CWE-399,-0.00988835096359253,0.0,0.0,0.0
VulBERTa-public,bigvul-6f737ddfadb596d7d4a993f7ed2141ffd664a81c-117,dead_branch_after_opening_brace,CWE-399,-0.19492369890213013,0.0,0.0,0.0
VulBERTa-public,bigvul-6f737ddfadb596d7d4a993f7ed2141ffd664a81c-117,identifier_renaming,CWE-399,0.506772518157959,1.0,0.0,1.0
VulBERTa-public,bigvul-6f737ddfadb596d7d4a993f7ed2141ffd664a81c-117,original,CWE-399,-0.00988835096359253,0.0,0.0,0.0
VulBERTa-public,bigvul-6f737ddfadb596d7d4a993f7ed2141ffd664a81c-117,safe_dead_code_carrier,CWE-399,-0.024165838956832886,0.0,0.0,0.0
VulBERTa-public,bigvul-7394cf6f43d7a86630d3eb1c728fd63c621b5530-391,blank_line_expansion,unknown,-0.03185528516769409,0.0,0.0,0.0
VulBERTa-public,bigvul-7394cf6f43d7a86630d3eb1c728fd63c621b5530-391,brace_line_shift,unknown,-0.03185528516769409,0.0,0.0,0.0
VulBERTa-public,bigvul-7394cf6f43d7a86630d3eb1c728fd63c621b5530-391,code_normalization_abstraction,unknown,-0.03185528516769409,0.0,0.0,0.0
VulBERTa-public,bigvul-7394cf6f43d7a86630d3eb1c728fd63c621b5530-391,comment_banner,unknown,-0.09397900104522705,0.0,0.0,0.0
VulBERTa-public,bigvul-7394cf6f43d7a86630d3eb1c728fd63c621b5530-391,control_flow_rewrite,unknown,-0.03185528516769409,0.0,0.0,0.0
VulBERTa-public,bigvul-7394cf6f43d7a86630d3eb1c728fd63c621b5530-391,dead_branch_after_opening_brace,unknown,0.027727961540222168,1.0,0.0,0.0
VulBERTa-public,bigvul-7394cf6f43d7a86630d3eb1c728fd63c621b5530-391,identifier_renaming,unknown,-0.03185528516769409,0.0,0.0,0.0
VulBERTa-public,bigvul-7394cf6f43d7a86630d3eb1c728fd63c621b5530-391,original,unknown,-0.03185540437698364,0.0,0.0,0.0
VulBERTa-public,bigvul-7394cf6f43d7a86630d3eb1c728fd63c621b5530-391,safe_dead_code_carrier,unknown,-0.03079777956008911,0.0,0.0,0.0
VulBERTa-public,bigvul-778500563a9f7ceba996937dc886bd8cde29b42b-1875,blank_line_expansion,CWE-125,-0.08112522959709167,0.0,0.0,0.0
VulBERTa-public,bigvul-778500563a9f7ceba996937dc886bd8cde29b42b-1875,brace_line_shift,CWE-125,-0.08112522959709167,0.0,0.0,0.0
VulBERTa-public,bigvul-778500563a9f7ceba996937dc886bd8cde29b42b-1875,code_normalization_abstraction,CWE-125,-0.08020724356174469,0.0,0.0,0.0
VulBERTa-public,bigvul-778500563a9f7ceba996937dc886bd8cde29b42b-1875,comment_banner,CWE-125,-0.06462660431861877,0.0,0.0,0.0
VulBERTa-public,bigvul-778500563a9f7ceba996937dc886bd8cde29b42b-1875,control_flow_rewrite,CWE-125,-0.08112522959709167,0.0,0.0,0.0
VulBERTa-public,bigvul-778500563a9f7ceba996937dc886bd8cde29b42b-1875,dead_branch_after_opening_brace,CWE-125,0.06093817949295044,1.0,0.0,0.0
VulBERTa-public,bigvul-778500563a9f7ceba996937dc886bd8cde29b42b-1875,identifier_renaming,CWE-125,-0.0895054042339325,0.0,0.0,0.0
VulBERTa-public,bigvul-778500563a9f7ceba996937dc886bd8cde29b42b-1875,original,CWE-125,-0.08112522959709167,0.0,0.0,0.0
VulBERTa-public,bigvul-778500563a9f7ceba996937dc886bd8cde29b42b-1875,safe_dead_code_carrier,CWE-125,-0.010117381811141968,0.0,0.0,0.0
VulBERTa-public,bigvul-78d89fe556cb5dabbc47b4967cdf55e607e29580-2724,blank_line_expansion,CWE-119,-0.41862863302230835,0.0,0.0,0.0
VulBERTa-public,bigvul-78d89fe556cb5dabbc47b4967cdf55e607e29580-2724,brace_line_shift,CWE-119,-0.41862863302230835,0.0,0.0,0.0
VulBERTa-public,bigvul-78d89fe556cb5dabbc47b4967cdf55e607e29580-2724,code_normalization_abstraction,CWE-119,0.03639417886734009,1.0,0.0,0.0
VulBERTa-public,bigvul-78d89fe556cb5dabbc47b4967cdf55e607e29580-2724,comment_banner,CWE-119,0.09995400905609131,1.0,0.0,1.0
VulBERTa-public,bigvul-78d89fe556cb5dabbc47b4967cdf55e607e29580-2724,control_flow_rewrite,CWE-119,-0.41862884163856506,0.0,0.0,0.0
VulBERTa-public,bigvul-78d89fe556cb5dabbc47b4967cdf55e607e29580-2724,dead_branch_after_opening_brace,CWE-119,-0.005346953868865967,0.0,0.0,0.0
VulBERTa-public,bigvul-78d89fe556cb5dabbc47b4967cdf55e607e29580-2724,identifier_renaming,CWE-119,-0.41862884163856506,0.0,0.0,0.0
VulBERTa-public,bigvul-78d89fe556cb5dabbc47b4967cdf55e607e29580-2724,original,CWE-119,-0.41862863302230835,0.0,0.0,0.0
VulBERTa-public,bigvul-78d89fe556cb5dabbc47b4967cdf55e607e29580-2724,safe_dead_code_carrier,CWE-119,0.1305173635482788,1.0,0.0,0.0
VulBERTa-public,bigvul-7ed47b7d142ec99ad6880bbbec51e9f12b3af74c-2002,blank_line_expansion,unknown,0.0013651251792907715,1.0,0.0,0.0
VulBERTa-public,bigvul-7ed47b7d142ec99ad6880bbbec51e9f12b3af74c-2002,brace_line_shift,unknown,0.0013651251792907715,1.0,0.0,0.0
VulBERTa-public,bigvul-7ed47b7d142ec99ad6880bbbec51e9f12b3af74c-2002,code_normalization_abstraction,unknown,0.0007086172699928284,1.0,0.0,0.0
VulBERTa-public,bigvul-7ed47b7d142ec99ad6880bbbec51e9f12b3af74c-2002,comment_banner,unknown,-0.002329222857952118,0.0,0.0,0.0
VulBERTa-public,bigvul-7ed47b7d142ec99ad6880bbbec51e9f12b3af74c-2002,control_flow_rewrite,unknown,0.0013651251792907715,1.0,0.0,0.0
VulBERTa-public,bigvul-7ed47b7d142ec99ad6880bbbec51e9f12b3af74c-2002,dead_branch_after_opening_brace,unknown,-0.03520555794239044,0.0,0.0,0.0
VulBERTa-public,bigvul-7ed47b7d142ec99ad6880bbbec51e9f12b3af74c-2002,identifier_renaming,unknown,0.0010486394166946411,1.0,0.0,0.0
VulBERTa-public,bigvul-7ed47b7d142ec99ad6880bbbec51e9f12b3af74c-2002,original,unknown,0.0013651251792907715,1.0,0.0,0.0
VulBERTa-public,bigvul-7ed47b7d142ec99ad6880bbbec51e9f12b3af74c-2002,safe_dead_code_carrier,unknown,-0.019138425588607788,0.0,0.0,0.0
VulBERTa-public,bigvul-802ecdb9cee0d66fe546bdf24e98150f8f716ad8-2301,blank_line_expansion,CWE-119,-0.9308378733694553,0.0,0.0,0.0
VulBERTa-public,bigvul-802ecdb9cee0d66fe546bdf24e98150f8f716ad8-2301,brace_line_shift,CWE-119,-0.9308378733694553,0.0,0.0,0.0
VulBERTa-public,bigvul-802ecdb9cee0d66fe546bdf24e98150f8f716ad8-2301,code_normalization_abstraction,CWE-119,-0.9308378733694553,0.0,0.0,0.0
VulBERTa-public,bigvul-802ecdb9cee0d66fe546bdf24e98150f8f716ad8-2301,comment_banner,CWE-119,-0.9401730298995972,0.0,0.0,0.0
VulBERTa-public,bigvul-802ecdb9cee0d66fe546bdf24e98150f8f716ad8-2301,control_flow_rewrite,CWE-119,-0.9308378733694553,0.0,0.0,0.0
VulBERTa-public,bigvul-802ecdb9cee0d66fe546bdf24e98150f8f716ad8-2301,dead_branch_after_opening_brace,CWE-119,-0.231423020362854,0.0,0.0,0.0
VulBERTa-public,bigvul-802ecdb9cee0d66fe546bdf24e98150f8f716ad8-2301,identifier_renaming,CWE-119,-0.9415821395814419,0.0,0.0,0.0
VulBERTa-public,bigvul-802ecdb9cee0d66fe546bdf24e98150f8f716ad8-2301,original,CWE-119,-0.9308378733694553,0.0,0.0,0.0
VulBERTa-public,bigvul-802ecdb9cee0d66fe546bdf24e98150f8f716ad8-2301,safe_dead_code_carrier,CWE-119,-0.025467395782470703,0.0,0.0,0.0
VulBERTa-public,bigvul-84ca1ee18bbc32f3cb035d071e8271e064dfd4d7-1210,blank_line_expansion,CWE-416,-0.0043909624218940735,0.0,0.0,0.0
VulBERTa-public,bigvul-84ca1ee18bbc32f3cb035d071e8271e064dfd4d7-1210,brace_line_shift,CWE-416,-0.0043909624218940735,0.0,0.0,0.0
VulBERTa-public,bigvul-84ca1ee18bbc32f3cb035d071e8271e064dfd4d7-1210,code_normalization_abstraction,CWE-416,-0.0043909624218940735,0.0,0.0,0.0
VulBERTa-public,bigvul-84ca1ee18bbc32f3cb035d071e8271e064dfd4d7-1210,comment_banner,CWE-416,-0.01435907930135727,0.0,0.0,0.0
VulBERTa-public,bigvul-84ca1ee18bbc32f3cb035d071e8271e064dfd4d7-1210,control_flow_rewrite,CWE-416,-0.0043909624218940735,0.0,0.0,0.0
VulBERTa-public,bigvul-84ca1ee18bbc32f3cb035d071e8271e064dfd4d7-1210,dead_branch_after_opening_brace,CWE-416,-0.12854037433862686,0.0,0.0,0.0
VulBERTa-public,bigvul-84ca1ee18bbc32f3cb035d071e8271e064dfd4d7-1210,identifier_renaming,CWE-416,-0.0013351626694202423,0.0,0.0,0.0
VulBERTa-public,bigvul-84ca1ee18bbc32f3cb035d071e8271e064dfd4d7-1210,original,CWE-416,-0.0043909624218940735,0.0,0.0,0.0
VulBERTa-public,bigvul-84ca1ee18bbc32f3cb035d071e8271e064dfd4d7-1210,safe_dead_code_carrier,CWE-416,-0.00743500143289566,0.0,0.0,0.0
VulBERTa-public,bigvul-864e2e22fcd0cba3f5e67680ccabd0302dfda45d-680,blank_line_expansion,CWE-264,0.0005062967538833618,1.0,0.0,0.0
VulBERTa-public,bigvul-864e2e22fcd0cba3f5e67680ccabd0302dfda45d-680,brace_line_shift,CWE-264,0.0005062967538833618,1.0,0.0,0.0
VulBERTa-public,bigvul-864e2e22fcd0cba3f5e67680ccabd0302dfda45d-680,code_normalization_abstraction,CWE-264,-0.0008282661437988281,0.0,0.0,0.0
VulBERTa-public,bigvul-864e2e22fcd0cba3f5e67680ccabd0302dfda45d-680,comment_banner,CWE-264,0.0008689165115356445,1.0,0.0,0.0
VulBERTa-public,bigvul-864e2e22fcd0cba3f5e67680ccabd0302dfda45d-680,control_flow_rewrite,CWE-264,0.0005062967538833618,1.0,0.0,0.0
VulBERTa-public,bigvul-864e2e22fcd0cba3f5e67680ccabd0302dfda45d-680,dead_branch_after_opening_brace,CWE-264,-0.002237975597381592,0.0,0.0,0.0
VulBERTa-public,bigvul-864e2e22fcd0cba3f5e67680ccabd0302dfda45d-680,identifier_renaming,CWE-264,6.85080885887146e-05,1.0,0.0,0.0
VulBERTa-public,bigvul-864e2e22fcd0cba3f5e67680ccabd0302dfda45d-680,original,CWE-264,0.0005062967538833618,1.0,0.0,0.0
VulBERTa-public,bigvul-864e2e22fcd0cba3f5e67680ccabd0302dfda45d-680,safe_dead_code_carrier,CWE-264,-0.0006450116634368896,0.0,0.0,0.0
VulBERTa-public,bigvul-8c95ab0b50f8a257514f9647929267e62b1e611d-327,blank_line_expansion,unknown,-0.004349648952484131,0.0,0.0,0.0
VulBERTa-public,bigvul-8c95ab0b50f8a257514f9647929267e62b1e611d-327,brace_line_shift,unknown,-0.004349648952484131,0.0,0.0,0.0
VulBERTa-public,bigvul-8c95ab0b50f8a257514f9647929267e62b1e611d-327,code_normalization_abstraction,unknown,-0.011892497539520264,0.0,0.0,0.0
VulBERTa-public,bigvul-8c95ab0b50f8a257514f9647929267e62b1e611d-327,comment_banner,unknown,0.0948672890663147,1.0,0.0,0.0
VulBERTa-public,bigvul-8c95ab0b50f8a257514f9647929267e62b1e611d-327,control_flow_rewrite,unknown,-0.004349648952484131,0.0,0.0,0.0
VulBERTa-public,bigvul-8c95ab0b50f8a257514f9647929267e62b1e611d-327,dead_branch_after_opening_brace,unknown,0.0005952715873718262,1.0,0.0,0.0
VulBERTa-public,bigvul-8c95ab0b50f8a257514f9647929267e62b1e611d-327,identifier_renaming,unknown,-0.22083818912506104,0.0,0.0,0.0
VulBERTa-public,bigvul-8c95ab0b50f8a257514f9647929267e62b1e611d-327,original,unknown,-0.004349648952484131,0.0,0.0,0.0
VulBERTa-public,bigvul-8c95ab0b50f8a257514f9647929267e62b1e611d-327,safe_dead_code_carrier,unknown,0.03525644540786743,1.0,0.0,0.0
VulBERTa-public,bigvul-8cfe2463cec6835c7b0b73dcb2ab2edaf035e3f9-603,blank_line_expansion,CWE-416,0.3696337938308716,1.0,0.0,0.0
VulBERTa-public,bigvul-8cfe2463cec6835c7b0b73dcb2ab2edaf035e3f9-603,brace_line_shift,CWE-416,0.3696337938308716,1.0,0.0,0.0
VulBERTa-public,bigvul-8cfe2463cec6835c7b0b73dcb2ab2edaf035e3f9-603,code_normalization_abstraction,CWE-416,0.3696337938308716,1.0,0.0,0.0
VulBERTa-public,bigvul-8cfe2463cec6835c7b0b73dcb2ab2edaf035e3f9-603,comment_banner,CWE-416,0.004012458026409149,1.0,0.0,0.0
VulBERTa-public,bigvul-8cfe2463cec6835c7b0b73dcb2ab2edaf035e3f9-603,control_flow_rewrite,CWE-416,0.3696337938308716,1.0,0.0,0.0
VulBERTa-public,bigvul-8cfe2463cec6835c7b0b73dcb2ab2edaf035e3f9-603,dead_branch_after_opening_brace,CWE-416,0.012668132781982422,1.0,0.0,0.0
VulBERTa-public,bigvul-8cfe2463cec6835c7b0b73dcb2ab2edaf035e3f9-603,identifier_renaming,CWE-416,0.3696337938308716,1.0,0.0,0.0
VulBERTa-public,bigvul-8cfe2463cec6835c7b0b73dcb2ab2edaf035e3f9-603,original,CWE-416,0.3696337938308716,1.0,0.0,0.0
VulBERTa-public,bigvul-8cfe2463cec6835c7b0b73dcb2ab2edaf035e3f9-603,safe_dead_code_carrier,CWE-416,0.007994353771209717,1.0,0.0,0.0
VulBERTa-public,bigvul-8e76d0404b7f664ee6719fd98f0483f0ac4669d6-95,blank_line_expansion,CWE-200,0.0033587682992219925,1.0,0.0,0.0
VulBERTa-public,bigvul-8e76d0404b7f664ee6719fd98f0483f0ac4669d6-95,brace_line_shift,CWE-200,0.0033587682992219925,1.0,0.0,0.0
VulBERTa-public,bigvul-8e76d0404b7f664ee6719fd98f0483f0ac4669d6-95,code_normalization_abstraction,CWE-200,0.0033587682992219925,1.0,0.0,0.0
VulBERTa-public,bigvul-8e76d0404b7f664ee6719fd98f0483f0ac4669d6-95,comment_banner,CWE-200,0.00830482691526413,1.0,0.0,0.0
VulBERTa-public,bigvul-8e76d0404b7f664ee6719fd98f0483f0ac4669d6-95,control_flow_rewrite,CWE-200,0.0033587682992219925,1.0,0.0,0.0
VulBERTa-public,bigvul-8e76d0404b7f664ee6719fd98f0483f0ac4669d6-95,dead_branch_after_opening_brace,CWE-200,0.005873464047908783,1.0,0.0,0.0
VulBERTa-public,bigvul-8e76d0404b7f664ee6719fd98f0483f0ac4669d6-95,identifier_renaming,CWE-200,0.0033587682992219925,1.0,0.0,0.0
VulBERTa-public,bigvul-8e76d0404b7f664ee6719fd98f0483f0ac4669d6-95,original,CWE-200,0.0033587682992219925,1.0,0.0,0.0
VulBERTa-public,bigvul-8e76d0404b7f664ee6719fd98f0483f0ac4669d6-95,safe_dead_code_carrier,CWE-200,0.017798639833927155,1.0,0.0,0.0
VulBERTa-public,bigvul-91f2fa59e8ed80dfbf400add0164ee0e508e412a-1900,blank_line_expansion,CWE-119,-0.007620513439178467,0.0,0.0,0.0
VulBERTa-public,bigvul-91f2fa59e8ed80dfbf400add0164ee0e508e412a-1900,brace_line_shift,CWE-119,-0.007620513439178467,0.0,0.0,0.0
VulBERTa-public,bigvul-91f2fa59e8ed80dfbf400add0164ee0e508e412a-1900,code_normalization_abstraction,CWE-119,-0.007620513439178467,0.0,0.0,0.0
VulBERTa-public,bigvul-91f2fa59e8ed80dfbf400add0164ee0e508e412a-1900,comment_banner,CWE-119,0.0008929595351219177,1.0,0.0,0.0
VulBERTa-public,bigvul-91f2fa59e8ed80dfbf400add0164ee0e508e412a-1900,control_flow_rewrite,CWE-119,-0.007620513439178467,0.0,0.0,0.0
VulBERTa-public,bigvul-91f2fa59e8ed80dfbf400add0164ee0e508e412a-1900,dead_branch_after_opening_brace,CWE-119,0.006547063589096069,1.0,0.0,0.0
VulBERTa-public,bigvul-91f2fa59e8ed80dfbf400add0164ee0e508e412a-1900,identifier_renaming,CWE-119,-0.0020779594779014587,0.0,0.0,0.0
VulBERTa-public,bigvul-91f2fa59e8ed80dfbf400add0164ee0e508e412a-1900,original,CWE-119,-0.007620513439178467,0.0,0.0,0.0
VulBERTa-public,bigvul-91f2fa59e8ed80dfbf400add0164ee0e508e412a-1900,safe_dead_code_carrier,CWE-119,0.0056442394852638245,1.0,0.0,0.0
VulBERTa-public,bigvul-94e01571507835ff59dd8ce2a0b56a4b566965a4-660,blank_line_expansion,CWE-119,0.0,0.0,1.0,0.0
VulBERTa-public,bigvul-94e01571507835ff59dd8ce2a0b56a4b566965a4-660,brace_line_shift,CWE-119,0.0,0.0,1.0,0.0
VulBERTa-public,bigvul-94e01571507835ff59dd8ce2a0b56a4b566965a4-660,code_normalization_abstraction,CWE-119,0.0,0.0,1.0,0.0
VulBERTa-public,bigvul-94e01571507835ff59dd8ce2a0b56a4b566965a4-660,comment_banner,CWE-119,0.0,0.0,1.0,0.0
VulBERTa-public,bigvul-94e01571507835ff59dd8ce2a0b56a4b566965a4-660,control_flow_rewrite,CWE-119,0.0,0.0,1.0,0.0
VulBERTa-public,bigvul-94e01571507835ff59dd8ce2a0b56a4b566965a4-660,dead_branch_after_opening_brace,CWE-119,0.0,0.0,1.0,0.0
VulBERTa-public,bigvul-94e01571507835ff59dd8ce2a0b56a4b566965a4-660,identifier_renaming,CWE-119,0.0,0.0,1.0,0.0
VulBERTa-public,bigvul-94e01571507835ff59dd8ce2a0b56a4b566965a4-660,original,CWE-119,0.0,0.0,1.0,0.0
VulBERTa-public,bigvul-94e01571507835ff59dd8ce2a0b56a4b566965a4-660,safe_dead_code_carrier,CWE-119,0.0,0.0,1.0,0.0
VulBERTa-public,bigvul-9f64916da20eea67121d544698676295bbb105a7-509,blank_line_expansion,CWE-125,-0.03850246220827103,0.0,0.0,0.0
VulBERTa-public,bigvul-9f64916da20eea67121d544698676295bbb105a7-509,brace_line_shift,CWE-125,-0.03850246220827103,0.0,0.0,0.0
VulBERTa-public,bigvul-9f64916da20eea67121d544698676295bbb105a7-509,code_normalization_abstraction,CWE-125,-0.03332773596048355,0.0,0.0,0.0
VulBERTa-public,bigvul-9f64916da20eea67121d544698676295bbb105a7-509,comment_banner,CWE-125,-0.015540502965450287,0.0,0.0,0.0
VulBERTa-public,bigvul-9f64916da20eea67121d544698676295bbb105a7-509,control_flow_rewrite,CWE-125,-0.03850246220827103,0.0,0.0,0.0
VulBERTa-public,bigvul-9f64916da20eea67121d544698676295bbb105a7-509,dead_branch_after_opening_brace,CWE-125,0.0047237202525138855,1.0,0.0,0.0
VulBERTa-public,bigvul-9f64916da20eea67121d544698676295bbb105a7-509,identifier_renaming,CWE-125,0.0004703104496002197,1.0,0.0,0.0
VulBERTa-public,bigvul-9f64916da20eea67121d544698676295bbb105a7-509,original,CWE-125,-0.03850246220827103,0.0,0.0,0.0
VulBERTa-public,bigvul-9f64916da20eea67121d544698676295bbb105a7-509,safe_dead_code_carrier,CWE-125,0.005168162286281586,1.0,0.0,0.0
VulBERTa-public,bigvul-a1098f81c252b317ad34ea978aea2bc47760b215-1178,blank_line_expansion,CWE-119,0.0,0.0,1.0,0.0
VulBERTa-public,bigvul-a1098f81c252b317ad34ea978aea2bc47760b215-1178,brace_line_shift,CWE-119,0.0,0.0,1.0,0.0
VulBERTa-public,bigvul-a1098f81c252b317ad34ea978aea2bc47760b215-1178,code_normalization_abstraction,CWE-119,0.0,0.0,1.0,0.0
VulBERTa-public,bigvul-a1098f81c252b317ad34ea978aea2bc47760b215-1178,comment_banner,CWE-119,0.0,0.0,1.0,0.0
VulBERTa-public,bigvul-a1098f81c252b317ad34ea978aea2bc47760b215-1178,control_flow_rewrite,CWE-119,0.0,0.0,1.0,0.0
VulBERTa-public,bigvul-a1098f81c252b317ad34ea978aea2bc47760b215-1178,dead_branch_after_opening_brace,CWE-119,0.0,0.0,1.0,0.0
VulBERTa-public,bigvul-a1098f81c252b317ad34ea978aea2bc47760b215-1178,identifier_renaming,CWE-119,0.0,0.0,1.0,0.0
VulBERTa-public,bigvul-a1098f81c252b317ad34ea978aea2bc47760b215-1178,original,CWE-119,0.0,0.0,1.0,0.0
VulBERTa-public,bigvul-a1098f81c252b317ad34ea978aea2bc47760b215-1178,safe_dead_code_carrier,CWE-119,0.0,0.0,1.0,0.0
VulBERTa-public,bigvul-a151041807a7e3c702c5f935a742368333aa69d4-1931,blank_line_expansion,unknown,0.09319254755973816,1.0,0.0,0.0
VulBERTa-public,bigvul-a151041807a7e3c702c5f935a742368333aa69d4-1931,brace_line_shift,unknown,0.09319254755973816,1.0,0.0,0.0
VulBERTa-public,bigvul-a151041807a7e3c702c5f935a742368333aa69d4-1931,code_normalization_abstraction,unknown,0.09319254755973816,1.0,0.0,0.0
VulBERTa-public,bigvul-a151041807a7e3c702c5f935a742368333aa69d4-1931,comment_banner,unknown,-0.01781243085861206,0.0,0.0,0.0
VulBERTa-public,bigvul-a151041807a7e3c702c5f935a742368333aa69d4-1931,control_flow_rewrite,unknown,0.09319254755973816,1.0,0.0,0.0
VulBERTa-public,bigvul-a151041807a7e3c702c5f935a742368333aa69d4-1931,dead_branch_after_opening_brace,unknown,0.00423431396484375,1.0,0.0,0.0
VulBERTa-public,bigvul-a151041807a7e3c702c5f935a742368333aa69d4-1931,identifier_renaming,unknown,0.0190700963139534,1.0,0.0,0.0
VulBERTa-public,bigvul-a151041807a7e3c702c5f935a742368333aa69d4-1931,original,unknown,0.09319254755973816,1.0,0.0,0.0
VulBERTa-public,bigvul-a151041807a7e3c702c5f935a742368333aa69d4-1931,safe_dead_code_carrier,unknown,0.007723510265350342,1.0,0.0,0.0
VulBERTa-public,bigvul-a30f64b4ae13255535a4947616fce484c54207df-815,blank_line_expansion,CWE-20,0.008262872695922852,1.0,0.0,0.0
VulBERTa-public,bigvul-a30f64b4ae13255535a4947616fce484c54207df-815,brace_line_shift,CWE-20,0.008262872695922852,1.0,0.0,0.0
VulBERTa-public,bigvul-a30f64b4ae13255535a4947616fce484c54207df-815,code_normalization_abstraction,CWE-20,-0.011499002575874329,0.0,0.0,0.0
VulBERTa-public,bigvul-a30f64b4ae13255535a4947616fce484c54207df-815,comment_banner,CWE-20,-0.00018272548913955688,0.0,0.0,0.0
VulBERTa-public,bigvul-a30f64b4ae13255535a4947616fce484c54207df-815,control_flow_rewrite,CWE-20,0.008262872695922852,1.0,0.0,0.0
VulBERTa-public,bigvul-a30f64b4ae13255535a4947616fce484c54207df-815,dead_branch_after_opening_brace,CWE-20,-0.06628481298685074,0.0,0.0,0.0
VulBERTa-public,bigvul-a30f64b4ae13255535a4947616fce484c54207df-815,identifier_renaming,CWE-20,-0.005529485642910004,0.0,0.0,0.0
VulBERTa-public,bigvul-a30f64b4ae13255535a4947616fce484c54207df-815,original,CWE-20,0.008262872695922852,1.0,0.0,0.0
VulBERTa-public,bigvul-a30f64b4ae13255535a4947616fce484c54207df-815,safe_dead_code_carrier,CWE-20,-0.007560960948467255,0.0,0.0,0.0
VulBERTa-public,bigvul-a8b0ca17b80e92faab46ee7179ba9e99ccb61233-525,blank_line_expansion,CWE-399,-0.021666571497917175,0.0,0.0,0.0
VulBERTa-public,bigvul-a8b0ca17b80e92faab46ee7179ba9e99ccb61233-525,brace_line_shift,CWE-399,-0.021666571497917175,0.0,0.0,0.0
VulBERTa-public,bigvul-a8b0ca17b80e92faab46ee7179ba9e99ccb61233-525,code_normalization_abstraction,CWE-399,0.295062780380249,1.0,0.0,0.0
VulBERTa-public,bigvul-a8b0ca17b80e92faab46ee7179ba9e99ccb61233-525,comment_banner,CWE-399,0.4615057110786438,1.0,0.0,1.0
VulBERTa-public,bigvul-a8b0ca17b80e92faab46ee7179ba9e99ccb61233-525,control_flow_rewrite,CWE-399,-0.021666571497917175,0.0,0.0,0.0
VulBERTa-public,bigvul-a8b0ca17b80e92faab46ee7179ba9e99ccb61233-525,dead_branch_after_opening_brace,CWE-399,0.11284881830215454,1.0,0.0,0.0
VulBERTa-public,bigvul-a8b0ca17b80e92faab46ee7179ba9e99ccb61233-525,identifier_renaming,CWE-399,0.06076335906982422,1.0,0.0,0.0
VulBERTa-public,bigvul-a8b0ca17b80e92faab46ee7179ba9e99ccb61233-525,original,CWE-399,-0.021666571497917175,0.0,0.0,0.0
VulBERTa-public,bigvul-a8b0ca17b80e92faab46ee7179ba9e99ccb61233-525,safe_dead_code_carrier,CWE-399,0.03915823996067047,1.0,0.0,0.0
VulBERTa-public,bigvul-ab906da53ff2a68c6fd6d1fa73f2b7c7bf0bc636-1442,blank_line_expansion,CWE-125,0.0,0.0,1.0,0.0
VulBERTa-public,bigvul-ab906da53ff2a68c6fd6d1fa73f2b7c7bf0bc636-1442,brace_line_shift,CWE-125,0.0,0.0,1.0,0.0
VulBERTa-public,bigvul-ab906da53ff2a68c6fd6d1fa73f2b7c7bf0bc636-1442,code_normalization_abstraction,CWE-125,0.0,0.0,1.0,0.0
VulBERTa-public,bigvul-ab906da53ff2a68c6fd6d1fa73f2b7c7bf0bc636-1442,comment_banner,CWE-125,0.0,0.0,1.0,0.0
VulBERTa-public,bigvul-ab906da53ff2a68c6fd6d1fa73f2b7c7bf0bc636-1442,control_flow_rewrite,CWE-125,0.0,0.0,1.0,0.0
VulBERTa-public,bigvul-ab906da53ff2a68c6fd6d1fa73f2b7c7bf0bc636-1442,dead_branch_after_opening_brace,CWE-125,0.0,0.0,1.0,0.0
VulBERTa-public,bigvul-ab906da53ff2a68c6fd6d1fa73f2b7c7bf0bc636-1442,identifier_renaming,CWE-125,0.0,0.0,1.0,0.0
VulBERTa-public,bigvul-ab906da53ff2a68c6fd6d1fa73f2b7c7bf0bc636-1442,original,CWE-125,0.0,0.0,1.0,0.0
VulBERTa-public,bigvul-ab906da53ff2a68c6fd6d1fa73f2b7c7bf0bc636-1442,safe_dead_code_carrier,CWE-125,0.0,0.0,1.0,0.0
VulBERTa-public,bigvul-ac23b02ecb741e5de60f5235ea443790c88a0b80-1713,blank_line_expansion,CWE-20,0.0,0.0,1.0,0.0
VulBERTa-public,bigvul-ac23b02ecb741e5de60f5235ea443790c88a0b80-1713,brace_line_shift,CWE-20,0.0,0.0,1.0,0.0
VulBERTa-public,bigvul-ac23b02ecb741e5de60f5235ea443790c88a0b80-1713,code_normalization_abstraction,CWE-20,0.0,0.0,1.0,0.0
VulBERTa-public,bigvul-ac23b02ecb741e5de60f5235ea443790c88a0b80-1713,comment_banner,CWE-20,0.0,0.0,1.0,0.0
VulBERTa-public,bigvul-ac23b02ecb741e5de60f5235ea443790c88a0b80-1713,control_flow_rewrite,CWE-20,0.0,0.0,1.0,0.0
VulBERTa-public,bigvul-ac23b02ecb741e5de60f5235ea443790c88a0b80-1713,dead_branch_after_opening_brace,CWE-20,0.0,0.0,1.0,0.0
VulBERTa-public,bigvul-ac23b02ecb741e5de60f5235ea443790c88a0b80-1713,identifier_renaming,CWE-20,0.0,0.0,1.0,0.0
VulBERTa-public,bigvul-ac23b02ecb741e5de60f5235ea443790c88a0b80-1713,original,CWE-20,0.0,0.0,1.0,0.0
VulBERTa-public,bigvul-ac23b02ecb741e5de60f5235ea443790c88a0b80-1713,safe_dead_code_carrier,CWE-20,0.0,0.0,1.0,0.0
VulBERTa-public,bigvul-ac8bd041b81e46e4e4fcd5021aaa5499703952e6-2748,blank_line_expansion,CWE-287,-0.00036835670471191406,0.0,0.0,0.0
VulBERTa-public,bigvul-ac8bd041b81e46e4e4fcd5021aaa5499703952e6-2748,brace_line_shift,CWE-287,-0.00036835670471191406,0.0,0.0,0.0
VulBERTa-public,bigvul-ac8bd041b81e46e4e4fcd5021aaa5499703952e6-2748,code_normalization_abstraction,CWE-287,-0.00036835670471191406,0.0,0.0,0.0
VulBERTa-public,bigvul-ac8bd041b81e46e4e4fcd5021aaa5499703952e6-2748,comment_banner,CWE-287,-0.0014531612396240234,0.0,0.0,0.0
VulBERTa-public,bigvul-ac8bd041b81e46e4e4fcd5021aaa5499703952e6-2748,control_flow_rewrite,CWE-287,-0.00036835670471191406,0.0,0.0,0.0
VulBERTa-public,bigvul-ac8bd041b81e46e4e4fcd5021aaa5499703952e6-2748,dead_branch_after_opening_brace,CWE-287,-0.0014606714248657227,0.0,0.0,0.0
VulBERTa-public,bigvul-ac8bd041b81e46e4e4fcd5021aaa5499703952e6-2748,identifier_renaming,CWE-287,-0.0013910531997680664,0.0,0.0,0.0
VulBERTa-public,bigvul-ac8bd041b81e46e4e4fcd5021aaa5499703952e6-2748,original,CWE-287,-0.00036835670471191406,0.0,0.0,0.0
VulBERTa-public,bigvul-ac8bd041b81e46e4e4fcd5021aaa5499703952e6-2748,safe_dead_code_carrier,CWE-287,-0.001585245132446289,0.0,0.0,0.0
VulBERTa-public,bigvul-adca986a53b31b6da4cb22f8e755f6856daea89a-2137,blank_line_expansion,CWE-20,-0.012776613235473633,0.0,0.0,0.0
VulBERTa-public,bigvul-adca986a53b31b6da4cb22f8e755f6856daea89a-2137,brace_line_shift,CWE-20,-0.012776613235473633,0.0,0.0,0.0
VulBERTa-public,bigvul-adca986a53b31b6da4cb22f8e755f6856daea89a-2137,code_normalization_abstraction,CWE-20,-0.012776613235473633,0.0,0.0,0.0
VulBERTa-public,bigvul-adca986a53b31b6da4cb22f8e755f6856daea89a-2137,comment_banner,CWE-20,0.12878423929214478,1.0,0.0,0.0
VulBERTa-public,bigvul-adca986a53b31b6da4cb22f8e755f6856daea89a-2137,control_flow_rewrite,CWE-20,-0.012776613235473633,0.0,0.0,0.0
VulBERTa-public,bigvul-adca986a53b31b6da4cb22f8e755f6856daea89a-2137,dead_branch_after_opening_brace,CWE-20,-0.004206955432891846,0.0,0.0,0.0
VulBERTa-public,bigvul-adca986a53b31b6da4cb22f8e755f6856daea89a-2137,identifier_renaming,CWE-20,-0.012776613235473633,0.0,0.0,0.0
VulBERTa-public,bigvul-adca986a53b31b6da4cb22f8e755f6856daea89a-2137,original,CWE-20,-0.012776613235473633,0.0,0.0,0.0
VulBERTa-public,bigvul-adca986a53b31b6da4cb22f8e755f6856daea89a-2137,safe_dead_code_carrier,CWE-20,0.009513020515441895,1.0,0.0,0.0
VulBERTa-public,bigvul-b4c01141e5367f247b84dcaf6aefbb4e741842b8-483,blank_line_expansion,CWE-399,0.00030275434255599976,1.0,0.0,0.0
VulBERTa-public,bigvul-b4c01141e5367f247b84dcaf6aefbb4e741842b8-483,brace_line_shift,CWE-399,0.00030275434255599976,1.0,0.0,0.0
VulBERTa-public,bigvul-b4c01141e5367f247b84dcaf6aefbb4e741842b8-483,code_normalization_abstraction,CWE-399,0.0004562884569168091,1.0,0.0,0.0
VulBERTa-public,bigvul-b4c01141e5367f247b84dcaf6aefbb4e741842b8-483,comment_banner,CWE-399,0.00021930038928985596,1.0,0.0,0.0
VulBERTa-public,bigvul-b4c01141e5367f247b84dcaf6aefbb4e741842b8-483,control_flow_rewrite,CWE-399,0.00030275434255599976,1.0,0.0,0.0
VulBERTa-public,bigvul-b4c01141e5367f247b84dcaf6aefbb4e741842b8-483,dead_branch_after_opening_brace,CWE-399,0.0006174519658088684,1.0,0.0,0.0
VulBERTa-public,bigvul-b4c01141e5367f247b84dcaf6aefbb4e741842b8-483,identifier_renaming,CWE-399,0.002478189766407013,1.0,0.0,0.0
VulBERTa-public,bigvul-b4c01141e5367f247b84dcaf6aefbb4e741842b8-483,original,CWE-399,0.00030275434255599976,1.0,0.0,0.0
VulBERTa-public,bigvul-b4c01141e5367f247b84dcaf6aefbb4e741842b8-483,safe_dead_code_carrier,CWE-399,0.0013315528631210327,1.0,0.0,0.0
VulBERTa-public,bigvul-b589096f907052b3a4da2b9ccc9b0e2e888dfc18-5,blank_line_expansion,CWE-119,0.06401112675666809,1.0,0.0,0.0
VulBERTa-public,bigvul-b589096f907052b3a4da2b9ccc9b0e2e888dfc18-5,brace_line_shift,CWE-119,0.06401112675666809,1.0,0.0,0.0
VulBERTa-public,bigvul-b589096f907052b3a4da2b9ccc9b0e2e888dfc18-5,code_normalization_abstraction,CWE-119,0.06401112675666809,1.0,0.0,0.0
VulBERTa-public,bigvul-b589096f907052b3a4da2b9ccc9b0e2e888dfc18-5,comment_banner,CWE-119,0.013260424137115479,1.0,0.0,0.0
VulBERTa-public,bigvul-b589096f907052b3a4da2b9ccc9b0e2e888dfc18-5,control_flow_rewrite,CWE-119,0.06401112675666809,1.0,0.0,0.0
VulBERTa-public,bigvul-b589096f907052b3a4da2b9ccc9b0e2e888dfc18-5,dead_branch_after_opening_brace,CWE-119,0.06534543633460999,1.0,0.0,1.0
VulBERTa-public,bigvul-b589096f907052b3a4da2b9ccc9b0e2e888dfc18-5,identifier_renaming,CWE-119,0.026561066508293152,1.0,0.0,0.0
VulBERTa-public,bigvul-b589096f907052b3a4da2b9ccc9b0e2e888dfc18-5,original,CWE-119,0.06401112675666809,1.0,0.0,0.0
VulBERTa-public,bigvul-b589096f907052b3a4da2b9ccc9b0e2e888dfc18-5,safe_dead_code_carrier,CWE-119,0.041687846183776855,1.0,0.0,0.0
VulBERTa-public,bigvul-b61d35eaccc0a7ddeff8a1c3abfcd0a43ccf210b-775,blank_line_expansion,CWE-476,0.21604406833648682,1.0,0.0,0.0
VulBERTa-public,bigvul-b61d35eaccc0a7ddeff8a1c3abfcd0a43ccf210b-775,brace_line_shift,CWE-476,0.21604406833648682,1.0,0.0,0.0
VulBERTa-public,bigvul-b61d35eaccc0a7ddeff8a1c3abfcd0a43ccf210b-775,code_normalization_abstraction,CWE-476,0.21604406833648682,1.0,0.0,0.0
VulBERTa-public,bigvul-b61d35eaccc0a7ddeff8a1c3abfcd0a43ccf210b-775,comment_banner,CWE-476,0.01817941665649414,1.0,0.0,0.0
VulBERTa-public,bigvul-b61d35eaccc0a7ddeff8a1c3abfcd0a43ccf210b-775,control_flow_rewrite,CWE-476,0.21604406833648682,1.0,0.0,0.0
VulBERTa-public,bigvul-b61d35eaccc0a7ddeff8a1c3abfcd0a43ccf210b-775,dead_branch_after_opening_brace,CWE-476,0.011091113090515137,1.0,0.0,0.0
VulBERTa-public,bigvul-b61d35eaccc0a7ddeff8a1c3abfcd0a43ccf210b-775,identifier_renaming,CWE-476,0.07259103655815125,1.0,0.0,1.0
VulBERTa-public,bigvul-b61d35eaccc0a7ddeff8a1c3abfcd0a43ccf210b-775,original,CWE-476,0.21604406833648682,1.0,0.0,0.0
VulBERTa-public,bigvul-b61d35eaccc0a7ddeff8a1c3abfcd0a43ccf210b-775,safe_dead_code_carrier,CWE-476,0.12733998894691467,1.0,0.0,1.0
VulBERTa-public,bigvul-b944f670bb7a8a919daac497a4ea0536c954c201-2892,blank_line_expansion,CWE-20,0.0033728033304214478,1.0,0.0,0.0
VulBERTa-public,bigvul-b944f670bb7a8a919daac497a4ea0536c954c201-2892,brace_line_shift,CWE-20,0.0033728033304214478,1.0,0.0,0.0
VulBERTa-public,bigvul-b944f670bb7a8a919daac497a4ea0536c954c201-2892,code_normalization_abstraction,CWE-20,0.013654381036758423,1.0,0.0,0.0
VulBERTa-public,bigvul-b944f670bb7a8a919daac497a4ea0536c954c201-2892,comment_banner,CWE-20,0.01742073893547058,1.0,0.0,0.0
VulBERTa-public,bigvul-b944f670bb7a8a919daac497a4ea0536c954c201-2892,control_flow_rewrite,CWE-20,0.0033728033304214478,1.0,0.0,0.0
VulBERTa-public,bigvul-b944f670bb7a8a919daac497a4ea0536c954c201-2892,dead_branch_after_opening_brace,CWE-20,-0.014745615422725677,0.0,0.0,0.0
VulBERTa-public,bigvul-b944f670bb7a8a919daac497a4ea0536c954c201-2892,identifier_renaming,CWE-20,0.0033728033304214478,1.0,0.0,0.0
VulBERTa-public,bigvul-b944f670bb7a8a919daac497a4ea0536c954c201-2892,original,CWE-20,0.0033728033304214478,1.0,0.0,0.0
VulBERTa-public,bigvul-b944f670bb7a8a919daac497a4ea0536c954c201-2892,safe_dead_code_carrier,CWE-20,-0.07809726893901825,0.0,0.0,0.0
VulBERTa-public,bigvul-ba3021b2c79b2fa9114f92790a99deb27a65b728-2670,blank_line_expansion,CWE-200,0.11287057399749756,1.0,0.0,0.0
VulBERTa-public,bigvul-ba3021b2c79b2fa9114f92790a99deb27a65b728-2670,brace_line_shift,CWE-200,0.11287057399749756,1.0,0.0,0.0
VulBERTa-public,bigvul-ba3021b2c79b2fa9114f92790a99deb27a65b728-2670,code_normalization_abstraction,CWE-200,0.12117904424667358,1.0,0.0,0.0
VulBERTa-public,bigvul-ba3021b2c79b2fa9114f92790a99deb27a65b728-2670,comment_banner,CWE-200,0.09316080808639526,1.0,0.0,0.0
VulBERTa-public,bigvul-ba3021b2c79b2fa9114f92790a99deb27a65b728-2670,control_flow_rewrite,CWE-200,0.11287057399749756,1.0,0.0,0.0
VulBERTa-public,bigvul-ba3021b2c79b2fa9114f92790a99deb27a65b728-2670,dead_branch_after_opening_brace,CWE-200,0.010421276092529297,1.0,0.0,0.0
VulBERTa-public,bigvul-ba3021b2c79b2fa9114f92790a99deb27a65b728-2670,identifier_renaming,CWE-200,0.0599687397480011,1.0,0.0,0.0
VulBERTa-public,bigvul-ba3021b2c79b2fa9114f92790a99deb27a65b728-2670,original,CWE-200,0.11287057399749756,1.0,0.0,0.0
VulBERTa-public,bigvul-ba3021b2c79b2fa9114f92790a99deb27a65b728-2670,safe_dead_code_carrier,CWE-200,0.0019067823886871338,1.0,0.0,0.0
VulBERTa-public,bigvul-bb4a21e98656fe2c7d98ba2163e6defe9a630e2b-2788,blank_line_expansion,CWE-264,0.037901461124420166,1.0,0.0,0.0
VulBERTa-public,bigvul-bb4a21e98656fe2c7d98ba2163e6defe9a630e2b-2788,brace_line_shift,CWE-264,0.037901461124420166,1.0,0.0,0.0
VulBERTa-public,bigvul-bb4a21e98656fe2c7d98ba2163e6defe9a630e2b-2788,code_normalization_abstraction,CWE-264,0.037901416420936584,1.0,0.0,0.0
VulBERTa-public,bigvul-bb4a21e98656fe2c7d98ba2163e6defe9a630e2b-2788,comment_banner,CWE-264,-0.020186103880405426,0.0,0.0,0.0
VulBERTa-public,bigvul-bb4a21e98656fe2c7d98ba2163e6defe9a630e2b-2788,control_flow_rewrite,CWE-264,0.037901416420936584,1.0,0.0,0.0
VulBERTa-public,bigvul-bb4a21e98656fe2c7d98ba2163e6defe9a630e2b-2788,dead_branch_after_opening_brace,CWE-264,0.03751063346862793,1.0,0.0,0.0
VulBERTa-public,bigvul-bb4a21e98656fe2c7d98ba2163e6defe9a630e2b-2788,identifier_renaming,CWE-264,-0.00873112678527832,0.0,0.0,0.0
VulBERTa-public,bigvul-bb4a21e98656fe2c7d98ba2163e6defe9a630e2b-2788,original,CWE-264,0.037901461124420166,1.0,0.0,0.0
VulBERTa-public,bigvul-bb4a21e98656fe2c7d98ba2163e6defe9a630e2b-2788,safe_dead_code_carrier,CWE-264,0.15864288806915283,1.0,0.0,1.0
VulBERTa-public,bigvul-bceb03fd2be95097a7b409ea59914f332fb6bc86-655,blank_line_expansion,CWE-125,0.0,0.0,1.0,0.0
VulBERTa-public,bigvul-bceb03fd2be95097a7b409ea59914f332fb6bc86-655,brace_line_shift,CWE-125,0.0,0.0,1.0,0.0
VulBERTa-public,bigvul-bceb03fd2be95097a7b409ea59914f332fb6bc86-655,code_normalization_abstraction,CWE-125,0.0,0.0,1.0,0.0
VulBERTa-public,bigvul-bceb03fd2be95097a7b409ea59914f332fb6bc86-655,comment_banner,CWE-125,0.0,0.0,1.0,0.0
VulBERTa-public,bigvul-bceb03fd2be95097a7b409ea59914f332fb6bc86-655,control_flow_rewrite,CWE-125,0.0,0.0,1.0,0.0
VulBERTa-public,bigvul-bceb03fd2be95097a7b409ea59914f332fb6bc86-655,dead_branch_after_opening_brace,CWE-125,0.0,0.0,1.0,0.0
VulBERTa-public,bigvul-bceb03fd2be95097a7b409ea59914f332fb6bc86-655,identifier_renaming,CWE-125,0.0,0.0,1.0,0.0
VulBERTa-public,bigvul-bceb03fd2be95097a7b409ea59914f332fb6bc86-655,original,CWE-125,0.0,0.0,1.0,0.0
VulBERTa-public,bigvul-bceb03fd2be95097a7b409ea59914f332fb6bc86-655,safe_dead_code_carrier,CWE-125,0.0,0.0,1.0,0.0
VulBERTa-public,bigvul-bd1bab05083d80464fea854bf4b5c49aaf1b8401-2075,blank_line_expansion,CWE-119,0.0,0.0,1.0,0.0
VulBERTa-public,bigvul-bd1bab05083d80464fea854bf4b5c49aaf1b8401-2075,brace_line_shift,CWE-119,0.0,0.0,1.0,0.0
VulBERTa-public,bigvul-bd1bab05083d80464fea854bf4b5c49aaf1b8401-2075,code_normalization_abstraction,CWE-119,0.0,0.0,1.0,0.0
VulBERTa-public,bigvul-bd1bab05083d80464fea854bf4b5c49aaf1b8401-2075,comment_banner,CWE-119,0.0,0.0,1.0,0.0
VulBERTa-public,bigvul-bd1bab05083d80464fea854bf4b5c49aaf1b8401-2075,control_flow_rewrite,CWE-119,0.0,0.0,1.0,0.0
VulBERTa-public,bigvul-bd1bab05083d80464fea854bf4b5c49aaf1b8401-2075,dead_branch_after_opening_brace,CWE-119,0.0,0.0,1.0,0.0
VulBERTa-public,bigvul-bd1bab05083d80464fea854bf4b5c49aaf1b8401-2075,identifier_renaming,CWE-119,0.0,0.0,1.0,0.0
VulBERTa-public,bigvul-bd1bab05083d80464fea854bf4b5c49aaf1b8401-2075,original,CWE-119,0.0,0.0,1.0,0.0
VulBERTa-public,bigvul-bd1bab05083d80464fea854bf4b5c49aaf1b8401-2075,safe_dead_code_carrier,CWE-119,0.0,0.0,1.0,0.0
VulBERTa-public,bigvul-be0726d33cb8f411945884664924bed3cb8c70ee-2661,blank_line_expansion,CWE-19,0.07269120216369629,1.0,0.0,0.0
VulBERTa-public,bigvul-be0726d33cb8f411945884664924bed3cb8c70ee-2661,brace_line_shift,CWE-19,0.07269120216369629,1.0,0.0,0.0
VulBERTa-public,bigvul-be0726d33cb8f411945884664924bed3cb8c70ee-2661,code_normalization_abstraction,CWE-19,0.07269120216369629,1.0,0.0,0.0
VulBERTa-public,bigvul-be0726d33cb8f411945884664924bed3cb8c70ee-2661,comment_banner,CWE-19,-0.18571847677230835,0.0,0.0,0.0
VulBERTa-public,bigvul-be0726d33cb8f411945884664924bed3cb8c70ee-2661,control_flow_rewrite,CWE-19,0.07269120216369629,1.0,0.0,0.0
VulBERTa-public,bigvul-be0726d33cb8f411945884664924bed3cb8c70ee-2661,dead_branch_after_opening_brace,CWE-19,0.029634714126586914,1.0,0.0,0.0
VulBERTa-public,bigvul-be0726d33cb8f411945884664924bed3cb8c70ee-2661,identifier_renaming,CWE-19,-0.07101505994796753,0.0,0.0,0.0
VulBERTa-public,bigvul-be0726d33cb8f411945884664924bed3cb8c70ee-2661,original,CWE-19,0.07269120216369629,1.0,0.0,0.0
VulBERTa-public,bigvul-be0726d33cb8f411945884664924bed3cb8c70ee-2661,safe_dead_code_carrier,CWE-19,0.014711439609527588,1.0,0.0,0.0
VulBERTa-public,bigvul-c03aa9f6e1f938618e6db2e23afef0574efeeb65-533,blank_line_expansion,CWE-399,0.001783907413482666,1.0,0.0,0.0
VulBERTa-public,bigvul-c03aa9f6e1f938618e6db2e23afef0574efeeb65-533,brace_line_shift,CWE-399,0.001783907413482666,1.0,0.0,0.0
VulBERTa-public,bigvul-c03aa9f6e1f938618e6db2e23afef0574efeeb65-533,code_normalization_abstraction,CWE-399,0.001783907413482666,1.0,0.0,0.0
VulBERTa-public,bigvul-c03aa9f6e1f938618e6db2e23afef0574efeeb65-533,comment_banner,CWE-399,0.3608196973800659,1.0,0.0,0.0
VulBERTa-public,bigvul-c03aa9f6e1f938618e6db2e23afef0574efeeb65-533,control_flow_rewrite,CWE-399,0.001783907413482666,1.0,0.0,0.0
VulBERTa-public,bigvul-c03aa9f6e1f938618e6db2e23afef0574efeeb65-533,dead_branch_after_opening_brace,CWE-399,0.2411704957485199,1.0,0.0,1.0
VulBERTa-public,bigvul-c03aa9f6e1f938618e6db2e23afef0574efeeb65-533,identifier_renaming,CWE-399,0.42663151025772095,1.0,0.0,1.0
VulBERTa-public,bigvul-c03aa9f6e1f938618e6db2e23afef0574efeeb65-533,original,CWE-399,0.001783907413482666,1.0,0.0,0.0
VulBERTa-public,bigvul-c03aa9f6e1f938618e6db2e23afef0574efeeb65-533,safe_dead_code_carrier,CWE-399,-0.01870584487915039,0.0,0.0,0.0
VulBERTa-public,bigvul-c0c8978849ac57e4ecd613ddc8ff7852a2054734-1529,blank_line_expansion,CWE-732,-0.005110621452331543,0.0,0.0,0.0
VulBERTa-public,bigvul-c0c8978849ac57e4ecd613ddc8ff7852a2054734-1529,brace_line_shift,CWE-732,-0.005110621452331543,0.0,0.0,0.0
VulBERTa-public,bigvul-c0c8978849ac57e4ecd613ddc8ff7852a2054734-1529,code_normalization_abstraction,CWE-732,-0.005110621452331543,0.0,0.0,0.0
VulBERTa-public,bigvul-c0c8978849ac57e4ecd613ddc8ff7852a2054734-1529,comment_banner,CWE-732,-0.28482311964035034,0.0,0.0,0.0
VulBERTa-public,bigvul-c0c8978849ac57e4ecd613ddc8ff7852a2054734-1529,control_flow_rewrite,CWE-732,-0.005110621452331543,0.0,0.0,0.0
VulBERTa-public,bigvul-c0c8978849ac57e4ecd613ddc8ff7852a2054734-1529,dead_branch_after_opening_brace,CWE-732,0.015676379203796387,1.0,0.0,0.0
VulBERTa-public,bigvul-c0c8978849ac57e4ecd613ddc8ff7852a2054734-1529,identifier_renaming,CWE-732,-0.005110621452331543,0.0,0.0,0.0
VulBERTa-public,bigvul-c0c8978849ac57e4ecd613ddc8ff7852a2054734-1529,original,CWE-732,-0.005110621452331543,0.0,0.0,0.0
VulBERTa-public,bigvul-c0c8978849ac57e4ecd613ddc8ff7852a2054734-1529,safe_dead_code_carrier,CWE-732,-0.24708706140518188,0.0,0.0,0.0
VulBERTa-public,bigvul-c0c8978849ac57e4ecd613ddc8ff7852a2054734-2390,blank_line_expansion,CWE-732,-0.13986289501190186,0.0,0.0,0.0
VulBERTa-public,bigvul-c0c8978849ac57e4ecd613ddc8ff7852a2054734-2390,brace_line_shift,CWE-732,-0.13986289501190186,0.0,0.0,0.0
VulBERTa-public,bigvul-c0c8978849ac57e4ecd613ddc8ff7852a2054734-2390,code_normalization_abstraction,CWE-732,-0.13986289501190186,0.0,0.0,0.0
VulBERTa-public,bigvul-c0c8978849ac57e4ecd613ddc8ff7852a2054734-2390,comment_banner,CWE-732,-0.34640298783779144,0.0,0.0,0.0
VulBERTa-public,bigvul-c0c8978849ac57e4ecd613ddc8ff7852a2054734-2390,control_flow_rewrite,CWE-732,-0.13986289501190186,0.0,0.0,0.0
VulBERTa-public,bigvul-c0c8978849ac57e4ecd613ddc8ff7852a2054734-2390,dead_branch_after_opening_brace,CWE-732,-0.14862674474716187,0.0,0.0,0.0
VulBERTa-public,bigvul-c0c8978849ac57e4ecd613ddc8ff7852a2054734-2390,identifier_renaming,CWE-732,-0.2860231399536133,0.0,0.0,0.0
VulBERTa-public,bigvul-c0c8978849ac57e4ecd613ddc8ff7852a2054734-2390,original,CWE-732,-0.13986289501190186,0.0,0.0,0.0
VulBERTa-public,bigvul-c0c8978849ac57e4ecd613ddc8ff7852a2054734-2390,safe_dead_code_carrier,CWE-732,0.009306550025939941,1.0,0.0,0.0
VulBERTa-public,bigvul-c25b198675380f713a56649c857b4367601d4a3d-2581,blank_line_expansion,CWE-200,-0.01664179563522339,0.0,0.0,0.0
VulBERTa-public,bigvul-c25b198675380f713a56649c857b4367601d4a3d-2581,brace_line_shift,CWE-200,-0.01664179563522339,0.0,0.0,0.0
VulBERTa-public,bigvul-c25b198675380f713a56649c857b4367601d4a3d-2581,code_normalization_abstraction,CWE-200,-0.01664179563522339,0.0,0.0,0.0
VulBERTa-public,bigvul-c25b198675380f713a56649c857b4367601d4a3d-2581,comment_banner,CWE-200,0.023264482617378235,1.0,0.0,0.0
VulBERTa-public,bigvul-c25b198675380f713a56649c857b4367601d4a3d-2581,control_flow_rewrite,CWE-200,-0.01664179563522339,0.0,0.0,0.0
VulBERTa-public,bigvul-c25b198675380f713a56649c857b4367601d4a3d-2581,dead_branch_after_opening_brace,CWE-200,-0.2994449734687805,0.0,0.0,0.0
VulBERTa-public,bigvul-c25b198675380f713a56649c857b4367601d4a3d-2581,identifier_renaming,CWE-200,-0.01664179563522339,0.0,0.0,0.0
VulBERTa-public,bigvul-c25b198675380f713a56649c857b4367601d4a3d-2581,original,CWE-200,-0.01664179563522339,0.0,0.0,0.0
VulBERTa-public,bigvul-c25b198675380f713a56649c857b4367601d4a3d-2581,safe_dead_code_carrier,CWE-200,-0.5102875083684921,0.0,0.0,0.0
VulBERTa-public,bigvul-c55aee1bf0e6b6feec8b2927b43f7a09a6d5f754-1241,blank_line_expansion,unknown,-0.02347010374069214,0.0,0.0,0.0
VulBERTa-public,bigvul-c55aee1bf0e6b6feec8b2927b43f7a09a6d5f754-1241,brace_line_shift,unknown,-0.02347010374069214,0.0,0.0,0.0
VulBERTa-public,bigvul-c55aee1bf0e6b6feec8b2927b43f7a09a6d5f754-1241,code_normalization_abstraction,unknown,0.06663230061531067,1.0,0.0,0.0
VulBERTa-public,bigvul-c55aee1bf0e6b6feec8b2927b43f7a09a6d5f754-1241,comment_banner,unknown,0.032611846923828125,1.0,0.0,0.0
VulBERTa-public,bigvul-c55aee1bf0e6b6feec8b2927b43f7a09a6d5f754-1241,control_flow_rewrite,unknown,-0.02347010374069214,0.0,0.0,0.0
VulBERTa-public,bigvul-c55aee1bf0e6b6feec8b2927b43f7a09a6d5f754-1241,dead_branch_after_opening_brace,unknown,0.10019144415855408,1.0,0.0,0.0
VulBERTa-public,bigvul-c55aee1bf0e6b6feec8b2927b43f7a09a6d5f754-1241,identifier_renaming,unknown,-0.02347010374069214,0.0,0.0,0.0
VulBERTa-public,bigvul-c55aee1bf0e6b6feec8b2927b43f7a09a6d5f754-1241,original,unknown,-0.02347010374069214,0.0,0.0,0.0
VulBERTa-public,bigvul-c55aee1bf0e6b6feec8b2927b43f7a09a6d5f754-1241,safe_dead_code_carrier,unknown,0.1893671303987503,1.0,0.0,0.0
VulBERTa-public,bigvul-c8f0723d2b4520bdd6b9eb7c3e7976de726d7ff7-1748,blank_line_expansion,CWE-119,1.872330904006958e-05,1.0,0.0,0.0
VulBERTa-public,bigvul-c8f0723d2b4520bdd6b9eb7c3e7976de726d7ff7-1748,brace_line_shift,CWE-119,1.872330904006958e-05,1.0,0.0,0.0
VulBERTa-public,bigvul-c8f0723d2b4520bdd6b9eb7c3e7976de726d7ff7-1748,code_normalization_abstraction,CWE-119,0.00019731372594833374,1.0,0.0,0.0
VulBERTa-public,bigvul-c8f0723d2b4520bdd6b9eb7c3e7976de726d7ff7-1748,comment_banner,CWE-119,0.00018931180238723755,1.0,0.0,0.0
VulBERTa-public,bigvul-c8f0723d2b4520bdd6b9eb7c3e7976de726d7ff7-1748,control_flow_rewrite,CWE-119,1.872330904006958e-05,1.0,0.0,0.0
VulBERTa-public,bigvul-c8f0723d2b4520bdd6b9eb7c3e7976de726d7ff7-1748,dead_branch_after_opening_brace,CWE-119,1.0654330253601074e-05,1.0,0.0,0.0
VulBERTa-public,bigvul-c8f0723d2b4520bdd6b9eb7c3e7976de726d7ff7-1748,identifier_renaming,CWE-119,0.00011839345097541809,1.0,0.0,0.0
VulBERTa-public,bigvul-c8f0723d2b4520bdd6b9eb7c3e7976de726d7ff7-1748,original,CWE-119,1.872330904006958e-05,1.0,0.0,0.0
VulBERTa-public,bigvul-c8f0723d2b4520bdd6b9eb7c3e7976de726d7ff7-1748,safe_dead_code_carrier,CWE-119,-0.0012102574110031128,0.0,0.0,0.0
VulBERTa-public,bigvul-c94f9e854228e0ea00e1de8769d8d3f7cab84a55-123,blank_line_expansion,unknown,-0.002186000347137451,0.0,0.0,0.0
VulBERTa-public,bigvul-c94f9e854228e0ea00e1de8769d8d3f7cab84a55-123,brace_line_shift,unknown,-0.002186000347137451,0.0,0.0,0.0
VulBERTa-public,bigvul-c94f9e854228e0ea00e1de8769d8d3f7cab84a55-123,code_normalization_abstraction,unknown,-0.0016537904739379883,0.0,0.0,0.0
VulBERTa-public,bigvul-c94f9e854228e0ea00e1de8769d8d3f7cab84a55-123,comment_banner,unknown,-0.009347617626190186,0.0,0.0,0.0
VulBERTa-public,bigvul-c94f9e854228e0ea00e1de8769d8d3f7cab84a55-123,control_flow_rewrite,unknown,-0.002186000347137451,0.0,0.0,0.0
VulBERTa-public,bigvul-c94f9e854228e0ea00e1de8769d8d3f7cab84a55-123,dead_branch_after_opening_brace,unknown,0.001079261302947998,1.0,0.0,0.0
VulBERTa-public,bigvul-c94f9e854228e0ea00e1de8769d8d3f7cab84a55-123,identifier_renaming,unknown,-0.0004984140396118164,0.0,0.0,0.0
VulBERTa-public,bigvul-c94f9e854228e0ea00e1de8769d8d3f7cab84a55-123,original,unknown,-0.002186000347137451,0.0,0.0,0.0
VulBERTa-public,bigvul-c94f9e854228e0ea00e1de8769d8d3f7cab84a55-123,safe_dead_code_carrier,unknown,-0.0002684593200683594,0.0,0.0,0.0
VulBERTa-public,bigvul-c995d4fe5e96f4d6d4a88b7867279b08e72d2579-2230,blank_line_expansion,CWE-119,-0.002174433320760727,0.0,0.0,0.0
VulBERTa-public,bigvul-c995d4fe5e96f4d6d4a88b7867279b08e72d2579-2230,brace_line_shift,CWE-119,-0.002174433320760727,0.0,0.0,0.0
VulBERTa-public,bigvul-c995d4fe5e96f4d6d4a88b7867279b08e72d2579-2230,code_normalization_abstraction,CWE-119,-0.002011772245168686,0.0,0.0,0.0
VulBERTa-public,bigvul-c995d4fe5e96f4d6d4a88b7867279b08e72d2579-2230,comment_banner,CWE-119,0.0012449324131011963,1.0,0.0,0.0
VulBERTa-public,bigvul-c995d4fe5e96f4d6d4a88b7867279b08e72d2579-2230,control_flow_rewrite,CWE-119,-0.002174433320760727,0.0,0.0,0.0
VulBERTa-public,bigvul-c995d4fe5e96f4d6d4a88b7867279b08e72d2579-2230,dead_branch_after_opening_brace,CWE-119,-0.023258544504642487,0.0,0.0,0.0
VulBERTa-public,bigvul-c995d4fe5e96f4d6d4a88b7867279b08e72d2579-2230,identifier_renaming,CWE-119,-0.002174433320760727,0.0,0.0,0.0
VulBERTa-public,bigvul-c995d4fe5e96f4d6d4a88b7867279b08e72d2579-2230,original,CWE-119,-0.002174433320760727,0.0,0.0,0.0
VulBERTa-public,bigvul-c995d4fe5e96f4d6d4a88b7867279b08e72d2579-2230,safe_dead_code_carrier,CWE-119,0.005908481776714325,1.0,0.0,0.0
VulBERTa-public,bigvul-cd0bd79d6ebdb72183e6f0833673464cc10b3600-28,blank_line_expansion,unknown,-0.00026279687881469727,0.0,0.0,0.0
VulBERTa-public,bigvul-cd0bd79d6ebdb72183e6f0833673464cc10b3600-28,brace_line_shift,unknown,-0.00026279687881469727,0.0,0.0,0.0
VulBERTa-public,bigvul-cd0bd79d6ebdb72183e6f0833673464cc10b3600-28,code_normalization_abstraction,unknown,-0.00026279687881469727,0.0,0.0,0.0
VulBERTa-public,bigvul-cd0bd79d6ebdb72183e6f0833673464cc10b3600-28,comment_banner,unknown,0.00022917985916137695,1.0,0.0,0.0
VulBERTa-public,bigvul-cd0bd79d6ebdb72183e6f0833673464cc10b3600-28,control_flow_rewrite,unknown,-0.00026279687881469727,0.0,0.0,0.0
VulBERTa-public,bigvul-cd0bd79d6ebdb72183e6f0833673464cc10b3600-28,dead_branch_after_opening_brace,unknown,0.001495957374572754,1.0,0.0,0.0
VulBERTa-public,bigvul-cd0bd79d6ebdb72183e6f0833673464cc10b3600-28,identifier_renaming,unknown,-0.00024569034576416016,0.0,0.0,0.0
VulBERTa-public,bigvul-cd0bd79d6ebdb72183e6f0833673464cc10b3600-28,original,unknown,-0.00026279687881469727,0.0,0.0,0.0
VulBERTa-public,bigvul-cd0bd79d6ebdb72183e6f0833673464cc10b3600-28,safe_dead_code_carrier,unknown,-0.0010568499565124512,0.0,0.0,0.0
VulBERTa-public,bigvul-d0947db40187f4708c58e64cbd6013faf9eddeed-2221,blank_line_expansion,CWE-119,-0.01955246925354004,0.0,0.0,0.0
VulBERTa-public,bigvul-d0947db40187f4708c58e64cbd6013faf9eddeed-2221,brace_line_shift,CWE-119,-0.01955246925354004,0.0,0.0,0.0
VulBERTa-public,bigvul-d0947db40187f4708c58e64cbd6013faf9eddeed-2221,code_normalization_abstraction,CWE-119,-0.01955246925354004,0.0,0.0,0.0
VulBERTa-public,bigvul-d0947db40187f4708c58e64cbd6013faf9eddeed-2221,comment_banner,CWE-119,0.0036446452140808105,1.0,0.0,0.0
VulBERTa-public,bigvul-d0947db40187f4708c58e64cbd6013faf9eddeed-2221,control_flow_rewrite,CWE-119,-0.01955246925354004,0.0,0.0,0.0
VulBERTa-public,bigvul-d0947db40187f4708c58e64cbd6013faf9eddeed-2221,dead_branch_after_opening_brace,CWE-119,-0.03325933218002319,0.0,0.0,0.0
VulBERTa-public,bigvul-d0947db40187f4708c58e64cbd6013faf9eddeed-2221,identifier_renaming,CWE-119,0.062442243099212646,1.0,0.0,0.0
VulBERTa-public,bigvul-d0947db40187f4708c58e64cbd6013faf9eddeed-2221,original,CWE-119,-0.01955246925354004,0.0,0.0,0.0
VulBERTa-public,bigvul-d0947db40187f4708c58e64cbd6013faf9eddeed-2221,safe_dead_code_carrier,CWE-119,0.005034029483795166,1.0,0.0,0.0
VulBERTa-public,bigvul-d27468a832d5316884bd02f459cbf493697fd7e1-992,blank_line_expansion,CWE-254,0.01854655146598816,1.0,0.0,0.0
VulBERTa-public,bigvul-d27468a832d5316884bd02f459cbf493697fd7e1-992,brace_line_shift,CWE-254,0.01854655146598816,1.0,0.0,0.0
VulBERTa-public,bigvul-d27468a832d5316884bd02f459cbf493697fd7e1-992,code_normalization_abstraction,CWE-254,-0.018654458224773407,0.0,0.0,0.0
VulBERTa-public,bigvul-d27468a832d5316884bd02f459cbf493697fd7e1-992,comment_banner,CWE-254,-0.04442355036735535,0.0,0.0,0.0
VulBERTa-public,bigvul-d27468a832d5316884bd02f459cbf493697fd7e1-992,control_flow_rewrite,CWE-254,0.01854655146598816,1.0,0.0,0.0
VulBERTa-public,bigvul-d27468a832d5316884bd02f459cbf493697fd7e1-992,dead_branch_after_opening_brace,CWE-254,-0.0021493732929229736,0.0,0.0,0.0
VulBERTa-public,bigvul-d27468a832d5316884bd02f459cbf493697fd7e1-992,identifier_renaming,CWE-254,-0.0020695775747299194,0.0,0.0,0.0
VulBERTa-public,bigvul-d27468a832d5316884bd02f459cbf493697fd7e1-992,original,CWE-254,0.01854655146598816,1.0,0.0,0.0
VulBERTa-public,bigvul-d27468a832d5316884bd02f459cbf493697fd7e1-992,safe_dead_code_carrier,CWE-254,-0.015901774168014526,0.0,0.0,0.0
VulBERTa-public,bigvul-d42b2388f7f8e0332c846675133acea151fc557a-219,blank_line_expansion,CWE-190,-0.11177104711532593,0.0,0.0,0.0
VulBERTa-public,bigvul-d42b2388f7f8e0332c846675133acea151fc557a-219,brace_line_shift,CWE-190,-0.11177104711532593,0.0,0.0,0.0
VulBERTa-public,bigvul-d42b2388f7f8e0332c846675133acea151fc557a-219,code_normalization_abstraction,CWE-190,-0.11177104711532593,0.0,0.0,0.0
VulBERTa-public,bigvul-d42b2388f7f8e0332c846675133acea151fc557a-219,comment_banner,CWE-190,0.028581678867340088,1.0,0.0,0.0
VulBERTa-public,bigvul-d42b2388f7f8e0332c846675133acea151fc557a-219,control_flow_rewrite,CWE-190,-0.11177104711532593,0.0,0.0,0.0
VulBERTa-public,bigvul-d42b2388f7f8e0332c846675133acea151fc557a-219,dead_branch_after_opening_brace,CWE-190,-0.021701455116271973,0.0,0.0,0.0
VulBERTa-public,bigvul-d42b2388f7f8e0332c846675133acea151fc557a-219,identifier_renaming,CWE-190,-0.1642014980316162,0.0,0.0,0.0
VulBERTa-public,bigvul-d42b2388f7f8e0332c846675133acea151fc557a-219,original,CWE-190,-0.11177104711532593,0.0,0.0,0.0
VulBERTa-public,bigvul-d42b2388f7f8e0332c846675133acea151fc557a-219,safe_dead_code_carrier,CWE-190,0.014852285385131836,1.0,0.0,0.0
VulBERTa-public,bigvul-d42b2388f7f8e0332c846675133acea151fc557a-839,blank_line_expansion,CWE-190,0.0,0.0,1.0,0.0
VulBERTa-public,bigvul-d42b2388f7f8e0332c846675133acea151fc557a-839,brace_line_shift,CWE-190,0.0,0.0,1.0,0.0
VulBERTa-public,bigvul-d42b2388f7f8e0332c846675133acea151fc557a-839,code_normalization_abstraction,CWE-190,0.0,0.0,1.0,0.0
VulBERTa-public,bigvul-d42b2388f7f8e0332c846675133acea151fc557a-839,comment_banner,CWE-190,0.0,0.0,1.0,0.0
VulBERTa-public,bigvul-d42b2388f7f8e0332c846675133acea151fc557a-839,control_flow_rewrite,CWE-190,0.0,0.0,1.0,0.0
VulBERTa-public,bigvul-d42b2388f7f8e0332c846675133acea151fc557a-839,dead_branch_after_opening_brace,CWE-190,0.0,0.0,1.0,0.0
VulBERTa-public,bigvul-d42b2388f7f8e0332c846675133acea151fc557a-839,identifier_renaming,CWE-190,0.0,0.0,1.0,0.0
VulBERTa-public,bigvul-d42b2388f7f8e0332c846675133acea151fc557a-839,original,CWE-190,0.0,0.0,1.0,0.0
VulBERTa-public,bigvul-d42b2388f7f8e0332c846675133acea151fc557a-839,safe_dead_code_carrier,CWE-190,0.0,0.0,1.0,0.0
VulBERTa-public,bigvul-d63a3c5729df59f183e9e110d5d8385d17caaad0-1769,blank_line_expansion,CWE-416,0.012438476085662842,1.0,0.0,0.0
VulBERTa-public,bigvul-d63a3c5729df59f183e9e110d5d8385d17caaad0-1769,brace_line_shift,CWE-416,0.012438476085662842,1.0,0.0,0.0
VulBERTa-public,bigvul-d63a3c5729df59f183e9e110d5d8385d17caaad0-1769,code_normalization_abstraction,CWE-416,0.012438476085662842,1.0,0.0,0.0
VulBERTa-public,bigvul-d63a3c5729df59f183e9e110d5d8385d17caaad0-1769,comment_banner,CWE-416,0.0006467103958129883,1.0,0.0,0.0
VulBERTa-public,bigvul-d63a3c5729df59f183e9e110d5d8385d17caaad0-1769,control_flow_rewrite,CWE-416,0.012438476085662842,1.0,0.0,0.0
VulBERTa-public,bigvul-d63a3c5729df59f183e9e110d5d8385d17caaad0-1769,dead_branch_after_opening_brace,CWE-416,-0.0014221668243408203,0.0,0.0,0.0
VulBERTa-public,bigvul-d63a3c5729df59f183e9e110d5d8385d17caaad0-1769,identifier_renaming,CWE-416,0.015646815299987793,1.0,0.0,0.0
VulBERTa-public,bigvul-d63a3c5729df59f183e9e110d5d8385d17caaad0-1769,original,CWE-416,0.012438476085662842,1.0,0.0,0.0
VulBERTa-public,bigvul-d63a3c5729df59f183e9e110d5d8385d17caaad0-1769,safe_dead_code_carrier,CWE-416,-0.043075740337371826,0.0,0.0,0.0
VulBERTa-public,bigvul-e21bdfb9c758ac411012ad84f83d26d3f7dd69fb-855,blank_line_expansion,CWE-264,0.056277692317962646,1.0,0.0,0.0
VulBERTa-public,bigvul-e21bdfb9c758ac411012ad84f83d26d3f7dd69fb-855,brace_line_shift,CWE-264,0.056277692317962646,1.0,0.0,0.0
VulBERTa-public,bigvul-e21bdfb9c758ac411012ad84f83d26d3f7dd69fb-855,code_normalization_abstraction,CWE-264,0.3067224621772766,1.0,0.0,1.0
VulBERTa-public,bigvul-e21bdfb9c758ac411012ad84f83d26d3f7dd69fb-855,comment_banner,CWE-264,-0.06212794780731201,0.0,0.0,0.0
VulBERTa-public,bigvul-e21bdfb9c758ac411012ad84f83d26d3f7dd69fb-855,control_flow_rewrite,CWE-264,0.056277692317962646,1.0,0.0,0.0
VulBERTa-public,bigvul-e21bdfb9c758ac411012ad84f83d26d3f7dd69fb-855,dead_branch_after_opening_brace,CWE-264,0.10533672571182251,1.0,0.0,0.0
VulBERTa-public,bigvul-e21bdfb9c758ac411012ad84f83d26d3f7dd69fb-855,identifier_renaming,CWE-264,0.06578812003135681,1.0,0.0,0.0
VulBERTa-public,bigvul-e21bdfb9c758ac411012ad84f83d26d3f7dd69fb-855,original,CWE-264,0.056277692317962646,1.0,0.0,0.0
VulBERTa-public,bigvul-e21bdfb9c758ac411012ad84f83d26d3f7dd69fb-855,safe_dead_code_carrier,CWE-264,-0.19792377948760986,0.0,0.0,0.0
VulBERTa-public,bigvul-e248db02fbab2ee9162940bc19f087fd7d96cb9d-1187,blank_line_expansion,CWE-119,0.0,0.0,1.0,0.0
VulBERTa-public,bigvul-e248db02fbab2ee9162940bc19f087fd7d96cb9d-1187,brace_line_shift,CWE-119,0.0,0.0,1.0,0.0
VulBERTa-public,bigvul-e248db02fbab2ee9162940bc19f087fd7d96cb9d-1187,code_normalization_abstraction,CWE-119,0.0,0.0,1.0,0.0
VulBERTa-public,bigvul-e248db02fbab2ee9162940bc19f087fd7d96cb9d-1187,comment_banner,CWE-119,0.0,0.0,1.0,0.0
VulBERTa-public,bigvul-e248db02fbab2ee9162940bc19f087fd7d96cb9d-1187,control_flow_rewrite,CWE-119,0.0,0.0,1.0,0.0
VulBERTa-public,bigvul-e248db02fbab2ee9162940bc19f087fd7d96cb9d-1187,dead_branch_after_opening_brace,CWE-119,0.0,0.0,1.0,0.0
VulBERTa-public,bigvul-e248db02fbab2ee9162940bc19f087fd7d96cb9d-1187,identifier_renaming,CWE-119,0.0,0.0,1.0,0.0
VulBERTa-public,bigvul-e248db02fbab2ee9162940bc19f087fd7d96cb9d-1187,original,CWE-119,0.0,0.0,1.0,0.0
VulBERTa-public,bigvul-e248db02fbab2ee9162940bc19f087fd7d96cb9d-1187,safe_dead_code_carrier,CWE-119,0.0,0.0,1.0,0.0
VulBERTa-public,bigvul-e89cfcb9090e8c98129ae9160c513f504db74599-1448,blank_line_expansion,CWE-20,-0.0053171515464782715,0.0,0.0,0.0
VulBERTa-public,bigvul-e89cfcb9090e8c98129ae9160c513f504db74599-1448,brace_line_shift,CWE-20,-0.0053171515464782715,0.0,0.0,0.0
VulBERTa-public,bigvul-e89cfcb9090e8c98129ae9160c513f504db74599-1448,code_normalization_abstraction,CWE-20,-0.0053171515464782715,0.0,0.0,0.0
VulBERTa-public,bigvul-e89cfcb9090e8c98129ae9160c513f504db74599-1448,comment_banner,CWE-20,-0.01659291982650757,0.0,0.0,0.0
VulBERTa-public,bigvul-e89cfcb9090e8c98129ae9160c513f504db74599-1448,control_flow_rewrite,CWE-20,-0.0053171515464782715,0.0,0.0,0.0
VulBERTa-public,bigvul-e89cfcb9090e8c98129ae9160c513f504db74599-1448,dead_branch_after_opening_brace,CWE-20,-0.0048337578773498535,0.0,0.0,0.0
VulBERTa-public,bigvul-e89cfcb9090e8c98129ae9160c513f504db74599-1448,identifier_renaming,CWE-20,-0.0053171515464782715,0.0,0.0,0.0
VulBERTa-public,bigvul-e89cfcb9090e8c98129ae9160c513f504db74599-1448,original,CWE-20,-0.0053171515464782715,0.0,0.0,0.0
VulBERTa-public,bigvul-e89cfcb9090e8c98129ae9160c513f504db74599-1448,safe_dead_code_carrier,CWE-20,-0.005344808101654053,0.0,0.0,0.0
VulBERTa-public,bigvul-e9372a1bfd3588a80fcf49aa07321f0971dd6091-1128,blank_line_expansion,unknown,0.2760983109474182,1.0,0.0,1.0
VulBERTa-public,bigvul-e9372a1bfd3588a80fcf49aa07321f0971dd6091-1128,brace_line_shift,unknown,0.2760983109474182,1.0,0.0,1.0
VulBERTa-public,bigvul-e9372a1bfd3588a80fcf49aa07321f0971dd6091-1128,code_normalization_abstraction,unknown,-0.3854314684867859,0.0,0.0,0.0
VulBERTa-public,bigvul-e9372a1bfd3588a80fcf49aa07321f0971dd6091-1128,comment_banner,unknown,0.10244303941726685,1.0,0.0,0.0
VulBERTa-public,bigvul-e9372a1bfd3588a80fcf49aa07321f0971dd6091-1128,control_flow_rewrite,unknown,0.2760983109474182,1.0,0.0,1.0
VulBERTa-public,bigvul-e9372a1bfd3588a80fcf49aa07321f0971dd6091-1128,dead_branch_after_opening_brace,unknown,0.03685277700424194,1.0,0.0,0.0
VulBERTa-public,bigvul-e9372a1bfd3588a80fcf49aa07321f0971dd6091-1128,identifier_renaming,unknown,0.2760983109474182,1.0,0.0,1.0
VulBERTa-public,bigvul-e9372a1bfd3588a80fcf49aa07321f0971dd6091-1128,original,unknown,0.2760983109474182,1.0,0.0,1.0
VulBERTa-public,bigvul-e9372a1bfd3588a80fcf49aa07321f0971dd6091-1128,safe_dead_code_carrier,unknown,-0.504352331161499,0.0,0.0,0.0
VulBERTa-public,bigvul-e9372a1bfd3588a80fcf49aa07321f0971dd6091-1892,blank_line_expansion,unknown,-0.12884411215782166,0.0,0.0,0.0
VulBERTa-public,bigvul-e9372a1bfd3588a80fcf49aa07321f0971dd6091-1892,brace_line_shift,unknown,-0.12884411215782166,0.0,0.0,0.0
VulBERTa-public,bigvul-e9372a1bfd3588a80fcf49aa07321f0971dd6091-1892,code_normalization_abstraction,unknown,0.015774458646774292,1.0,0.0,0.0
VulBERTa-public,bigvul-e9372a1bfd3588a80fcf49aa07321f0971dd6091-1892,comment_banner,unknown,-0.01122407615184784,0.0,0.0,0.0
VulBERTa-public,bigvul-e9372a1bfd3588a80fcf49aa07321f0971dd6091-1892,control_flow_rewrite,unknown,-0.12884393334388733,0.0,0.0,0.0
VulBERTa-public,bigvul-e9372a1bfd3588a80fcf49aa07321f0971dd6091-1892,dead_branch_after_opening_brace,unknown,-0.0047678351402282715,0.0,0.0,0.0
VulBERTa-public,bigvul-e9372a1bfd3588a80fcf49aa07321f0971dd6091-1892,identifier_renaming,unknown,-0.061347439885139465,0.0,0.0,0.0
VulBERTa-public,bigvul-e9372a1bfd3588a80fcf49aa07321f0971dd6091-1892,original,unknown,-0.12884411215782166,0.0,0.0,0.0
VulBERTa-public,bigvul-e9372a1bfd3588a80fcf49aa07321f0971dd6091-1892,safe_dead_code_carrier,unknown,-0.21023041009902954,0.0,0.0,0.0
VulBERTa-public,bigvul-eaf2e8bce3855d362e53034bd83f0e3aff8714e4-1860,blank_line_expansion,unknown,-0.24449938535690308,0.0,0.0,0.0
VulBERTa-public,bigvul-eaf2e8bce3855d362e53034bd83f0e3aff8714e4-1860,brace_line_shift,unknown,-0.24449938535690308,0.0,0.0,0.0
VulBERTa-public,bigvul-eaf2e8bce3855d362e53034bd83f0e3aff8714e4-1860,code_normalization_abstraction,unknown,-0.24449938535690308,0.0,0.0,0.0
VulBERTa-public,bigvul-eaf2e8bce3855d362e53034bd83f0e3aff8714e4-1860,comment_banner,unknown,0.2686556279659271,1.0,0.0,1.0
VulBERTa-public,bigvul-eaf2e8bce3855d362e53034bd83f0e3aff8714e4-1860,control_flow_rewrite,unknown,-0.24449938535690308,0.0,0.0,0.0
VulBERTa-public,bigvul-eaf2e8bce3855d362e53034bd83f0e3aff8714e4-1860,dead_branch_after_opening_brace,unknown,0.040174245834350586,1.0,0.0,0.0
VulBERTa-public,bigvul-eaf2e8bce3855d362e53034bd83f0e3aff8714e4-1860,identifier_renaming,unknown,-0.24449938535690308,0.0,0.0,0.0
VulBERTa-public,bigvul-eaf2e8bce3855d362e53034bd83f0e3aff8714e4-1860,original,unknown,-0.24449938535690308,0.0,0.0,0.0
VulBERTa-public,bigvul-eaf2e8bce3855d362e53034bd83f0e3aff8714e4-1860,safe_dead_code_carrier,unknown,-0.09450936317443848,0.0,0.0,0.0
VulBERTa-public,bigvul-edc7d3035883ddca8413e4fe7689aa2e579ef04a-2146,blank_line_expansion,CWE-125,-0.027867209166288376,0.0,0.0,0.0
VulBERTa-public,bigvul-edc7d3035883ddca8413e4fe7689aa2e579ef04a-2146,brace_line_shift,CWE-125,-0.027867209166288376,0.0,0.0,0.0
VulBERTa-public,bigvul-edc7d3035883ddca8413e4fe7689aa2e579ef04a-2146,code_normalization_abstraction,CWE-125,-0.027867209166288376,0.0,0.0,0.0
VulBERTa-public,bigvul-edc7d3035883ddca8413e4fe7689aa2e579ef04a-2146,comment_banner,CWE-125,-0.003750015050172806,0.0,0.0,0.0
VulBERTa-public,bigvul-edc7d3035883ddca8413e4fe7689aa2e579ef04a-2146,control_flow_rewrite,CWE-125,-0.027867209166288376,0.0,0.0,0.0
VulBERTa-public,bigvul-edc7d3035883ddca8413e4fe7689aa2e579ef04a-2146,dead_branch_after_opening_brace,CWE-125,-0.06981545686721802,0.0,0.0,0.0
VulBERTa-public,bigvul-edc7d3035883ddca8413e4fe7689aa2e579ef04a-2146,identifier_renaming,CWE-125,-0.027867209166288376,0.0,0.0,0.0
VulBERTa-public,bigvul-edc7d3035883ddca8413e4fe7689aa2e579ef04a-2146,original,CWE-125,-0.027867209166288376,0.0,0.0,0.0
VulBERTa-public,bigvul-edc7d3035883ddca8413e4fe7689aa2e579ef04a-2146,safe_dead_code_carrier,CWE-125,-0.46187129616737366,0.0,0.0,0.0
VulBERTa-public,bigvul-edd4a76eb4747bd19ed122df46fa46b452c12a0d-1890,blank_line_expansion,CWE-189,0.005414307117462158,1.0,0.0,0.0
VulBERTa-public,bigvul-edd4a76eb4747bd19ed122df46fa46b452c12a0d-1890,brace_line_shift,CWE-189,0.005414307117462158,1.0,0.0,0.0
VulBERTa-public,bigvul-edd4a76eb4747bd19ed122df46fa46b452c12a0d-1890,code_normalization_abstraction,CWE-189,0.02343153953552246,1.0,0.0,0.0
VulBERTa-public,bigvul-edd4a76eb4747bd19ed122df46fa46b452c12a0d-1890,comment_banner,CWE-189,0.008677244186401367,1.0,0.0,0.0
VulBERTa-public,bigvul-edd4a76eb4747bd19ed122df46fa46b452c12a0d-1890,control_flow_rewrite,CWE-189,0.005414307117462158,1.0,0.0,0.0
VulBERTa-public,bigvul-edd4a76eb4747bd19ed122df46fa46b452c12a0d-1890,dead_branch_after_opening_brace,CWE-189,0.014379620552062988,1.0,0.0,0.0
VulBERTa-public,bigvul-edd4a76eb4747bd19ed122df46fa46b452c12a0d-1890,identifier_renaming,CWE-189,0.034685611724853516,1.0,0.0,0.0
VulBERTa-public,bigvul-edd4a76eb4747bd19ed122df46fa46b452c12a0d-1890,original,CWE-189,0.005414307117462158,1.0,0.0,0.0
VulBERTa-public,bigvul-edd4a76eb4747bd19ed122df46fa46b452c12a0d-1890,safe_dead_code_carrier,CWE-189,-0.00405651330947876,0.0,0.0,0.0
VulBERTa-public,bigvul-eea3300239f0b53e172a320eb8de59d0bea65f27-1319,blank_line_expansion,CWE-200,0.03688009828329086,1.0,0.0,0.0
VulBERTa-public,bigvul-eea3300239f0b53e172a320eb8de59d0bea65f27-1319,brace_line_shift,CWE-200,0.03688009828329086,1.0,0.0,0.0
VulBERTa-public,bigvul-eea3300239f0b53e172a320eb8de59d0bea65f27-1319,code_normalization_abstraction,CWE-200,0.03732868283987045,1.0,0.0,0.0
VulBERTa-public,bigvul-eea3300239f0b53e172a320eb8de59d0bea65f27-1319,comment_banner,CWE-200,0.0342041552066803,1.0,0.0,0.0
VulBERTa-public,bigvul-eea3300239f0b53e172a320eb8de59d0bea65f27-1319,control_flow_rewrite,CWE-200,0.03688009828329086,1.0,0.0,0.0
VulBERTa-public,bigvul-eea3300239f0b53e172a320eb8de59d0bea65f27-1319,dead_branch_after_opening_brace,CWE-200,0.07058937847614288,1.0,0.0,0.0
VulBERTa-public,bigvul-eea3300239f0b53e172a320eb8de59d0bea65f27-1319,identifier_renaming,CWE-200,0.03688009828329086,1.0,0.0,0.0
VulBERTa-public,bigvul-eea3300239f0b53e172a320eb8de59d0bea65f27-1319,original,CWE-200,0.03688009828329086,1.0,0.0,0.0
VulBERTa-public,bigvul-eea3300239f0b53e172a320eb8de59d0bea65f27-1319,safe_dead_code_carrier,CWE-200,0.07008633017539978,1.0,0.0,0.0
VulBERTa-public,bigvul-ef85b67385436ddc1998f45f1d6a210f935b3388-2254,blank_line_expansion,CWE-388,-0.025814175605773926,0.0,0.0,0.0
VulBERTa-public,bigvul-ef85b67385436ddc1998f45f1d6a210f935b3388-2254,brace_line_shift,CWE-388,-0.025814175605773926,0.0,0.0,0.0
VulBERTa-public,bigvul-ef85b67385436ddc1998f45f1d6a210f935b3388-2254,code_normalization_abstraction,CWE-388,-0.025814175605773926,0.0,0.0,0.0
VulBERTa-public,bigvul-ef85b67385436ddc1998f45f1d6a210f935b3388-2254,comment_banner,CWE-388,-0.0066123902797698975,0.0,0.0,0.0
VulBERTa-public,bigvul-ef85b67385436ddc1998f45f1d6a210f935b3388-2254,control_flow_rewrite,CWE-388,-0.025814175605773926,0.0,0.0,0.0
VulBERTa-public,bigvul-ef85b67385436ddc1998f45f1d6a210f935b3388-2254,dead_branch_after_opening_brace,CWE-388,-0.08995234966278076,0.0,0.0,0.0
VulBERTa-public,bigvul-ef85b67385436ddc1998f45f1d6a210f935b3388-2254,identifier_renaming,CWE-388,-0.025814175605773926,0.0,0.0,0.0
VulBERTa-public,bigvul-ef85b67385436ddc1998f45f1d6a210f935b3388-2254,original,CWE-388,-0.025814175605773926,0.0,0.0,0.0
VulBERTa-public,bigvul-ef85b67385436ddc1998f45f1d6a210f935b3388-2254,safe_dead_code_carrier,CWE-388,-0.22253158688545227,0.0,0.0,0.0
VulBERTa-public,bigvul-f597300439e62f5e921f0d7b1e880b5c1a1f1607-1839,blank_line_expansion,CWE-416,0.0,0.0,1.0,0.0
VulBERTa-public,bigvul-f597300439e62f5e921f0d7b1e880b5c1a1f1607-1839,brace_line_shift,CWE-416,0.0,0.0,1.0,0.0
VulBERTa-public,bigvul-f597300439e62f5e921f0d7b1e880b5c1a1f1607-1839,code_normalization_abstraction,CWE-416,0.0,0.0,1.0,0.0
VulBERTa-public,bigvul-f597300439e62f5e921f0d7b1e880b5c1a1f1607-1839,comment_banner,CWE-416,0.0,0.0,1.0,0.0
VulBERTa-public,bigvul-f597300439e62f5e921f0d7b1e880b5c1a1f1607-1839,control_flow_rewrite,CWE-416,0.0,0.0,1.0,0.0
VulBERTa-public,bigvul-f597300439e62f5e921f0d7b1e880b5c1a1f1607-1839,dead_branch_after_opening_brace,CWE-416,0.0,0.0,1.0,0.0
VulBERTa-public,bigvul-f597300439e62f5e921f0d7b1e880b5c1a1f1607-1839,identifier_renaming,CWE-416,0.0,0.0,1.0,0.0
VulBERTa-public,bigvul-f597300439e62f5e921f0d7b1e880b5c1a1f1607-1839,original,CWE-416,0.0,0.0,1.0,0.0
VulBERTa-public,bigvul-f597300439e62f5e921f0d7b1e880b5c1a1f1607-1839,safe_dead_code_carrier,CWE-416,0.0,0.0,1.0,0.0
VulBERTa-public,bigvul-fc80ab45621bd966f70594c0b7393ec005a94007-2360,blank_line_expansion,CWE-772,0.009261667728424072,1.0,0.0,0.0
VulBERTa-public,bigvul-fc80ab45621bd966f70594c0b7393ec005a94007-2360,brace_line_shift,CWE-772,0.009261667728424072,1.0,0.0,0.0
VulBERTa-public,bigvul-fc80ab45621bd966f70594c0b7393ec005a94007-2360,code_normalization_abstraction,CWE-772,-0.019746363162994385,0.0,0.0,0.0
VulBERTa-public,bigvul-fc80ab45621bd966f70594c0b7393ec005a94007-2360,comment_banner,CWE-772,-0.011459887027740479,0.0,0.0,0.0
VulBERTa-public,bigvul-fc80ab45621bd966f70594c0b7393ec005a94007-2360,control_flow_rewrite,CWE-772,0.009261667728424072,1.0,0.0,0.0
VulBERTa-public,bigvul-fc80ab45621bd966f70594c0b7393ec005a94007-2360,dead_branch_after_opening_brace,CWE-772,-0.006100296974182129,0.0,0.0,0.0
VulBERTa-public,bigvul-fc80ab45621bd966f70594c0b7393ec005a94007-2360,identifier_renaming,CWE-772,0.0015810132026672363,1.0,0.0,0.0
VulBERTa-public,bigvul-fc80ab45621bd966f70594c0b7393ec005a94007-2360,original,CWE-772,0.009261667728424072,1.0,0.0,0.0
VulBERTa-public,bigvul-fc80ab45621bd966f70594c0b7393ec005a94007-2360,safe_dead_code_carrier,CWE-772,0.007796764373779297,1.0,0.0,0.0
LineVul-public,bigvul-04839626ed859623901ebd3a5fd483982186b59d-100,blank_line_expansion,CWE-119,0.9999498187844438,1.0,0.0,1.0
LineVul-public,bigvul-04839626ed859623901ebd3a5fd483982186b59d-100,brace_line_shift,CWE-119,0.9999494611565751,1.0,0.0,1.0
LineVul-public,bigvul-04839626ed859623901ebd3a5fd483982186b59d-100,code_normalization_abstraction,CWE-119,0.9999499379937333,1.0,0.0,1.0
LineVul-public,bigvul-04839626ed859623901ebd3a5fd483982186b59d-100,comment_banner,CWE-119,0.9999190627877397,1.0,0.0,1.0
LineVul-public,bigvul-04839626ed859623901ebd3a5fd483982186b59d-100,control_flow_rewrite,CWE-119,0.9999494611565751,1.0,0.0,1.0
LineVul-public,bigvul-04839626ed859623901ebd3a5fd483982186b59d-100,dead_branch_after_opening_brace,CWE-119,0.937998002702443,1.0,0.0,1.0
LineVul-public,bigvul-04839626ed859623901ebd3a5fd483982186b59d-100,identifier_renaming,CWE-119,0.9999494611565751,1.0,0.0,1.0
LineVul-public,bigvul-04839626ed859623901ebd3a5fd483982186b59d-100,original,CWE-119,0.9999494611565751,1.0,0.0,1.0
LineVul-public,bigvul-04839626ed859623901ebd3a5fd483982186b59d-100,safe_dead_code_carrier,CWE-119,0.9455994426552934,1.0,0.0,1.0
LineVul-public,bigvul-04839626ed859623901ebd3a5fd483982186b59d-595,blank_line_expansion,CWE-119,0.9684009272605181,1.0,0.0,1.0
LineVul-public,bigvul-04839626ed859623901ebd3a5fd483982186b59d-595,brace_line_shift,CWE-119,0.04907184839248657,1.0,0.0,0.0
LineVul-public,bigvul-04839626ed859623901ebd3a5fd483982186b59d-595,code_normalization_abstraction,CWE-119,0.05595719814300537,1.0,0.0,0.0
LineVul-public,bigvul-04839626ed859623901ebd3a5fd483982186b59d-595,comment_banner,CWE-119,-0.9997319029280334,0.0,0.0,0.0
LineVul-public,bigvul-04839626ed859623901ebd3a5fd483982186b59d-595,control_flow_rewrite,CWE-119,0.04907184839248657,1.0,0.0,0.0
LineVul-public,bigvul-04839626ed859623901ebd3a5fd483982186b59d-595,dead_branch_after_opening_brace,CWE-119,-0.9998672780893685,0.0,0.0,0.0
LineVul-public,bigvul-04839626ed859623901ebd3a5fd483982186b59d-595,identifier_renaming,CWE-119,0.04907184839248657,1.0,0.0,0.0
LineVul-public,bigvul-04839626ed859623901ebd3a5fd483982186b59d-595,original,CWE-119,0.04907184839248657,1.0,0.0,0.0
LineVul-public,bigvul-04839626ed859623901ebd3a5fd483982186b59d-595,safe_dead_code_carrier,CWE-119,-0.9998455930708587,0.0,0.0,0.0
LineVul-public,bigvul-04aaacb936a08d70862d6d9d7e8354721ae46be8-2882,blank_line_expansion,CWE-200,-0.01128448078452493,0.0,0.0,0.0
LineVul-public,bigvul-04aaacb936a08d70862d6d9d7e8354721ae46be8-2882,brace_line_shift,CWE-200,-4.9591064453125e-05,0.0,0.0,0.0
LineVul-public,bigvul-04aaacb936a08d70862d6d9d7e8354721ae46be8-2882,code_normalization_abstraction,CWE-200,-2.384185791015625e-06,0.0,0.0,0.0
LineVul-public,bigvul-04aaacb936a08d70862d6d9d7e8354721ae46be8-2882,comment_banner,CWE-200,5.125999450683594e-06,1.0,0.0,0.0
LineVul-public,bigvul-04aaacb936a08d70862d6d9d7e8354721ae46be8-2882,control_flow_rewrite,CWE-200,-2.384185791015625e-06,0.0,0.0,0.0
LineVul-public,bigvul-04aaacb936a08d70862d6d9d7e8354721ae46be8-2882,dead_branch_after_opening_brace,CWE-200,0.0,0.0,1.0,0.0
LineVul-public,bigvul-04aaacb936a08d70862d6d9d7e8354721ae46be8-2882,identifier_renaming,CWE-200,-2.384185791015625e-06,0.0,0.0,0.0
LineVul-public,bigvul-04aaacb936a08d70862d6d9d7e8354721ae46be8-2882,original,CWE-200,-2.384185791015625e-06,0.0,0.0,0.0
LineVul-public,bigvul-04aaacb936a08d70862d6d9d7e8354721ae46be8-2882,safe_dead_code_carrier,CWE-200,-2.0265579223632812e-06,0.0,0.0,0.0
LineVul-public,bigvul-0558f33c06bb910e2879e355192227a8e8f0219d-1421,blank_line_expansion,unknown,4.811304279428441e-05,1.0,0.0,0.0
LineVul-public,bigvul-0558f33c06bb910e2879e355192227a8e8f0219d-1421,brace_line_shift,unknown,-0.000513911247253418,0.0,0.0,0.0
LineVul-public,bigvul-0558f33c06bb910e2879e355192227a8e8f0219d-1421,code_normalization_abstraction,unknown,-0.00029653310775756836,0.0,0.0,0.0
LineVul-public,bigvul-0558f33c06bb910e2879e355192227a8e8f0219d-1421,comment_banner,unknown,-0.00014859437942504883,0.0,0.0,0.0
LineVul-public,bigvul-0558f33c06bb910e2879e355192227a8e8f0219d-1421,control_flow_rewrite,unknown,-0.000513911247253418,0.0,0.0,0.0
LineVul-public,bigvul-0558f33c06bb910e2879e355192227a8e8f0219d-1421,dead_branch_after_opening_brace,unknown,-2.9087066650390625e-05,0.0,0.0,0.0
LineVul-public,bigvul-0558f33c06bb910e2879e355192227a8e8f0219d-1421,identifier_renaming,unknown,1.9788742065429688e-05,1.0,0.0,0.0
LineVul-public,bigvul-0558f33c06bb910e2879e355192227a8e8f0219d-1421,original,unknown,-0.000513911247253418,0.0,0.0,0.0
LineVul-public,bigvul-0558f33c06bb910e2879e355192227a8e8f0219d-1421,safe_dead_code_carrier,unknown,-0.0012521147727966309,0.0,0.0,0.0
LineVul-public,bigvul-0a38f71865b63025dce4de1f8cca71979c48d14d-2034,blank_line_expansion,CWE-119,-0.9814888387918472,0.0,0.0,0.0
LineVul-public,bigvul-0a38f71865b63025dce4de1f8cca71979c48d14d-2034,brace_line_shift,CWE-119,-0.999952800835672,0.0,0.0,0.0
LineVul-public,bigvul-0a38f71865b63025dce4de1f8cca71979c48d14d-2034,code_normalization_abstraction,CWE-119,-0.9820316601544619,0.0,0.0,0.0
LineVul-public,bigvul-0a38f71865b63025dce4de1f8cca71979c48d14d-2034,comment_banner,CWE-119,-0.006035029888153076,0.0,0.0,0.0
LineVul-public,bigvul-0a38f71865b63025dce4de1f8cca71979c48d14d-2034,control_flow_rewrite,CWE-119,-0.9820316601544619,0.0,0.0,0.0
LineVul-public,bigvul-0a38f71865b63025dce4de1f8cca71979c48d14d-2034,dead_branch_after_opening_brace,CWE-119,-1.621246337890625e-05,0.0,0.0,0.0
LineVul-public,bigvul-0a38f71865b63025dce4de1f8cca71979c48d14d-2034,identifier_renaming,CWE-119,-0.9820316601544619,0.0,0.0,0.0
LineVul-public,bigvul-0a38f71865b63025dce4de1f8cca71979c48d14d-2034,original,CWE-119,-0.9820316601544619,0.0,0.0,0.0
LineVul-public,bigvul-0a38f71865b63025dce4de1f8cca71979c48d14d-2034,safe_dead_code_carrier,CWE-119,-0.00033462047576904297,0.0,0.0,0.0
LineVul-public,bigvul-0bd1a6ddb5fb23dfea3e72d60e5e8df4cf5826bc-1777,blank_line_expansion,CWE-264,1.049041748046875e-05,1.0,0.0,0.0
LineVul-public,bigvul-0bd1a6ddb5fb23dfea3e72d60e5e8df4cf5826bc-1777,brace_line_shift,CWE-264,5.841255187988281e-06,1.0,0.0,0.0
LineVul-public,bigvul-0bd1a6ddb5fb23dfea3e72d60e5e8df4cf5826bc-1777,code_normalization_abstraction,CWE-264,2.4437904357910156e-05,1.0,0.0,0.0
LineVul-public,bigvul-0bd1a6ddb5fb23dfea3e72d60e5e8df4cf5826bc-1777,comment_banner,CWE-264,7.3909759521484375e-06,1.0,0.0,0.0
LineVul-public,bigvul-0bd1a6ddb5fb23dfea3e72d60e5e8df4cf5826bc-1777,control_flow_rewrite,CWE-264,8.821487426757812e-06,1.0,0.0,0.0
LineVul-public,bigvul-0bd1a6ddb5fb23dfea3e72d60e5e8df4cf5826bc-1777,dead_branch_after_opening_brace,CWE-264,3.635883331298828e-05,1.0,0.0,0.0
LineVul-public,bigvul-0bd1a6ddb5fb23dfea3e72d60e5e8df4cf5826bc-1777,identifier_renaming,CWE-264,1.0371208190917969e-05,1.0,0.0,0.0
LineVul-public,bigvul-0bd1a6ddb5fb23dfea3e72d60e5e8df4cf5826bc-1777,original,CWE-264,8.821487426757812e-06,1.0,0.0,0.0
LineVul-public,bigvul-0bd1a6ddb5fb23dfea3e72d60e5e8df4cf5826bc-1777,safe_dead_code_carrier,CWE-264,3.8623809814453125e-05,1.0,0.0,0.0
LineVul-public,bigvul-0bfc96cb77224736dfa35c3c555d37b3646ef35e-2152,blank_line_expansion,CWE-264,0.9999084053433762,1.0,0.0,1.0
LineVul-public,bigvul-0bfc96cb77224736dfa35c3c555d37b3646ef35e-2152,brace_line_shift,CWE-264,2.1533229300985113e-05,1.0,0.0,0.0
LineVul-public,bigvul-0bfc96cb77224736dfa35c3c555d37b3646ef35e-2152,code_normalization_abstraction,CWE-264,0.9978928915224969,1.0,0.0,1.0
LineVul-public,bigvul-0bfc96cb77224736dfa35c3c555d37b3646ef35e-2152,comment_banner,CWE-264,0.9890184374526143,1.0,0.0,1.0
LineVul-public,bigvul-0bfc96cb77224736dfa35c3c555d37b3646ef35e-2152,control_flow_rewrite,CWE-264,0.9991040175664239,1.0,0.0,1.0
LineVul-public,bigvul-0bfc96cb77224736dfa35c3c555d37b3646ef35e-2152,dead_branch_after_opening_brace,CWE-264,0.00010025501251220703,1.0,0.0,0.0
LineVul-public,bigvul-0bfc96cb77224736dfa35c3c555d37b3646ef35e-2152,identifier_renaming,CWE-264,0.9968722467310727,1.0,0.0,1.0
LineVul-public,bigvul-0bfc96cb77224736dfa35c3c555d37b3646ef35e-2152,original,CWE-264,0.9991040175664239,1.0,0.0,1.0
LineVul-public,bigvul-0bfc96cb77224736dfa35c3c555d37b3646ef35e-2152,safe_dead_code_carrier,CWE-264,0.00010383129119873047,1.0,0.0,0.0
LineVul-public,bigvul-0da8b8b801f9276359262f1ef8274c7812d3dfda?w=1-1398,blank_line_expansion,CWE-190,0.0,0.0,1.0,0.0
LineVul-public,bigvul-0da8b8b801f9276359262f1ef8274c7812d3dfda?w=1-1398,brace_line_shift,CWE-190,0.0,0.0,1.0,0.0
LineVul-public,bigvul-0da8b8b801f9276359262f1ef8274c7812d3dfda?w=1-1398,code_normalization_abstraction,CWE-190,0.0,0.0,1.0,0.0
LineVul-public,bigvul-0da8b8b801f9276359262f1ef8274c7812d3dfda?w=1-1398,comment_banner,CWE-190,0.0,0.0,1.0,0.0
LineVul-public,bigvul-0da8b8b801f9276359262f1ef8274c7812d3dfda?w=1-1398,control_flow_rewrite,CWE-190,0.0,0.0,1.0,0.0
LineVul-public,bigvul-0da8b8b801f9276359262f1ef8274c7812d3dfda?w=1-1398,dead_branch_after_opening_brace,CWE-190,0.0,0.0,1.0,0.0
LineVul-public,bigvul-0da8b8b801f9276359262f1ef8274c7812d3dfda?w=1-1398,identifier_renaming,CWE-190,0.0,0.0,1.0,0.0
LineVul-public,bigvul-0da8b8b801f9276359262f1ef8274c7812d3dfda?w=1-1398,original,CWE-190,0.0,0.0,1.0,0.0
LineVul-public,bigvul-0da8b8b801f9276359262f1ef8274c7812d3dfda?w=1-1398,safe_dead_code_carrier,CWE-190,0.0,0.0,1.0,0.0
LineVul-public,bigvul-14f2111f9cec919a450115ce4914f228effca58e-383,blank_line_expansion,CWE-281,-0.0007342100143432617,0.0,0.0,0.0
LineVul-public,bigvul-14f2111f9cec919a450115ce4914f228effca58e-383,brace_line_shift,CWE-281,2.7418136596679688e-06,1.0,0.0,0.0
LineVul-public,bigvul-14f2111f9cec919a450115ce4914f228effca58e-383,code_normalization_abstraction,CWE-281,1.5497207641601562e-06,1.0,0.0,0.0
LineVul-public,bigvul-14f2111f9cec919a450115ce4914f228effca58e-383,comment_banner,CWE-281,2.384185791015625e-07,1.0,0.0,0.0
LineVul-public,bigvul-14f2111f9cec919a450115ce4914f228effca58e-383,control_flow_rewrite,CWE-281,1.5497207641601562e-06,1.0,0.0,0.0
LineVul-public,bigvul-14f2111f9cec919a450115ce4914f228effca58e-383,dead_branch_after_opening_brace,CWE-281,1.1920928955078125e-06,1.0,0.0,0.0
LineVul-public,bigvul-14f2111f9cec919a450115ce4914f228effca58e-383,identifier_renaming,CWE-281,1.9073486328125e-06,1.0,0.0,0.0
LineVul-public,bigvul-14f2111f9cec919a450115ce4914f228effca58e-383,original,CWE-281,1.5497207641601562e-06,1.0,0.0,0.0
LineVul-public,bigvul-14f2111f9cec919a450115ce4914f228effca58e-383,safe_dead_code_carrier,CWE-281,7.152557373046875e-07,1.0,0.0,0.0
LineVul-public,bigvul-19190765882e272a6a2162c89acdb29110f7e3cf-511,blank_line_expansion,unknown,0.01803112030029297,1.0,0.0,0.0
LineVul-public,bigvul-19190765882e272a6a2162c89acdb29110f7e3cf-511,brace_line_shift,unknown,0.009555935859680176,1.0,0.0,0.0
LineVul-public,bigvul-19190765882e272a6a2162c89acdb29110f7e3cf-511,code_normalization_abstraction,unknown,0.02365058660507202,1.0,0.0,0.0
LineVul-public,bigvul-19190765882e272a6a2162c89acdb29110f7e3cf-511,comment_banner,unknown,0.005866408348083496,1.0,0.0,0.0
LineVul-public,bigvul-19190765882e272a6a2162c89acdb29110f7e3cf-511,control_flow_rewrite,unknown,0.02291238307952881,1.0,0.0,0.0
LineVul-public,bigvul-19190765882e272a6a2162c89acdb29110f7e3cf-511,dead_branch_after_opening_brace,unknown,-3.1113624572753906e-05,0.0,0.0,0.0
LineVul-public,bigvul-19190765882e272a6a2162c89acdb29110f7e3cf-511,identifier_renaming,unknown,0.02291238307952881,1.0,0.0,0.0
LineVul-public,bigvul-19190765882e272a6a2162c89acdb29110f7e3cf-511,original,unknown,0.02291238307952881,1.0,0.0,0.0
LineVul-public,bigvul-19190765882e272a6a2162c89acdb29110f7e3cf-511,safe_dead_code_carrier,unknown,-2.193450927734375e-05,0.0,0.0,0.0
LineVul-public,bigvul-19190765882e272a6a2162c89acdb29110f7e3cf-556,blank_line_expansion,unknown,0.9931064608717861,1.0,0.0,1.0
LineVul-public,bigvul-19190765882e272a6a2162c89acdb29110f7e3cf-556,brace_line_shift,unknown,0.9966852021752857,1.0,0.0,1.0
LineVul-public,bigvul-19190765882e272a6a2162c89acdb29110f7e3cf-556,code_normalization_abstraction,unknown,0.9982000950003567,1.0,0.0,1.0
LineVul-public,bigvul-19190765882e272a6a2162c89acdb29110f7e3cf-556,comment_banner,unknown,0.9965681838366436,1.0,0.0,1.0
LineVul-public,bigvul-19190765882e272a6a2162c89acdb29110f7e3cf-556,control_flow_rewrite,unknown,0.9982000950003567,1.0,0.0,1.0
LineVul-public,bigvul-19190765882e272a6a2162c89acdb29110f7e3cf-556,dead_branch_after_opening_brace,unknown,-0.0001773238182067871,0.0,0.0,0.0
LineVul-public,bigvul-19190765882e272a6a2162c89acdb29110f7e3cf-556,identifier_renaming,unknown,0.9982000950003567,1.0,0.0,1.0
LineVul-public,bigvul-19190765882e272a6a2162c89acdb29110f7e3cf-556,original,unknown,0.9982000950003567,1.0,0.0,1.0
LineVul-public,bigvul-19190765882e272a6a2162c89acdb29110f7e3cf-556,safe_dead_code_carrier,unknown,-9.763240814208984e-05,0.0,0.0,0.0
LineVul-public,bigvul-1dcd10aceabbc03bf571ea32b892c522cbe923de-1555,blank_line_expansion,CWE-125,4.0650367736816406e-05,1.0,0.0,0.0
LineVul-public,bigvul-1dcd10aceabbc03bf571ea32b892c522cbe923de-1555,brace_line_shift,CWE-125,1.2755393981933594e-05,1.0,0.0,0.0
LineVul-public,bigvul-1dcd10aceabbc03bf571ea32b892c522cbe923de-1555,code_normalization_abstraction,CWE-125,5.841255187988281e-06,1.0,0.0,0.0
LineVul-public,bigvul-1dcd10aceabbc03bf571ea32b892c522cbe923de-1555,comment_banner,CWE-125,-3.5762786865234375e-07,0.0,0.0,0.0
LineVul-public,bigvul-1dcd10aceabbc03bf571ea32b892c522cbe923de-1555,control_flow_rewrite,CWE-125,5.841255187988281e-06,1.0,0.0,0.0
LineVul-public,bigvul-1dcd10aceabbc03bf571ea32b892c522cbe923de-1555,dead_branch_after_opening_brace,CWE-125,2.47955322265625e-05,1.0,0.0,0.0
LineVul-public,bigvul-1dcd10aceabbc03bf571ea32b892c522cbe923de-1555,identifier_renaming,CWE-125,4.0531158447265625e-06,1.0,0.0,0.0
LineVul-public,bigvul-1dcd10aceabbc03bf571ea32b892c522cbe923de-1555,original,CWE-125,5.841255187988281e-06,1.0,0.0,0.0
LineVul-public,bigvul-1dcd10aceabbc03bf571ea32b892c522cbe923de-1555,safe_dead_code_carrier,CWE-125,1.5020370483398438e-05,1.0,0.0,0.0
LineVul-public,bigvul-2ac4c6f7b2b2af20c0e2b0ba05367e454cd11b33-241,blank_line_expansion,CWE-400,2.799409776343964e-05,1.0,0.0,0.0
LineVul-public,bigvul-2ac4c6f7b2b2af20c0e2b0ba05367e454cd11b33-241,brace_line_shift,CWE-400,3.0612642149208114e-05,1.0,0.0,0.0
LineVul-public,bigvul-2ac4c6f7b2b2af20c0e2b0ba05367e454cd11b33-241,code_normalization_abstraction,CWE-400,3.0612642149208114e-05,1.0,0.0,0.0
LineVul-public,bigvul-2ac4c6f7b2b2af20c0e2b0ba05367e454cd11b33-241,comment_banner,CWE-400,3.0612642149208114e-05,1.0,0.0,0.0
LineVul-public,bigvul-2ac4c6f7b2b2af20c0e2b0ba05367e454cd11b33-241,control_flow_rewrite,CWE-400,3.0612642149208114e-05,1.0,0.0,0.0
LineVul-public,bigvul-2ac4c6f7b2b2af20c0e2b0ba05367e454cd11b33-241,dead_branch_after_opening_brace,CWE-400,3.0612642149208114e-05,1.0,0.0,0.0
LineVul-public,bigvul-2ac4c6f7b2b2af20c0e2b0ba05367e454cd11b33-241,identifier_renaming,CWE-400,-1.470675488235429e-05,0.0,0.0,0.0
LineVul-public,bigvul-2ac4c6f7b2b2af20c0e2b0ba05367e454cd11b33-241,original,CWE-400,3.0612642149208114e-05,1.0,0.0,0.0
LineVul-public,bigvul-2ac4c6f7b2b2af20c0e2b0ba05367e454cd11b33-241,safe_dead_code_carrier,CWE-400,3.0612642149208114e-05,1.0,0.0,0.0
LineVul-public,bigvul-3119b232c9c453c98d8fa8b6ae4e37ba18117cd4-2315,blank_line_expansion,CWE-476,0.0,0.0,1.0,0.0
LineVul-public,bigvul-3119b232c9c453c98d8fa8b6ae4e37ba18117cd4-2315,brace_line_shift,CWE-476,1.2797299859812483e-06,1.0,0.0,0.0
LineVul-public,bigvul-3119b232c9c453c98d8fa8b6ae4e37ba18117cd4-2315,code_normalization_abstraction,CWE-476,0.00018787384033203125,1.0,0.0,0.0
LineVul-public,bigvul-3119b232c9c453c98d8fa8b6ae4e37ba18117cd4-2315,comment_banner,CWE-476,0.00010842084884643555,1.0,0.0,0.0
LineVul-public,bigvul-3119b232c9c453c98d8fa8b6ae4e37ba18117cd4-2315,control_flow_rewrite,CWE-476,0.00018030405044555664,1.0,0.0,0.0
LineVul-public,bigvul-3119b232c9c453c98d8fa8b6ae4e37ba18117cd4-2315,dead_branch_after_opening_brace,CWE-476,5.4955482482910156e-05,1.0,0.0,0.0
LineVul-public,bigvul-3119b232c9c453c98d8fa8b6ae4e37ba18117cd4-2315,identifier_renaming,CWE-476,0.00018030405044555664,1.0,0.0,0.0
LineVul-public,bigvul-3119b232c9c453c98d8fa8b6ae4e37ba18117cd4-2315,original,CWE-476,0.00018030405044555664,1.0,0.0,0.0
LineVul-public,bigvul-3119b232c9c453c98d8fa8b6ae4e37ba18117cd4-2315,safe_dead_code_carrier,CWE-476,3.8623809814453125e-05,1.0,0.0,0.0
LineVul-public,bigvul-34cec721d39c76be1e0a600829a7b17bdfb832b6-1759,blank_line_expansion,CWE-835,0.07625997066497803,1.0,0.0,0.0
LineVul-public,bigvul-34cec721d39c76be1e0a600829a7b17bdfb832b6-1759,brace_line_shift,CWE-835,-5.4776668548583984e-05,0.0,0.0,0.0
LineVul-public,bigvul-34cec721d39c76be1e0a600829a7b17bdfb832b6-1759,code_normalization_abstraction,CWE-835,1.6689300537109375e-06,1.0,0.0,0.0
LineVul-public,bigvul-34cec721d39c76be1e0a600829a7b17bdfb832b6-1759,comment_banner,CWE-835,-3.0994415283203125e-06,0.0,0.0,0.0
LineVul-public,bigvul-34cec721d39c76be1e0a600829a7b17bdfb832b6-1759,control_flow_rewrite,CWE-835,-5.4776668548583984e-05,0.0,0.0,0.0
LineVul-public,bigvul-34cec721d39c76be1e0a600829a7b17bdfb832b6-1759,dead_branch_after_opening_brace,CWE-835,-1.3113021850585938e-06,0.0,0.0,0.0
LineVul-public,bigvul-34cec721d39c76be1e0a600829a7b17bdfb832b6-1759,identifier_renaming,CWE-835,0.00032204389572143555,1.0,0.0,0.0
LineVul-public,bigvul-34cec721d39c76be1e0a600829a7b17bdfb832b6-1759,original,CWE-835,-5.4776668548583984e-05,0.0,0.0,0.0
LineVul-public,bigvul-34cec721d39c76be1e0a600829a7b17bdfb832b6-1759,safe_dead_code_carrier,CWE-835,6.198883056640625e-06,1.0,0.0,0.0
LineVul-public,bigvul-363b02dab09b3226f3bd1420dad9c72b79a42a76-820,blank_line_expansion,CWE-20,-6.198883056640625e-06,0.0,0.0,0.0
LineVul-public,bigvul-363b02dab09b3226f3bd1420dad9c72b79a42a76-820,brace_line_shift,CWE-20,0.0,0.0,1.0,0.0
LineVul-public,bigvul-363b02dab09b3226f3bd1420dad9c72b79a42a76-820,code_normalization_abstraction,CWE-20,0.0,0.0,1.0,0.0
LineVul-public,bigvul-363b02dab09b3226f3bd1420dad9c72b79a42a76-820,comment_banner,CWE-20,-4.76837158203125e-07,0.0,0.0,0.0
LineVul-public,bigvul-363b02dab09b3226f3bd1420dad9c72b79a42a76-820,control_flow_rewrite,CWE-20,0.0,0.0,1.0,0.0
LineVul-public,bigvul-363b02dab09b3226f3bd1420dad9c72b79a42a76-820,dead_branch_after_opening_brace,CWE-20,-1.1920928955078125e-06,0.0,0.0,0.0
LineVul-public,bigvul-363b02dab09b3226f3bd1420dad9c72b79a42a76-820,identifier_renaming,CWE-20,-4.76837158203125e-07,0.0,0.0,0.0
LineVul-public,bigvul-363b02dab09b3226f3bd1420dad9c72b79a42a76-820,original,CWE-20,0.0,0.0,1.0,0.0
LineVul-public,bigvul-363b02dab09b3226f3bd1420dad9c72b79a42a76-820,safe_dead_code_carrier,CWE-20,-5.960464477539062e-07,0.0,0.0,0.0
LineVul-public,bigvul-37c88107679d36c419572732b4af6e18bb2f7dce-482,blank_line_expansion,CWE-20,2.1450716303661466e-05,1.0,0.0,0.0
LineVul-public,bigvul-37c88107679d36c419572732b4af6e18bb2f7dce-482,brace_line_shift,CWE-20,0.000667870044708252,1.0,0.0,0.0
LineVul-public,bigvul-37c88107679d36c419572732b4af6e18bb2f7dce-482,code_normalization_abstraction,CWE-20,0.000667870044708252,1.0,0.0,0.0
LineVul-public,bigvul-37c88107679d36c419572732b4af6e18bb2f7dce-482,comment_banner,CWE-20,0.00013315677642822266,1.0,0.0,0.0
LineVul-public,bigvul-37c88107679d36c419572732b4af6e18bb2f7dce-482,control_flow_rewrite,CWE-20,0.000667870044708252,1.0,0.0,0.0
LineVul-public,bigvul-37c88107679d36c419572732b4af6e18bb2f7dce-482,dead_branch_after_opening_brace,CWE-20,0.0004801750183105469,1.0,0.0,0.0
LineVul-public,bigvul-37c88107679d36c419572732b4af6e18bb2f7dce-482,identifier_renaming,CWE-20,0.000667870044708252,1.0,0.0,0.0
LineVul-public,bigvul-37c88107679d36c419572732b4af6e18bb2f7dce-482,original,CWE-20,0.000667870044708252,1.0,0.0,0.0
LineVul-public,bigvul-37c88107679d36c419572732b4af6e18bb2f7dce-482,safe_dead_code_carrier,CWE-20,-0.0004798769950866699,0.0,0.0,0.0
LineVul-public,bigvul-3984ef0b72831da8b3ece4745cac4f8575b19098-318,blank_line_expansion,CWE-320,0.0005522966384887695,1.0,0.0,0.0
LineVul-public,bigvul-3984ef0b72831da8b3ece4745cac4f8575b19098-318,brace_line_shift,CWE-320,9.733438491821289e-05,1.0,0.0,0.0
LineVul-public,bigvul-3984ef0b72831da8b3ece4745cac4f8575b19098-318,code_normalization_abstraction,CWE-320,4.094839096069336e-05,1.0,0.0,0.0
LineVul-public,bigvul-3984ef0b72831da8b3ece4745cac4f8575b19098-318,comment_banner,CWE-320,0.00012749433517456055,1.0,0.0,0.0
LineVul-public,bigvul-3984ef0b72831da8b3ece4745cac4f8575b19098-318,control_flow_rewrite,CWE-320,9.733438491821289e-05,1.0,0.0,0.0
LineVul-public,bigvul-3984ef0b72831da8b3ece4745cac4f8575b19098-318,dead_branch_after_opening_brace,CWE-320,0.00031071901321411133,1.0,0.0,0.0
LineVul-public,bigvul-3984ef0b72831da8b3ece4745cac4f8575b19098-318,identifier_renaming,CWE-320,5.894899368286133e-05,1.0,0.0,0.0
LineVul-public,bigvul-3984ef0b72831da8b3ece4745cac4f8575b19098-318,original,CWE-320,9.733438491821289e-05,1.0,0.0,0.0
LineVul-public,bigvul-3984ef0b72831da8b3ece4745cac4f8575b19098-318,safe_dead_code_carrier,CWE-320,3.4928321838378906e-05,1.0,0.0,0.0
LineVul-public,bigvul-3b0d77670a0613f409110817455d2137576b485a-1263,blank_line_expansion,CWE-399,0.0001995259262912441,1.0,0.0,0.0
LineVul-public,bigvul-3b0d77670a0613f409110817455d2137576b485a-1263,brace_line_shift,CWE-399,0.0019108349406451453,1.0,0.0,0.0
LineVul-public,bigvul-3b0d77670a0613f409110817455d2137576b485a-1263,code_normalization_abstraction,CWE-399,0.002952883736725198,1.0,0.0,0.0
LineVul-public,bigvul-3b0d77670a0613f409110817455d2137576b485a-1263,comment_banner,CWE-399,0.0005203350046940614,1.0,0.0,0.0
LineVul-public,bigvul-3b0d77670a0613f409110817455d2137576b485a-1263,control_flow_rewrite,CWE-399,0.009038321226398693,1.0,0.0,0.0
LineVul-public,bigvul-3b0d77670a0613f409110817455d2137576b485a-1263,dead_branch_after_opening_brace,CWE-399,0.9946777713666961,1.0,0.0,1.0
LineVul-public,bigvul-3b0d77670a0613f409110817455d2137576b485a-1263,identifier_renaming,CWE-399,5.5403044825652614e-05,1.0,0.0,0.0
LineVul-public,bigvul-3b0d77670a0613f409110817455d2137576b485a-1263,original,CWE-399,0.009038321226398693,1.0,0.0,0.0
LineVul-public,bigvul-3b0d77670a0613f409110817455d2137576b485a-1263,safe_dead_code_carrier,CWE-399,0.8734615338216827,1.0,0.0,1.0
LineVul-public,bigvul-3c8e4852477d5b1e2da877808c998dc57db9460f-2802,blank_line_expansion,CWE-20,-2.6812831492861733e-06,0.0,0.0,0.0
LineVul-public,bigvul-3c8e4852477d5b1e2da877808c998dc57db9460f-2802,brace_line_shift,CWE-20,-0.000637352466583252,0.0,0.0,0.0
LineVul-public,bigvul-3c8e4852477d5b1e2da877808c998dc57db9460f-2802,code_normalization_abstraction,CWE-20,-1.0967254638671875e-05,0.0,0.0,0.0
LineVul-public,bigvul-3c8e4852477d5b1e2da877808c998dc57db9460f-2802,comment_banner,CWE-20,-3.2186508178710938e-06,0.0,0.0,0.0
LineVul-public,bigvul-3c8e4852477d5b1e2da877808c998dc57db9460f-2802,control_flow_rewrite,CWE-20,-1.0967254638671875e-05,0.0,0.0,0.0
LineVul-public,bigvul-3c8e4852477d5b1e2da877808c998dc57db9460f-2802,dead_branch_after_opening_brace,CWE-20,-2.9802322387695312e-06,0.0,0.0,0.0
LineVul-public,bigvul-3c8e4852477d5b1e2da877808c998dc57db9460f-2802,identifier_renaming,CWE-20,-1.0967254638671875e-05,0.0,0.0,0.0
LineVul-public,bigvul-3c8e4852477d5b1e2da877808c998dc57db9460f-2802,original,CWE-20,-1.0967254638671875e-05,0.0,0.0,0.0
LineVul-public,bigvul-3c8e4852477d5b1e2da877808c998dc57db9460f-2802,safe_dead_code_carrier,CWE-20,-8.106231689453125e-06,0.0,0.0,0.0
LineVul-public,bigvul-3e5dae3b38fdb566fb2b7183e810b82eb3ce6f21-1147,blank_line_expansion,unknown,-0.01216655969619751,0.0,0.0,0.0
LineVul-public,bigvul-3e5dae3b38fdb566fb2b7183e810b82eb3ce6f21-1147,brace_line_shift,unknown,-0.006901562213897705,0.0,0.0,0.0
LineVul-public,bigvul-3e5dae3b38fdb566fb2b7183e810b82eb3ce6f21-1147,code_normalization_abstraction,unknown,-0.005852401256561279,0.0,0.0,0.0
LineVul-public,bigvul-3e5dae3b38fdb566fb2b7183e810b82eb3ce6f21-1147,comment_banner,unknown,-0.12003612518310547,0.0,0.0,0.0
LineVul-public,bigvul-3e5dae3b38fdb566fb2b7183e810b82eb3ce6f21-1147,control_flow_rewrite,unknown,-0.005852401256561279,0.0,0.0,0.0
LineVul-public,bigvul-3e5dae3b38fdb566fb2b7183e810b82eb3ce6f21-1147,dead_branch_after_opening_brace,unknown,-6.222724914550781e-05,0.0,0.0,0.0
LineVul-public,bigvul-3e5dae3b38fdb566fb2b7183e810b82eb3ce6f21-1147,identifier_renaming,unknown,-0.005852401256561279,0.0,0.0,0.0
LineVul-public,bigvul-3e5dae3b38fdb566fb2b7183e810b82eb3ce6f21-1147,original,unknown,-0.005852401256561279,0.0,0.0,0.0
LineVul-public,bigvul-3e5dae3b38fdb566fb2b7183e810b82eb3ce6f21-1147,safe_dead_code_carrier,unknown,-9.02414321899414e-05,0.0,0.0,0.0
LineVul-public,bigvul-42073d54c53a496be40ae84152bbfe2c923ac7bc-2217,blank_line_expansion,CWE-125,0.0,0.0,1.0,0.0
LineVul-public,bigvul-42073d54c53a496be40ae84152bbfe2c923ac7bc-2217,brace_line_shift,CWE-125,0.0,0.0,1.0,0.0
LineVul-public,bigvul-42073d54c53a496be40ae84152bbfe2c923ac7bc-2217,code_normalization_abstraction,CWE-125,0.0,0.0,1.0,0.0
LineVul-public,bigvul-42073d54c53a496be40ae84152bbfe2c923ac7bc-2217,comment_banner,CWE-125,0.0,0.0,1.0,0.0
LineVul-public,bigvul-42073d54c53a496be40ae84152bbfe2c923ac7bc-2217,control_flow_rewrite,CWE-125,0.0,0.0,1.0,0.0
LineVul-public,bigvul-42073d54c53a496be40ae84152bbfe2c923ac7bc-2217,dead_branch_after_opening_brace,CWE-125,0.0,0.0,1.0,0.0
LineVul-public,bigvul-42073d54c53a496be40ae84152bbfe2c923ac7bc-2217,identifier_renaming,CWE-125,0.0,0.0,1.0,0.0
LineVul-public,bigvul-42073d54c53a496be40ae84152bbfe2c923ac7bc-2217,original,CWE-125,0.0,0.0,1.0,0.0
LineVul-public,bigvul-42073d54c53a496be40ae84152bbfe2c923ac7bc-2217,safe_dead_code_carrier,CWE-125,0.0,0.0,1.0,0.0
LineVul-public,bigvul-45d901b56f578a74b19ba0d10fa5c4c467f19303-1338,blank_line_expansion,CWE-20,2.988599590025842e-09,1.0,0.0,0.0
LineVul-public,bigvul-45d901b56f578a74b19ba0d10fa5c4c467f19303-1338,brace_line_shift,CWE-20,0.026947975158691406,1.0,0.0,0.0
LineVul-public,bigvul-45d901b56f578a74b19ba0d10fa5c4c467f19303-1338,code_normalization_abstraction,CWE-20,1.0609626770019531e-05,1.0,0.0,0.0
LineVul-public,bigvul-45d901b56f578a74b19ba0d10fa5c4c467f19303-1338,comment_banner,CWE-20,-5.0067901611328125e-06,0.0,0.0,0.0
LineVul-public,bigvul-45d901b56f578a74b19ba0d10fa5c4c467f19303-1338,control_flow_rewrite,CWE-20,1.0609626770019531e-05,1.0,0.0,0.0
LineVul-public,bigvul-45d901b56f578a74b19ba0d10fa5c4c467f19303-1338,dead_branch_after_opening_brace,CWE-20,2.2649765014648438e-06,1.0,0.0,0.0
LineVul-public,bigvul-45d901b56f578a74b19ba0d10fa5c4c467f19303-1338,identifier_renaming,CWE-20,3.933906555175781e-06,1.0,0.0,0.0
LineVul-public,bigvul-45d901b56f578a74b19ba0d10fa5c4c467f19303-1338,original,CWE-20,1.0609626770019531e-05,1.0,0.0,0.0
LineVul-public,bigvul-45d901b56f578a74b19ba0d10fa5c4c467f19303-1338,safe_dead_code_carrier,CWE-20,9.5367431640625e-07,1.0,0.0,0.0
LineVul-public,bigvul-472271b153c5dc53c28beac55480a8d8434b2d5c-1650,blank_line_expansion,CWE-284,0.0,0.0,1.0,0.0
LineVul-public,bigvul-472271b153c5dc53c28beac55480a8d8434b2d5c-1650,brace_line_shift,CWE-284,0.0,0.0,1.0,0.0
LineVul-public,bigvul-472271b153c5dc53c28beac55480a8d8434b2d5c-1650,code_normalization_abstraction,CWE-284,0.0,0.0,1.0,0.0
LineVul-public,bigvul-472271b153c5dc53c28beac55480a8d8434b2d5c-1650,comment_banner,CWE-284,0.0,0.0,1.0,0.0
LineVul-public,bigvul-472271b153c5dc53c28beac55480a8d8434b2d5c-1650,control_flow_rewrite,CWE-284,0.0,0.0,1.0,0.0
LineVul-public,bigvul-472271b153c5dc53c28beac55480a8d8434b2d5c-1650,dead_branch_after_opening_brace,CWE-284,0.0,0.0,1.0,0.0
LineVul-public,bigvul-472271b153c5dc53c28beac55480a8d8434b2d5c-1650,identifier_renaming,CWE-284,0.0,0.0,1.0,0.0
LineVul-public,bigvul-472271b153c5dc53c28beac55480a8d8434b2d5c-1650,original,CWE-284,0.0,0.0,1.0,0.0
LineVul-public,bigvul-472271b153c5dc53c28beac55480a8d8434b2d5c-1650,safe_dead_code_carrier,CWE-284,0.0,0.0,1.0,0.0
LineVul-public,bigvul-497de07d89c1410d76a15bec2bb41f24a2a89f31-1071,blank_line_expansion,unknown,-0.001991748809814453,0.0,0.0,0.0
LineVul-public,bigvul-497de07d89c1410d76a15bec2bb41f24a2a89f31-1071,brace_line_shift,unknown,-1.6570091247558594e-05,0.0,0.0,0.0
LineVul-public,bigvul-497de07d89c1410d76a15bec2bb41f24a2a89f31-1071,code_normalization_abstraction,unknown,-4.5299530029296875e-06,0.0,0.0,0.0
LineVul-public,bigvul-497de07d89c1410d76a15bec2bb41f24a2a89f31-1071,comment_banner,unknown,6.4373016357421875e-06,1.0,0.0,0.0
LineVul-public,bigvul-497de07d89c1410d76a15bec2bb41f24a2a89f31-1071,control_flow_rewrite,unknown,-1.6570091247558594e-05,0.0,0.0,0.0
LineVul-public,bigvul-497de07d89c1410d76a15bec2bb41f24a2a89f31-1071,dead_branch_after_opening_brace,unknown,-2.5033950805664062e-06,0.0,0.0,0.0
LineVul-public,bigvul-497de07d89c1410d76a15bec2bb41f24a2a89f31-1071,identifier_renaming,unknown,2.7418136596679688e-06,1.0,0.0,0.0
LineVul-public,bigvul-497de07d89c1410d76a15bec2bb41f24a2a89f31-1071,original,unknown,-1.6570091247558594e-05,0.0,0.0,0.0
LineVul-public,bigvul-497de07d89c1410d76a15bec2bb41f24a2a89f31-1071,safe_dead_code_carrier,unknown,-4.291534423828125e-06,0.0,0.0,0.0
LineVul-public,bigvul-49d31c2f389acfe83417083e1208422b4091cd9e-883,blank_line_expansion,CWE-362,-2.0265579223632812e-06,0.0,0.0,0.0
LineVul-public,bigvul-49d31c2f389acfe83417083e1208422b4091cd9e-883,brace_line_shift,CWE-362,-2.1457672119140625e-06,0.0,0.0,0.0
LineVul-public,bigvul-49d31c2f389acfe83417083e1208422b4091cd9e-883,code_normalization_abstraction,CWE-362,9.5367431640625e-07,1.0,0.0,0.0
LineVul-public,bigvul-49d31c2f389acfe83417083e1208422b4091cd9e-883,comment_banner,CWE-362,4.172325134277344e-06,1.0,0.0,0.0
LineVul-public,bigvul-49d31c2f389acfe83417083e1208422b4091cd9e-883,control_flow_rewrite,CWE-362,9.5367431640625e-07,1.0,0.0,0.0
LineVul-public,bigvul-49d31c2f389acfe83417083e1208422b4091cd9e-883,dead_branch_after_opening_brace,CWE-362,-2.384185791015625e-07,0.0,0.0,0.0
LineVul-public,bigvul-49d31c2f389acfe83417083e1208422b4091cd9e-883,identifier_renaming,CWE-362,2.9802322387695312e-06,1.0,0.0,0.0
LineVul-public,bigvul-49d31c2f389acfe83417083e1208422b4091cd9e-883,original,CWE-362,9.5367431640625e-07,1.0,0.0,0.0
LineVul-public,bigvul-49d31c2f389acfe83417083e1208422b4091cd9e-883,safe_dead_code_carrier,CWE-362,1.0728836059570312e-06,1.0,0.0,0.0
LineVul-public,bigvul-51dfe5e3b332bcea02fb4d4c7493ae841106dd9b-1694,blank_line_expansion,unknown,-0.9983612496871501,0.0,0.0,0.0
LineVul-public,bigvul-51dfe5e3b332bcea02fb4d4c7493ae841106dd9b-1694,brace_line_shift,unknown,-0.00031882524490356445,0.0,0.0,0.0
LineVul-public,bigvul-51dfe5e3b332bcea02fb4d4c7493ae841106dd9b-1694,code_normalization_abstraction,unknown,0.0004477500915527344,1.0,0.0,0.0
LineVul-public,bigvul-51dfe5e3b332bcea02fb4d4c7493ae841106dd9b-1694,comment_banner,unknown,-0.0010597705841064453,0.0,0.0,0.0
LineVul-public,bigvul-51dfe5e3b332bcea02fb4d4c7493ae841106dd9b-1694,control_flow_rewrite,unknown,0.0004477500915527344,1.0,0.0,0.0
LineVul-public,bigvul-51dfe5e3b332bcea02fb4d4c7493ae841106dd9b-1694,dead_branch_after_opening_brace,unknown,0.0014081001281738281,1.0,0.0,0.0
LineVul-public,bigvul-51dfe5e3b332bcea02fb4d4c7493ae841106dd9b-1694,identifier_renaming,unknown,0.0004477500915527344,1.0,0.0,0.0
LineVul-public,bigvul-51dfe5e3b332bcea02fb4d4c7493ae841106dd9b-1694,original,unknown,0.0004477500915527344,1.0,0.0,0.0
LineVul-public,bigvul-51dfe5e3b332bcea02fb4d4c7493ae841106dd9b-1694,safe_dead_code_carrier,unknown,0.0014036893844604492,1.0,0.0,0.0
LineVul-public,bigvul-53262b5285efbbfdbbcc17fbf5200890f1ee295c-1417,blank_line_expansion,CWE-94,0.0007627010345458984,1.0,0.0,0.0
LineVul-public,bigvul-53262b5285efbbfdbbcc17fbf5200890f1ee295c-1417,brace_line_shift,CWE-94,-6.93202018737793e-05,0.0,0.0,0.0
LineVul-public,bigvul-53262b5285efbbfdbbcc17fbf5200890f1ee295c-1417,code_normalization_abstraction,CWE-94,0.0009690523147583008,1.0,0.0,0.0
LineVul-public,bigvul-53262b5285efbbfdbbcc17fbf5200890f1ee295c-1417,comment_banner,CWE-94,0.001961231231689453,1.0,0.0,0.0
LineVul-public,bigvul-53262b5285efbbfdbbcc17fbf5200890f1ee295c-1417,control_flow_rewrite,CWE-94,0.0009690523147583008,1.0,0.0,0.0
LineVul-public,bigvul-53262b5285efbbfdbbcc17fbf5200890f1ee295c-1417,dead_branch_after_opening_brace,CWE-94,1.341104507446289e-05,1.0,0.0,0.0
LineVul-public,bigvul-53262b5285efbbfdbbcc17fbf5200890f1ee295c-1417,identifier_renaming,CWE-94,0.0009690523147583008,1.0,0.0,0.0
LineVul-public,bigvul-53262b5285efbbfdbbcc17fbf5200890f1ee295c-1417,original,CWE-94,0.0009690523147583008,1.0,0.0,0.0
LineVul-public,bigvul-53262b5285efbbfdbbcc17fbf5200890f1ee295c-1417,safe_dead_code_carrier,CWE-94,-1.2040138244628906e-05,0.0,0.0,0.0
LineVul-public,bigvul-5443b57cc54f2e46b35246637be26a69e9f493e1-85,blank_line_expansion,unknown,0.029396909121714998,1.0,0.0,0.0
LineVul-public,bigvul-5443b57cc54f2e46b35246637be26a69e9f493e1-85,brace_line_shift,unknown,0.0066355816234136,1.0,0.0,0.0
LineVul-public,bigvul-5443b57cc54f2e46b35246637be26a69e9f493e1-85,code_normalization_abstraction,unknown,-0.0007038712501525879,0.0,0.0,0.0
LineVul-public,bigvul-5443b57cc54f2e46b35246637be26a69e9f493e1-85,comment_banner,unknown,6.9141387939453125e-06,1.0,0.0,0.0
LineVul-public,bigvul-5443b57cc54f2e46b35246637be26a69e9f493e1-85,control_flow_rewrite,unknown,-0.0007038712501525879,0.0,0.0,0.0
LineVul-public,bigvul-5443b57cc54f2e46b35246637be26a69e9f493e1-85,dead_branch_after_opening_brace,unknown,-0.00010150671005249023,0.0,0.0,0.0
LineVul-public,bigvul-5443b57cc54f2e46b35246637be26a69e9f493e1-85,identifier_renaming,unknown,-0.0007038712501525879,0.0,0.0,0.0
LineVul-public,bigvul-5443b57cc54f2e46b35246637be26a69e9f493e1-85,original,unknown,-0.0007038712501525879,0.0,0.0,0.0
LineVul-public,bigvul-5443b57cc54f2e46b35246637be26a69e9f493e1-85,safe_dead_code_carrier,unknown,-2.2411346435546875e-05,0.0,0.0,0.0
LineVul-public,bigvul-54d83fc74aa9ec72794373cb47432c5f7fb1a309-131,blank_line_expansion,CWE-119,0.010151386260986328,1.0,0.0,0.0
LineVul-public,bigvul-54d83fc74aa9ec72794373cb47432c5f7fb1a309-131,brace_line_shift,CWE-119,-4.4739735130860936e-05,0.0,0.0,0.0
LineVul-public,bigvul-54d83fc74aa9ec72794373cb47432c5f7fb1a309-131,code_normalization_abstraction,CWE-119,-0.00017958879470825195,0.0,0.0,0.0
LineVul-public,bigvul-54d83fc74aa9ec72794373cb47432c5f7fb1a309-131,comment_banner,CWE-119,-0.0001774430274963379,0.0,0.0,0.0
LineVul-public,bigvul-54d83fc74aa9ec72794373cb47432c5f7fb1a309-131,control_flow_rewrite,CWE-119,-0.00017958879470825195,0.0,0.0,0.0
LineVul-public,bigvul-54d83fc74aa9ec72794373cb47432c5f7fb1a309-131,dead_branch_after_opening_brace,CWE-119,0.0008985400199890137,1.0,0.0,0.0
LineVul-public,bigvul-54d83fc74aa9ec72794373cb47432c5f7fb1a309-131,identifier_renaming,CWE-119,-0.00017958879470825195,0.0,0.0,0.0
LineVul-public,bigvul-54d83fc74aa9ec72794373cb47432c5f7fb1a309-131,original,CWE-119,-0.00017958879470825195,0.0,0.0,0.0
LineVul-public,bigvul-54d83fc74aa9ec72794373cb47432c5f7fb1a309-131,safe_dead_code_carrier,CWE-119,0.0004824995994567871,1.0,0.0,0.0
LineVul-public,bigvul-550fd08c2cebad61c548def135f67aba284c6162-1549,blank_line_expansion,CWE-264,0.9710300518199801,1.0,0.0,1.0
LineVul-public,bigvul-550fd08c2cebad61c548def135f67aba284c6162-1549,brace_line_shift,CWE-264,-0.049606502056121826,0.0,0.0,0.0
LineVul-public,bigvul-550fd08c2cebad61c548def135f67aba284c6162-1549,code_normalization_abstraction,CWE-264,3.349781036376953e-05,1.0,0.0,0.0
LineVul-public,bigvul-550fd08c2cebad61c548def135f67aba284c6162-1549,comment_banner,CWE-264,5.1021575927734375e-05,1.0,0.0,0.0
LineVul-public,bigvul-550fd08c2cebad61c548def135f67aba284c6162-1549,control_flow_rewrite,CWE-264,3.349781036376953e-05,1.0,0.0,0.0
LineVul-public,bigvul-550fd08c2cebad61c548def135f67aba284c6162-1549,dead_branch_after_opening_brace,CWE-264,1.0013580322265625e-05,1.0,0.0,0.0
LineVul-public,bigvul-550fd08c2cebad61c548def135f67aba284c6162-1549,identifier_renaming,CWE-264,3.349781036376953e-05,1.0,0.0,0.0
LineVul-public,bigvul-550fd08c2cebad61c548def135f67aba284c6162-1549,original,CWE-264,3.349781036376953e-05,1.0,0.0,0.0
LineVul-public,bigvul-550fd08c2cebad61c548def135f67aba284c6162-1549,safe_dead_code_carrier,CWE-264,3.898143768310547e-05,1.0,0.0,0.0
LineVul-public,bigvul-592fd47a6245508b79fe6ac819fe6d3b2c1289be-1885,blank_line_expansion,CWE-59,-0.007478654384613037,0.0,0.0,0.0
LineVul-public,bigvul-592fd47a6245508b79fe6ac819fe6d3b2c1289be-1885,brace_line_shift,CWE-59,-0.0034825801849365234,0.0,0.0,0.0
LineVul-public,bigvul-592fd47a6245508b79fe6ac819fe6d3b2c1289be-1885,code_normalization_abstraction,CWE-59,-0.0005661249160766602,0.0,0.0,0.0
LineVul-public,bigvul-592fd47a6245508b79fe6ac819fe6d3b2c1289be-1885,comment_banner,CWE-59,-0.004524528980255127,0.0,0.0,0.0
LineVul-public,bigvul-592fd47a6245508b79fe6ac819fe6d3b2c1289be-1885,control_flow_rewrite,CWE-59,-0.0034825801849365234,0.0,0.0,0.0
LineVul-public,bigvul-592fd47a6245508b79fe6ac819fe6d3b2c1289be-1885,dead_branch_after_opening_brace,CWE-59,-0.0011175274848937988,0.0,0.0,0.0
LineVul-public,bigvul-592fd47a6245508b79fe6ac819fe6d3b2c1289be-1885,identifier_renaming,CWE-59,0.03194919414818287,1.0,0.0,0.0
LineVul-public,bigvul-592fd47a6245508b79fe6ac819fe6d3b2c1289be-1885,original,CWE-59,-0.0034825801849365234,0.0,0.0,0.0
LineVul-public,bigvul-592fd47a6245508b79fe6ac819fe6d3b2c1289be-1885,safe_dead_code_carrier,CWE-59,0.0,0.0,1.0,0.0
LineVul-public,bigvul-5a15b72a270b514cd442872221a788a303bdaa88-1521,blank_line_expansion,unknown,-0.9995562497297215,0.0,0.0,0.0
LineVul-public,bigvul-5a15b72a270b514cd442872221a788a303bdaa88-1521,brace_line_shift,unknown,-0.9984396552972612,0.0,0.0,0.0
LineVul-public,bigvul-5a15b72a270b514cd442872221a788a303bdaa88-1521,code_normalization_abstraction,unknown,-0.9997688143066625,0.0,0.0,0.0
LineVul-public,bigvul-5a15b72a270b514cd442872221a788a303bdaa88-1521,comment_banner,unknown,-0.9964558407300501,0.0,0.0,0.0
LineVul-public,bigvul-5a15b72a270b514cd442872221a788a303bdaa88-1521,control_flow_rewrite,unknown,-0.9997688143066625,0.0,0.0,0.0
LineVul-public,bigvul-5a15b72a270b514cd442872221a788a303bdaa88-1521,dead_branch_after_opening_brace,unknown,-0.4827616810798645,0.0,0.0,0.0
LineVul-public,bigvul-5a15b72a270b514cd442872221a788a303bdaa88-1521,identifier_renaming,unknown,-0.9997688143066625,0.0,0.0,0.0
LineVul-public,bigvul-5a15b72a270b514cd442872221a788a303bdaa88-1521,original,unknown,-0.9997688143066625,0.0,0.0,0.0
LineVul-public,bigvul-5a15b72a270b514cd442872221a788a303bdaa88-1521,safe_dead_code_carrier,unknown,-0.542377769947052,0.0,0.0,0.0
LineVul-public,bigvul-5a9753fca56f0eeb9f61e342b2fccffc364f9426-2519,blank_line_expansion,CWE-119,-5.846741260029376e-07,0.0,0.0,0.0
LineVul-public,bigvul-5a9753fca56f0eeb9f61e342b2fccffc364f9426-2519,brace_line_shift,CWE-119,4.675877789850347e-06,1.0,0.0,0.0
LineVul-public,bigvul-5a9753fca56f0eeb9f61e342b2fccffc364f9426-2519,code_normalization_abstraction,CWE-119,3.4867716749431565e-06,1.0,0.0,0.0
LineVul-public,bigvul-5a9753fca56f0eeb9f61e342b2fccffc364f9426-2519,comment_banner,CWE-119,-2.7904859962291084e-05,0.0,0.0,0.0
LineVul-public,bigvul-5a9753fca56f0eeb9f61e342b2fccffc364f9426-2519,control_flow_rewrite,CWE-119,3.4867716749431565e-06,1.0,0.0,0.0
LineVul-public,bigvul-5a9753fca56f0eeb9f61e342b2fccffc364f9426-2519,dead_branch_after_opening_brace,CWE-119,0.003444075584411621,1.0,0.0,0.0
LineVul-public,bigvul-5a9753fca56f0eeb9f61e342b2fccffc364f9426-2519,identifier_renaming,CWE-119,3.4867716749431565e-06,1.0,0.0,0.0
LineVul-public,bigvul-5a9753fca56f0eeb9f61e342b2fccffc364f9426-2519,original,CWE-119,3.4867716749431565e-06,1.0,0.0,0.0
LineVul-public,bigvul-5a9753fca56f0eeb9f61e342b2fccffc364f9426-2519,safe_dead_code_carrier,CWE-119,0.0004426240921020508,1.0,0.0,0.0
LineVul-public,bigvul-5a9753fca56f0eeb9f61e342b2fccffc364f9426-2783,blank_line_expansion,CWE-119,-0.0011840462684631348,0.0,0.0,0.0
LineVul-public,bigvul-5a9753fca56f0eeb9f61e342b2fccffc364f9426-2783,brace_line_shift,CWE-119,-0.9581948071718216,0.0,0.0,0.0
LineVul-public,bigvul-5a9753fca56f0eeb9f61e342b2fccffc364f9426-2783,code_normalization_abstraction,CWE-119,0.0012343525886535645,1.0,0.0,0.0
LineVul-public,bigvul-5a9753fca56f0eeb9f61e342b2fccffc364f9426-2783,comment_banner,CWE-119,0.0003769993782043457,1.0,0.0,0.0
LineVul-public,bigvul-5a9753fca56f0eeb9f61e342b2fccffc364f9426-2783,control_flow_rewrite,CWE-119,0.0012343525886535645,1.0,0.0,0.0
LineVul-public,bigvul-5a9753fca56f0eeb9f61e342b2fccffc364f9426-2783,dead_branch_after_opening_brace,CWE-119,8.189678192138672e-05,1.0,0.0,0.0
LineVul-public,bigvul-5a9753fca56f0eeb9f61e342b2fccffc364f9426-2783,identifier_renaming,CWE-119,0.0004844069480895996,1.0,0.0,0.0
LineVul-public,bigvul-5a9753fca56f0eeb9f61e342b2fccffc364f9426-2783,original,CWE-119,0.0012343525886535645,1.0,0.0,0.0
LineVul-public,bigvul-5a9753fca56f0eeb9f61e342b2fccffc364f9426-2783,safe_dead_code_carrier,CWE-119,4.208087921142578e-05,1.0,0.0,0.0
LineVul-public,bigvul-5a9753fca56f0eeb9f61e342b2fccffc364f9426-83,blank_line_expansion,CWE-119,-0.9910504948347807,0.0,0.0,0.0
LineVul-public,bigvul-5a9753fca56f0eeb9f61e342b2fccffc364f9426-83,brace_line_shift,CWE-119,-0.998442365671508,0.0,0.0,0.0
LineVul-public,bigvul-5a9753fca56f0eeb9f61e342b2fccffc364f9426-83,code_normalization_abstraction,CWE-119,-7.200241088867188e-05,0.0,0.0,0.0
LineVul-public,bigvul-5a9753fca56f0eeb9f61e342b2fccffc364f9426-83,comment_banner,CWE-119,-8.106231689453125e-06,0.0,0.0,0.0
LineVul-public,bigvul-5a9753fca56f0eeb9f61e342b2fccffc364f9426-83,control_flow_rewrite,CWE-119,-0.00010371208190917969,0.0,0.0,0.0
LineVul-public,bigvul-5a9753fca56f0eeb9f61e342b2fccffc364f9426-83,dead_branch_after_opening_brace,CWE-119,-5.4836273193359375e-06,0.0,0.0,0.0
LineVul-public,bigvul-5a9753fca56f0eeb9f61e342b2fccffc364f9426-83,identifier_renaming,CWE-119,-4.2557716369628906e-05,0.0,0.0,0.0
LineVul-public,bigvul-5a9753fca56f0eeb9f61e342b2fccffc364f9426-83,original,CWE-119,-0.00010371208190917969,0.0,0.0,0.0
LineVul-public,bigvul-5a9753fca56f0eeb9f61e342b2fccffc364f9426-83,safe_dead_code_carrier,CWE-119,-5.7220458984375e-06,0.0,0.0,0.0
LineVul-public,bigvul-5b998565255a504887c6d2e90d11001a00c9d6da-1633,blank_line_expansion,CWE-399,0.000512250218889676,1.0,0.0,0.0
LineVul-public,bigvul-5b998565255a504887c6d2e90d11001a00c9d6da-1633,brace_line_shift,CWE-399,5.537227480090223e-06,1.0,0.0,0.0
LineVul-public,bigvul-5b998565255a504887c6d2e90d11001a00c9d6da-1633,code_normalization_abstraction,CWE-399,0.000512250218889676,1.0,0.0,0.0
LineVul-public,bigvul-5b998565255a504887c6d2e90d11001a00c9d6da-1633,comment_banner,CWE-399,8.564187737647444e-06,1.0,0.0,0.0
LineVul-public,bigvul-5b998565255a504887c6d2e90d11001a00c9d6da-1633,control_flow_rewrite,CWE-399,0.000512250218889676,1.0,0.0,0.0
LineVul-public,bigvul-5b998565255a504887c6d2e90d11001a00c9d6da-1633,dead_branch_after_opening_brace,CWE-399,0.9999314668675652,1.0,0.0,1.0
LineVul-public,bigvul-5b998565255a504887c6d2e90d11001a00c9d6da-1633,identifier_renaming,CWE-399,0.000512250218889676,1.0,0.0,0.0
LineVul-public,bigvul-5b998565255a504887c6d2e90d11001a00c9d6da-1633,original,CWE-399,0.000512250218889676,1.0,0.0,0.0
LineVul-public,bigvul-5b998565255a504887c6d2e90d11001a00c9d6da-1633,safe_dead_code_carrier,CWE-399,0.9999412420293083,1.0,0.0,1.0
LineVul-public,bigvul-5bb223676defeba9c44a5ce42460c86e24561e73-393,blank_line_expansion,CWE-362,-1.2876306755060796e-05,0.0,0.0,0.0
LineVul-public,bigvul-5bb223676defeba9c44a5ce42460c86e24561e73-393,brace_line_shift,CWE-362,-1.1937128874706104e-05,0.0,0.0,0.0
LineVul-public,bigvul-5bb223676defeba9c44a5ce42460c86e24561e73-393,code_normalization_abstraction,CWE-362,-1.0421817933092825e-05,0.0,0.0,0.0
LineVul-public,bigvul-5bb223676defeba9c44a5ce42460c86e24561e73-393,comment_banner,CWE-362,-1.335568322247127e-05,0.0,0.0,0.0
LineVul-public,bigvul-5bb223676defeba9c44a5ce42460c86e24561e73-393,control_flow_rewrite,CWE-362,-1.0421817933092825e-05,0.0,0.0,0.0
LineVul-public,bigvul-5bb223676defeba9c44a5ce42460c86e24561e73-393,dead_branch_after_opening_brace,CWE-362,0.9908052229857276,1.0,0.0,1.0
LineVul-public,bigvul-5bb223676defeba9c44a5ce42460c86e24561e73-393,identifier_renaming,CWE-362,-1.0421817933092825e-05,0.0,0.0,0.0
LineVul-public,bigvul-5bb223676defeba9c44a5ce42460c86e24561e73-393,original,CWE-362,-1.0421817933092825e-05,0.0,0.0,0.0
LineVul-public,bigvul-5bb223676defeba9c44a5ce42460c86e24561e73-393,safe_dead_code_carrier,CWE-362,0.9997747683501075,1.0,0.0,1.0
LineVul-public,bigvul-5d340a5ca6e420a70297cdbdf777333f18bfdab7-918,blank_line_expansion,CWE-125,-8.940696716308594e-06,0.0,0.0,0.0
LineVul-public,bigvul-5d340a5ca6e420a70297cdbdf777333f18bfdab7-918,brace_line_shift,CWE-125,0.00046539306640625,1.0,0.0,0.0
LineVul-public,bigvul-5d340a5ca6e420a70297cdbdf777333f18bfdab7-918,code_normalization_abstraction,CWE-125,-1.0848045349121094e-05,0.0,0.0,0.0
LineVul-public,bigvul-5d340a5ca6e420a70297cdbdf777333f18bfdab7-918,comment_banner,CWE-125,0.0002422332763671875,1.0,0.0,0.0
LineVul-public,bigvul-5d340a5ca6e420a70297cdbdf777333f18bfdab7-918,control_flow_rewrite,CWE-125,-3.2186508178710938e-06,0.0,0.0,0.0
LineVul-public,bigvul-5d340a5ca6e420a70297cdbdf777333f18bfdab7-918,dead_branch_after_opening_brace,CWE-125,3.3974647521972656e-05,1.0,0.0,0.0
LineVul-public,bigvul-5d340a5ca6e420a70297cdbdf777333f18bfdab7-918,identifier_renaming,CWE-125,3.731250762939453e-05,1.0,0.0,0.0
LineVul-public,bigvul-5d340a5ca6e420a70297cdbdf777333f18bfdab7-918,original,CWE-125,-3.2186508178710938e-06,0.0,0.0,0.0
LineVul-public,bigvul-5d340a5ca6e420a70297cdbdf777333f18bfdab7-918,safe_dead_code_carrier,CWE-125,3.3736228942871094e-05,1.0,0.0,0.0
LineVul-public,bigvul-648cbc15a6830523b3a4eb78d674f059bd2a7ce9-348,blank_line_expansion,unknown,-0.6468588248826563,0.0,0.0,0.0
LineVul-public,bigvul-648cbc15a6830523b3a4eb78d674f059bd2a7ce9-348,brace_line_shift,unknown,-0.013050675392150879,0.0,0.0,0.0
LineVul-public,bigvul-648cbc15a6830523b3a4eb78d674f059bd2a7ce9-348,code_normalization_abstraction,unknown,-0.0002009868621826172,0.0,0.0,0.0
LineVul-public,bigvul-648cbc15a6830523b3a4eb78d674f059bd2a7ce9-348,comment_banner,unknown,0.9932497423142195,1.0,0.0,1.0
LineVul-public,bigvul-648cbc15a6830523b3a4eb78d674f059bd2a7ce9-348,control_flow_rewrite,unknown,-0.0002009868621826172,0.0,0.0,0.0
LineVul-public,bigvul-648cbc15a6830523b3a4eb78d674f059bd2a7ce9-348,dead_branch_after_opening_brace,unknown,-9.775161743164062e-06,0.0,0.0,0.0
LineVul-public,bigvul-648cbc15a6830523b3a4eb78d674f059bd2a7ce9-348,identifier_renaming,unknown,-0.9806550215580501,0.0,0.0,0.0
LineVul-public,bigvul-648cbc15a6830523b3a4eb78d674f059bd2a7ce9-348,original,unknown,-0.0002009868621826172,0.0,0.0,0.0
LineVul-public,bigvul-648cbc15a6830523b3a4eb78d674f059bd2a7ce9-348,safe_dead_code_carrier,unknown,-1.6927719116210938e-05,0.0,0.0,0.0
LineVul-public,bigvul-6a60f01228557982e6508c5919cc21fcfddf110b-2477,blank_line_expansion,CWE-264,-8.58306884765625e-06,0.0,0.0,0.0
LineVul-public,bigvul-6a60f01228557982e6508c5919cc21fcfddf110b-2477,brace_line_shift,CWE-264,-1.2278556823730469e-05,0.0,0.0,0.0
LineVul-public,bigvul-6a60f01228557982e6508c5919cc21fcfddf110b-2477,code_normalization_abstraction,CWE-264,-7.987022399902344e-06,0.0,0.0,0.0
LineVul-public,bigvul-6a60f01228557982e6508c5919cc21fcfddf110b-2477,comment_banner,CWE-264,-8.344650268554688e-06,0.0,0.0,0.0
LineVul-public,bigvul-6a60f01228557982e6508c5919cc21fcfddf110b-2477,control_flow_rewrite,CWE-264,-7.987022399902344e-06,0.0,0.0,0.0
LineVul-public,bigvul-6a60f01228557982e6508c5919cc21fcfddf110b-2477,dead_branch_after_opening_brace,CWE-264,-5.0067901611328125e-06,0.0,0.0,0.0
LineVul-public,bigvul-6a60f01228557982e6508c5919cc21fcfddf110b-2477,identifier_renaming,CWE-264,-7.987022399902344e-06,0.0,0.0,0.0
LineVul-public,bigvul-6a60f01228557982e6508c5919cc21fcfddf110b-2477,original,CWE-264,-7.987022399902344e-06,0.0,0.0,0.0
LineVul-public,bigvul-6a60f01228557982e6508c5919cc21fcfddf110b-2477,safe_dead_code_carrier,CWE-264,-5.364418029785156e-06,0.0,0.0,0.0
LineVul-public,bigvul-6a7063ae61cf031630b48bdcdb09863ffc199962-913,blank_line_expansion,CWE-416,-0.9528311342000961,0.0,0.0,0.0
LineVul-public,bigvul-6a7063ae61cf031630b48bdcdb09863ffc199962-913,brace_line_shift,CWE-416,-0.9996020749749732,0.0,0.0,0.0
LineVul-public,bigvul-6a7063ae61cf031630b48bdcdb09863ffc199962-913,code_normalization_abstraction,CWE-416,-0.007607638835906982,0.0,0.0,0.0
LineVul-public,bigvul-6a7063ae61cf031630b48bdcdb09863ffc199962-913,comment_banner,CWE-416,-0.0018909573554992676,0.0,0.0,0.0
LineVul-public,bigvul-6a7063ae61cf031630b48bdcdb09863ffc199962-913,control_flow_rewrite,CWE-416,-0.007607638835906982,0.0,0.0,0.0
LineVul-public,bigvul-6a7063ae61cf031630b48bdcdb09863ffc199962-913,dead_branch_after_opening_brace,CWE-416,-6.878376007080078e-05,0.0,0.0,0.0
LineVul-public,bigvul-6a7063ae61cf031630b48bdcdb09863ffc199962-913,identifier_renaming,CWE-416,-0.007607638835906982,0.0,0.0,0.0
LineVul-public,bigvul-6a7063ae61cf031630b48bdcdb09863ffc199962-913,original,CWE-416,-0.007607638835906982,0.0,0.0,0.0
LineVul-public,bigvul-6a7063ae61cf031630b48bdcdb09863ffc199962-913,safe_dead_code_carrier,CWE-416,-3.0517578125e-05,0.0,0.0,0.0
LineVul-public,bigvul-6b6bff054d569a77973f2140c0e86366e6168a6c-2681,blank_line_expansion,CWE-20,0.0,0.0,1.0,0.0
LineVul-public,bigvul-6b6bff054d569a77973f2140c0e86366e6168a6c-2681,brace_line_shift,CWE-20,0.0,0.0,1.0,0.0
LineVul-public,bigvul-6b6bff054d569a77973f2140c0e86366e6168a6c-2681,code_normalization_abstraction,CWE-20,0.0,0.0,1.0,0.0
LineVul-public,bigvul-6b6bff054d569a77973f2140c0e86366e6168a6c-2681,comment_banner,CWE-20,0.0,0.0,1.0,0.0
LineVul-public,bigvul-6b6bff054d569a77973f2140c0e86366e6168a6c-2681,control_flow_rewrite,CWE-20,0.0,0.0,1.0,0.0
LineVul-public,bigvul-6b6bff054d569a77973f2140c0e86366e6168a6c-2681,dead_branch_after_opening_brace,CWE-20,0.0,0.0,1.0,0.0
LineVul-public,bigvul-6b6bff054d569a77973f2140c0e86366e6168a6c-2681,identifier_renaming,CWE-20,0.0,0.0,1.0,0.0
LineVul-public,bigvul-6b6bff054d569a77973f2140c0e86366e6168a6c-2681,original,CWE-20,0.0,0.0,1.0,0.0
LineVul-public,bigvul-6b6bff054d569a77973f2140c0e86366e6168a6c-2681,safe_dead_code_carrier,CWE-20,0.0,0.0,1.0,0.0
LineVul-public,bigvul-6d9425ec7badda912555d46ea7abcfab81fdd9b9-2117,blank_line_expansion,CWE-399,-0.0008397274650633335,0.0,0.0,0.0
LineVul-public,bigvul-6d9425ec7badda912555d46ea7abcfab81fdd9b9-2117,brace_line_shift,CWE-399,4.12992449128069e-08,1.0,0.0,0.0
LineVul-public,bigvul-6d9425ec7badda912555d46ea7abcfab81fdd9b9-2117,code_normalization_abstraction,CWE-399,0.00138169527053833,1.0,0.0,0.0
LineVul-public,bigvul-6d9425ec7badda912555d46ea7abcfab81fdd9b9-2117,comment_banner,CWE-399,0.3686426877975464,1.0,0.0,0.0
LineVul-public,bigvul-6d9425ec7badda912555d46ea7abcfab81fdd9b9-2117,control_flow_rewrite,CWE-399,0.00138169527053833,1.0,0.0,0.0
LineVul-public,bigvul-6d9425ec7badda912555d46ea7abcfab81fdd9b9-2117,dead_branch_after_opening_brace,CWE-399,0.009110033512115479,1.0,0.0,0.0
LineVul-public,bigvul-6d9425ec7badda912555d46ea7abcfab81fdd9b9-2117,identifier_renaming,CWE-399,0.00138169527053833,1.0,0.0,0.0
LineVul-public,bigvul-6d9425ec7badda912555d46ea7abcfab81fdd9b9-2117,original,CWE-399,0.00138169527053833,1.0,0.0,0.0
LineVul-public,bigvul-6d9425ec7badda912555d46ea7abcfab81fdd9b9-2117,safe_dead_code_carrier,CWE-399,0.0006094574928283691,1.0,0.0,0.0
LineVul-public,bigvul-6f737ddfadb596d7d4a993f7ed2141ffd664a81c-117,blank_line_expansion,CWE-399,-0.000504612922668457,0.0,0.0,0.0
LineVul-public,bigvul-6f737ddfadb596d7d4a993f7ed2141ffd664a81c-117,brace_line_shift,CWE-399,-2.9325485229492188e-05,0.0,0.0,0.0
LineVul-public,bigvul-6f737ddfadb596d7d4a993f7ed2141ffd664a81c-117,code_normalization_abstraction,CWE-399,5.245208740234375e-06,1.0,0.0,0.0
LineVul-public,bigvul-6f737ddfadb596d7d4a993f7ed2141ffd664a81c-117,comment_banner,CWE-399,4.76837158203125e-06,1.0,0.0,0.0
LineVul-public,bigvul-6f737ddfadb596d7d4a993f7ed2141ffd664a81c-117,control_flow_rewrite,CWE-399,3.6954879760742188e-06,1.0,0.0,0.0
LineVul-public,bigvul-6f737ddfadb596d7d4a993f7ed2141ffd664a81c-117,dead_branch_after_opening_brace,CWE-399,-2.7418136596679688e-06,0.0,0.0,0.0
LineVul-public,bigvul-6f737ddfadb596d7d4a993f7ed2141ffd664a81c-117,identifier_renaming,CWE-399,-4.76837158203125e-06,0.0,0.0,0.0
LineVul-public,bigvul-6f737ddfadb596d7d4a993f7ed2141ffd664a81c-117,original,CWE-399,3.6954879760742188e-06,1.0,0.0,0.0
LineVul-public,bigvul-6f737ddfadb596d7d4a993f7ed2141ffd664a81c-117,safe_dead_code_carrier,CWE-399,3.2186508178710938e-06,1.0,0.0,0.0
LineVul-public,bigvul-7394cf6f43d7a86630d3eb1c728fd63c621b5530-391,blank_line_expansion,unknown,2.1457672119140625e-06,1.0,0.0,0.0
LineVul-public,bigvul-7394cf6f43d7a86630d3eb1c728fd63c621b5530-391,brace_line_shift,unknown,1.0251998901367188e-05,1.0,0.0,0.0
LineVul-public,bigvul-7394cf6f43d7a86630d3eb1c728fd63c621b5530-391,code_normalization_abstraction,unknown,1.9073486328125e-06,1.0,0.0,0.0
LineVul-public,bigvul-7394cf6f43d7a86630d3eb1c728fd63c621b5530-391,comment_banner,unknown,-3.5762786865234375e-06,0.0,0.0,0.0
LineVul-public,bigvul-7394cf6f43d7a86630d3eb1c728fd63c621b5530-391,control_flow_rewrite,unknown,1.9073486328125e-06,1.0,0.0,0.0
LineVul-public,bigvul-7394cf6f43d7a86630d3eb1c728fd63c621b5530-391,dead_branch_after_opening_brace,unknown,-1.5497207641601562e-06,0.0,0.0,0.0
LineVul-public,bigvul-7394cf6f43d7a86630d3eb1c728fd63c621b5530-391,identifier_renaming,unknown,1.9073486328125e-06,1.0,0.0,0.0
LineVul-public,bigvul-7394cf6f43d7a86630d3eb1c728fd63c621b5530-391,original,unknown,1.9073486328125e-06,1.0,0.0,0.0
LineVul-public,bigvul-7394cf6f43d7a86630d3eb1c728fd63c621b5530-391,safe_dead_code_carrier,unknown,-1.7881393432617188e-06,0.0,0.0,0.0
LineVul-public,bigvul-778500563a9f7ceba996937dc886bd8cde29b42b-1875,blank_line_expansion,CWE-125,1.9669532775878906e-05,1.0,0.0,0.0
LineVul-public,bigvul-778500563a9f7ceba996937dc886bd8cde29b42b-1875,brace_line_shift,CWE-125,-2.0503997802734375e-05,0.0,0.0,0.0
LineVul-public,bigvul-778500563a9f7ceba996937dc886bd8cde29b42b-1875,code_normalization_abstraction,CWE-125,-2.86102294921875e-06,0.0,0.0,0.0
LineVul-public,bigvul-778500563a9f7ceba996937dc886bd8cde29b42b-1875,comment_banner,CWE-125,-1.9073486328125e-06,0.0,0.0,0.0
LineVul-public,bigvul-778500563a9f7ceba996937dc886bd8cde29b42b-1875,control_flow_rewrite,CWE-125,-2.86102294921875e-06,0.0,0.0,0.0
LineVul-public,bigvul-778500563a9f7ceba996937dc886bd8cde29b42b-1875,dead_branch_after_opening_brace,CWE-125,5.9604644775390625e-06,1.0,0.0,0.0
LineVul-public,bigvul-778500563a9f7ceba996937dc886bd8cde29b42b-1875,identifier_renaming,CWE-125,4.649162292480469e-06,1.0,0.0,0.0
LineVul-public,bigvul-778500563a9f7ceba996937dc886bd8cde29b42b-1875,original,CWE-125,-2.86102294921875e-06,0.0,0.0,0.0
LineVul-public,bigvul-778500563a9f7ceba996937dc886bd8cde29b42b-1875,safe_dead_code_carrier,CWE-125,-9.5367431640625e-07,0.0,0.0,0.0
LineVul-public,bigvul-78d89fe556cb5dabbc47b4967cdf55e607e29580-2724,blank_line_expansion,CWE-119,7.963180541992188e-05,1.0,0.0,0.0
LineVul-public,bigvul-78d89fe556cb5dabbc47b4967cdf55e607e29580-2724,brace_line_shift,CWE-119,-0.9573452770709991,0.0,0.0,0.0
LineVul-public,bigvul-78d89fe556cb5dabbc47b4967cdf55e607e29580-2724,code_normalization_abstraction,CWE-119,4.601478576660156e-05,1.0,0.0,0.0
LineVul-public,bigvul-78d89fe556cb5dabbc47b4967cdf55e607e29580-2724,comment_banner,CWE-119,3.62396240234375e-05,1.0,0.0,0.0
LineVul-public,bigvul-78d89fe556cb5dabbc47b4967cdf55e607e29580-2724,control_flow_rewrite,CWE-119,3.1113624572753906e-05,1.0,0.0,0.0
LineVul-public,bigvul-78d89fe556cb5dabbc47b4967cdf55e607e29580-2724,dead_branch_after_opening_brace,CWE-119,2.6226043701171875e-06,1.0,0.0,0.0
LineVul-public,bigvul-78d89fe556cb5dabbc47b4967cdf55e607e29580-2724,identifier_renaming,CWE-119,3.1113624572753906e-05,1.0,0.0,0.0
LineVul-public,bigvul-78d89fe556cb5dabbc47b4967cdf55e607e29580-2724,original,CWE-119,3.1113624572753906e-05,1.0,0.0,0.0
LineVul-public,bigvul-78d89fe556cb5dabbc47b4967cdf55e607e29580-2724,safe_dead_code_carrier,CWE-119,7.271766662597656e-06,1.0,0.0,0.0
LineVul-public,bigvul-7ed47b7d142ec99ad6880bbbec51e9f12b3af74c-2002,blank_line_expansion,unknown,0.9485123006161302,1.0,0.0,1.0
LineVul-public,bigvul-7ed47b7d142ec99ad6880bbbec51e9f12b3af74c-2002,brace_line_shift,unknown,0.0002663135528564453,1.0,0.0,0.0
LineVul-public,bigvul-7ed47b7d142ec99ad6880bbbec51e9f12b3af74c-2002,code_normalization_abstraction,unknown,0.00025516748428344727,1.0,0.0,0.0
LineVul-public,bigvul-7ed47b7d142ec99ad6880bbbec51e9f12b3af74c-2002,comment_banner,unknown,9.143352508544922e-05,1.0,0.0,0.0
LineVul-public,bigvul-7ed47b7d142ec99ad6880bbbec51e9f12b3af74c-2002,control_flow_rewrite,unknown,0.0002663135528564453,1.0,0.0,0.0
LineVul-public,bigvul-7ed47b7d142ec99ad6880bbbec51e9f12b3af74c-2002,dead_branch_after_opening_brace,unknown,0.00013870000839233398,1.0,0.0,0.0
LineVul-public,bigvul-7ed47b7d142ec99ad6880bbbec51e9f12b3af74c-2002,identifier_renaming,unknown,0.0002568364143371582,1.0,0.0,0.0
LineVul-public,bigvul-7ed47b7d142ec99ad6880bbbec51e9f12b3af74c-2002,original,unknown,0.0002663135528564453,1.0,0.0,0.0
LineVul-public,bigvul-7ed47b7d142ec99ad6880bbbec51e9f12b3af74c-2002,safe_dead_code_carrier,unknown,0.0001431107521057129,1.0,0.0,0.0
LineVul-public,bigvul-802ecdb9cee0d66fe546bdf24e98150f8f716ad8-2301,blank_line_expansion,CWE-119,3.4023560147034004e-07,1.0,0.0,0.0
LineVul-public,bigvul-802ecdb9cee0d66fe546bdf24e98150f8f716ad8-2301,brace_line_shift,CWE-119,2.3245838747243397e-06,1.0,0.0,0.0
LineVul-public,bigvul-802ecdb9cee0d66fe546bdf24e98150f8f716ad8-2301,code_normalization_abstraction,CWE-119,6.18625563220121e-07,1.0,0.0,0.0
LineVul-public,bigvul-802ecdb9cee0d66fe546bdf24e98150f8f716ad8-2301,comment_banner,CWE-119,6.001449037285056e-06,1.0,0.0,0.0
LineVul-public,bigvul-802ecdb9cee0d66fe546bdf24e98150f8f716ad8-2301,control_flow_rewrite,CWE-119,6.18625563220121e-07,1.0,0.0,0.0
LineVul-public,bigvul-802ecdb9cee0d66fe546bdf24e98150f8f716ad8-2301,dead_branch_after_opening_brace,CWE-119,-0.2115796962971217,0.0,0.0,0.0
LineVul-public,bigvul-802ecdb9cee0d66fe546bdf24e98150f8f716ad8-2301,identifier_renaming,CWE-119,4.968251232639886e-07,1.0,0.0,0.0
LineVul-public,bigvul-802ecdb9cee0d66fe546bdf24e98150f8f716ad8-2301,original,CWE-119,6.18625563220121e-07,1.0,0.0,0.0
LineVul-public,bigvul-802ecdb9cee0d66fe546bdf24e98150f8f716ad8-2301,safe_dead_code_carrier,CWE-119,-0.9710516734048724,0.0,0.0,0.0
LineVul-public,bigvul-84ca1ee18bbc32f3cb035d071e8271e064dfd4d7-1210,blank_line_expansion,CWE-416,1.656363565416541e-05,1.0,0.0,0.0
LineVul-public,bigvul-84ca1ee18bbc32f3cb035d071e8271e064dfd4d7-1210,brace_line_shift,CWE-416,5.833480827277526e-07,1.0,0.0,0.0
LineVul-public,bigvul-84ca1ee18bbc32f3cb035d071e8271e064dfd4d7-1210,code_normalization_abstraction,CWE-416,0.013088846579194069,1.0,0.0,0.0
LineVul-public,bigvul-84ca1ee18bbc32f3cb035d071e8271e064dfd4d7-1210,comment_banner,CWE-416,-0.005089363781735301,0.0,0.0,0.0
LineVul-public,bigvul-84ca1ee18bbc32f3cb035d071e8271e064dfd4d7-1210,control_flow_rewrite,CWE-416,0.013088846579194069,1.0,0.0,0.0
LineVul-public,bigvul-84ca1ee18bbc32f3cb035d071e8271e064dfd4d7-1210,dead_branch_after_opening_brace,CWE-416,1.8596649169921875e-05,1.0,0.0,0.0
LineVul-public,bigvul-84ca1ee18bbc32f3cb035d071e8271e064dfd4d7-1210,identifier_renaming,CWE-416,0.6163379908539355,1.0,0.0,1.0
LineVul-public,bigvul-84ca1ee18bbc32f3cb035d071e8271e064dfd4d7-1210,original,CWE-416,0.013088846579194069,1.0,0.0,0.0
LineVul-public,bigvul-84ca1ee18bbc32f3cb035d071e8271e064dfd4d7-1210,safe_dead_code_carrier,CWE-416,9.298324584960938e-06,1.0,0.0,0.0
LineVul-public,bigvul-864e2e22fcd0cba3f5e67680ccabd0302dfda45d-680,blank_line_expansion,CWE-264,3.355741500854492e-05,1.0,0.0,0.0
LineVul-public,bigvul-864e2e22fcd0cba3f5e67680ccabd0302dfda45d-680,brace_line_shift,CWE-264,-2.6524066925048828e-05,0.0,0.0,0.0
LineVul-public,bigvul-864e2e22fcd0cba3f5e67680ccabd0302dfda45d-680,code_normalization_abstraction,CWE-264,7.033348083496094e-06,1.0,0.0,0.0
LineVul-public,bigvul-864e2e22fcd0cba3f5e67680ccabd0302dfda45d-680,comment_banner,CWE-264,8.046627044677734e-06,1.0,0.0,0.0
LineVul-public,bigvul-864e2e22fcd0cba3f5e67680ccabd0302dfda45d-680,control_flow_rewrite,CWE-264,1.7821788787841797e-05,1.0,0.0,0.0
LineVul-public,bigvul-864e2e22fcd0cba3f5e67680ccabd0302dfda45d-680,dead_branch_after_opening_brace,CWE-264,8.165836334228516e-06,1.0,0.0,0.0
LineVul-public,bigvul-864e2e22fcd0cba3f5e67680ccabd0302dfda45d-680,identifier_renaming,CWE-264,5.602836608886719e-06,1.0,0.0,0.0
LineVul-public,bigvul-864e2e22fcd0cba3f5e67680ccabd0302dfda45d-680,original,CWE-264,1.7821788787841797e-05,1.0,0.0,0.0
LineVul-public,bigvul-864e2e22fcd0cba3f5e67680ccabd0302dfda45d-680,safe_dead_code_carrier,CWE-264,-1.043081283569336e-05,0.0,0.0,0.0
LineVul-public,bigvul-8c95ab0b50f8a257514f9647929267e62b1e611d-327,blank_line_expansion,unknown,0.9987602019555197,1.0,0.0,1.0
LineVul-public,bigvul-8c95ab0b50f8a257514f9647929267e62b1e611d-327,brace_line_shift,unknown,0.9984491312388855,1.0,0.0,1.0
LineVul-public,bigvul-8c95ab0b50f8a257514f9647929267e62b1e611d-327,code_normalization_abstraction,unknown,0.9987071003033634,1.0,0.0,1.0
LineVul-public,bigvul-8c95ab0b50f8a257514f9647929267e62b1e611d-327,comment_banner,unknown,-9.259098078473471e-06,0.0,0.0,0.0
LineVul-public,bigvul-8c95ab0b50f8a257514f9647929267e62b1e611d-327,control_flow_rewrite,unknown,0.9987071003033634,1.0,0.0,1.0
LineVul-public,bigvul-8c95ab0b50f8a257514f9647929267e62b1e611d-327,dead_branch_after_opening_brace,unknown,-0.99089979686687,0.0,0.0,0.0
LineVul-public,bigvul-8c95ab0b50f8a257514f9647929267e62b1e611d-327,identifier_renaming,unknown,0.9982066554330231,1.0,0.0,1.0
LineVul-public,bigvul-8c95ab0b50f8a257514f9647929267e62b1e611d-327,original,unknown,0.9987071003033634,1.0,0.0,1.0
LineVul-public,bigvul-8c95ab0b50f8a257514f9647929267e62b1e611d-327,safe_dead_code_carrier,unknown,-0.9598226284069824,0.0,0.0,0.0
LineVul-public,bigvul-8cfe2463cec6835c7b0b73dcb2ab2edaf035e3f9-603,blank_line_expansion,CWE-416,-0.0025162696838378906,0.0,0.0,0.0
LineVul-public,bigvul-8cfe2463cec6835c7b0b73dcb2ab2edaf035e3f9-603,brace_line_shift,CWE-416,-0.9999554699024884,0.0,0.0,0.0
LineVul-public,bigvul-8cfe2463cec6835c7b0b73dcb2ab2edaf035e3f9-603,code_normalization_abstraction,CWE-416,-0.00035834312438964844,0.0,0.0,0.0
LineVul-public,bigvul-8cfe2463cec6835c7b0b73dcb2ab2edaf035e3f9-603,comment_banner,CWE-416,-0.02078455686569214,0.0,0.0,0.0
LineVul-public,bigvul-8cfe2463cec6835c7b0b73dcb2ab2edaf035e3f9-603,control_flow_rewrite,CWE-416,-0.00035834312438964844,0.0,0.0,0.0
LineVul-public,bigvul-8cfe2463cec6835c7b0b73dcb2ab2edaf035e3f9-603,dead_branch_after_opening_brace,CWE-416,-2.5391578674316406e-05,0.0,0.0,0.0
LineVul-public,bigvul-8cfe2463cec6835c7b0b73dcb2ab2edaf035e3f9-603,identifier_renaming,CWE-416,-0.00035834312438964844,0.0,0.0,0.0
LineVul-public,bigvul-8cfe2463cec6835c7b0b73dcb2ab2edaf035e3f9-603,original,CWE-416,-0.00035834312438964844,0.0,0.0,0.0
LineVul-public,bigvul-8cfe2463cec6835c7b0b73dcb2ab2edaf035e3f9-603,safe_dead_code_carrier,CWE-416,-9.322166442871094e-05,0.0,0.0,0.0
LineVul-public,bigvul-8e76d0404b7f664ee6719fd98f0483f0ac4669d6-95,blank_line_expansion,CWE-200,0.011221051216125488,1.0,0.0,0.0
LineVul-public,bigvul-8e76d0404b7f664ee6719fd98f0483f0ac4669d6-95,brace_line_shift,CWE-200,-3.719329833984375e-05,0.0,0.0,0.0
LineVul-public,bigvul-8e76d0404b7f664ee6719fd98f0483f0ac4669d6-95,code_normalization_abstraction,CWE-200,-3.719329833984375e-05,0.0,0.0,0.0
LineVul-public,bigvul-8e76d0404b7f664ee6719fd98f0483f0ac4669d6-95,comment_banner,CWE-200,-6.079673767089844e-06,0.0,0.0,0.0
LineVul-public,bigvul-8e76d0404b7f664ee6719fd98f0483f0ac4669d6-95,control_flow_rewrite,CWE-200,-3.719329833984375e-05,0.0,0.0,0.0
LineVul-public,bigvul-8e76d0404b7f664ee6719fd98f0483f0ac4669d6-95,dead_branch_after_opening_brace,CWE-200,-2.491474151611328e-05,0.0,0.0,0.0
LineVul-public,bigvul-8e76d0404b7f664ee6719fd98f0483f0ac4669d6-95,identifier_renaming,CWE-200,-3.719329833984375e-05,0.0,0.0,0.0
LineVul-public,bigvul-8e76d0404b7f664ee6719fd98f0483f0ac4669d6-95,original,CWE-200,-3.719329833984375e-05,0.0,0.0,0.0
LineVul-public,bigvul-8e76d0404b7f664ee6719fd98f0483f0ac4669d6-95,safe_dead_code_carrier,CWE-200,-7.700920104980469e-05,0.0,0.0,0.0
LineVul-public,bigvul-91f2fa59e8ed80dfbf400add0164ee0e508e412a-1900,blank_line_expansion,CWE-119,9.655952453613281e-06,1.0,0.0,0.0
LineVul-public,bigvul-91f2fa59e8ed80dfbf400add0164ee0e508e412a-1900,brace_line_shift,CWE-119,8.702278137207031e-06,1.0,0.0,0.0
LineVul-public,bigvul-91f2fa59e8ed80dfbf400add0164ee0e508e412a-1900,code_normalization_abstraction,CWE-119,8.702278137207031e-06,1.0,0.0,0.0
LineVul-public,bigvul-91f2fa59e8ed80dfbf400add0164ee0e508e412a-1900,comment_banner,CWE-119,7.748603820800781e-06,1.0,0.0,0.0
LineVul-public,bigvul-91f2fa59e8ed80dfbf400add0164ee0e508e412a-1900,control_flow_rewrite,CWE-119,8.702278137207031e-06,1.0,0.0,0.0
LineVul-public,bigvul-91f2fa59e8ed80dfbf400add0164ee0e508e412a-1900,dead_branch_after_opening_brace,CWE-119,6.556510925292969e-06,1.0,0.0,0.0
LineVul-public,bigvul-91f2fa59e8ed80dfbf400add0164ee0e508e412a-1900,identifier_renaming,CWE-119,6.079673767089844e-06,1.0,0.0,0.0
LineVul-public,bigvul-91f2fa59e8ed80dfbf400add0164ee0e508e412a-1900,original,CWE-119,8.702278137207031e-06,1.0,0.0,0.0
LineVul-public,bigvul-91f2fa59e8ed80dfbf400add0164ee0e508e412a-1900,safe_dead_code_carrier,CWE-119,4.291534423828125e-06,1.0,0.0,0.0
LineVul-public,bigvul-94e01571507835ff59dd8ce2a0b56a4b566965a4-660,blank_line_expansion,CWE-119,0.0,0.0,1.0,0.0
LineVul-public,bigvul-94e01571507835ff59dd8ce2a0b56a4b566965a4-660,brace_line_shift,CWE-119,0.0,0.0,1.0,0.0
LineVul-public,bigvul-94e01571507835ff59dd8ce2a0b56a4b566965a4-660,code_normalization_abstraction,CWE-119,0.0,0.0,1.0,0.0
LineVul-public,bigvul-94e01571507835ff59dd8ce2a0b56a4b566965a4-660,comment_banner,CWE-119,0.0,0.0,1.0,0.0
LineVul-public,bigvul-94e01571507835ff59dd8ce2a0b56a4b566965a4-660,control_flow_rewrite,CWE-119,0.0,0.0,1.0,0.0
LineVul-public,bigvul-94e01571507835ff59dd8ce2a0b56a4b566965a4-660,dead_branch_after_opening_brace,CWE-119,0.0,0.0,1.0,0.0
LineVul-public,bigvul-94e01571507835ff59dd8ce2a0b56a4b566965a4-660,identifier_renaming,CWE-119,0.0,0.0,1.0,0.0
LineVul-public,bigvul-94e01571507835ff59dd8ce2a0b56a4b566965a4-660,original,CWE-119,0.0,0.0,1.0,0.0
LineVul-public,bigvul-94e01571507835ff59dd8ce2a0b56a4b566965a4-660,safe_dead_code_carrier,CWE-119,0.0,0.0,1.0,0.0
LineVul-public,bigvul-9f64916da20eea67121d544698676295bbb105a7-509,blank_line_expansion,CWE-125,2.0265579223632812e-05,1.0,0.0,0.0
LineVul-public,bigvul-9f64916da20eea67121d544698676295bbb105a7-509,brace_line_shift,CWE-125,2.86102294921875e-06,1.0,0.0,0.0
LineVul-public,bigvul-9f64916da20eea67121d544698676295bbb105a7-509,code_normalization_abstraction,CWE-125,2.86102294921875e-06,1.0,0.0,0.0
LineVul-public,bigvul-9f64916da20eea67121d544698676295bbb105a7-509,comment_banner,CWE-125,-3.552436828613281e-05,0.0,0.0,0.0
LineVul-public,bigvul-9f64916da20eea67121d544698676295bbb105a7-509,control_flow_rewrite,CWE-125,2.86102294921875e-06,1.0,0.0,0.0
LineVul-public,bigvul-9f64916da20eea67121d544698676295bbb105a7-509,dead_branch_after_opening_brace,CWE-125,-0.0004299283027648926,0.0,0.0,0.0
LineVul-public,bigvul-9f64916da20eea67121d544698676295bbb105a7-509,identifier_renaming,CWE-125,2.7179718017578125e-05,1.0,0.0,0.0
LineVul-public,bigvul-9f64916da20eea67121d544698676295bbb105a7-509,original,CWE-125,2.86102294921875e-06,1.0,0.0,0.0
LineVul-public,bigvul-9f64916da20eea67121d544698676295bbb105a7-509,safe_dead_code_carrier,CWE-125,-4.410743713378906e-06,0.0,0.0,0.0
LineVul-public,bigvul-a1098f81c252b317ad34ea978aea2bc47760b215-1178,blank_line_expansion,CWE-119,0.0,0.0,1.0,0.0
LineVul-public,bigvul-a1098f81c252b317ad34ea978aea2bc47760b215-1178,brace_line_shift,CWE-119,0.0,0.0,1.0,0.0
LineVul-public,bigvul-a1098f81c252b317ad34ea978aea2bc47760b215-1178,code_normalization_abstraction,CWE-119,0.0,0.0,1.0,0.0
LineVul-public,bigvul-a1098f81c252b317ad34ea978aea2bc47760b215-1178,comment_banner,CWE-119,0.0,0.0,1.0,0.0
LineVul-public,bigvul-a1098f81c252b317ad34ea978aea2bc47760b215-1178,control_flow_rewrite,CWE-119,0.0,0.0,1.0,0.0
LineVul-public,bigvul-a1098f81c252b317ad34ea978aea2bc47760b215-1178,dead_branch_after_opening_brace,CWE-119,0.0,0.0,1.0,0.0
LineVul-public,bigvul-a1098f81c252b317ad34ea978aea2bc47760b215-1178,identifier_renaming,CWE-119,0.0,0.0,1.0,0.0
LineVul-public,bigvul-a1098f81c252b317ad34ea978aea2bc47760b215-1178,original,CWE-119,0.0,0.0,1.0,0.0
LineVul-public,bigvul-a1098f81c252b317ad34ea978aea2bc47760b215-1178,safe_dead_code_carrier,CWE-119,0.0,0.0,1.0,0.0
LineVul-public,bigvul-a151041807a7e3c702c5f935a742368333aa69d4-1931,blank_line_expansion,unknown,-2.5313984224339947e-06,0.0,0.0,0.0
LineVul-public,bigvul-a151041807a7e3c702c5f935a742368333aa69d4-1931,brace_line_shift,unknown,-3.179253326379694e-06,0.0,0.0,0.0
LineVul-public,bigvul-a151041807a7e3c702c5f935a742368333aa69d4-1931,code_normalization_abstraction,unknown,-3.5555040085455403e-06,0.0,0.0,0.0
LineVul-public,bigvul-a151041807a7e3c702c5f935a742368333aa69d4-1931,comment_banner,unknown,4.7968715080060065e-06,1.0,0.0,0.0
LineVul-public,bigvul-a151041807a7e3c702c5f935a742368333aa69d4-1931,control_flow_rewrite,unknown,-3.5555040085455403e-06,0.0,0.0,0.0
LineVul-public,bigvul-a151041807a7e3c702c5f935a742368333aa69d4-1931,dead_branch_after_opening_brace,unknown,0.0005630168598145247,1.0,0.0,0.0
LineVul-public,bigvul-a151041807a7e3c702c5f935a742368333aa69d4-1931,identifier_renaming,unknown,-1.5748182704555802e-05,0.0,0.0,0.0
LineVul-public,bigvul-a151041807a7e3c702c5f935a742368333aa69d4-1931,original,unknown,-3.5555040085455403e-06,0.0,0.0,0.0
LineVul-public,bigvul-a151041807a7e3c702c5f935a742368333aa69d4-1931,safe_dead_code_carrier,unknown,0.003870711720082909,1.0,0.0,0.0
LineVul-public,bigvul-a30f64b4ae13255535a4947616fce484c54207df-815,blank_line_expansion,CWE-20,0.0,0.0,1.0,0.0
LineVul-public,bigvul-a30f64b4ae13255535a4947616fce484c54207df-815,brace_line_shift,CWE-20,0.0,0.0,1.0,0.0
LineVul-public,bigvul-a30f64b4ae13255535a4947616fce484c54207df-815,code_normalization_abstraction,CWE-20,0.0,0.0,1.0,0.0
LineVul-public,bigvul-a30f64b4ae13255535a4947616fce484c54207df-815,comment_banner,CWE-20,0.0,0.0,1.0,0.0
LineVul-public,bigvul-a30f64b4ae13255535a4947616fce484c54207df-815,control_flow_rewrite,CWE-20,0.0,0.0,1.0,0.0
LineVul-public,bigvul-a30f64b4ae13255535a4947616fce484c54207df-815,dead_branch_after_opening_brace,CWE-20,0.0,0.0,1.0,0.0
LineVul-public,bigvul-a30f64b4ae13255535a4947616fce484c54207df-815,identifier_renaming,CWE-20,0.0,0.0,1.0,0.0
LineVul-public,bigvul-a30f64b4ae13255535a4947616fce484c54207df-815,original,CWE-20,0.0,0.0,1.0,0.0
LineVul-public,bigvul-a30f64b4ae13255535a4947616fce484c54207df-815,safe_dead_code_carrier,CWE-20,0.0,0.0,1.0,0.0
LineVul-public,bigvul-a8b0ca17b80e92faab46ee7179ba9e99ccb61233-525,blank_line_expansion,CWE-399,3.661698428913951e-05,1.0,0.0,0.0
LineVul-public,bigvul-a8b0ca17b80e92faab46ee7179ba9e99ccb61233-525,brace_line_shift,CWE-399,2.1457672119140625e-06,1.0,0.0,0.0
LineVul-public,bigvul-a8b0ca17b80e92faab46ee7179ba9e99ccb61233-525,code_normalization_abstraction,CWE-399,2.1457672119140625e-06,1.0,0.0,0.0
LineVul-public,bigvul-a8b0ca17b80e92faab46ee7179ba9e99ccb61233-525,comment_banner,CWE-399,2.9802322387695312e-06,1.0,0.0,0.0
LineVul-public,bigvul-a8b0ca17b80e92faab46ee7179ba9e99ccb61233-525,control_flow_rewrite,CWE-399,2.1457672119140625e-06,1.0,0.0,0.0
LineVul-public,bigvul-a8b0ca17b80e92faab46ee7179ba9e99ccb61233-525,dead_branch_after_opening_brace,CWE-399,1.5497207641601562e-06,1.0,0.0,0.0
LineVul-public,bigvul-a8b0ca17b80e92faab46ee7179ba9e99ccb61233-525,identifier_renaming,CWE-399,-2.7418136596679688e-06,0.0,0.0,0.0
LineVul-public,bigvul-a8b0ca17b80e92faab46ee7179ba9e99ccb61233-525,original,CWE-399,2.1457672119140625e-06,1.0,0.0,0.0
LineVul-public,bigvul-a8b0ca17b80e92faab46ee7179ba9e99ccb61233-525,safe_dead_code_carrier,CWE-399,3.5762786865234375e-07,1.0,0.0,0.0
LineVul-public,bigvul-ab906da53ff2a68c6fd6d1fa73f2b7c7bf0bc636-1442,blank_line_expansion,CWE-125,0.0,0.0,1.0,0.0
LineVul-public,bigvul-ab906da53ff2a68c6fd6d1fa73f2b7c7bf0bc636-1442,brace_line_shift,CWE-125,0.0,0.0,1.0,0.0
LineVul-public,bigvul-ab906da53ff2a68c6fd6d1fa73f2b7c7bf0bc636-1442,code_normalization_abstraction,CWE-125,0.0,0.0,1.0,0.0
LineVul-public,bigvul-ab906da53ff2a68c6fd6d1fa73f2b7c7bf0bc636-1442,comment_banner,CWE-125,0.0,0.0,1.0,0.0
LineVul-public,bigvul-ab906da53ff2a68c6fd6d1fa73f2b7c7bf0bc636-1442,control_flow_rewrite,CWE-125,0.0,0.0,1.0,0.0
LineVul-public,bigvul-ab906da53ff2a68c6fd6d1fa73f2b7c7bf0bc636-1442,dead_branch_after_opening_brace,CWE-125,0.0,0.0,1.0,0.0
LineVul-public,bigvul-ab906da53ff2a68c6fd6d1fa73f2b7c7bf0bc636-1442,identifier_renaming,CWE-125,0.0,0.0,1.0,0.0
LineVul-public,bigvul-ab906da53ff2a68c6fd6d1fa73f2b7c7bf0bc636-1442,original,CWE-125,0.0,0.0,1.0,0.0
LineVul-public,bigvul-ab906da53ff2a68c6fd6d1fa73f2b7c7bf0bc636-1442,safe_dead_code_carrier,CWE-125,0.0,0.0,1.0,0.0
LineVul-public,bigvul-ac23b02ecb741e5de60f5235ea443790c88a0b80-1713,blank_line_expansion,CWE-20,0.0,0.0,1.0,0.0
LineVul-public,bigvul-ac23b02ecb741e5de60f5235ea443790c88a0b80-1713,brace_line_shift,CWE-20,0.0,0.0,1.0,0.0
LineVul-public,bigvul-ac23b02ecb741e5de60f5235ea443790c88a0b80-1713,code_normalization_abstraction,CWE-20,0.0,0.0,1.0,0.0
LineVul-public,bigvul-ac23b02ecb741e5de60f5235ea443790c88a0b80-1713,comment_banner,CWE-20,0.0,0.0,1.0,0.0
LineVul-public,bigvul-ac23b02ecb741e5de60f5235ea443790c88a0b80-1713,control_flow_rewrite,CWE-20,0.0,0.0,1.0,0.0
LineVul-public,bigvul-ac23b02ecb741e5de60f5235ea443790c88a0b80-1713,dead_branch_after_opening_brace,CWE-20,0.0,0.0,1.0,0.0
LineVul-public,bigvul-ac23b02ecb741e5de60f5235ea443790c88a0b80-1713,identifier_renaming,CWE-20,0.0,0.0,1.0,0.0
LineVul-public,bigvul-ac23b02ecb741e5de60f5235ea443790c88a0b80-1713,original,CWE-20,0.0,0.0,1.0,0.0
LineVul-public,bigvul-ac23b02ecb741e5de60f5235ea443790c88a0b80-1713,safe_dead_code_carrier,CWE-20,0.0,0.0,1.0,0.0
LineVul-public,bigvul-ac8bd041b81e46e4e4fcd5021aaa5499703952e6-2748,blank_line_expansion,CWE-287,-0.00048357248306274414,0.0,0.0,0.0
LineVul-public,bigvul-ac8bd041b81e46e4e4fcd5021aaa5499703952e6-2748,brace_line_shift,CWE-287,0.00026744604110717773,1.0,0.0,0.0
LineVul-public,bigvul-ac8bd041b81e46e4e4fcd5021aaa5499703952e6-2748,code_normalization_abstraction,CWE-287,-9.423494338989258e-05,0.0,0.0,0.0
LineVul-public,bigvul-ac8bd041b81e46e4e4fcd5021aaa5499703952e6-2748,comment_banner,CWE-287,0.00029903650283813477,1.0,0.0,0.0
LineVul-public,bigvul-ac8bd041b81e46e4e4fcd5021aaa5499703952e6-2748,control_flow_rewrite,CWE-287,-9.423494338989258e-05,0.0,0.0,0.0
LineVul-public,bigvul-ac8bd041b81e46e4e4fcd5021aaa5499703952e6-2748,dead_branch_after_opening_brace,CWE-287,7.3909759521484375e-06,1.0,0.0,0.0
LineVul-public,bigvul-ac8bd041b81e46e4e4fcd5021aaa5499703952e6-2748,identifier_renaming,CWE-287,-0.0001004934310913086,0.0,0.0,0.0
LineVul-public,bigvul-ac8bd041b81e46e4e4fcd5021aaa5499703952e6-2748,original,CWE-287,-9.423494338989258e-05,0.0,0.0,0.0
LineVul-public,bigvul-ac8bd041b81e46e4e4fcd5021aaa5499703952e6-2748,safe_dead_code_carrier,CWE-287,5.602836608886719e-06,1.0,0.0,0.0
LineVul-public,bigvul-adca986a53b31b6da4cb22f8e755f6856daea89a-2137,blank_line_expansion,CWE-20,7.277030817931518e-07,1.0,0.0,0.0
LineVul-public,bigvul-adca986a53b31b6da4cb22f8e755f6856daea89a-2137,brace_line_shift,CWE-20,-7.738402928225696e-06,0.0,0.0,0.0
LineVul-public,bigvul-adca986a53b31b6da4cb22f8e755f6856daea89a-2137,code_normalization_abstraction,CWE-20,-7.73783540353179e-06,0.0,0.0,0.0
LineVul-public,bigvul-adca986a53b31b6da4cb22f8e755f6856daea89a-2137,comment_banner,CWE-20,1.3554419638239779e-05,1.0,0.0,0.0
LineVul-public,bigvul-adca986a53b31b6da4cb22f8e755f6856daea89a-2137,control_flow_rewrite,CWE-20,-7.73783540353179e-06,0.0,0.0,0.0
LineVul-public,bigvul-adca986a53b31b6da4cb22f8e755f6856daea89a-2137,dead_branch_after_opening_brace,CWE-20,0.0007148385047912598,1.0,0.0,0.0
LineVul-public,bigvul-adca986a53b31b6da4cb22f8e755f6856daea89a-2137,identifier_renaming,CWE-20,-7.738402928225696e-06,0.0,0.0,0.0
LineVul-public,bigvul-adca986a53b31b6da4cb22f8e755f6856daea89a-2137,original,CWE-20,-7.738402928225696e-06,0.0,0.0,0.0
LineVul-public,bigvul-adca986a53b31b6da4cb22f8e755f6856daea89a-2137,safe_dead_code_carrier,CWE-20,0.0012299418449401855,1.0,0.0,0.0
LineVul-public,bigvul-b4c01141e5367f247b84dcaf6aefbb4e741842b8-483,blank_line_expansion,CWE-399,4.76837158203125e-07,1.0,0.0,0.0
LineVul-public,bigvul-b4c01141e5367f247b84dcaf6aefbb4e741842b8-483,brace_line_shift,CWE-399,1.1920928955078125e-07,1.0,0.0,0.0
LineVul-public,bigvul-b4c01141e5367f247b84dcaf6aefbb4e741842b8-483,code_normalization_abstraction,CWE-399,2.384185791015625e-07,1.0,0.0,0.0
LineVul-public,bigvul-b4c01141e5367f247b84dcaf6aefbb4e741842b8-483,comment_banner,CWE-399,5.960464477539062e-07,1.0,0.0,0.0
LineVul-public,bigvul-b4c01141e5367f247b84dcaf6aefbb4e741842b8-483,control_flow_rewrite,CWE-399,1.1920928955078125e-07,1.0,0.0,0.0
LineVul-public,bigvul-b4c01141e5367f247b84dcaf6aefbb4e741842b8-483,dead_branch_after_opening_brace,CWE-399,1.1920928955078125e-07,1.0,0.0,0.0
LineVul-public,bigvul-b4c01141e5367f247b84dcaf6aefbb4e741842b8-483,identifier_renaming,CWE-399,2.0265579223632812e-06,1.0,0.0,0.0
LineVul-public,bigvul-b4c01141e5367f247b84dcaf6aefbb4e741842b8-483,original,CWE-399,1.1920928955078125e-07,1.0,0.0,0.0
LineVul-public,bigvul-b4c01141e5367f247b84dcaf6aefbb4e741842b8-483,safe_dead_code_carrier,CWE-399,-7.152557373046875e-07,0.0,0.0,0.0
LineVul-public,bigvul-b589096f907052b3a4da2b9ccc9b0e2e888dfc18-5,blank_line_expansion,CWE-119,0.0,0.0,1.0,0.0
LineVul-public,bigvul-b589096f907052b3a4da2b9ccc9b0e2e888dfc18-5,brace_line_shift,CWE-119,0.0,0.0,1.0,0.0
LineVul-public,bigvul-b589096f907052b3a4da2b9ccc9b0e2e888dfc18-5,code_normalization_abstraction,CWE-119,0.0,0.0,1.0,0.0
LineVul-public,bigvul-b589096f907052b3a4da2b9ccc9b0e2e888dfc18-5,comment_banner,CWE-119,0.0,0.0,1.0,0.0
LineVul-public,bigvul-b589096f907052b3a4da2b9ccc9b0e2e888dfc18-5,control_flow_rewrite,CWE-119,0.0,0.0,1.0,0.0
LineVul-public,bigvul-b589096f907052b3a4da2b9ccc9b0e2e888dfc18-5,dead_branch_after_opening_brace,CWE-119,0.0,0.0,1.0,0.0
LineVul-public,bigvul-b589096f907052b3a4da2b9ccc9b0e2e888dfc18-5,identifier_renaming,CWE-119,0.0,0.0,1.0,0.0
LineVul-public,bigvul-b589096f907052b3a4da2b9ccc9b0e2e888dfc18-5,original,CWE-119,0.0,0.0,1.0,0.0
LineVul-public,bigvul-b589096f907052b3a4da2b9ccc9b0e2e888dfc18-5,safe_dead_code_carrier,CWE-119,0.0,0.0,1.0,0.0
LineVul-public,bigvul-b61d35eaccc0a7ddeff8a1c3abfcd0a43ccf210b-775,blank_line_expansion,CWE-476,1.8982660549227148e-05,1.0,0.0,0.0
LineVul-public,bigvul-b61d35eaccc0a7ddeff8a1c3abfcd0a43ccf210b-775,brace_line_shift,CWE-476,2.2841893951408565e-05,1.0,0.0,0.0
LineVul-public,bigvul-b61d35eaccc0a7ddeff8a1c3abfcd0a43ccf210b-775,code_normalization_abstraction,CWE-476,2.2841893951408565e-05,1.0,0.0,0.0
LineVul-public,bigvul-b61d35eaccc0a7ddeff8a1c3abfcd0a43ccf210b-775,comment_banner,CWE-476,7.66868470236659e-06,1.0,0.0,0.0
LineVul-public,bigvul-b61d35eaccc0a7ddeff8a1c3abfcd0a43ccf210b-775,control_flow_rewrite,CWE-476,2.2841893951408565e-05,1.0,0.0,0.0
LineVul-public,bigvul-b61d35eaccc0a7ddeff8a1c3abfcd0a43ccf210b-775,dead_branch_after_opening_brace,CWE-476,-4.812318366020918e-06,0.0,0.0,0.0
LineVul-public,bigvul-b61d35eaccc0a7ddeff8a1c3abfcd0a43ccf210b-775,identifier_renaming,CWE-476,-2.552269143052399e-05,0.0,0.0,0.0
LineVul-public,bigvul-b61d35eaccc0a7ddeff8a1c3abfcd0a43ccf210b-775,original,CWE-476,2.2841893951408565e-05,1.0,0.0,0.0
LineVul-public,bigvul-b61d35eaccc0a7ddeff8a1c3abfcd0a43ccf210b-775,safe_dead_code_carrier,CWE-476,0.0005807527340948582,1.0,0.0,0.0
LineVul-public,bigvul-b944f670bb7a8a919daac497a4ea0536c954c201-2892,blank_line_expansion,CWE-20,-0.005979854613542557,0.0,0.0,0.0
LineVul-public,bigvul-b944f670bb7a8a919daac497a4ea0536c954c201-2892,brace_line_shift,CWE-20,0.0009340643882751465,1.0,0.0,0.0
LineVul-public,bigvul-b944f670bb7a8a919daac497a4ea0536c954c201-2892,code_normalization_abstraction,CWE-20,0.005792737007141113,1.0,0.0,0.0
LineVul-public,bigvul-b944f670bb7a8a919daac497a4ea0536c954c201-2892,comment_banner,CWE-20,0.0019015669822692871,1.0,0.0,0.0
LineVul-public,bigvul-b944f670bb7a8a919daac497a4ea0536c954c201-2892,control_flow_rewrite,CWE-20,0.0009340643882751465,1.0,0.0,0.0
LineVul-public,bigvul-b944f670bb7a8a919daac497a4ea0536c954c201-2892,dead_branch_after_opening_brace,CWE-20,-0.002095341682434082,0.0,0.0,0.0
LineVul-public,bigvul-b944f670bb7a8a919daac497a4ea0536c954c201-2892,identifier_renaming,CWE-20,0.0009340643882751465,1.0,0.0,0.0
LineVul-public,bigvul-b944f670bb7a8a919daac497a4ea0536c954c201-2892,original,CWE-20,0.0009340643882751465,1.0,0.0,0.0
LineVul-public,bigvul-b944f670bb7a8a919daac497a4ea0536c954c201-2892,safe_dead_code_carrier,CWE-20,-0.006009817123413086,0.0,0.0,0.0
LineVul-public,bigvul-ba3021b2c79b2fa9114f92790a99deb27a65b728-2670,blank_line_expansion,CWE-200,4.3272972106933594e-05,1.0,0.0,0.0
LineVul-public,bigvul-ba3021b2c79b2fa9114f92790a99deb27a65b728-2670,brace_line_shift,CWE-200,3.230571746826172e-05,1.0,0.0,0.0
LineVul-public,bigvul-ba3021b2c79b2fa9114f92790a99deb27a65b728-2670,code_normalization_abstraction,CWE-200,3.230571746826172e-05,1.0,0.0,0.0
LineVul-public,bigvul-ba3021b2c79b2fa9114f92790a99deb27a65b728-2670,comment_banner,CWE-200,1.1563301086425781e-05,1.0,0.0,0.0
LineVul-public,bigvul-ba3021b2c79b2fa9114f92790a99deb27a65b728-2670,control_flow_rewrite,CWE-200,3.230571746826172e-05,1.0,0.0,0.0
LineVul-public,bigvul-ba3021b2c79b2fa9114f92790a99deb27a65b728-2670,dead_branch_after_opening_brace,CWE-200,1.800060272216797e-05,1.0,0.0,0.0
LineVul-public,bigvul-ba3021b2c79b2fa9114f92790a99deb27a65b728-2670,identifier_renaming,CWE-200,9.417533874511719e-06,1.0,0.0,0.0
LineVul-public,bigvul-ba3021b2c79b2fa9114f92790a99deb27a65b728-2670,original,CWE-200,3.230571746826172e-05,1.0,0.0,0.0
LineVul-public,bigvul-ba3021b2c79b2fa9114f92790a99deb27a65b728-2670,safe_dead_code_carrier,CWE-200,5.7220458984375e-06,1.0,0.0,0.0
LineVul-public,bigvul-bb4a21e98656fe2c7d98ba2163e6defe9a630e2b-2788,blank_line_expansion,CWE-264,-0.00011640787124633789,0.0,0.0,0.0
LineVul-public,bigvul-bb4a21e98656fe2c7d98ba2163e6defe9a630e2b-2788,brace_line_shift,CWE-264,3.55839729309082e-05,1.0,0.0,0.0
LineVul-public,bigvul-bb4a21e98656fe2c7d98ba2163e6defe9a630e2b-2788,code_normalization_abstraction,CWE-264,3.55839729309082e-05,1.0,0.0,0.0
LineVul-public,bigvul-bb4a21e98656fe2c7d98ba2163e6defe9a630e2b-2788,comment_banner,CWE-264,0.0001627206802368164,1.0,0.0,0.0
LineVul-public,bigvul-bb4a21e98656fe2c7d98ba2163e6defe9a630e2b-2788,control_flow_rewrite,CWE-264,3.55839729309082e-05,1.0,0.0,0.0
LineVul-public,bigvul-bb4a21e98656fe2c7d98ba2163e6defe9a630e2b-2788,dead_branch_after_opening_brace,CWE-264,-0.9949231052305549,0.0,0.0,0.0
LineVul-public,bigvul-bb4a21e98656fe2c7d98ba2163e6defe9a630e2b-2788,identifier_renaming,CWE-264,0.0001258254051208496,1.0,0.0,0.0
LineVul-public,bigvul-bb4a21e98656fe2c7d98ba2163e6defe9a630e2b-2788,original,CWE-264,3.55839729309082e-05,1.0,0.0,0.0
LineVul-public,bigvul-bb4a21e98656fe2c7d98ba2163e6defe9a630e2b-2788,safe_dead_code_carrier,CWE-264,-0.0016240477561950684,0.0,0.0,0.0
LineVul-public,bigvul-bceb03fd2be95097a7b409ea59914f332fb6bc86-655,blank_line_expansion,CWE-125,0.0,0.0,1.0,0.0
LineVul-public,bigvul-bceb03fd2be95097a7b409ea59914f332fb6bc86-655,brace_line_shift,CWE-125,0.0,0.0,1.0,0.0
LineVul-public,bigvul-bceb03fd2be95097a7b409ea59914f332fb6bc86-655,code_normalization_abstraction,CWE-125,0.0,0.0,1.0,0.0
LineVul-public,bigvul-bceb03fd2be95097a7b409ea59914f332fb6bc86-655,comment_banner,CWE-125,0.0,0.0,1.0,0.0
LineVul-public,bigvul-bceb03fd2be95097a7b409ea59914f332fb6bc86-655,control_flow_rewrite,CWE-125,0.0,0.0,1.0,0.0
LineVul-public,bigvul-bceb03fd2be95097a7b409ea59914f332fb6bc86-655,dead_branch_after_opening_brace,CWE-125,0.0,0.0,1.0,0.0
LineVul-public,bigvul-bceb03fd2be95097a7b409ea59914f332fb6bc86-655,identifier_renaming,CWE-125,0.0,0.0,1.0,0.0
LineVul-public,bigvul-bceb03fd2be95097a7b409ea59914f332fb6bc86-655,original,CWE-125,0.0,0.0,1.0,0.0
LineVul-public,bigvul-bceb03fd2be95097a7b409ea59914f332fb6bc86-655,safe_dead_code_carrier,CWE-125,0.0,0.0,1.0,0.0
LineVul-public,bigvul-bd1bab05083d80464fea854bf4b5c49aaf1b8401-2075,blank_line_expansion,CWE-119,0.0,0.0,1.0,0.0
LineVul-public,bigvul-bd1bab05083d80464fea854bf4b5c49aaf1b8401-2075,brace_line_shift,CWE-119,0.0,0.0,1.0,0.0
LineVul-public,bigvul-bd1bab05083d80464fea854bf4b5c49aaf1b8401-2075,code_normalization_abstraction,CWE-119,0.0,0.0,1.0,0.0
LineVul-public,bigvul-bd1bab05083d80464fea854bf4b5c49aaf1b8401-2075,comment_banner,CWE-119,0.0,0.0,1.0,0.0
LineVul-public,bigvul-bd1bab05083d80464fea854bf4b5c49aaf1b8401-2075,control_flow_rewrite,CWE-119,0.0,0.0,1.0,0.0
LineVul-public,bigvul-bd1bab05083d80464fea854bf4b5c49aaf1b8401-2075,dead_branch_after_opening_brace,CWE-119,0.0,0.0,1.0,0.0
LineVul-public,bigvul-bd1bab05083d80464fea854bf4b5c49aaf1b8401-2075,identifier_renaming,CWE-119,0.0,0.0,1.0,0.0
LineVul-public,bigvul-bd1bab05083d80464fea854bf4b5c49aaf1b8401-2075,original,CWE-119,0.0,0.0,1.0,0.0
LineVul-public,bigvul-bd1bab05083d80464fea854bf4b5c49aaf1b8401-2075,safe_dead_code_carrier,CWE-119,0.0,0.0,1.0,0.0
LineVul-public,bigvul-be0726d33cb8f411945884664924bed3cb8c70ee-2661,blank_line_expansion,CWE-19,-0.0001614689826965332,0.0,0.0,0.0
LineVul-public,bigvul-be0726d33cb8f411945884664924bed3cb8c70ee-2661,brace_line_shift,CWE-19,-3.4570693969726562e-06,0.0,0.0,0.0
LineVul-public,bigvul-be0726d33cb8f411945884664924bed3cb8c70ee-2661,code_normalization_abstraction,CWE-19,-3.4570693969726562e-06,0.0,0.0,0.0
LineVul-public,bigvul-be0726d33cb8f411945884664924bed3cb8c70ee-2661,comment_banner,CWE-19,5.364418029785156e-06,1.0,0.0,0.0
LineVul-public,bigvul-be0726d33cb8f411945884664924bed3cb8c70ee-2661,control_flow_rewrite,CWE-19,-3.4570693969726562e-06,0.0,0.0,0.0
LineVul-public,bigvul-be0726d33cb8f411945884664924bed3cb8c70ee-2661,dead_branch_after_opening_brace,CWE-19,2.384185791015625e-07,1.0,0.0,0.0
LineVul-public,bigvul-be0726d33cb8f411945884664924bed3cb8c70ee-2661,identifier_renaming,CWE-19,-6.198883056640625e-06,0.0,0.0,0.0
LineVul-public,bigvul-be0726d33cb8f411945884664924bed3cb8c70ee-2661,original,CWE-19,-3.4570693969726562e-06,0.0,0.0,0.0
LineVul-public,bigvul-be0726d33cb8f411945884664924bed3cb8c70ee-2661,safe_dead_code_carrier,CWE-19,1.3113021850585938e-06,1.0,0.0,0.0
LineVul-public,bigvul-c03aa9f6e1f938618e6db2e23afef0574efeeb65-533,blank_line_expansion,CWE-399,2.2172927856445312e-05,1.0,0.0,0.0
LineVul-public,bigvul-c03aa9f6e1f938618e6db2e23afef0574efeeb65-533,brace_line_shift,CWE-399,7.3909759521484375e-06,1.0,0.0,0.0
LineVul-public,bigvul-c03aa9f6e1f938618e6db2e23afef0574efeeb65-533,code_normalization_abstraction,CWE-399,5.9604644775390625e-06,1.0,0.0,0.0
LineVul-public,bigvul-c03aa9f6e1f938618e6db2e23afef0574efeeb65-533,comment_banner,CWE-399,5.364418029785156e-06,1.0,0.0,0.0
LineVul-public,bigvul-c03aa9f6e1f938618e6db2e23afef0574efeeb65-533,control_flow_rewrite,CWE-399,5.9604644775390625e-06,1.0,0.0,0.0
LineVul-public,bigvul-c03aa9f6e1f938618e6db2e23afef0574efeeb65-533,dead_branch_after_opening_brace,CWE-399,8.225440979003906e-06,1.0,0.0,0.0
LineVul-public,bigvul-c03aa9f6e1f938618e6db2e23afef0574efeeb65-533,identifier_renaming,CWE-399,9.775161743164062e-06,1.0,0.0,0.0
LineVul-public,bigvul-c03aa9f6e1f938618e6db2e23afef0574efeeb65-533,original,CWE-399,5.9604644775390625e-06,1.0,0.0,0.0
LineVul-public,bigvul-c03aa9f6e1f938618e6db2e23afef0574efeeb65-533,safe_dead_code_carrier,CWE-399,6.079673767089844e-06,1.0,0.0,0.0
LineVul-public,bigvul-c0c8978849ac57e4ecd613ddc8ff7852a2054734-1529,blank_line_expansion,CWE-732,-1.855187292676419e-08,0.0,0.0,0.0
LineVul-public,bigvul-c0c8978849ac57e4ecd613ddc8ff7852a2054734-1529,brace_line_shift,CWE-732,-7.038761395961046e-08,0.0,0.0,0.0
LineVul-public,bigvul-c0c8978849ac57e4ecd613ddc8ff7852a2054734-1529,code_normalization_abstraction,CWE-732,-2.7945679903496057e-07,0.0,0.0,0.0
LineVul-public,bigvul-c0c8978849ac57e4ecd613ddc8ff7852a2054734-1529,comment_banner,CWE-732,-1.9330036593601108e-07,0.0,0.0,0.0
LineVul-public,bigvul-c0c8978849ac57e4ecd613ddc8ff7852a2054734-1529,control_flow_rewrite,CWE-732,-2.7945679903496057e-07,0.0,0.0,0.0
LineVul-public,bigvul-c0c8978849ac57e4ecd613ddc8ff7852a2054734-1529,dead_branch_after_opening_brace,CWE-732,5.53131103515625e-05,1.0,0.0,0.0
LineVul-public,bigvul-c0c8978849ac57e4ecd613ddc8ff7852a2054734-1529,identifier_renaming,CWE-732,-2.7945679903496057e-07,0.0,0.0,0.0
LineVul-public,bigvul-c0c8978849ac57e4ecd613ddc8ff7852a2054734-1529,original,CWE-732,-2.7945679903496057e-07,0.0,0.0,0.0
LineVul-public,bigvul-c0c8978849ac57e4ecd613ddc8ff7852a2054734-1529,safe_dead_code_carrier,CWE-732,0.00026035308837890625,1.0,0.0,0.0
LineVul-public,bigvul-c0c8978849ac57e4ecd613ddc8ff7852a2054734-2390,blank_line_expansion,CWE-732,-0.06092149019241333,0.0,0.0,0.0
LineVul-public,bigvul-c0c8978849ac57e4ecd613ddc8ff7852a2054734-2390,brace_line_shift,CWE-732,-0.0005400776863098145,0.0,0.0,0.0
LineVul-public,bigvul-c0c8978849ac57e4ecd613ddc8ff7852a2054734-2390,code_normalization_abstraction,CWE-732,-1.0609626770019531e-05,0.0,0.0,0.0
LineVul-public,bigvul-c0c8978849ac57e4ecd613ddc8ff7852a2054734-2390,comment_banner,CWE-732,1.6570091247558594e-05,1.0,0.0,0.0
LineVul-public,bigvul-c0c8978849ac57e4ecd613ddc8ff7852a2054734-2390,control_flow_rewrite,CWE-732,-1.0609626770019531e-05,0.0,0.0,0.0
LineVul-public,bigvul-c0c8978849ac57e4ecd613ddc8ff7852a2054734-2390,dead_branch_after_opening_brace,CWE-732,6.318092346191406e-06,1.0,0.0,0.0
LineVul-public,bigvul-c0c8978849ac57e4ecd613ddc8ff7852a2054734-2390,identifier_renaming,CWE-732,-8.106231689453125e-06,0.0,0.0,0.0
LineVul-public,bigvul-c0c8978849ac57e4ecd613ddc8ff7852a2054734-2390,original,CWE-732,-1.0609626770019531e-05,0.0,0.0,0.0
LineVul-public,bigvul-c0c8978849ac57e4ecd613ddc8ff7852a2054734-2390,safe_dead_code_carrier,CWE-732,-2.384185791015625e-07,0.0,0.0,0.0
LineVul-public,bigvul-c25b198675380f713a56649c857b4367601d4a3d-2581,blank_line_expansion,CWE-200,0.0013720393180847168,1.0,0.0,0.0
LineVul-public,bigvul-c25b198675380f713a56649c857b4367601d4a3d-2581,brace_line_shift,CWE-200,3.0428951504291035e-05,1.0,0.0,0.0
LineVul-public,bigvul-c25b198675380f713a56649c857b4367601d4a3d-2581,code_normalization_abstraction,CWE-200,-0.00025212764739990234,0.0,0.0,0.0
LineVul-public,bigvul-c25b198675380f713a56649c857b4367601d4a3d-2581,comment_banner,CWE-200,0.0006552338600158691,1.0,0.0,0.0
LineVul-public,bigvul-c25b198675380f713a56649c857b4367601d4a3d-2581,control_flow_rewrite,CWE-200,-0.00025212764739990234,0.0,0.0,0.0
LineVul-public,bigvul-c25b198675380f713a56649c857b4367601d4a3d-2581,dead_branch_after_opening_brace,CWE-200,-2.384185791015625e-06,0.0,0.0,0.0
LineVul-public,bigvul-c25b198675380f713a56649c857b4367601d4a3d-2581,identifier_renaming,CWE-200,-0.00025212764739990234,0.0,0.0,0.0
LineVul-public,bigvul-c25b198675380f713a56649c857b4367601d4a3d-2581,original,CWE-200,-0.00025212764739990234,0.0,0.0,0.0
LineVul-public,bigvul-c25b198675380f713a56649c857b4367601d4a3d-2581,safe_dead_code_carrier,CWE-200,-7.271766662597656e-06,0.0,0.0,0.0
LineVul-public,bigvul-c55aee1bf0e6b6feec8b2927b43f7a09a6d5f754-1241,blank_line_expansion,unknown,-0.010825097560882568,0.0,0.0,0.0
LineVul-public,bigvul-c55aee1bf0e6b6feec8b2927b43f7a09a6d5f754-1241,brace_line_shift,unknown,0.00030994415283203125,1.0,0.0,0.0
LineVul-public,bigvul-c55aee1bf0e6b6feec8b2927b43f7a09a6d5f754-1241,code_normalization_abstraction,unknown,0.0005550980567932129,1.0,0.0,0.0
LineVul-public,bigvul-c55aee1bf0e6b6feec8b2927b43f7a09a6d5f754-1241,comment_banner,unknown,0.0001366734504699707,1.0,0.0,0.0
LineVul-public,bigvul-c55aee1bf0e6b6feec8b2927b43f7a09a6d5f754-1241,control_flow_rewrite,unknown,0.00030994415283203125,1.0,0.0,0.0
LineVul-public,bigvul-c55aee1bf0e6b6feec8b2927b43f7a09a6d5f754-1241,dead_branch_after_opening_brace,unknown,0.00015121698379516602,1.0,0.0,0.0
LineVul-public,bigvul-c55aee1bf0e6b6feec8b2927b43f7a09a6d5f754-1241,identifier_renaming,unknown,0.00030994415283203125,1.0,0.0,0.0
LineVul-public,bigvul-c55aee1bf0e6b6feec8b2927b43f7a09a6d5f754-1241,original,unknown,0.00030994415283203125,1.0,0.0,0.0
LineVul-public,bigvul-c55aee1bf0e6b6feec8b2927b43f7a09a6d5f754-1241,safe_dead_code_carrier,unknown,5.9723854064941406e-05,1.0,0.0,0.0
LineVul-public,bigvul-c8f0723d2b4520bdd6b9eb7c3e7976de726d7ff7-1748,blank_line_expansion,CWE-119,-1.1920928955078125e-07,0.0,0.0,0.0
LineVul-public,bigvul-c8f0723d2b4520bdd6b9eb7c3e7976de726d7ff7-1748,brace_line_shift,CWE-119,-1.1920928955078125e-07,0.0,0.0,0.0
LineVul-public,bigvul-c8f0723d2b4520bdd6b9eb7c3e7976de726d7ff7-1748,code_normalization_abstraction,CWE-119,-1.1920928955078125e-07,0.0,0.0,0.0
LineVul-public,bigvul-c8f0723d2b4520bdd6b9eb7c3e7976de726d7ff7-1748,comment_banner,CWE-119,-2.384185791015625e-07,0.0,0.0,0.0
LineVul-public,bigvul-c8f0723d2b4520bdd6b9eb7c3e7976de726d7ff7-1748,control_flow_rewrite,CWE-119,-1.1920928955078125e-07,0.0,0.0,0.0
LineVul-public,bigvul-c8f0723d2b4520bdd6b9eb7c3e7976de726d7ff7-1748,dead_branch_after_opening_brace,CWE-119,-3.5762786865234375e-07,0.0,0.0,0.0
LineVul-public,bigvul-c8f0723d2b4520bdd6b9eb7c3e7976de726d7ff7-1748,identifier_renaming,CWE-119,1.1920928955078125e-07,1.0,0.0,0.0
LineVul-public,bigvul-c8f0723d2b4520bdd6b9eb7c3e7976de726d7ff7-1748,original,CWE-119,-1.1920928955078125e-07,0.0,0.0,0.0
LineVul-public,bigvul-c8f0723d2b4520bdd6b9eb7c3e7976de726d7ff7-1748,safe_dead_code_carrier,CWE-119,0.0,0.0,1.0,0.0
LineVul-public,bigvul-c94f9e854228e0ea00e1de8769d8d3f7cab84a55-123,blank_line_expansion,unknown,-0.0007003545761108398,0.0,0.0,0.0
LineVul-public,bigvul-c94f9e854228e0ea00e1de8769d8d3f7cab84a55-123,brace_line_shift,unknown,0.002383846789598465,1.0,0.0,0.0
LineVul-public,bigvul-c94f9e854228e0ea00e1de8769d8d3f7cab84a55-123,code_normalization_abstraction,unknown,4.0531158447265625e-06,1.0,0.0,0.0
LineVul-public,bigvul-c94f9e854228e0ea00e1de8769d8d3f7cab84a55-123,comment_banner,unknown,3.5881996154785156e-05,1.0,0.0,0.0
LineVul-public,bigvul-c94f9e854228e0ea00e1de8769d8d3f7cab84a55-123,control_flow_rewrite,unknown,4.76837158203125e-06,1.0,0.0,0.0
LineVul-public,bigvul-c94f9e854228e0ea00e1de8769d8d3f7cab84a55-123,dead_branch_after_opening_brace,unknown,-0.00012415647506713867,0.0,0.0,0.0
LineVul-public,bigvul-c94f9e854228e0ea00e1de8769d8d3f7cab84a55-123,identifier_renaming,unknown,6.9141387939453125e-06,1.0,0.0,0.0
LineVul-public,bigvul-c94f9e854228e0ea00e1de8769d8d3f7cab84a55-123,original,unknown,4.76837158203125e-06,1.0,0.0,0.0
LineVul-public,bigvul-c94f9e854228e0ea00e1de8769d8d3f7cab84a55-123,safe_dead_code_carrier,unknown,1.633167266845703e-05,1.0,0.0,0.0
LineVul-public,bigvul-c995d4fe5e96f4d6d4a88b7867279b08e72d2579-2230,blank_line_expansion,CWE-119,-0.05349540710449219,0.0,0.0,0.0
LineVul-public,bigvul-c995d4fe5e96f4d6d4a88b7867279b08e72d2579-2230,brace_line_shift,CWE-119,-0.9985269178869203,0.0,0.0,0.0
LineVul-public,bigvul-c995d4fe5e96f4d6d4a88b7867279b08e72d2579-2230,code_normalization_abstraction,CWE-119,-0.0001461505889892578,0.0,0.0,0.0
LineVul-public,bigvul-c995d4fe5e96f4d6d4a88b7867279b08e72d2579-2230,comment_banner,CWE-119,-0.0003027915954589844,0.0,0.0,0.0
LineVul-public,bigvul-c995d4fe5e96f4d6d4a88b7867279b08e72d2579-2230,control_flow_rewrite,CWE-119,-0.00017207860946655273,0.0,0.0,0.0
LineVul-public,bigvul-c995d4fe5e96f4d6d4a88b7867279b08e72d2579-2230,dead_branch_after_opening_brace,CWE-119,-3.9577484130859375e-05,0.0,0.0,0.0
LineVul-public,bigvul-c995d4fe5e96f4d6d4a88b7867279b08e72d2579-2230,identifier_renaming,CWE-119,-0.00017207860946655273,0.0,0.0,0.0
LineVul-public,bigvul-c995d4fe5e96f4d6d4a88b7867279b08e72d2579-2230,original,CWE-119,-0.00017207860946655273,0.0,0.0,0.0
LineVul-public,bigvul-c995d4fe5e96f4d6d4a88b7867279b08e72d2579-2230,safe_dead_code_carrier,CWE-119,-5.2928924560546875e-05,0.0,0.0,0.0
LineVul-public,bigvul-cd0bd79d6ebdb72183e6f0833673464cc10b3600-28,blank_line_expansion,unknown,-5.578131094807759e-07,0.0,0.0,0.0
LineVul-public,bigvul-cd0bd79d6ebdb72183e6f0833673464cc10b3600-28,brace_line_shift,unknown,-3.479055521893315e-06,0.0,0.0,0.0
LineVul-public,bigvul-cd0bd79d6ebdb72183e6f0833673464cc10b3600-28,code_normalization_abstraction,unknown,-6.01716419623699e-06,0.0,0.0,0.0
LineVul-public,bigvul-cd0bd79d6ebdb72183e6f0833673464cc10b3600-28,comment_banner,unknown,-3.7035115383332595e-06,0.0,0.0,0.0
LineVul-public,bigvul-cd0bd79d6ebdb72183e6f0833673464cc10b3600-28,control_flow_rewrite,unknown,-6.01716419623699e-06,0.0,0.0,0.0
LineVul-public,bigvul-cd0bd79d6ebdb72183e6f0833673464cc10b3600-28,dead_branch_after_opening_brace,unknown,-5.960464477539062e-07,0.0,0.0,0.0
LineVul-public,bigvul-cd0bd79d6ebdb72183e6f0833673464cc10b3600-28,identifier_renaming,unknown,0.0014670813761767931,1.0,0.0,0.0
LineVul-public,bigvul-cd0bd79d6ebdb72183e6f0833673464cc10b3600-28,original,unknown,-6.01716419623699e-06,0.0,0.0,0.0
LineVul-public,bigvul-cd0bd79d6ebdb72183e6f0833673464cc10b3600-28,safe_dead_code_carrier,unknown,1.5854835510253906e-05,1.0,0.0,0.0
LineVul-public,bigvul-d0947db40187f4708c58e64cbd6013faf9eddeed-2221,blank_line_expansion,CWE-119,0.0,0.0,1.0,0.0
LineVul-public,bigvul-d0947db40187f4708c58e64cbd6013faf9eddeed-2221,brace_line_shift,CWE-119,0.0,0.0,1.0,0.0
LineVul-public,bigvul-d0947db40187f4708c58e64cbd6013faf9eddeed-2221,code_normalization_abstraction,CWE-119,0.0,0.0,1.0,0.0
LineVul-public,bigvul-d0947db40187f4708c58e64cbd6013faf9eddeed-2221,comment_banner,CWE-119,0.0,0.0,1.0,0.0
LineVul-public,bigvul-d0947db40187f4708c58e64cbd6013faf9eddeed-2221,control_flow_rewrite,CWE-119,0.0,0.0,1.0,0.0
LineVul-public,bigvul-d0947db40187f4708c58e64cbd6013faf9eddeed-2221,dead_branch_after_opening_brace,CWE-119,0.0,0.0,1.0,0.0
LineVul-public,bigvul-d0947db40187f4708c58e64cbd6013faf9eddeed-2221,identifier_renaming,CWE-119,0.0,0.0,1.0,0.0
LineVul-public,bigvul-d0947db40187f4708c58e64cbd6013faf9eddeed-2221,original,CWE-119,0.0,0.0,1.0,0.0
LineVul-public,bigvul-d0947db40187f4708c58e64cbd6013faf9eddeed-2221,safe_dead_code_carrier,CWE-119,0.0,0.0,1.0,0.0
LineVul-public,bigvul-d27468a832d5316884bd02f459cbf493697fd7e1-992,blank_line_expansion,CWE-254,-5.7368197303730994e-08,0.0,0.0,0.0
LineVul-public,bigvul-d27468a832d5316884bd02f459cbf493697fd7e1-992,brace_line_shift,CWE-254,4.625717338058166e-07,1.0,0.0,0.0
LineVul-public,bigvul-d27468a832d5316884bd02f459cbf493697fd7e1-992,code_normalization_abstraction,CWE-254,-2.2005169739713892e-06,0.0,0.0,0.0
LineVul-public,bigvul-d27468a832d5316884bd02f459cbf493697fd7e1-992,comment_banner,CWE-254,0.005106719620926015,1.0,0.0,0.0
LineVul-public,bigvul-d27468a832d5316884bd02f459cbf493697fd7e1-992,control_flow_rewrite,CWE-254,-1.1384748177079018e-05,0.0,0.0,0.0
LineVul-public,bigvul-d27468a832d5316884bd02f459cbf493697fd7e1-992,dead_branch_after_opening_brace,CWE-254,0.008964300155639648,1.0,0.0,0.0
LineVul-public,bigvul-d27468a832d5316884bd02f459cbf493697fd7e1-992,identifier_renaming,CWE-254,-0.0042692748065746855,0.0,0.0,0.0
LineVul-public,bigvul-d27468a832d5316884bd02f459cbf493697fd7e1-992,original,CWE-254,-1.1384748177079018e-05,0.0,0.0,0.0
LineVul-public,bigvul-d27468a832d5316884bd02f459cbf493697fd7e1-992,safe_dead_code_carrier,CWE-254,0.011311829090118408,1.0,0.0,0.0
LineVul-public,bigvul-d42b2388f7f8e0332c846675133acea151fc557a-219,blank_line_expansion,CWE-190,0.0024982449249364436,1.0,0.0,0.0
LineVul-public,bigvul-d42b2388f7f8e0332c846675133acea151fc557a-219,brace_line_shift,CWE-190,-3.5762786865234375e-07,0.0,0.0,0.0
LineVul-public,bigvul-d42b2388f7f8e0332c846675133acea151fc557a-219,code_normalization_abstraction,CWE-190,8.344650268554688e-07,1.0,0.0,0.0
LineVul-public,bigvul-d42b2388f7f8e0332c846675133acea151fc557a-219,comment_banner,CWE-190,8.702278137207031e-06,1.0,0.0,0.0
LineVul-public,bigvul-d42b2388f7f8e0332c846675133acea151fc557a-219,control_flow_rewrite,CWE-190,8.344650268554688e-07,1.0,0.0,0.0
LineVul-public,bigvul-d42b2388f7f8e0332c846675133acea151fc557a-219,dead_branch_after_opening_brace,CWE-190,-3.933906555175781e-06,0.0,0.0,0.0
LineVul-public,bigvul-d42b2388f7f8e0332c846675133acea151fc557a-219,identifier_renaming,CWE-190,6.079673767089844e-06,1.0,0.0,0.0
LineVul-public,bigvul-d42b2388f7f8e0332c846675133acea151fc557a-219,original,CWE-190,8.344650268554688e-07,1.0,0.0,0.0
LineVul-public,bigvul-d42b2388f7f8e0332c846675133acea151fc557a-219,safe_dead_code_carrier,CWE-190,2.0265579223632812e-06,1.0,0.0,0.0
LineVul-public,bigvul-d42b2388f7f8e0332c846675133acea151fc557a-839,blank_line_expansion,CWE-190,0.0,0.0,1.0,0.0
LineVul-public,bigvul-d42b2388f7f8e0332c846675133acea151fc557a-839,brace_line_shift,CWE-190,0.0,0.0,1.0,0.0
LineVul-public,bigvul-d42b2388f7f8e0332c846675133acea151fc557a-839,code_normalization_abstraction,CWE-190,0.0,0.0,1.0,0.0
LineVul-public,bigvul-d42b2388f7f8e0332c846675133acea151fc557a-839,comment_banner,CWE-190,0.0,0.0,1.0,0.0
LineVul-public,bigvul-d42b2388f7f8e0332c846675133acea151fc557a-839,control_flow_rewrite,CWE-190,0.0,0.0,1.0,0.0
LineVul-public,bigvul-d42b2388f7f8e0332c846675133acea151fc557a-839,dead_branch_after_opening_brace,CWE-190,0.0,0.0,1.0,0.0
LineVul-public,bigvul-d42b2388f7f8e0332c846675133acea151fc557a-839,identifier_renaming,CWE-190,0.0,0.0,1.0,0.0
LineVul-public,bigvul-d42b2388f7f8e0332c846675133acea151fc557a-839,original,CWE-190,0.0,0.0,1.0,0.0
LineVul-public,bigvul-d42b2388f7f8e0332c846675133acea151fc557a-839,safe_dead_code_carrier,CWE-190,0.0,0.0,1.0,0.0
LineVul-public,bigvul-d63a3c5729df59f183e9e110d5d8385d17caaad0-1769,blank_line_expansion,CWE-416,-9.865532774711028e-06,0.0,0.0,0.0
LineVul-public,bigvul-d63a3c5729df59f183e9e110d5d8385d17caaad0-1769,brace_line_shift,CWE-416,-1.0047606338048354e-05,0.0,0.0,0.0
LineVul-public,bigvul-d63a3c5729df59f183e9e110d5d8385d17caaad0-1769,code_normalization_abstraction,CWE-416,-1.0047606338048354e-05,0.0,0.0,0.0
LineVul-public,bigvul-d63a3c5729df59f183e9e110d5d8385d17caaad0-1769,comment_banner,CWE-416,-1.4455017662839964e-06,0.0,0.0,0.0
LineVul-public,bigvul-d63a3c5729df59f183e9e110d5d8385d17caaad0-1769,control_flow_rewrite,CWE-416,-1.0047606338048354e-05,0.0,0.0,0.0
LineVul-public,bigvul-d63a3c5729df59f183e9e110d5d8385d17caaad0-1769,dead_branch_after_opening_brace,CWE-416,4.0336453821510077e-07,1.0,0.0,0.0
LineVul-public,bigvul-d63a3c5729df59f183e9e110d5d8385d17caaad0-1769,identifier_renaming,CWE-416,-2.389997462159954e-06,0.0,0.0,0.0
LineVul-public,bigvul-d63a3c5729df59f183e9e110d5d8385d17caaad0-1769,original,CWE-416,-1.0047606338048354e-05,0.0,0.0,0.0
LineVul-public,bigvul-d63a3c5729df59f183e9e110d5d8385d17caaad0-1769,safe_dead_code_carrier,CWE-416,-5.527308530872688e-07,0.0,0.0,0.0
LineVul-public,bigvul-e21bdfb9c758ac411012ad84f83d26d3f7dd69fb-855,blank_line_expansion,CWE-264,-0.00013113021850585938,0.0,0.0,0.0
LineVul-public,bigvul-e21bdfb9c758ac411012ad84f83d26d3f7dd69fb-855,brace_line_shift,CWE-264,-2.288818359375e-05,0.0,0.0,0.0
LineVul-public,bigvul-e21bdfb9c758ac411012ad84f83d26d3f7dd69fb-855,code_normalization_abstraction,CWE-264,-2.86102294921875e-06,0.0,0.0,0.0
LineVul-public,bigvul-e21bdfb9c758ac411012ad84f83d26d3f7dd69fb-855,comment_banner,CWE-264,-5.960464477539062e-07,0.0,0.0,0.0
LineVul-public,bigvul-e21bdfb9c758ac411012ad84f83d26d3f7dd69fb-855,control_flow_rewrite,CWE-264,-6.556510925292969e-06,0.0,0.0,0.0
LineVul-public,bigvul-e21bdfb9c758ac411012ad84f83d26d3f7dd69fb-855,dead_branch_after_opening_brace,CWE-264,1.1920928955078125e-06,1.0,0.0,0.0
LineVul-public,bigvul-e21bdfb9c758ac411012ad84f83d26d3f7dd69fb-855,identifier_renaming,CWE-264,-6.556510925292969e-06,0.0,0.0,0.0
LineVul-public,bigvul-e21bdfb9c758ac411012ad84f83d26d3f7dd69fb-855,original,CWE-264,-6.556510925292969e-06,0.0,0.0,0.0
LineVul-public,bigvul-e21bdfb9c758ac411012ad84f83d26d3f7dd69fb-855,safe_dead_code_carrier,CWE-264,0.0,0.0,1.0,0.0
LineVul-public,bigvul-e248db02fbab2ee9162940bc19f087fd7d96cb9d-1187,blank_line_expansion,CWE-119,0.0,0.0,1.0,0.0
LineVul-public,bigvul-e248db02fbab2ee9162940bc19f087fd7d96cb9d-1187,brace_line_shift,CWE-119,0.0,0.0,1.0,0.0
LineVul-public,bigvul-e248db02fbab2ee9162940bc19f087fd7d96cb9d-1187,code_normalization_abstraction,CWE-119,0.0,0.0,1.0,0.0
LineVul-public,bigvul-e248db02fbab2ee9162940bc19f087fd7d96cb9d-1187,comment_banner,CWE-119,0.0,0.0,1.0,0.0
LineVul-public,bigvul-e248db02fbab2ee9162940bc19f087fd7d96cb9d-1187,control_flow_rewrite,CWE-119,0.0,0.0,1.0,0.0
LineVul-public,bigvul-e248db02fbab2ee9162940bc19f087fd7d96cb9d-1187,dead_branch_after_opening_brace,CWE-119,0.0,0.0,1.0,0.0
LineVul-public,bigvul-e248db02fbab2ee9162940bc19f087fd7d96cb9d-1187,identifier_renaming,CWE-119,0.0,0.0,1.0,0.0
LineVul-public,bigvul-e248db02fbab2ee9162940bc19f087fd7d96cb9d-1187,original,CWE-119,0.0,0.0,1.0,0.0
LineVul-public,bigvul-e248db02fbab2ee9162940bc19f087fd7d96cb9d-1187,safe_dead_code_carrier,CWE-119,0.0,0.0,1.0,0.0
LineVul-public,bigvul-e89cfcb9090e8c98129ae9160c513f504db74599-1448,blank_line_expansion,CWE-20,-0.031036734580993652,0.0,0.0,0.0
LineVul-public,bigvul-e89cfcb9090e8c98129ae9160c513f504db74599-1448,brace_line_shift,CWE-20,-0.9998853227989457,0.0,0.0,0.0
LineVul-public,bigvul-e89cfcb9090e8c98129ae9160c513f504db74599-1448,code_normalization_abstraction,CWE-20,-0.0016134381294250488,0.0,0.0,0.0
LineVul-public,bigvul-e89cfcb9090e8c98129ae9160c513f504db74599-1448,comment_banner,CWE-20,-0.9786481317132711,0.0,0.0,0.0
LineVul-public,bigvul-e89cfcb9090e8c98129ae9160c513f504db74599-1448,control_flow_rewrite,CWE-20,-0.0016134381294250488,0.0,0.0,0.0
LineVul-public,bigvul-e89cfcb9090e8c98129ae9160c513f504db74599-1448,dead_branch_after_opening_brace,CWE-20,-4.947185516357422e-05,0.0,0.0,0.0
LineVul-public,bigvul-e89cfcb9090e8c98129ae9160c513f504db74599-1448,identifier_renaming,CWE-20,-0.0016134381294250488,0.0,0.0,0.0
LineVul-public,bigvul-e89cfcb9090e8c98129ae9160c513f504db74599-1448,original,CWE-20,-0.0016134381294250488,0.0,0.0,0.0
LineVul-public,bigvul-e89cfcb9090e8c98129ae9160c513f504db74599-1448,safe_dead_code_carrier,CWE-20,-7.37905502319336e-05,0.0,0.0,0.0
LineVul-public,bigvul-e9372a1bfd3588a80fcf49aa07321f0971dd6091-1128,blank_line_expansion,unknown,0.0002981643774546683,1.0,0.0,0.0
LineVul-public,bigvul-e9372a1bfd3588a80fcf49aa07321f0971dd6091-1128,brace_line_shift,unknown,-0.005391387268900871,0.0,0.0,0.0
LineVul-public,bigvul-e9372a1bfd3588a80fcf49aa07321f0971dd6091-1128,code_normalization_abstraction,unknown,-0.18416374549269676,0.0,0.0,0.0
LineVul-public,bigvul-e9372a1bfd3588a80fcf49aa07321f0971dd6091-1128,comment_banner,unknown,0.005098402500152588,1.0,0.0,0.0
LineVul-public,bigvul-e9372a1bfd3588a80fcf49aa07321f0971dd6091-1128,control_flow_rewrite,unknown,-0.005391387268900871,0.0,0.0,0.0
LineVul-public,bigvul-e9372a1bfd3588a80fcf49aa07321f0971dd6091-1128,dead_branch_after_opening_brace,unknown,-0.0027418136596679688,0.0,0.0,0.0
LineVul-public,bigvul-e9372a1bfd3588a80fcf49aa07321f0971dd6091-1128,identifier_renaming,unknown,-0.005391387268900871,0.0,0.0,0.0
LineVul-public,bigvul-e9372a1bfd3588a80fcf49aa07321f0971dd6091-1128,original,unknown,-0.005391387268900871,0.0,0.0,0.0
LineVul-public,bigvul-e9372a1bfd3588a80fcf49aa07321f0971dd6091-1128,safe_dead_code_carrier,unknown,3.552436828613281e-05,1.0,0.0,0.0
LineVul-public,bigvul-e9372a1bfd3588a80fcf49aa07321f0971dd6091-1892,blank_line_expansion,unknown,-0.0012307552096899599,0.0,0.0,0.0
LineVul-public,bigvul-e9372a1bfd3588a80fcf49aa07321f0971dd6091-1892,brace_line_shift,unknown,2.6047229766845703e-05,1.0,0.0,0.0
LineVul-public,bigvul-e9372a1bfd3588a80fcf49aa07321f0971dd6091-1892,code_normalization_abstraction,unknown,0.0001207590103149414,1.0,0.0,0.0
LineVul-public,bigvul-e9372a1bfd3588a80fcf49aa07321f0971dd6091-1892,comment_banner,unknown,9.894371032714844e-06,1.0,0.0,0.0
LineVul-public,bigvul-e9372a1bfd3588a80fcf49aa07321f0971dd6091-1892,control_flow_rewrite,unknown,2.6047229766845703e-05,1.0,0.0,0.0
LineVul-public,bigvul-e9372a1bfd3588a80fcf49aa07321f0971dd6091-1892,dead_branch_after_opening_brace,unknown,-7.987022399902344e-06,0.0,0.0,0.0
LineVul-public,bigvul-e9372a1bfd3588a80fcf49aa07321f0971dd6091-1892,identifier_renaming,unknown,0.00015491247177124023,1.0,0.0,0.0
LineVul-public,bigvul-e9372a1bfd3588a80fcf49aa07321f0971dd6091-1892,original,unknown,2.6047229766845703e-05,1.0,0.0,0.0
LineVul-public,bigvul-e9372a1bfd3588a80fcf49aa07321f0971dd6091-1892,safe_dead_code_carrier,unknown,-1.1801719665527344e-05,0.0,0.0,0.0
LineVul-public,bigvul-eaf2e8bce3855d362e53034bd83f0e3aff8714e4-1860,blank_line_expansion,unknown,3.2186508178710938e-06,1.0,0.0,0.0
LineVul-public,bigvul-eaf2e8bce3855d362e53034bd83f0e3aff8714e4-1860,brace_line_shift,unknown,1.0013580322265625e-05,1.0,0.0,0.0
LineVul-public,bigvul-eaf2e8bce3855d362e53034bd83f0e3aff8714e4-1860,code_normalization_abstraction,unknown,-2.86102294921875e-06,0.0,0.0,0.0
LineVul-public,bigvul-eaf2e8bce3855d362e53034bd83f0e3aff8714e4-1860,comment_banner,unknown,9.417533874511719e-06,1.0,0.0,0.0
LineVul-public,bigvul-eaf2e8bce3855d362e53034bd83f0e3aff8714e4-1860,control_flow_rewrite,unknown,-2.86102294921875e-06,0.0,0.0,0.0
LineVul-public,bigvul-eaf2e8bce3855d362e53034bd83f0e3aff8714e4-1860,dead_branch_after_opening_brace,unknown,3.0994415283203125e-06,1.0,0.0,0.0
LineVul-public,bigvul-eaf2e8bce3855d362e53034bd83f0e3aff8714e4-1860,identifier_renaming,unknown,-2.86102294921875e-06,0.0,0.0,0.0
LineVul-public,bigvul-eaf2e8bce3855d362e53034bd83f0e3aff8714e4-1860,original,unknown,-2.86102294921875e-06,0.0,0.0,0.0
LineVul-public,bigvul-eaf2e8bce3855d362e53034bd83f0e3aff8714e4-1860,safe_dead_code_carrier,unknown,1.5497207641601562e-06,1.0,0.0,0.0
LineVul-public,bigvul-edc7d3035883ddca8413e4fe7689aa2e579ef04a-2146,blank_line_expansion,CWE-125,0.006795525550842285,1.0,0.0,0.0
LineVul-public,bigvul-edc7d3035883ddca8413e4fe7689aa2e579ef04a-2146,brace_line_shift,CWE-125,-9.750454410095699e-06,0.0,0.0,0.0
LineVul-public,bigvul-edc7d3035883ddca8413e4fe7689aa2e579ef04a-2146,code_normalization_abstraction,CWE-125,0.0005093216896057129,1.0,0.0,0.0
LineVul-public,bigvul-edc7d3035883ddca8413e4fe7689aa2e579ef04a-2146,comment_banner,CWE-125,2.5391578674316406e-05,1.0,0.0,0.0
LineVul-public,bigvul-edc7d3035883ddca8413e4fe7689aa2e579ef04a-2146,control_flow_rewrite,CWE-125,0.0005093216896057129,1.0,0.0,0.0
LineVul-public,bigvul-edc7d3035883ddca8413e4fe7689aa2e579ef04a-2146,dead_branch_after_opening_brace,CWE-125,0.0009592175483703613,1.0,0.0,0.0
LineVul-public,bigvul-edc7d3035883ddca8413e4fe7689aa2e579ef04a-2146,identifier_renaming,CWE-125,0.0005093216896057129,1.0,0.0,0.0
LineVul-public,bigvul-edc7d3035883ddca8413e4fe7689aa2e579ef04a-2146,original,CWE-125,0.0005093216896057129,1.0,0.0,0.0
LineVul-public,bigvul-edc7d3035883ddca8413e4fe7689aa2e579ef04a-2146,safe_dead_code_carrier,CWE-125,-6.9141387939453125e-06,0.0,0.0,0.0
LineVul-public,bigvul-edd4a76eb4747bd19ed122df46fa46b452c12a0d-1890,blank_line_expansion,CWE-189,0.00021654367446899414,1.0,0.0,0.0
LineVul-public,bigvul-edd4a76eb4747bd19ed122df46fa46b452c12a0d-1890,brace_line_shift,CWE-189,-0.00023978948593139648,0.0,0.0,0.0
LineVul-public,bigvul-edd4a76eb4747bd19ed122df46fa46b452c12a0d-1890,code_normalization_abstraction,CWE-189,1.9431114196777344e-05,1.0,0.0,0.0
LineVul-public,bigvul-edd4a76eb4747bd19ed122df46fa46b452c12a0d-1890,comment_banner,CWE-189,0.0003529787063598633,1.0,0.0,0.0
LineVul-public,bigvul-edd4a76eb4747bd19ed122df46fa46b452c12a0d-1890,control_flow_rewrite,CWE-189,9.053945541381836e-05,1.0,0.0,0.0
LineVul-public,bigvul-edd4a76eb4747bd19ed122df46fa46b452c12a0d-1890,dead_branch_after_opening_brace,CWE-189,0.00022584199905395508,1.0,0.0,0.0
LineVul-public,bigvul-edd4a76eb4747bd19ed122df46fa46b452c12a0d-1890,identifier_renaming,CWE-189,-4.595518112182617e-05,0.0,0.0,0.0
LineVul-public,bigvul-edd4a76eb4747bd19ed122df46fa46b452c12a0d-1890,original,CWE-189,9.053945541381836e-05,1.0,0.0,0.0
LineVul-public,bigvul-edd4a76eb4747bd19ed122df46fa46b452c12a0d-1890,safe_dead_code_carrier,CWE-189,3.361701965332031e-05,1.0,0.0,0.0
LineVul-public,bigvul-eea3300239f0b53e172a320eb8de59d0bea65f27-1319,blank_line_expansion,CWE-200,-0.909681921126321,0.0,0.0,0.0
LineVul-public,bigvul-eea3300239f0b53e172a320eb8de59d0bea65f27-1319,brace_line_shift,CWE-200,-0.8873311411589384,0.0,0.0,0.0
LineVul-public,bigvul-eea3300239f0b53e172a320eb8de59d0bea65f27-1319,code_normalization_abstraction,CWE-200,-0.7759505212306976,0.0,0.0,0.0
LineVul-public,bigvul-eea3300239f0b53e172a320eb8de59d0bea65f27-1319,comment_banner,CWE-200,-0.9077159825246781,0.0,0.0,0.0
LineVul-public,bigvul-eea3300239f0b53e172a320eb8de59d0bea65f27-1319,control_flow_rewrite,CWE-200,-0.69595867395401,0.0,0.0,0.0
LineVul-public,bigvul-eea3300239f0b53e172a320eb8de59d0bea65f27-1319,dead_branch_after_opening_brace,CWE-200,0.0781327486038208,1.0,0.0,0.0
LineVul-public,bigvul-eea3300239f0b53e172a320eb8de59d0bea65f27-1319,identifier_renaming,CWE-200,-0.69595867395401,0.0,0.0,0.0
LineVul-public,bigvul-eea3300239f0b53e172a320eb8de59d0bea65f27-1319,original,CWE-200,-0.69595867395401,0.0,0.0,0.0
LineVul-public,bigvul-eea3300239f0b53e172a320eb8de59d0bea65f27-1319,safe_dead_code_carrier,CWE-200,0.07795608043670654,1.0,0.0,0.0
LineVul-public,bigvul-ef85b67385436ddc1998f45f1d6a210f935b3388-2254,blank_line_expansion,CWE-388,7.659196853637695e-05,1.0,0.0,0.0
LineVul-public,bigvul-ef85b67385436ddc1998f45f1d6a210f935b3388-2254,brace_line_shift,CWE-388,-1.6689300537109375e-06,0.0,0.0,0.0
LineVul-public,bigvul-ef85b67385436ddc1998f45f1d6a210f935b3388-2254,code_normalization_abstraction,CWE-388,-1.6689300537109375e-06,0.0,0.0,0.0
LineVul-public,bigvul-ef85b67385436ddc1998f45f1d6a210f935b3388-2254,comment_banner,CWE-388,-8.344650268554688e-07,0.0,0.0,0.0
LineVul-public,bigvul-ef85b67385436ddc1998f45f1d6a210f935b3388-2254,control_flow_rewrite,CWE-388,-1.6689300537109375e-06,0.0,0.0,0.0
LineVul-public,bigvul-ef85b67385436ddc1998f45f1d6a210f935b3388-2254,dead_branch_after_opening_brace,CWE-388,2.384185791015625e-06,1.0,0.0,0.0
LineVul-public,bigvul-ef85b67385436ddc1998f45f1d6a210f935b3388-2254,identifier_renaming,CWE-388,-1.6689300537109375e-06,0.0,0.0,0.0
LineVul-public,bigvul-ef85b67385436ddc1998f45f1d6a210f935b3388-2254,original,CWE-388,-1.6689300537109375e-06,0.0,0.0,0.0
LineVul-public,bigvul-ef85b67385436ddc1998f45f1d6a210f935b3388-2254,safe_dead_code_carrier,CWE-388,1.9073486328125e-06,1.0,0.0,0.0
LineVul-public,bigvul-f597300439e62f5e921f0d7b1e880b5c1a1f1607-1839,blank_line_expansion,CWE-416,0.0,0.0,1.0,0.0
LineVul-public,bigvul-f597300439e62f5e921f0d7b1e880b5c1a1f1607-1839,brace_line_shift,CWE-416,0.0,0.0,1.0,0.0
LineVul-public,bigvul-f597300439e62f5e921f0d7b1e880b5c1a1f1607-1839,code_normalization_abstraction,CWE-416,0.0,0.0,1.0,0.0
LineVul-public,bigvul-f597300439e62f5e921f0d7b1e880b5c1a1f1607-1839,comment_banner,CWE-416,0.0,0.0,1.0,0.0
LineVul-public,bigvul-f597300439e62f5e921f0d7b1e880b5c1a1f1607-1839,control_flow_rewrite,CWE-416,0.0,0.0,1.0,0.0
LineVul-public,bigvul-f597300439e62f5e921f0d7b1e880b5c1a1f1607-1839,dead_branch_after_opening_brace,CWE-416,0.0,0.0,1.0,0.0
LineVul-public,bigvul-f597300439e62f5e921f0d7b1e880b5c1a1f1607-1839,identifier_renaming,CWE-416,0.0,0.0,1.0,0.0
LineVul-public,bigvul-f597300439e62f5e921f0d7b1e880b5c1a1f1607-1839,original,CWE-416,0.0,0.0,1.0,0.0
LineVul-public,bigvul-f597300439e62f5e921f0d7b1e880b5c1a1f1607-1839,safe_dead_code_carrier,CWE-416,0.0,0.0,1.0,0.0
LineVul-public,bigvul-fc80ab45621bd966f70594c0b7393ec005a94007-2360,blank_line_expansion,CWE-772,-1.1920928955078125e-07,0.0,0.0,0.0
LineVul-public,bigvul-fc80ab45621bd966f70594c0b7393ec005a94007-2360,brace_line_shift,CWE-772,-2.2649765014648438e-06,0.0,0.0,0.0
LineVul-public,bigvul-fc80ab45621bd966f70594c0b7393ec005a94007-2360,code_normalization_abstraction,CWE-772,1.0728836059570312e-06,1.0,0.0,0.0
LineVul-public,bigvul-fc80ab45621bd966f70594c0b7393ec005a94007-2360,comment_banner,CWE-772,3.5762786865234375e-06,1.0,0.0,0.0
LineVul-public,bigvul-fc80ab45621bd966f70594c0b7393ec005a94007-2360,control_flow_rewrite,CWE-772,5.960464477539062e-07,1.0,0.0,0.0
LineVul-public,bigvul-fc80ab45621bd966f70594c0b7393ec005a94007-2360,dead_branch_after_opening_brace,CWE-772,-2.86102294921875e-06,0.0,0.0,0.0
LineVul-public,bigvul-fc80ab45621bd966f70594c0b7393ec005a94007-2360,identifier_renaming,CWE-772,3.4570693969726562e-06,1.0,0.0,0.0
LineVul-public,bigvul-fc80ab45621bd966f70594c0b7393ec005a94007-2360,original,CWE-772,5.960464477539062e-07,1.0,0.0,0.0
LineVul-public,bigvul-fc80ab45621bd966f70594c0b7393ec005a94007-2360,safe_dead_code_carrier,CWE-772,4.5299530029296875e-06,1.0,0.0,0.0
ReGVD-official-validation-calibrated,bigvul-04839626ed859623901ebd3a5fd483982186b59d-100,blank_line_expansion,CWE-119,-0.00656542181968689,0.0,0.0,0.0
ReGVD-official-validation-calibrated,bigvul-04839626ed859623901ebd3a5fd483982186b59d-100,brace_line_shift,CWE-119,-0.00656542181968689,0.0,0.0,0.0
ReGVD-official-validation-calibrated,bigvul-04839626ed859623901ebd3a5fd483982186b59d-100,code_normalization_abstraction,CWE-119,-0.0069668591022491455,0.0,0.0,0.0
ReGVD-official-validation-calibrated,bigvul-04839626ed859623901ebd3a5fd483982186b59d-100,comment_banner,CWE-119,-0.014375656843185425,0.0,0.0,0.0
ReGVD-official-validation-calibrated,bigvul-04839626ed859623901ebd3a5fd483982186b59d-100,control_flow_rewrite,CWE-119,-0.00656542181968689,0.0,0.0,0.0
ReGVD-official-validation-calibrated,bigvul-04839626ed859623901ebd3a5fd483982186b59d-100,dead_branch_after_opening_brace,CWE-119,-0.0200178325176239,0.0,0.0,0.0
ReGVD-official-validation-calibrated,bigvul-04839626ed859623901ebd3a5fd483982186b59d-100,identifier_renaming,CWE-119,-0.00656542181968689,0.0,0.0,0.0
ReGVD-official-validation-calibrated,bigvul-04839626ed859623901ebd3a5fd483982186b59d-100,original,CWE-119,-0.00656542181968689,0.0,0.0,0.0
ReGVD-official-validation-calibrated,bigvul-04839626ed859623901ebd3a5fd483982186b59d-100,safe_dead_code_carrier,CWE-119,-0.023831844329833984,0.0,0.0,0.0
ReGVD-official-validation-calibrated,bigvul-04839626ed859623901ebd3a5fd483982186b59d-595,blank_line_expansion,CWE-119,0.004026085138320923,1.0,0.0,0.0
ReGVD-official-validation-calibrated,bigvul-04839626ed859623901ebd3a5fd483982186b59d-595,brace_line_shift,CWE-119,0.004026085138320923,1.0,0.0,0.0
ReGVD-official-validation-calibrated,bigvul-04839626ed859623901ebd3a5fd483982186b59d-595,code_normalization_abstraction,CWE-119,0.0030847489833831787,1.0,0.0,0.0
ReGVD-official-validation-calibrated,bigvul-04839626ed859623901ebd3a5fd483982186b59d-595,comment_banner,CWE-119,0.004563331604003906,1.0,0.0,0.0
ReGVD-official-validation-calibrated,bigvul-04839626ed859623901ebd3a5fd483982186b59d-595,control_flow_rewrite,CWE-119,0.004026085138320923,1.0,0.0,0.0
ReGVD-official-validation-calibrated,bigvul-04839626ed859623901ebd3a5fd483982186b59d-595,dead_branch_after_opening_brace,CWE-119,0.0014178156852722168,1.0,0.0,0.0
ReGVD-official-validation-calibrated,bigvul-04839626ed859623901ebd3a5fd483982186b59d-595,identifier_renaming,CWE-119,0.004026085138320923,1.0,0.0,0.0
ReGVD-official-validation-calibrated,bigvul-04839626ed859623901ebd3a5fd483982186b59d-595,original,CWE-119,0.004026085138320923,1.0,0.0,0.0
ReGVD-official-validation-calibrated,bigvul-04839626ed859623901ebd3a5fd483982186b59d-595,safe_dead_code_carrier,CWE-119,0.0007832050323486328,1.0,0.0,0.0
ReGVD-official-validation-calibrated,bigvul-04aaacb936a08d70862d6d9d7e8354721ae46be8-2882,blank_line_expansion,CWE-200,0.0019679665565490723,1.0,0.0,0.0
ReGVD-official-validation-calibrated,bigvul-04aaacb936a08d70862d6d9d7e8354721ae46be8-2882,brace_line_shift,CWE-200,0.0019679665565490723,1.0,0.0,0.0
ReGVD-official-validation-calibrated,bigvul-04aaacb936a08d70862d6d9d7e8354721ae46be8-2882,code_normalization_abstraction,CWE-200,0.0019679665565490723,1.0,0.0,0.0
ReGVD-official-validation-calibrated,bigvul-04aaacb936a08d70862d6d9d7e8354721ae46be8-2882,comment_banner,CWE-200,0.002575516700744629,1.0,0.0,0.0
ReGVD-official-validation-calibrated,bigvul-04aaacb936a08d70862d6d9d7e8354721ae46be8-2882,control_flow_rewrite,CWE-200,0.0019679665565490723,1.0,0.0,0.0
ReGVD-official-validation-calibrated,bigvul-04aaacb936a08d70862d6d9d7e8354721ae46be8-2882,dead_branch_after_opening_brace,CWE-200,0.0019492805004119873,1.0,0.0,0.0
ReGVD-official-validation-calibrated,bigvul-04aaacb936a08d70862d6d9d7e8354721ae46be8-2882,identifier_renaming,CWE-200,0.0019679665565490723,1.0,0.0,0.0
ReGVD-official-validation-calibrated,bigvul-04aaacb936a08d70862d6d9d7e8354721ae46be8-2882,original,CWE-200,0.0019679665565490723,1.0,0.0,0.0
ReGVD-official-validation-calibrated,bigvul-04aaacb936a08d70862d6d9d7e8354721ae46be8-2882,safe_dead_code_carrier,CWE-200,-0.0005785524845123291,0.0,0.0,0.0
ReGVD-official-validation-calibrated,bigvul-0558f33c06bb910e2879e355192227a8e8f0219d-1421,blank_line_expansion,unknown,-0.0035987496376037598,0.0,0.0,0.0
ReGVD-official-validation-calibrated,bigvul-0558f33c06bb910e2879e355192227a8e8f0219d-1421,brace_line_shift,unknown,-0.0035987496376037598,0.0,0.0,0.0
ReGVD-official-validation-calibrated,bigvul-0558f33c06bb910e2879e355192227a8e8f0219d-1421,code_normalization_abstraction,unknown,-0.0035988986492156982,0.0,0.0,0.0
ReGVD-official-validation-calibrated,bigvul-0558f33c06bb910e2879e355192227a8e8f0219d-1421,comment_banner,unknown,-0.003955036401748657,0.0,0.0,0.0
ReGVD-official-validation-calibrated,bigvul-0558f33c06bb910e2879e355192227a8e8f0219d-1421,control_flow_rewrite,unknown,-0.0035987496376037598,0.0,0.0,0.0
ReGVD-official-validation-calibrated,bigvul-0558f33c06bb910e2879e355192227a8e8f0219d-1421,dead_branch_after_opening_brace,unknown,-0.0032195448875427246,0.0,0.0,0.0
ReGVD-official-validation-calibrated,bigvul-0558f33c06bb910e2879e355192227a8e8f0219d-1421,identifier_renaming,unknown,-0.004011392593383789,0.0,0.0,0.0
ReGVD-official-validation-calibrated,bigvul-0558f33c06bb910e2879e355192227a8e8f0219d-1421,original,unknown,-0.0035987496376037598,0.0,0.0,0.0
ReGVD-official-validation-calibrated,bigvul-0558f33c06bb910e2879e355192227a8e8f0219d-1421,safe_dead_code_carrier,unknown,-0.004480183124542236,0.0,0.0,0.0
ReGVD-official-validation-calibrated,bigvul-0a38f71865b63025dce4de1f8cca71979c48d14d-2034,blank_line_expansion,CWE-119,0.01567661762237549,1.0,0.0,0.0
ReGVD-official-validation-calibrated,bigvul-0a38f71865b63025dce4de1f8cca71979c48d14d-2034,brace_line_shift,CWE-119,0.01567661762237549,1.0,0.0,0.0
ReGVD-official-validation-calibrated,bigvul-0a38f71865b63025dce4de1f8cca71979c48d14d-2034,code_normalization_abstraction,CWE-119,0.01567661762237549,1.0,0.0,0.0
ReGVD-official-validation-calibrated,bigvul-0a38f71865b63025dce4de1f8cca71979c48d14d-2034,comment_banner,CWE-119,0.012983858585357666,1.0,0.0,0.0
ReGVD-official-validation-calibrated,bigvul-0a38f71865b63025dce4de1f8cca71979c48d14d-2034,control_flow_rewrite,CWE-119,0.01567661762237549,1.0,0.0,0.0
ReGVD-official-validation-calibrated,bigvul-0a38f71865b63025dce4de1f8cca71979c48d14d-2034,dead_branch_after_opening_brace,CWE-119,0.01675286889076233,1.0,0.0,0.0
ReGVD-official-validation-calibrated,bigvul-0a38f71865b63025dce4de1f8cca71979c48d14d-2034,identifier_renaming,CWE-119,0.01567661762237549,1.0,0.0,0.0
ReGVD-official-validation-calibrated,bigvul-0a38f71865b63025dce4de1f8cca71979c48d14d-2034,original,CWE-119,0.01567661762237549,1.0,0.0,0.0
ReGVD-official-validation-calibrated,bigvul-0a38f71865b63025dce4de1f8cca71979c48d14d-2034,safe_dead_code_carrier,CWE-119,0.01682320237159729,1.0,0.0,0.0
ReGVD-official-validation-calibrated,bigvul-0bd1a6ddb5fb23dfea3e72d60e5e8df4cf5826bc-1777,blank_line_expansion,CWE-264,0.0,0.0,1.0,0.0
ReGVD-official-validation-calibrated,bigvul-0bd1a6ddb5fb23dfea3e72d60e5e8df4cf5826bc-1777,brace_line_shift,CWE-264,0.0,0.0,1.0,0.0
ReGVD-official-validation-calibrated,bigvul-0bd1a6ddb5fb23dfea3e72d60e5e8df4cf5826bc-1777,code_normalization_abstraction,CWE-264,0.0,0.0,1.0,0.0
ReGVD-official-validation-calibrated,bigvul-0bd1a6ddb5fb23dfea3e72d60e5e8df4cf5826bc-1777,comment_banner,CWE-264,0.0,0.0,1.0,0.0
ReGVD-official-validation-calibrated,bigvul-0bd1a6ddb5fb23dfea3e72d60e5e8df4cf5826bc-1777,control_flow_rewrite,CWE-264,0.0,0.0,1.0,0.0
ReGVD-official-validation-calibrated,bigvul-0bd1a6ddb5fb23dfea3e72d60e5e8df4cf5826bc-1777,dead_branch_after_opening_brace,CWE-264,0.0,0.0,1.0,0.0
ReGVD-official-validation-calibrated,bigvul-0bd1a6ddb5fb23dfea3e72d60e5e8df4cf5826bc-1777,identifier_renaming,CWE-264,0.0,0.0,1.0,0.0
ReGVD-official-validation-calibrated,bigvul-0bd1a6ddb5fb23dfea3e72d60e5e8df4cf5826bc-1777,original,CWE-264,0.0,0.0,1.0,0.0
ReGVD-official-validation-calibrated,bigvul-0bd1a6ddb5fb23dfea3e72d60e5e8df4cf5826bc-1777,safe_dead_code_carrier,CWE-264,0.0,0.0,1.0,0.0
ReGVD-official-validation-calibrated,bigvul-0bfc96cb77224736dfa35c3c555d37b3646ef35e-2152,blank_line_expansion,CWE-264,0.005903005599975586,1.0,0.0,0.0
ReGVD-official-validation-calibrated,bigvul-0bfc96cb77224736dfa35c3c555d37b3646ef35e-2152,brace_line_shift,CWE-264,0.005903005599975586,1.0,0.0,0.0
ReGVD-official-validation-calibrated,bigvul-0bfc96cb77224736dfa35c3c555d37b3646ef35e-2152,code_normalization_abstraction,CWE-264,0.005589336156845093,1.0,0.0,0.0
ReGVD-official-validation-calibrated,bigvul-0bfc96cb77224736dfa35c3c555d37b3646ef35e-2152,comment_banner,CWE-264,0.006662309169769287,1.0,0.0,0.0
ReGVD-official-validation-calibrated,bigvul-0bfc96cb77224736dfa35c3c555d37b3646ef35e-2152,control_flow_rewrite,CWE-264,0.005903005599975586,1.0,0.0,0.0
ReGVD-official-validation-calibrated,bigvul-0bfc96cb77224736dfa35c3c555d37b3646ef35e-2152,dead_branch_after_opening_brace,CWE-264,0.003239929676055908,1.0,0.0,0.0
ReGVD-official-validation-calibrated,bigvul-0bfc96cb77224736dfa35c3c555d37b3646ef35e-2152,identifier_renaming,CWE-264,0.006100684404373169,1.0,0.0,0.0
ReGVD-official-validation-calibrated,bigvul-0bfc96cb77224736dfa35c3c555d37b3646ef35e-2152,original,CWE-264,0.005903005599975586,1.0,0.0,0.0
ReGVD-official-validation-calibrated,bigvul-0bfc96cb77224736dfa35c3c555d37b3646ef35e-2152,safe_dead_code_carrier,CWE-264,0.001482456922531128,1.0,0.0,0.0
ReGVD-official-validation-calibrated,bigvul-0da8b8b801f9276359262f1ef8274c7812d3dfda?w=1-1398,blank_line_expansion,CWE-190,0.0,0.0,1.0,0.0
ReGVD-official-validation-calibrated,bigvul-0da8b8b801f9276359262f1ef8274c7812d3dfda?w=1-1398,brace_line_shift,CWE-190,0.0,0.0,1.0,0.0
ReGVD-official-validation-calibrated,bigvul-0da8b8b801f9276359262f1ef8274c7812d3dfda?w=1-1398,code_normalization_abstraction,CWE-190,0.0,0.0,1.0,0.0
ReGVD-official-validation-calibrated,bigvul-0da8b8b801f9276359262f1ef8274c7812d3dfda?w=1-1398,comment_banner,CWE-190,0.0,0.0,1.0,0.0
ReGVD-official-validation-calibrated,bigvul-0da8b8b801f9276359262f1ef8274c7812d3dfda?w=1-1398,control_flow_rewrite,CWE-190,0.0,0.0,1.0,0.0
ReGVD-official-validation-calibrated,bigvul-0da8b8b801f9276359262f1ef8274c7812d3dfda?w=1-1398,dead_branch_after_opening_brace,CWE-190,0.0,0.0,1.0,0.0
ReGVD-official-validation-calibrated,bigvul-0da8b8b801f9276359262f1ef8274c7812d3dfda?w=1-1398,identifier_renaming,CWE-190,0.0,0.0,1.0,0.0
ReGVD-official-validation-calibrated,bigvul-0da8b8b801f9276359262f1ef8274c7812d3dfda?w=1-1398,original,CWE-190,0.0,0.0,1.0,0.0
ReGVD-official-validation-calibrated,bigvul-0da8b8b801f9276359262f1ef8274c7812d3dfda?w=1-1398,safe_dead_code_carrier,CWE-190,0.0,0.0,1.0,0.0
ReGVD-official-validation-calibrated,bigvul-14f2111f9cec919a450115ce4914f228effca58e-383,blank_line_expansion,CWE-281,0.0,0.0,1.0,0.0
ReGVD-official-validation-calibrated,bigvul-14f2111f9cec919a450115ce4914f228effca58e-383,brace_line_shift,CWE-281,0.0,0.0,1.0,0.0
ReGVD-official-validation-calibrated,bigvul-14f2111f9cec919a450115ce4914f228effca58e-383,code_normalization_abstraction,CWE-281,0.0,0.0,1.0,0.0
ReGVD-official-validation-calibrated,bigvul-14f2111f9cec919a450115ce4914f228effca58e-383,comment_banner,CWE-281,0.0,0.0,1.0,0.0
ReGVD-official-validation-calibrated,bigvul-14f2111f9cec919a450115ce4914f228effca58e-383,control_flow_rewrite,CWE-281,0.0,0.0,1.0,0.0
ReGVD-official-validation-calibrated,bigvul-14f2111f9cec919a450115ce4914f228effca58e-383,dead_branch_after_opening_brace,CWE-281,0.0,0.0,1.0,0.0
ReGVD-official-validation-calibrated,bigvul-14f2111f9cec919a450115ce4914f228effca58e-383,identifier_renaming,CWE-281,0.0,0.0,1.0,0.0
ReGVD-official-validation-calibrated,bigvul-14f2111f9cec919a450115ce4914f228effca58e-383,original,CWE-281,0.0,0.0,1.0,0.0
ReGVD-official-validation-calibrated,bigvul-14f2111f9cec919a450115ce4914f228effca58e-383,safe_dead_code_carrier,CWE-281,0.0,0.0,1.0,0.0
ReGVD-official-validation-calibrated,bigvul-19190765882e272a6a2162c89acdb29110f7e3cf-511,blank_line_expansion,unknown,-0.01449817419052124,0.0,0.0,0.0
ReGVD-official-validation-calibrated,bigvul-19190765882e272a6a2162c89acdb29110f7e3cf-511,brace_line_shift,unknown,-0.01449817419052124,0.0,0.0,0.0
ReGVD-official-validation-calibrated,bigvul-19190765882e272a6a2162c89acdb29110f7e3cf-511,code_normalization_abstraction,unknown,-0.01449817419052124,0.0,0.0,0.0
ReGVD-official-validation-calibrated,bigvul-19190765882e272a6a2162c89acdb29110f7e3cf-511,comment_banner,unknown,-0.012447476387023926,0.0,0.0,0.0
ReGVD-official-validation-calibrated,bigvul-19190765882e272a6a2162c89acdb29110f7e3cf-511,control_flow_rewrite,unknown,-0.01449817419052124,0.0,0.0,0.0
ReGVD-official-validation-calibrated,bigvul-19190765882e272a6a2162c89acdb29110f7e3cf-511,dead_branch_after_opening_brace,unknown,-0.014098674058914185,0.0,0.0,0.0
ReGVD-official-validation-calibrated,bigvul-19190765882e272a6a2162c89acdb29110f7e3cf-511,identifier_renaming,unknown,-0.01449817419052124,0.0,0.0,0.0
ReGVD-official-validation-calibrated,bigvul-19190765882e272a6a2162c89acdb29110f7e3cf-511,original,unknown,-0.01449817419052124,0.0,0.0,0.0
ReGVD-official-validation-calibrated,bigvul-19190765882e272a6a2162c89acdb29110f7e3cf-511,safe_dead_code_carrier,unknown,-0.013947129249572754,0.0,0.0,0.0
ReGVD-official-validation-calibrated,bigvul-19190765882e272a6a2162c89acdb29110f7e3cf-556,blank_line_expansion,unknown,-0.044831156730651855,0.0,0.0,0.0
ReGVD-official-validation-calibrated,bigvul-19190765882e272a6a2162c89acdb29110f7e3cf-556,brace_line_shift,unknown,-0.044831156730651855,0.0,0.0,0.0
ReGVD-official-validation-calibrated,bigvul-19190765882e272a6a2162c89acdb29110f7e3cf-556,code_normalization_abstraction,unknown,-0.044831156730651855,0.0,0.0,0.0
ReGVD-official-validation-calibrated,bigvul-19190765882e272a6a2162c89acdb29110f7e3cf-556,comment_banner,unknown,-0.04127487540245056,0.0,0.0,0.0
ReGVD-official-validation-calibrated,bigvul-19190765882e272a6a2162c89acdb29110f7e3cf-556,control_flow_rewrite,unknown,-0.044831156730651855,0.0,0.0,0.0
ReGVD-official-validation-calibrated,bigvul-19190765882e272a6a2162c89acdb29110f7e3cf-556,dead_branch_after_opening_brace,unknown,-0.039940714836120605,0.0,0.0,0.0
ReGVD-official-validation-calibrated,bigvul-19190765882e272a6a2162c89acdb29110f7e3cf-556,identifier_renaming,unknown,-0.044831156730651855,0.0,0.0,0.0
ReGVD-official-validation-calibrated,bigvul-19190765882e272a6a2162c89acdb29110f7e3cf-556,original,unknown,-0.044831156730651855,0.0,0.0,0.0
ReGVD-official-validation-calibrated,bigvul-19190765882e272a6a2162c89acdb29110f7e3cf-556,safe_dead_code_carrier,unknown,-0.03428038954734802,0.0,0.0,0.0
ReGVD-official-validation-calibrated,bigvul-1dcd10aceabbc03bf571ea32b892c522cbe923de-1555,blank_line_expansion,CWE-125,-0.000369340181350708,0.0,0.0,0.0
ReGVD-official-validation-calibrated,bigvul-1dcd10aceabbc03bf571ea32b892c522cbe923de-1555,brace_line_shift,CWE-125,-0.000369340181350708,0.0,0.0,0.0
ReGVD-official-validation-calibrated,bigvul-1dcd10aceabbc03bf571ea32b892c522cbe923de-1555,code_normalization_abstraction,CWE-125,-0.000369340181350708,0.0,0.0,0.0
ReGVD-official-validation-calibrated,bigvul-1dcd10aceabbc03bf571ea32b892c522cbe923de-1555,comment_banner,CWE-125,-0.006490767002105713,0.0,0.0,0.0
ReGVD-official-validation-calibrated,bigvul-1dcd10aceabbc03bf571ea32b892c522cbe923de-1555,control_flow_rewrite,CWE-125,-0.000369340181350708,0.0,0.0,0.0
ReGVD-official-validation-calibrated,bigvul-1dcd10aceabbc03bf571ea32b892c522cbe923de-1555,dead_branch_after_opening_brace,CWE-125,-0.00039824843406677246,0.0,0.0,0.0
ReGVD-official-validation-calibrated,bigvul-1dcd10aceabbc03bf571ea32b892c522cbe923de-1555,identifier_renaming,CWE-125,-0.010494321584701538,0.0,0.0,0.0
ReGVD-official-validation-calibrated,bigvul-1dcd10aceabbc03bf571ea32b892c522cbe923de-1555,original,CWE-125,-0.000369340181350708,0.0,0.0,0.0
ReGVD-official-validation-calibrated,bigvul-1dcd10aceabbc03bf571ea32b892c522cbe923de-1555,safe_dead_code_carrier,CWE-125,0.003233194351196289,1.0,0.0,0.0
ReGVD-official-validation-calibrated,bigvul-2ac4c6f7b2b2af20c0e2b0ba05367e454cd11b33-241,blank_line_expansion,CWE-400,0.0009584724903106689,1.0,0.0,0.0
ReGVD-official-validation-calibrated,bigvul-2ac4c6f7b2b2af20c0e2b0ba05367e454cd11b33-241,brace_line_shift,CWE-400,0.0009584724903106689,1.0,0.0,0.0
ReGVD-official-validation-calibrated,bigvul-2ac4c6f7b2b2af20c0e2b0ba05367e454cd11b33-241,code_normalization_abstraction,CWE-400,0.0009584724903106689,1.0,0.0,0.0
ReGVD-official-validation-calibrated,bigvul-2ac4c6f7b2b2af20c0e2b0ba05367e454cd11b33-241,comment_banner,CWE-400,0.0009584724903106689,1.0,0.0,0.0
ReGVD-official-validation-calibrated,bigvul-2ac4c6f7b2b2af20c0e2b0ba05367e454cd11b33-241,control_flow_rewrite,CWE-400,0.0009584724903106689,1.0,0.0,0.0
ReGVD-official-validation-calibrated,bigvul-2ac4c6f7b2b2af20c0e2b0ba05367e454cd11b33-241,dead_branch_after_opening_brace,CWE-400,0.0009584724903106689,1.0,0.0,0.0
ReGVD-official-validation-calibrated,bigvul-2ac4c6f7b2b2af20c0e2b0ba05367e454cd11b33-241,identifier_renaming,CWE-400,-0.0002720355987548828,0.0,0.0,0.0
ReGVD-official-validation-calibrated,bigvul-2ac4c6f7b2b2af20c0e2b0ba05367e454cd11b33-241,original,CWE-400,0.0009584724903106689,1.0,0.0,0.0
ReGVD-official-validation-calibrated,bigvul-2ac4c6f7b2b2af20c0e2b0ba05367e454cd11b33-241,safe_dead_code_carrier,CWE-400,0.0009584724903106689,1.0,0.0,0.0
ReGVD-official-validation-calibrated,bigvul-3119b232c9c453c98d8fa8b6ae4e37ba18117cd4-2315,blank_line_expansion,CWE-476,0.0,0.0,1.0,0.0
ReGVD-official-validation-calibrated,bigvul-3119b232c9c453c98d8fa8b6ae4e37ba18117cd4-2315,brace_line_shift,CWE-476,0.0,0.0,1.0,0.0
ReGVD-official-validation-calibrated,bigvul-3119b232c9c453c98d8fa8b6ae4e37ba18117cd4-2315,code_normalization_abstraction,CWE-476,0.0,0.0,1.0,0.0
ReGVD-official-validation-calibrated,bigvul-3119b232c9c453c98d8fa8b6ae4e37ba18117cd4-2315,comment_banner,CWE-476,0.0,0.0,1.0,0.0
ReGVD-official-validation-calibrated,bigvul-3119b232c9c453c98d8fa8b6ae4e37ba18117cd4-2315,control_flow_rewrite,CWE-476,0.0,0.0,1.0,0.0
ReGVD-official-validation-calibrated,bigvul-3119b232c9c453c98d8fa8b6ae4e37ba18117cd4-2315,dead_branch_after_opening_brace,CWE-476,0.0,0.0,1.0,0.0
ReGVD-official-validation-calibrated,bigvul-3119b232c9c453c98d8fa8b6ae4e37ba18117cd4-2315,identifier_renaming,CWE-476,0.0,0.0,1.0,0.0
ReGVD-official-validation-calibrated,bigvul-3119b232c9c453c98d8fa8b6ae4e37ba18117cd4-2315,original,CWE-476,0.0,0.0,1.0,0.0
ReGVD-official-validation-calibrated,bigvul-3119b232c9c453c98d8fa8b6ae4e37ba18117cd4-2315,safe_dead_code_carrier,CWE-476,0.0,0.0,1.0,0.0
ReGVD-official-validation-calibrated,bigvul-34cec721d39c76be1e0a600829a7b17bdfb832b6-1759,blank_line_expansion,CWE-835,-0.0020522773265838623,0.0,0.0,0.0
ReGVD-official-validation-calibrated,bigvul-34cec721d39c76be1e0a600829a7b17bdfb832b6-1759,brace_line_shift,CWE-835,-0.0020522773265838623,0.0,0.0,0.0
ReGVD-official-validation-calibrated,bigvul-34cec721d39c76be1e0a600829a7b17bdfb832b6-1759,code_normalization_abstraction,CWE-835,-0.00010249018669128418,0.0,0.0,0.0
ReGVD-official-validation-calibrated,bigvul-34cec721d39c76be1e0a600829a7b17bdfb832b6-1759,comment_banner,CWE-835,-0.00021123886108398438,0.0,0.0,0.0
ReGVD-official-validation-calibrated,bigvul-34cec721d39c76be1e0a600829a7b17bdfb832b6-1759,control_flow_rewrite,CWE-835,-0.0020522773265838623,0.0,0.0,0.0
ReGVD-official-validation-calibrated,bigvul-34cec721d39c76be1e0a600829a7b17bdfb832b6-1759,dead_branch_after_opening_brace,CWE-835,0.0005121231079101562,1.0,0.0,0.0
ReGVD-official-validation-calibrated,bigvul-34cec721d39c76be1e0a600829a7b17bdfb832b6-1759,identifier_renaming,CWE-835,0.0010861754417419434,1.0,0.0,0.0
ReGVD-official-validation-calibrated,bigvul-34cec721d39c76be1e0a600829a7b17bdfb832b6-1759,original,CWE-835,-0.0020522773265838623,0.0,0.0,0.0
ReGVD-official-validation-calibrated,bigvul-34cec721d39c76be1e0a600829a7b17bdfb832b6-1759,safe_dead_code_carrier,CWE-835,0.0010877251625061035,1.0,0.0,0.0
ReGVD-official-validation-calibrated,bigvul-363b02dab09b3226f3bd1420dad9c72b79a42a76-820,blank_line_expansion,CWE-20,-0.011655449867248535,0.0,0.0,0.0
ReGVD-official-validation-calibrated,bigvul-363b02dab09b3226f3bd1420dad9c72b79a42a76-820,brace_line_shift,CWE-20,-0.011655449867248535,0.0,0.0,0.0
ReGVD-official-validation-calibrated,bigvul-363b02dab09b3226f3bd1420dad9c72b79a42a76-820,code_normalization_abstraction,CWE-20,-0.011655449867248535,0.0,0.0,0.0
ReGVD-official-validation-calibrated,bigvul-363b02dab09b3226f3bd1420dad9c72b79a42a76-820,comment_banner,CWE-20,-0.01035115122795105,0.0,0.0,0.0
ReGVD-official-validation-calibrated,bigvul-363b02dab09b3226f3bd1420dad9c72b79a42a76-820,control_flow_rewrite,CWE-20,-0.011655449867248535,0.0,0.0,0.0
ReGVD-official-validation-calibrated,bigvul-363b02dab09b3226f3bd1420dad9c72b79a42a76-820,dead_branch_after_opening_brace,CWE-20,-0.0017796456813812256,0.0,0.0,0.0
ReGVD-official-validation-calibrated,bigvul-363b02dab09b3226f3bd1420dad9c72b79a42a76-820,identifier_renaming,CWE-20,-0.008462518453598022,0.0,0.0,0.0
ReGVD-official-validation-calibrated,bigvul-363b02dab09b3226f3bd1420dad9c72b79a42a76-820,original,CWE-20,-0.011655449867248535,0.0,0.0,0.0
ReGVD-official-validation-calibrated,bigvul-363b02dab09b3226f3bd1420dad9c72b79a42a76-820,safe_dead_code_carrier,CWE-20,7.557868957519531e-05,1.0,0.0,0.0
ReGVD-official-validation-calibrated,bigvul-37c88107679d36c419572732b4af6e18bb2f7dce-482,blank_line_expansion,CWE-20,0.000841289758682251,1.0,0.0,0.0
ReGVD-official-validation-calibrated,bigvul-37c88107679d36c419572732b4af6e18bb2f7dce-482,brace_line_shift,CWE-20,0.000841289758682251,1.0,0.0,0.0
ReGVD-official-validation-calibrated,bigvul-37c88107679d36c419572732b4af6e18bb2f7dce-482,code_normalization_abstraction,CWE-20,0.000841289758682251,1.0,0.0,0.0
ReGVD-official-validation-calibrated,bigvul-37c88107679d36c419572732b4af6e18bb2f7dce-482,comment_banner,CWE-20,0.0001278519630432129,1.0,0.0,0.0
ReGVD-official-validation-calibrated,bigvul-37c88107679d36c419572732b4af6e18bb2f7dce-482,control_flow_rewrite,CWE-20,0.000841289758682251,1.0,0.0,0.0
ReGVD-official-validation-calibrated,bigvul-37c88107679d36c419572732b4af6e18bb2f7dce-482,dead_branch_after_opening_brace,CWE-20,0.0008515715599060059,1.0,0.0,0.0
ReGVD-official-validation-calibrated,bigvul-37c88107679d36c419572732b4af6e18bb2f7dce-482,identifier_renaming,CWE-20,0.000841289758682251,1.0,0.0,0.0
ReGVD-official-validation-calibrated,bigvul-37c88107679d36c419572732b4af6e18bb2f7dce-482,original,CWE-20,0.000841289758682251,1.0,0.0,0.0
ReGVD-official-validation-calibrated,bigvul-37c88107679d36c419572732b4af6e18bb2f7dce-482,safe_dead_code_carrier,CWE-20,0.0004056990146636963,1.0,0.0,0.0
ReGVD-official-validation-calibrated,bigvul-3984ef0b72831da8b3ece4745cac4f8575b19098-318,blank_line_expansion,CWE-320,0.026166319847106934,1.0,0.0,0.0
ReGVD-official-validation-calibrated,bigvul-3984ef0b72831da8b3ece4745cac4f8575b19098-318,brace_line_shift,CWE-320,0.026166319847106934,1.0,0.0,0.0
ReGVD-official-validation-calibrated,bigvul-3984ef0b72831da8b3ece4745cac4f8575b19098-318,code_normalization_abstraction,CWE-320,0.02600368857383728,1.0,0.0,0.0
ReGVD-official-validation-calibrated,bigvul-3984ef0b72831da8b3ece4745cac4f8575b19098-318,comment_banner,CWE-320,0.01561620831489563,1.0,0.0,0.0
ReGVD-official-validation-calibrated,bigvul-3984ef0b72831da8b3ece4745cac4f8575b19098-318,control_flow_rewrite,CWE-320,0.026166319847106934,1.0,0.0,0.0
ReGVD-official-validation-calibrated,bigvul-3984ef0b72831da8b3ece4745cac4f8575b19098-318,dead_branch_after_opening_brace,CWE-320,0.015993475914001465,1.0,0.0,0.0
ReGVD-official-validation-calibrated,bigvul-3984ef0b72831da8b3ece4745cac4f8575b19098-318,identifier_renaming,CWE-320,0.027771741151809692,1.0,0.0,0.0
ReGVD-official-validation-calibrated,bigvul-3984ef0b72831da8b3ece4745cac4f8575b19098-318,original,CWE-320,0.026166319847106934,1.0,0.0,0.0
ReGVD-official-validation-calibrated,bigvul-3984ef0b72831da8b3ece4745cac4f8575b19098-318,safe_dead_code_carrier,CWE-320,0.004120439291000366,1.0,0.0,0.0
ReGVD-official-validation-calibrated,bigvul-3b0d77670a0613f409110817455d2137576b485a-1263,blank_line_expansion,CWE-399,-0.03908461332321167,0.0,0.0,0.0
ReGVD-official-validation-calibrated,bigvul-3b0d77670a0613f409110817455d2137576b485a-1263,brace_line_shift,CWE-399,-0.03908461332321167,0.0,0.0,0.0
ReGVD-official-validation-calibrated,bigvul-3b0d77670a0613f409110817455d2137576b485a-1263,code_normalization_abstraction,CWE-399,-0.03908461332321167,0.0,0.0,0.0
ReGVD-official-validation-calibrated,bigvul-3b0d77670a0613f409110817455d2137576b485a-1263,comment_banner,CWE-399,-0.04894188046455383,0.0,0.0,0.0
ReGVD-official-validation-calibrated,bigvul-3b0d77670a0613f409110817455d2137576b485a-1263,control_flow_rewrite,CWE-399,-0.03908461332321167,0.0,0.0,0.0
ReGVD-official-validation-calibrated,bigvul-3b0d77670a0613f409110817455d2137576b485a-1263,dead_branch_after_opening_brace,CWE-399,-0.05888870358467102,0.0,0.0,0.0
ReGVD-official-validation-calibrated,bigvul-3b0d77670a0613f409110817455d2137576b485a-1263,identifier_renaming,CWE-399,-0.04050365090370178,0.0,0.0,0.0
ReGVD-official-validation-calibrated,bigvul-3b0d77670a0613f409110817455d2137576b485a-1263,original,CWE-399,-0.03908461332321167,0.0,0.0,0.0
ReGVD-official-validation-calibrated,bigvul-3b0d77670a0613f409110817455d2137576b485a-1263,safe_dead_code_carrier,CWE-399,-0.058364808559417725,0.0,0.0,0.0
ReGVD-official-validation-calibrated,bigvul-3c8e4852477d5b1e2da877808c998dc57db9460f-2802,blank_line_expansion,CWE-20,-0.0004563629627227783,0.0,0.0,0.0
ReGVD-official-validation-calibrated,bigvul-3c8e4852477d5b1e2da877808c998dc57db9460f-2802,brace_line_shift,CWE-20,-0.0004563629627227783,0.0,0.0,0.0
ReGVD-official-validation-calibrated,bigvul-3c8e4852477d5b1e2da877808c998dc57db9460f-2802,code_normalization_abstraction,CWE-20,-0.0004563629627227783,0.0,0.0,0.0
ReGVD-official-validation-calibrated,bigvul-3c8e4852477d5b1e2da877808c998dc57db9460f-2802,comment_banner,CWE-20,-0.0007937848567962646,0.0,0.0,0.0
ReGVD-official-validation-calibrated,bigvul-3c8e4852477d5b1e2da877808c998dc57db9460f-2802,control_flow_rewrite,CWE-20,-0.0004563629627227783,0.0,0.0,0.0
ReGVD-official-validation-calibrated,bigvul-3c8e4852477d5b1e2da877808c998dc57db9460f-2802,dead_branch_after_opening_brace,CWE-20,-0.00018659234046936035,0.0,0.0,0.0
ReGVD-official-validation-calibrated,bigvul-3c8e4852477d5b1e2da877808c998dc57db9460f-2802,identifier_renaming,CWE-20,-0.0004563629627227783,0.0,0.0,0.0
ReGVD-official-validation-calibrated,bigvul-3c8e4852477d5b1e2da877808c998dc57db9460f-2802,original,CWE-20,-0.0004563629627227783,0.0,0.0,0.0
ReGVD-official-validation-calibrated,bigvul-3c8e4852477d5b1e2da877808c998dc57db9460f-2802,safe_dead_code_carrier,CWE-20,0.0030271708965301514,1.0,0.0,0.0
ReGVD-official-validation-calibrated,bigvul-3e5dae3b38fdb566fb2b7183e810b82eb3ce6f21-1147,blank_line_expansion,unknown,0.015700876712799072,1.0,0.0,0.0
ReGVD-official-validation-calibrated,bigvul-3e5dae3b38fdb566fb2b7183e810b82eb3ce6f21-1147,brace_line_shift,unknown,0.015700876712799072,1.0,0.0,0.0
ReGVD-official-validation-calibrated,bigvul-3e5dae3b38fdb566fb2b7183e810b82eb3ce6f21-1147,code_normalization_abstraction,unknown,0.015700876712799072,1.0,0.0,0.0
ReGVD-official-validation-calibrated,bigvul-3e5dae3b38fdb566fb2b7183e810b82eb3ce6f21-1147,comment_banner,unknown,0.015476047992706299,1.0,0.0,0.0
ReGVD-official-validation-calibrated,bigvul-3e5dae3b38fdb566fb2b7183e810b82eb3ce6f21-1147,control_flow_rewrite,unknown,0.015700876712799072,1.0,0.0,0.0
ReGVD-official-validation-calibrated,bigvul-3e5dae3b38fdb566fb2b7183e810b82eb3ce6f21-1147,dead_branch_after_opening_brace,unknown,0.016915202140808105,1.0,0.0,0.0
ReGVD-official-validation-calibrated,bigvul-3e5dae3b38fdb566fb2b7183e810b82eb3ce6f21-1147,identifier_renaming,unknown,0.015700876712799072,1.0,0.0,0.0
ReGVD-official-validation-calibrated,bigvul-3e5dae3b38fdb566fb2b7183e810b82eb3ce6f21-1147,original,unknown,0.015700876712799072,1.0,0.0,0.0
ReGVD-official-validation-calibrated,bigvul-3e5dae3b38fdb566fb2b7183e810b82eb3ce6f21-1147,safe_dead_code_carrier,unknown,0.019022345542907715,1.0,0.0,0.0
ReGVD-official-validation-calibrated,bigvul-42073d54c53a496be40ae84152bbfe2c923ac7bc-2217,blank_line_expansion,CWE-125,0.0,0.0,1.0,0.0
ReGVD-official-validation-calibrated,bigvul-42073d54c53a496be40ae84152bbfe2c923ac7bc-2217,brace_line_shift,CWE-125,0.0,0.0,1.0,0.0
ReGVD-official-validation-calibrated,bigvul-42073d54c53a496be40ae84152bbfe2c923ac7bc-2217,code_normalization_abstraction,CWE-125,0.0,0.0,1.0,0.0
ReGVD-official-validation-calibrated,bigvul-42073d54c53a496be40ae84152bbfe2c923ac7bc-2217,comment_banner,CWE-125,0.0,0.0,1.0,0.0
ReGVD-official-validation-calibrated,bigvul-42073d54c53a496be40ae84152bbfe2c923ac7bc-2217,control_flow_rewrite,CWE-125,0.0,0.0,1.0,0.0
ReGVD-official-validation-calibrated,bigvul-42073d54c53a496be40ae84152bbfe2c923ac7bc-2217,dead_branch_after_opening_brace,CWE-125,0.0,0.0,1.0,0.0
ReGVD-official-validation-calibrated,bigvul-42073d54c53a496be40ae84152bbfe2c923ac7bc-2217,identifier_renaming,CWE-125,0.0,0.0,1.0,0.0
ReGVD-official-validation-calibrated,bigvul-42073d54c53a496be40ae84152bbfe2c923ac7bc-2217,original,CWE-125,0.0,0.0,1.0,0.0
ReGVD-official-validation-calibrated,bigvul-42073d54c53a496be40ae84152bbfe2c923ac7bc-2217,safe_dead_code_carrier,CWE-125,0.0,0.0,1.0,0.0
ReGVD-official-validation-calibrated,bigvul-45d901b56f578a74b19ba0d10fa5c4c467f19303-1338,blank_line_expansion,CWE-20,-0.0005381107330322266,0.0,0.0,0.0
ReGVD-official-validation-calibrated,bigvul-45d901b56f578a74b19ba0d10fa5c4c467f19303-1338,brace_line_shift,CWE-20,-0.0005381107330322266,0.0,0.0,0.0
ReGVD-official-validation-calibrated,bigvul-45d901b56f578a74b19ba0d10fa5c4c467f19303-1338,code_normalization_abstraction,CWE-20,-0.0005381107330322266,0.0,0.0,0.0
ReGVD-official-validation-calibrated,bigvul-45d901b56f578a74b19ba0d10fa5c4c467f19303-1338,comment_banner,CWE-20,-0.0005505979061126709,0.0,0.0,0.0
ReGVD-official-validation-calibrated,bigvul-45d901b56f578a74b19ba0d10fa5c4c467f19303-1338,control_flow_rewrite,CWE-20,-0.0005381107330322266,0.0,0.0,0.0
ReGVD-official-validation-calibrated,bigvul-45d901b56f578a74b19ba0d10fa5c4c467f19303-1338,dead_branch_after_opening_brace,CWE-20,-0.0009699165821075439,0.0,0.0,0.0
ReGVD-official-validation-calibrated,bigvul-45d901b56f578a74b19ba0d10fa5c4c467f19303-1338,identifier_renaming,CWE-20,-0.0005861818790435791,0.0,0.0,0.0
ReGVD-official-validation-calibrated,bigvul-45d901b56f578a74b19ba0d10fa5c4c467f19303-1338,original,CWE-20,-0.0005381107330322266,0.0,0.0,0.0
ReGVD-official-validation-calibrated,bigvul-45d901b56f578a74b19ba0d10fa5c4c467f19303-1338,safe_dead_code_carrier,CWE-20,-0.0007504820823669434,0.0,0.0,0.0
ReGVD-official-validation-calibrated,bigvul-472271b153c5dc53c28beac55480a8d8434b2d5c-1650,blank_line_expansion,CWE-284,0.0,0.0,1.0,0.0
ReGVD-official-validation-calibrated,bigvul-472271b153c5dc53c28beac55480a8d8434b2d5c-1650,brace_line_shift,CWE-284,0.0,0.0,1.0,0.0
ReGVD-official-validation-calibrated,bigvul-472271b153c5dc53c28beac55480a8d8434b2d5c-1650,code_normalization_abstraction,CWE-284,0.0,0.0,1.0,0.0
ReGVD-official-validation-calibrated,bigvul-472271b153c5dc53c28beac55480a8d8434b2d5c-1650,comment_banner,CWE-284,0.0,0.0,1.0,0.0
ReGVD-official-validation-calibrated,bigvul-472271b153c5dc53c28beac55480a8d8434b2d5c-1650,control_flow_rewrite,CWE-284,0.0,0.0,1.0,0.0
ReGVD-official-validation-calibrated,bigvul-472271b153c5dc53c28beac55480a8d8434b2d5c-1650,dead_branch_after_opening_brace,CWE-284,0.0,0.0,1.0,0.0
ReGVD-official-validation-calibrated,bigvul-472271b153c5dc53c28beac55480a8d8434b2d5c-1650,identifier_renaming,CWE-284,0.0,0.0,1.0,0.0
ReGVD-official-validation-calibrated,bigvul-472271b153c5dc53c28beac55480a8d8434b2d5c-1650,original,CWE-284,0.0,0.0,1.0,0.0
ReGVD-official-validation-calibrated,bigvul-472271b153c5dc53c28beac55480a8d8434b2d5c-1650,safe_dead_code_carrier,CWE-284,0.0,0.0,1.0,0.0
ReGVD-official-validation-calibrated,bigvul-497de07d89c1410d76a15bec2bb41f24a2a89f31-1071,blank_line_expansion,unknown,-0.002222508192062378,0.0,0.0,0.0
ReGVD-official-validation-calibrated,bigvul-497de07d89c1410d76a15bec2bb41f24a2a89f31-1071,brace_line_shift,unknown,-0.002222508192062378,0.0,0.0,0.0
ReGVD-official-validation-calibrated,bigvul-497de07d89c1410d76a15bec2bb41f24a2a89f31-1071,code_normalization_abstraction,unknown,-0.003120511770248413,0.0,0.0,0.0
ReGVD-official-validation-calibrated,bigvul-497de07d89c1410d76a15bec2bb41f24a2a89f31-1071,comment_banner,unknown,-0.0007871389389038086,0.0,0.0,0.0
ReGVD-official-validation-calibrated,bigvul-497de07d89c1410d76a15bec2bb41f24a2a89f31-1071,control_flow_rewrite,unknown,-0.002222508192062378,0.0,0.0,0.0
ReGVD-official-validation-calibrated,bigvul-497de07d89c1410d76a15bec2bb41f24a2a89f31-1071,dead_branch_after_opening_brace,unknown,-0.0014257431030273438,0.0,0.0,0.0
ReGVD-official-validation-calibrated,bigvul-497de07d89c1410d76a15bec2bb41f24a2a89f31-1071,identifier_renaming,unknown,-0.0008015930652618408,0.0,0.0,0.0
ReGVD-official-validation-calibrated,bigvul-497de07d89c1410d76a15bec2bb41f24a2a89f31-1071,original,unknown,-0.002222508192062378,0.0,0.0,0.0
ReGVD-official-validation-calibrated,bigvul-497de07d89c1410d76a15bec2bb41f24a2a89f31-1071,safe_dead_code_carrier,unknown,-0.0030243396759033203,0.0,0.0,0.0
ReGVD-official-validation-calibrated,bigvul-49d31c2f389acfe83417083e1208422b4091cd9e-883,blank_line_expansion,CWE-362,0.0055002570152282715,1.0,0.0,0.0
ReGVD-official-validation-calibrated,bigvul-49d31c2f389acfe83417083e1208422b4091cd9e-883,brace_line_shift,CWE-362,0.0055002570152282715,1.0,0.0,0.0
ReGVD-official-validation-calibrated,bigvul-49d31c2f389acfe83417083e1208422b4091cd9e-883,code_normalization_abstraction,CWE-362,0.0055002570152282715,1.0,0.0,0.0
ReGVD-official-validation-calibrated,bigvul-49d31c2f389acfe83417083e1208422b4091cd9e-883,comment_banner,CWE-362,0.0069696903228759766,1.0,0.0,0.0
ReGVD-official-validation-calibrated,bigvul-49d31c2f389acfe83417083e1208422b4091cd9e-883,control_flow_rewrite,CWE-362,0.0055002570152282715,1.0,0.0,0.0
ReGVD-official-validation-calibrated,bigvul-49d31c2f389acfe83417083e1208422b4091cd9e-883,dead_branch_after_opening_brace,CWE-362,0.006504625082015991,1.0,0.0,0.0
ReGVD-official-validation-calibrated,bigvul-49d31c2f389acfe83417083e1208422b4091cd9e-883,identifier_renaming,CWE-362,0.004699409008026123,1.0,0.0,0.0
ReGVD-official-validation-calibrated,bigvul-49d31c2f389acfe83417083e1208422b4091cd9e-883,original,CWE-362,0.0055002570152282715,1.0,0.0,0.0
ReGVD-official-validation-calibrated,bigvul-49d31c2f389acfe83417083e1208422b4091cd9e-883,safe_dead_code_carrier,CWE-362,0.005401104688644409,1.0,0.0,0.0
ReGVD-official-validation-calibrated,bigvul-51dfe5e3b332bcea02fb4d4c7493ae841106dd9b-1694,blank_line_expansion,unknown,-0.010228335857391357,0.0,0.0,0.0
ReGVD-official-validation-calibrated,bigvul-51dfe5e3b332bcea02fb4d4c7493ae841106dd9b-1694,brace_line_shift,unknown,-0.010228335857391357,0.0,0.0,0.0
ReGVD-official-validation-calibrated,bigvul-51dfe5e3b332bcea02fb4d4c7493ae841106dd9b-1694,code_normalization_abstraction,unknown,-0.010228335857391357,0.0,0.0,0.0
ReGVD-official-validation-calibrated,bigvul-51dfe5e3b332bcea02fb4d4c7493ae841106dd9b-1694,comment_banner,unknown,-0.020182371139526367,0.0,0.0,0.0
ReGVD-official-validation-calibrated,bigvul-51dfe5e3b332bcea02fb4d4c7493ae841106dd9b-1694,control_flow_rewrite,unknown,-0.010228335857391357,0.0,0.0,0.0
ReGVD-official-validation-calibrated,bigvul-51dfe5e3b332bcea02fb4d4c7493ae841106dd9b-1694,dead_branch_after_opening_brace,unknown,-0.02237492799758911,0.0,0.0,0.0
ReGVD-official-validation-calibrated,bigvul-51dfe5e3b332bcea02fb4d4c7493ae841106dd9b-1694,identifier_renaming,unknown,-0.010228335857391357,0.0,0.0,0.0
ReGVD-official-validation-calibrated,bigvul-51dfe5e3b332bcea02fb4d4c7493ae841106dd9b-1694,original,unknown,-0.010228335857391357,0.0,0.0,0.0
ReGVD-official-validation-calibrated,bigvul-51dfe5e3b332bcea02fb4d4c7493ae841106dd9b-1694,safe_dead_code_carrier,unknown,-0.02374747395515442,0.0,0.0,0.0
ReGVD-official-validation-calibrated,bigvul-53262b5285efbbfdbbcc17fbf5200890f1ee295c-1417,blank_line_expansion,CWE-94,0.005029618740081787,1.0,0.0,0.0
ReGVD-official-validation-calibrated,bigvul-53262b5285efbbfdbbcc17fbf5200890f1ee295c-1417,brace_line_shift,CWE-94,0.005029618740081787,1.0,0.0,0.0
ReGVD-official-validation-calibrated,bigvul-53262b5285efbbfdbbcc17fbf5200890f1ee295c-1417,code_normalization_abstraction,CWE-94,0.005029618740081787,1.0,0.0,0.0
ReGVD-official-validation-calibrated,bigvul-53262b5285efbbfdbbcc17fbf5200890f1ee295c-1417,comment_banner,CWE-94,0.0021229982376098633,1.0,0.0,0.0
ReGVD-official-validation-calibrated,bigvul-53262b5285efbbfdbbcc17fbf5200890f1ee295c-1417,control_flow_rewrite,CWE-94,0.005029618740081787,1.0,0.0,0.0
ReGVD-official-validation-calibrated,bigvul-53262b5285efbbfdbbcc17fbf5200890f1ee295c-1417,dead_branch_after_opening_brace,CWE-94,-0.001006394624710083,0.0,0.0,0.0
ReGVD-official-validation-calibrated,bigvul-53262b5285efbbfdbbcc17fbf5200890f1ee295c-1417,identifier_renaming,CWE-94,0.005029618740081787,1.0,0.0,0.0
ReGVD-official-validation-calibrated,bigvul-53262b5285efbbfdbbcc17fbf5200890f1ee295c-1417,original,CWE-94,0.005029618740081787,1.0,0.0,0.0
ReGVD-official-validation-calibrated,bigvul-53262b5285efbbfdbbcc17fbf5200890f1ee295c-1417,safe_dead_code_carrier,CWE-94,0.004757106304168701,1.0,0.0,0.0
ReGVD-official-validation-calibrated,bigvul-5443b57cc54f2e46b35246637be26a69e9f493e1-85,blank_line_expansion,unknown,0.0005580782890319824,1.0,0.0,0.0
ReGVD-official-validation-calibrated,bigvul-5443b57cc54f2e46b35246637be26a69e9f493e1-85,brace_line_shift,unknown,0.0005580782890319824,1.0,0.0,0.0
ReGVD-official-validation-calibrated,bigvul-5443b57cc54f2e46b35246637be26a69e9f493e1-85,code_normalization_abstraction,unknown,0.0005580782890319824,1.0,0.0,0.0
ReGVD-official-validation-calibrated,bigvul-5443b57cc54f2e46b35246637be26a69e9f493e1-85,comment_banner,unknown,0.0009101927280426025,1.0,0.0,0.0
ReGVD-official-validation-calibrated,bigvul-5443b57cc54f2e46b35246637be26a69e9f493e1-85,control_flow_rewrite,unknown,0.0005580782890319824,1.0,0.0,0.0
ReGVD-official-validation-calibrated,bigvul-5443b57cc54f2e46b35246637be26a69e9f493e1-85,dead_branch_after_opening_brace,unknown,0.00019687414169311523,1.0,0.0,0.0
ReGVD-official-validation-calibrated,bigvul-5443b57cc54f2e46b35246637be26a69e9f493e1-85,identifier_renaming,unknown,0.0005580782890319824,1.0,0.0,0.0
ReGVD-official-validation-calibrated,bigvul-5443b57cc54f2e46b35246637be26a69e9f493e1-85,original,unknown,0.0005580782890319824,1.0,0.0,0.0
ReGVD-official-validation-calibrated,bigvul-5443b57cc54f2e46b35246637be26a69e9f493e1-85,safe_dead_code_carrier,unknown,0.001250922679901123,1.0,0.0,0.0
ReGVD-official-validation-calibrated,bigvul-54d83fc74aa9ec72794373cb47432c5f7fb1a309-131,blank_line_expansion,CWE-119,0.0076351165771484375,1.0,0.0,0.0
ReGVD-official-validation-calibrated,bigvul-54d83fc74aa9ec72794373cb47432c5f7fb1a309-131,brace_line_shift,CWE-119,0.0076351165771484375,1.0,0.0,0.0
ReGVD-official-validation-calibrated,bigvul-54d83fc74aa9ec72794373cb47432c5f7fb1a309-131,code_normalization_abstraction,CWE-119,0.0076351165771484375,1.0,0.0,0.0
ReGVD-official-validation-calibrated,bigvul-54d83fc74aa9ec72794373cb47432c5f7fb1a309-131,comment_banner,CWE-119,0.008080989122390747,1.0,0.0,0.0
ReGVD-official-validation-calibrated,bigvul-54d83fc74aa9ec72794373cb47432c5f7fb1a309-131,control_flow_rewrite,CWE-119,0.0076351165771484375,1.0,0.0,0.0
ReGVD-official-validation-calibrated,bigvul-54d83fc74aa9ec72794373cb47432c5f7fb1a309-131,dead_branch_after_opening_brace,CWE-119,0.00913769006729126,1.0,0.0,0.0
ReGVD-official-validation-calibrated,bigvul-54d83fc74aa9ec72794373cb47432c5f7fb1a309-131,identifier_renaming,CWE-119,0.0076351165771484375,1.0,0.0,0.0
ReGVD-official-validation-calibrated,bigvul-54d83fc74aa9ec72794373cb47432c5f7fb1a309-131,original,CWE-119,0.0076351165771484375,1.0,0.0,0.0
ReGVD-official-validation-calibrated,bigvul-54d83fc74aa9ec72794373cb47432c5f7fb1a309-131,safe_dead_code_carrier,CWE-119,0.008595883846282959,1.0,0.0,0.0
ReGVD-official-validation-calibrated,bigvul-550fd08c2cebad61c548def135f67aba284c6162-1549,blank_line_expansion,CWE-264,0.010767340660095215,1.0,0.0,0.0
ReGVD-official-validation-calibrated,bigvul-550fd08c2cebad61c548def135f67aba284c6162-1549,brace_line_shift,CWE-264,0.010767340660095215,1.0,0.0,0.0
ReGVD-official-validation-calibrated,bigvul-550fd08c2cebad61c548def135f67aba284c6162-1549,code_normalization_abstraction,CWE-264,0.010767340660095215,1.0,0.0,0.0
ReGVD-official-validation-calibrated,bigvul-550fd08c2cebad61c548def135f67aba284c6162-1549,comment_banner,CWE-264,0.009850084781646729,1.0,0.0,0.0
ReGVD-official-validation-calibrated,bigvul-550fd08c2cebad61c548def135f67aba284c6162-1549,control_flow_rewrite,CWE-264,0.010767340660095215,1.0,0.0,0.0
ReGVD-official-validation-calibrated,bigvul-550fd08c2cebad61c548def135f67aba284c6162-1549,dead_branch_after_opening_brace,CWE-264,0.012769341468811035,1.0,0.0,0.0
ReGVD-official-validation-calibrated,bigvul-550fd08c2cebad61c548def135f67aba284c6162-1549,identifier_renaming,CWE-264,0.010767340660095215,1.0,0.0,0.0
ReGVD-official-validation-calibrated,bigvul-550fd08c2cebad61c548def135f67aba284c6162-1549,original,CWE-264,0.010767340660095215,1.0,0.0,0.0
ReGVD-official-validation-calibrated,bigvul-550fd08c2cebad61c548def135f67aba284c6162-1549,safe_dead_code_carrier,CWE-264,0.013521462678909302,1.0,0.0,0.0
ReGVD-official-validation-calibrated,bigvul-592fd47a6245508b79fe6ac819fe6d3b2c1289be-1885,blank_line_expansion,CWE-59,0.0,0.0,1.0,0.0
ReGVD-official-validation-calibrated,bigvul-592fd47a6245508b79fe6ac819fe6d3b2c1289be-1885,brace_line_shift,CWE-59,0.0,0.0,1.0,0.0
ReGVD-official-validation-calibrated,bigvul-592fd47a6245508b79fe6ac819fe6d3b2c1289be-1885,code_normalization_abstraction,CWE-59,0.0,0.0,1.0,0.0
ReGVD-official-validation-calibrated,bigvul-592fd47a6245508b79fe6ac819fe6d3b2c1289be-1885,comment_banner,CWE-59,0.0,0.0,1.0,0.0
ReGVD-official-validation-calibrated,bigvul-592fd47a6245508b79fe6ac819fe6d3b2c1289be-1885,control_flow_rewrite,CWE-59,0.0,0.0,1.0,0.0
ReGVD-official-validation-calibrated,bigvul-592fd47a6245508b79fe6ac819fe6d3b2c1289be-1885,dead_branch_after_opening_brace,CWE-59,0.0,0.0,1.0,0.0
ReGVD-official-validation-calibrated,bigvul-592fd47a6245508b79fe6ac819fe6d3b2c1289be-1885,identifier_renaming,CWE-59,0.0,0.0,1.0,0.0
ReGVD-official-validation-calibrated,bigvul-592fd47a6245508b79fe6ac819fe6d3b2c1289be-1885,original,CWE-59,0.0,0.0,1.0,0.0
ReGVD-official-validation-calibrated,bigvul-592fd47a6245508b79fe6ac819fe6d3b2c1289be-1885,safe_dead_code_carrier,CWE-59,0.0,0.0,1.0,0.0
ReGVD-official-validation-calibrated,bigvul-5a15b72a270b514cd442872221a788a303bdaa88-1521,blank_line_expansion,unknown,-0.0009699761867523193,0.0,0.0,0.0
ReGVD-official-validation-calibrated,bigvul-5a15b72a270b514cd442872221a788a303bdaa88-1521,brace_line_shift,unknown,-0.0009699761867523193,0.0,0.0,0.0
ReGVD-official-validation-calibrated,bigvul-5a15b72a270b514cd442872221a788a303bdaa88-1521,code_normalization_abstraction,unknown,-0.0009699761867523193,0.0,0.0,0.0
ReGVD-official-validation-calibrated,bigvul-5a15b72a270b514cd442872221a788a303bdaa88-1521,comment_banner,unknown,0.001109689474105835,1.0,0.0,0.0
ReGVD-official-validation-calibrated,bigvul-5a15b72a270b514cd442872221a788a303bdaa88-1521,control_flow_rewrite,unknown,-0.0009699761867523193,0.0,0.0,0.0
ReGVD-official-validation-calibrated,bigvul-5a15b72a270b514cd442872221a788a303bdaa88-1521,dead_branch_after_opening_brace,unknown,0.0046270787715911865,1.0,0.0,0.0
ReGVD-official-validation-calibrated,bigvul-5a15b72a270b514cd442872221a788a303bdaa88-1521,identifier_renaming,unknown,-0.0009699761867523193,0.0,0.0,0.0
ReGVD-official-validation-calibrated,bigvul-5a15b72a270b514cd442872221a788a303bdaa88-1521,original,unknown,-0.0009699761867523193,0.0,0.0,0.0
ReGVD-official-validation-calibrated,bigvul-5a15b72a270b514cd442872221a788a303bdaa88-1521,safe_dead_code_carrier,unknown,0.006821244955062866,1.0,0.0,0.0
ReGVD-official-validation-calibrated,bigvul-5a9753fca56f0eeb9f61e342b2fccffc364f9426-2519,blank_line_expansion,CWE-119,0.003114044666290283,1.0,0.0,0.0
ReGVD-official-validation-calibrated,bigvul-5a9753fca56f0eeb9f61e342b2fccffc364f9426-2519,brace_line_shift,CWE-119,0.003114044666290283,1.0,0.0,0.0
ReGVD-official-validation-calibrated,bigvul-5a9753fca56f0eeb9f61e342b2fccffc364f9426-2519,code_normalization_abstraction,CWE-119,0.003114044666290283,1.0,0.0,0.0
ReGVD-official-validation-calibrated,bigvul-5a9753fca56f0eeb9f61e342b2fccffc364f9426-2519,comment_banner,CWE-119,0.00382840633392334,1.0,0.0,0.0
ReGVD-official-validation-calibrated,bigvul-5a9753fca56f0eeb9f61e342b2fccffc364f9426-2519,control_flow_rewrite,CWE-119,0.003114044666290283,1.0,0.0,0.0
ReGVD-official-validation-calibrated,bigvul-5a9753fca56f0eeb9f61e342b2fccffc364f9426-2519,dead_branch_after_opening_brace,CWE-119,-0.0032127201557159424,0.0,0.0,0.0
ReGVD-official-validation-calibrated,bigvul-5a9753fca56f0eeb9f61e342b2fccffc364f9426-2519,identifier_renaming,CWE-119,0.003114044666290283,1.0,0.0,0.0
ReGVD-official-validation-calibrated,bigvul-5a9753fca56f0eeb9f61e342b2fccffc364f9426-2519,original,CWE-119,0.003114044666290283,1.0,0.0,0.0
ReGVD-official-validation-calibrated,bigvul-5a9753fca56f0eeb9f61e342b2fccffc364f9426-2519,safe_dead_code_carrier,CWE-119,-0.001741856336593628,0.0,0.0,0.0
ReGVD-official-validation-calibrated,bigvul-5a9753fca56f0eeb9f61e342b2fccffc364f9426-2783,blank_line_expansion,CWE-119,0.011893391609191895,1.0,0.0,0.0
ReGVD-official-validation-calibrated,bigvul-5a9753fca56f0eeb9f61e342b2fccffc364f9426-2783,brace_line_shift,CWE-119,0.011893391609191895,1.0,0.0,0.0
ReGVD-official-validation-calibrated,bigvul-5a9753fca56f0eeb9f61e342b2fccffc364f9426-2783,code_normalization_abstraction,CWE-119,0.011893391609191895,1.0,0.0,0.0
ReGVD-official-validation-calibrated,bigvul-5a9753fca56f0eeb9f61e342b2fccffc364f9426-2783,comment_banner,CWE-119,0.012113690376281738,1.0,0.0,0.0
ReGVD-official-validation-calibrated,bigvul-5a9753fca56f0eeb9f61e342b2fccffc364f9426-2783,control_flow_rewrite,CWE-119,0.011893391609191895,1.0,0.0,0.0
ReGVD-official-validation-calibrated,bigvul-5a9753fca56f0eeb9f61e342b2fccffc364f9426-2783,dead_branch_after_opening_brace,CWE-119,0.017081379890441895,1.0,0.0,0.0
ReGVD-official-validation-calibrated,bigvul-5a9753fca56f0eeb9f61e342b2fccffc364f9426-2783,identifier_renaming,CWE-119,0.01702907681465149,1.0,0.0,0.0
ReGVD-official-validation-calibrated,bigvul-5a9753fca56f0eeb9f61e342b2fccffc364f9426-2783,original,CWE-119,0.011893391609191895,1.0,0.0,0.0
ReGVD-official-validation-calibrated,bigvul-5a9753fca56f0eeb9f61e342b2fccffc364f9426-2783,safe_dead_code_carrier,CWE-119,0.012922048568725586,1.0,0.0,0.0
ReGVD-official-validation-calibrated,bigvul-5a9753fca56f0eeb9f61e342b2fccffc364f9426-83,blank_line_expansion,CWE-119,-0.004136562347412109,0.0,0.0,0.0
ReGVD-official-validation-calibrated,bigvul-5a9753fca56f0eeb9f61e342b2fccffc364f9426-83,brace_line_shift,CWE-119,-0.004136562347412109,0.0,0.0,0.0
ReGVD-official-validation-calibrated,bigvul-5a9753fca56f0eeb9f61e342b2fccffc364f9426-83,code_normalization_abstraction,CWE-119,-0.008997023105621338,0.0,0.0,0.0
ReGVD-official-validation-calibrated,bigvul-5a9753fca56f0eeb9f61e342b2fccffc364f9426-83,comment_banner,CWE-119,-0.006169766187667847,0.0,0.0,0.0
ReGVD-official-validation-calibrated,bigvul-5a9753fca56f0eeb9f61e342b2fccffc364f9426-83,control_flow_rewrite,CWE-119,-0.004136562347412109,0.0,0.0,0.0
ReGVD-official-validation-calibrated,bigvul-5a9753fca56f0eeb9f61e342b2fccffc364f9426-83,dead_branch_after_opening_brace,CWE-119,-0.009911388158798218,0.0,0.0,0.0
ReGVD-official-validation-calibrated,bigvul-5a9753fca56f0eeb9f61e342b2fccffc364f9426-83,identifier_renaming,CWE-119,-0.005464345216751099,0.0,0.0,0.0
ReGVD-official-validation-calibrated,bigvul-5a9753fca56f0eeb9f61e342b2fccffc364f9426-83,original,CWE-119,-0.004136562347412109,0.0,0.0,0.0
ReGVD-official-validation-calibrated,bigvul-5a9753fca56f0eeb9f61e342b2fccffc364f9426-83,safe_dead_code_carrier,CWE-119,-0.009974420070648193,0.0,0.0,0.0
ReGVD-official-validation-calibrated,bigvul-5b998565255a504887c6d2e90d11001a00c9d6da-1633,blank_line_expansion,CWE-399,-0.006950110197067261,0.0,0.0,0.0
ReGVD-official-validation-calibrated,bigvul-5b998565255a504887c6d2e90d11001a00c9d6da-1633,brace_line_shift,CWE-399,-0.006950110197067261,0.0,0.0,0.0
ReGVD-official-validation-calibrated,bigvul-5b998565255a504887c6d2e90d11001a00c9d6da-1633,code_normalization_abstraction,CWE-399,-0.006950110197067261,0.0,0.0,0.0
ReGVD-official-validation-calibrated,bigvul-5b998565255a504887c6d2e90d11001a00c9d6da-1633,comment_banner,CWE-399,-0.01888585090637207,0.0,0.0,0.0
ReGVD-official-validation-calibrated,bigvul-5b998565255a504887c6d2e90d11001a00c9d6da-1633,control_flow_rewrite,CWE-399,-0.006950110197067261,0.0,0.0,0.0
ReGVD-official-validation-calibrated,bigvul-5b998565255a504887c6d2e90d11001a00c9d6da-1633,dead_branch_after_opening_brace,CWE-399,-0.02558848261833191,0.0,0.0,0.0
ReGVD-official-validation-calibrated,bigvul-5b998565255a504887c6d2e90d11001a00c9d6da-1633,identifier_renaming,CWE-399,-0.006950110197067261,0.0,0.0,0.0
ReGVD-official-validation-calibrated,bigvul-5b998565255a504887c6d2e90d11001a00c9d6da-1633,original,CWE-399,-0.006950110197067261,0.0,0.0,0.0
ReGVD-official-validation-calibrated,bigvul-5b998565255a504887c6d2e90d11001a00c9d6da-1633,safe_dead_code_carrier,CWE-399,-0.02910792827606201,0.0,0.0,0.0
ReGVD-official-validation-calibrated,bigvul-5bb223676defeba9c44a5ce42460c86e24561e73-393,blank_line_expansion,CWE-362,-0.04607781767845154,0.0,0.0,0.0
ReGVD-official-validation-calibrated,bigvul-5bb223676defeba9c44a5ce42460c86e24561e73-393,brace_line_shift,CWE-362,-0.04607781767845154,0.0,0.0,0.0
ReGVD-official-validation-calibrated,bigvul-5bb223676defeba9c44a5ce42460c86e24561e73-393,code_normalization_abstraction,CWE-362,-0.04607781767845154,0.0,0.0,0.0
ReGVD-official-validation-calibrated,bigvul-5bb223676defeba9c44a5ce42460c86e24561e73-393,comment_banner,CWE-362,-0.05075141787528992,0.0,0.0,0.0
ReGVD-official-validation-calibrated,bigvul-5bb223676defeba9c44a5ce42460c86e24561e73-393,control_flow_rewrite,CWE-362,-0.04607781767845154,0.0,0.0,0.0
ReGVD-official-validation-calibrated,bigvul-5bb223676defeba9c44a5ce42460c86e24561e73-393,dead_branch_after_opening_brace,CWE-362,-0.05989500880241394,0.0,0.0,0.0
ReGVD-official-validation-calibrated,bigvul-5bb223676defeba9c44a5ce42460c86e24561e73-393,identifier_renaming,CWE-362,-0.04607781767845154,0.0,0.0,0.0
ReGVD-official-validation-calibrated,bigvul-5bb223676defeba9c44a5ce42460c86e24561e73-393,original,CWE-362,-0.04607781767845154,0.0,0.0,0.0
ReGVD-official-validation-calibrated,bigvul-5bb223676defeba9c44a5ce42460c86e24561e73-393,safe_dead_code_carrier,CWE-362,-0.06209760904312134,0.0,0.0,0.0
ReGVD-official-validation-calibrated,bigvul-5d340a5ca6e420a70297cdbdf777333f18bfdab7-918,blank_line_expansion,CWE-125,-0.0006661713123321533,0.0,0.0,0.0
ReGVD-official-validation-calibrated,bigvul-5d340a5ca6e420a70297cdbdf777333f18bfdab7-918,brace_line_shift,CWE-125,-0.0006661713123321533,0.0,0.0,0.0
ReGVD-official-validation-calibrated,bigvul-5d340a5ca6e420a70297cdbdf777333f18bfdab7-918,code_normalization_abstraction,CWE-125,0.0026799440383911133,1.0,0.0,0.0
ReGVD-official-validation-calibrated,bigvul-5d340a5ca6e420a70297cdbdf777333f18bfdab7-918,comment_banner,CWE-125,0.003927171230316162,1.0,0.0,0.0
ReGVD-official-validation-calibrated,bigvul-5d340a5ca6e420a70297cdbdf777333f18bfdab7-918,control_flow_rewrite,CWE-125,-0.0006661713123321533,0.0,0.0,0.0
ReGVD-official-validation-calibrated,bigvul-5d340a5ca6e420a70297cdbdf777333f18bfdab7-918,dead_branch_after_opening_brace,CWE-125,-0.001054227352142334,0.0,0.0,0.0
ReGVD-official-validation-calibrated,bigvul-5d340a5ca6e420a70297cdbdf777333f18bfdab7-918,identifier_renaming,CWE-125,-0.0018944740295410156,0.0,0.0,0.0
ReGVD-official-validation-calibrated,bigvul-5d340a5ca6e420a70297cdbdf777333f18bfdab7-918,original,CWE-125,-0.0006661713123321533,0.0,0.0,0.0
ReGVD-official-validation-calibrated,bigvul-5d340a5ca6e420a70297cdbdf777333f18bfdab7-918,safe_dead_code_carrier,CWE-125,-0.0019125044345855713,0.0,0.0,0.0
ReGVD-official-validation-calibrated,bigvul-648cbc15a6830523b3a4eb78d674f059bd2a7ce9-348,blank_line_expansion,unknown,0.0,0.0,1.0,0.0
ReGVD-official-validation-calibrated,bigvul-648cbc15a6830523b3a4eb78d674f059bd2a7ce9-348,brace_line_shift,unknown,0.0,0.0,1.0,0.0
ReGVD-official-validation-calibrated,bigvul-648cbc15a6830523b3a4eb78d674f059bd2a7ce9-348,code_normalization_abstraction,unknown,0.0,0.0,1.0,0.0
ReGVD-official-validation-calibrated,bigvul-648cbc15a6830523b3a4eb78d674f059bd2a7ce9-348,comment_banner,unknown,0.0,0.0,1.0,0.0
ReGVD-official-validation-calibrated,bigvul-648cbc15a6830523b3a4eb78d674f059bd2a7ce9-348,control_flow_rewrite,unknown,0.0,0.0,1.0,0.0
ReGVD-official-validation-calibrated,bigvul-648cbc15a6830523b3a4eb78d674f059bd2a7ce9-348,dead_branch_after_opening_brace,unknown,0.0,0.0,1.0,0.0
ReGVD-official-validation-calibrated,bigvul-648cbc15a6830523b3a4eb78d674f059bd2a7ce9-348,identifier_renaming,unknown,0.0,0.0,1.0,0.0
ReGVD-official-validation-calibrated,bigvul-648cbc15a6830523b3a4eb78d674f059bd2a7ce9-348,original,unknown,0.0,0.0,1.0,0.0
ReGVD-official-validation-calibrated,bigvul-648cbc15a6830523b3a4eb78d674f059bd2a7ce9-348,safe_dead_code_carrier,unknown,0.0,0.0,1.0,0.0
ReGVD-official-validation-calibrated,bigvul-6a60f01228557982e6508c5919cc21fcfddf110b-2477,blank_line_expansion,CWE-264,0.0,0.0,1.0,0.0
ReGVD-official-validation-calibrated,bigvul-6a60f01228557982e6508c5919cc21fcfddf110b-2477,brace_line_shift,CWE-264,0.0,0.0,1.0,0.0
ReGVD-official-validation-calibrated,bigvul-6a60f01228557982e6508c5919cc21fcfddf110b-2477,code_normalization_abstraction,CWE-264,0.0,0.0,1.0,0.0
ReGVD-official-validation-calibrated,bigvul-6a60f01228557982e6508c5919cc21fcfddf110b-2477,comment_banner,CWE-264,0.0,0.0,1.0,0.0
ReGVD-official-validation-calibrated,bigvul-6a60f01228557982e6508c5919cc21fcfddf110b-2477,control_flow_rewrite,CWE-264,0.0,0.0,1.0,0.0
ReGVD-official-validation-calibrated,bigvul-6a60f01228557982e6508c5919cc21fcfddf110b-2477,dead_branch_after_opening_brace,CWE-264,0.0,0.0,1.0,0.0
ReGVD-official-validation-calibrated,bigvul-6a60f01228557982e6508c5919cc21fcfddf110b-2477,identifier_renaming,CWE-264,0.0,0.0,1.0,0.0
ReGVD-official-validation-calibrated,bigvul-6a60f01228557982e6508c5919cc21fcfddf110b-2477,original,CWE-264,0.0,0.0,1.0,0.0
ReGVD-official-validation-calibrated,bigvul-6a60f01228557982e6508c5919cc21fcfddf110b-2477,safe_dead_code_carrier,CWE-264,0.0,0.0,1.0,0.0
ReGVD-official-validation-calibrated,bigvul-6a7063ae61cf031630b48bdcdb09863ffc199962-913,blank_line_expansion,CWE-416,0.007733970880508423,1.0,0.0,0.0
ReGVD-official-validation-calibrated,bigvul-6a7063ae61cf031630b48bdcdb09863ffc199962-913,brace_line_shift,CWE-416,0.007733970880508423,1.0,0.0,0.0
ReGVD-official-validation-calibrated,bigvul-6a7063ae61cf031630b48bdcdb09863ffc199962-913,code_normalization_abstraction,CWE-416,0.007733970880508423,1.0,0.0,0.0
ReGVD-official-validation-calibrated,bigvul-6a7063ae61cf031630b48bdcdb09863ffc199962-913,comment_banner,CWE-416,0.010626494884490967,1.0,0.0,0.0
ReGVD-official-validation-calibrated,bigvul-6a7063ae61cf031630b48bdcdb09863ffc199962-913,control_flow_rewrite,CWE-416,0.007733970880508423,1.0,0.0,0.0
ReGVD-official-validation-calibrated,bigvul-6a7063ae61cf031630b48bdcdb09863ffc199962-913,dead_branch_after_opening_brace,CWE-416,0.01144382357597351,1.0,0.0,0.0
ReGVD-official-validation-calibrated,bigvul-6a7063ae61cf031630b48bdcdb09863ffc199962-913,identifier_renaming,CWE-416,0.007733970880508423,1.0,0.0,0.0
ReGVD-official-validation-calibrated,bigvul-6a7063ae61cf031630b48bdcdb09863ffc199962-913,original,CWE-416,0.007733970880508423,1.0,0.0,0.0
ReGVD-official-validation-calibrated,bigvul-6a7063ae61cf031630b48bdcdb09863ffc199962-913,safe_dead_code_carrier,CWE-416,0.010119825601577759,1.0,0.0,0.0
ReGVD-official-validation-calibrated,bigvul-6b6bff054d569a77973f2140c0e86366e6168a6c-2681,blank_line_expansion,CWE-20,0.0,0.0,1.0,0.0
ReGVD-official-validation-calibrated,bigvul-6b6bff054d569a77973f2140c0e86366e6168a6c-2681,brace_line_shift,CWE-20,0.0,0.0,1.0,0.0
ReGVD-official-validation-calibrated,bigvul-6b6bff054d569a77973f2140c0e86366e6168a6c-2681,code_normalization_abstraction,CWE-20,0.0,0.0,1.0,0.0
ReGVD-official-validation-calibrated,bigvul-6b6bff054d569a77973f2140c0e86366e6168a6c-2681,comment_banner,CWE-20,0.0,0.0,1.0,0.0
ReGVD-official-validation-calibrated,bigvul-6b6bff054d569a77973f2140c0e86366e6168a6c-2681,control_flow_rewrite,CWE-20,0.0,0.0,1.0,0.0
ReGVD-official-validation-calibrated,bigvul-6b6bff054d569a77973f2140c0e86366e6168a6c-2681,dead_branch_after_opening_brace,CWE-20,0.0,0.0,1.0,0.0
ReGVD-official-validation-calibrated,bigvul-6b6bff054d569a77973f2140c0e86366e6168a6c-2681,identifier_renaming,CWE-20,0.0,0.0,1.0,0.0
ReGVD-official-validation-calibrated,bigvul-6b6bff054d569a77973f2140c0e86366e6168a6c-2681,original,CWE-20,0.0,0.0,1.0,0.0
ReGVD-official-validation-calibrated,bigvul-6b6bff054d569a77973f2140c0e86366e6168a6c-2681,safe_dead_code_carrier,CWE-20,0.0,0.0,1.0,0.0
ReGVD-official-validation-calibrated,bigvul-6d9425ec7badda912555d46ea7abcfab81fdd9b9-2117,blank_line_expansion,CWE-399,-0.0012593269348144531,0.0,0.0,0.0
ReGVD-official-validation-calibrated,bigvul-6d9425ec7badda912555d46ea7abcfab81fdd9b9-2117,brace_line_shift,CWE-399,-0.0012593269348144531,0.0,0.0,0.0
ReGVD-official-validation-calibrated,bigvul-6d9425ec7badda912555d46ea7abcfab81fdd9b9-2117,code_normalization_abstraction,CWE-399,-0.0012593269348144531,0.0,0.0,0.0
ReGVD-official-validation-calibrated,bigvul-6d9425ec7badda912555d46ea7abcfab81fdd9b9-2117,comment_banner,CWE-399,-0.0014049410820007324,0.0,0.0,0.0
ReGVD-official-validation-calibrated,bigvul-6d9425ec7badda912555d46ea7abcfab81fdd9b9-2117,control_flow_rewrite,CWE-399,-0.0012593269348144531,0.0,0.0,0.0
ReGVD-official-validation-calibrated,bigvul-6d9425ec7badda912555d46ea7abcfab81fdd9b9-2117,dead_branch_after_opening_brace,CWE-399,-0.0012731850147247314,0.0,0.0,0.0
ReGVD-official-validation-calibrated,bigvul-6d9425ec7badda912555d46ea7abcfab81fdd9b9-2117,identifier_renaming,CWE-399,-0.0012593269348144531,0.0,0.0,0.0
ReGVD-official-validation-calibrated,bigvul-6d9425ec7badda912555d46ea7abcfab81fdd9b9-2117,original,CWE-399,-0.0012593269348144531,0.0,0.0,0.0
ReGVD-official-validation-calibrated,bigvul-6d9425ec7badda912555d46ea7abcfab81fdd9b9-2117,safe_dead_code_carrier,CWE-399,-0.0017180442810058594,0.0,0.0,0.0
ReGVD-official-validation-calibrated,bigvul-6f737ddfadb596d7d4a993f7ed2141ffd664a81c-117,blank_line_expansion,CWE-399,0.001436471939086914,1.0,0.0,0.0
ReGVD-official-validation-calibrated,bigvul-6f737ddfadb596d7d4a993f7ed2141ffd664a81c-117,brace_line_shift,CWE-399,0.001436471939086914,1.0,0.0,0.0
ReGVD-official-validation-calibrated,bigvul-6f737ddfadb596d7d4a993f7ed2141ffd664a81c-117,code_normalization_abstraction,CWE-399,0.001436471939086914,1.0,0.0,0.0
ReGVD-official-validation-calibrated,bigvul-6f737ddfadb596d7d4a993f7ed2141ffd664a81c-117,comment_banner,CWE-399,0.002088189125061035,1.0,0.0,0.0
ReGVD-official-validation-calibrated,bigvul-6f737ddfadb596d7d4a993f7ed2141ffd664a81c-117,control_flow_rewrite,CWE-399,0.001436471939086914,1.0,0.0,0.0
ReGVD-official-validation-calibrated,bigvul-6f737ddfadb596d7d4a993f7ed2141ffd664a81c-117,dead_branch_after_opening_brace,CWE-399,0.0016303956508636475,1.0,0.0,0.0
ReGVD-official-validation-calibrated,bigvul-6f737ddfadb596d7d4a993f7ed2141ffd664a81c-117,identifier_renaming,CWE-399,0.000973135232925415,1.0,0.0,0.0
ReGVD-official-validation-calibrated,bigvul-6f737ddfadb596d7d4a993f7ed2141ffd664a81c-117,original,CWE-399,0.001436471939086914,1.0,0.0,0.0
ReGVD-official-validation-calibrated,bigvul-6f737ddfadb596d7d4a993f7ed2141ffd664a81c-117,safe_dead_code_carrier,CWE-399,0.002231121063232422,1.0,0.0,0.0
ReGVD-official-validation-calibrated,bigvul-7394cf6f43d7a86630d3eb1c728fd63c621b5530-391,blank_line_expansion,unknown,0.0,0.0,1.0,0.0
ReGVD-official-validation-calibrated,bigvul-7394cf6f43d7a86630d3eb1c728fd63c621b5530-391,brace_line_shift,unknown,0.0,0.0,1.0,0.0
ReGVD-official-validation-calibrated,bigvul-7394cf6f43d7a86630d3eb1c728fd63c621b5530-391,code_normalization_abstraction,unknown,0.0,0.0,1.0,0.0
ReGVD-official-validation-calibrated,bigvul-7394cf6f43d7a86630d3eb1c728fd63c621b5530-391,comment_banner,unknown,0.0,0.0,1.0,0.0
ReGVD-official-validation-calibrated,bigvul-7394cf6f43d7a86630d3eb1c728fd63c621b5530-391,control_flow_rewrite,unknown,0.0,0.0,1.0,0.0
ReGVD-official-validation-calibrated,bigvul-7394cf6f43d7a86630d3eb1c728fd63c621b5530-391,dead_branch_after_opening_brace,unknown,0.0,0.0,1.0,0.0
ReGVD-official-validation-calibrated,bigvul-7394cf6f43d7a86630d3eb1c728fd63c621b5530-391,identifier_renaming,unknown,0.0,0.0,1.0,0.0
ReGVD-official-validation-calibrated,bigvul-7394cf6f43d7a86630d3eb1c728fd63c621b5530-391,original,unknown,0.0,0.0,1.0,0.0
ReGVD-official-validation-calibrated,bigvul-7394cf6f43d7a86630d3eb1c728fd63c621b5530-391,safe_dead_code_carrier,unknown,0.0,0.0,1.0,0.0
ReGVD-official-validation-calibrated,bigvul-778500563a9f7ceba996937dc886bd8cde29b42b-1875,blank_line_expansion,CWE-125,-0.008477449417114258,0.0,0.0,0.0
ReGVD-official-validation-calibrated,bigvul-778500563a9f7ceba996937dc886bd8cde29b42b-1875,brace_line_shift,CWE-125,-0.008477449417114258,0.0,0.0,0.0
ReGVD-official-validation-calibrated,bigvul-778500563a9f7ceba996937dc886bd8cde29b42b-1875,code_normalization_abstraction,CWE-125,-0.008477449417114258,0.0,0.0,0.0
ReGVD-official-validation-calibrated,bigvul-778500563a9f7ceba996937dc886bd8cde29b42b-1875,comment_banner,CWE-125,-0.015122562646865845,0.0,0.0,0.0
ReGVD-official-validation-calibrated,bigvul-778500563a9f7ceba996937dc886bd8cde29b42b-1875,control_flow_rewrite,CWE-125,-0.008477449417114258,0.0,0.0,0.0
ReGVD-official-validation-calibrated,bigvul-778500563a9f7ceba996937dc886bd8cde29b42b-1875,dead_branch_after_opening_brace,CWE-125,0.0008052289485931396,1.0,0.0,0.0
ReGVD-official-validation-calibrated,bigvul-778500563a9f7ceba996937dc886bd8cde29b42b-1875,identifier_renaming,CWE-125,-0.010620653629302979,0.0,0.0,0.0
ReGVD-official-validation-calibrated,bigvul-778500563a9f7ceba996937dc886bd8cde29b42b-1875,original,CWE-125,-0.008477449417114258,0.0,0.0,0.0
ReGVD-official-validation-calibrated,bigvul-778500563a9f7ceba996937dc886bd8cde29b42b-1875,safe_dead_code_carrier,CWE-125,-0.0007912218570709229,0.0,0.0,0.0
ReGVD-official-validation-calibrated,bigvul-78d89fe556cb5dabbc47b4967cdf55e607e29580-2724,blank_line_expansion,CWE-119,0.011749088764190674,1.0,0.0,0.0
ReGVD-official-validation-calibrated,bigvul-78d89fe556cb5dabbc47b4967cdf55e607e29580-2724,brace_line_shift,CWE-119,0.011749088764190674,1.0,0.0,0.0
ReGVD-official-validation-calibrated,bigvul-78d89fe556cb5dabbc47b4967cdf55e607e29580-2724,code_normalization_abstraction,CWE-119,0.011755317449569702,1.0,0.0,0.0
ReGVD-official-validation-calibrated,bigvul-78d89fe556cb5dabbc47b4967cdf55e607e29580-2724,comment_banner,CWE-119,0.01114460825920105,1.0,0.0,0.0
ReGVD-official-validation-calibrated,bigvul-78d89fe556cb5dabbc47b4967cdf55e607e29580-2724,control_flow_rewrite,CWE-119,0.011749088764190674,1.0,0.0,0.0
ReGVD-official-validation-calibrated,bigvul-78d89fe556cb5dabbc47b4967cdf55e607e29580-2724,dead_branch_after_opening_brace,CWE-119,0.013514041900634766,1.0,0.0,0.0
ReGVD-official-validation-calibrated,bigvul-78d89fe556cb5dabbc47b4967cdf55e607e29580-2724,identifier_renaming,CWE-119,0.011749088764190674,1.0,0.0,0.0
ReGVD-official-validation-calibrated,bigvul-78d89fe556cb5dabbc47b4967cdf55e607e29580-2724,original,CWE-119,0.011749088764190674,1.0,0.0,0.0
ReGVD-official-validation-calibrated,bigvul-78d89fe556cb5dabbc47b4967cdf55e607e29580-2724,safe_dead_code_carrier,CWE-119,0.01625877618789673,1.0,0.0,0.0
ReGVD-official-validation-calibrated,bigvul-7ed47b7d142ec99ad6880bbbec51e9f12b3af74c-2002,blank_line_expansion,unknown,0.00017008185386657715,1.0,0.0,0.0
ReGVD-official-validation-calibrated,bigvul-7ed47b7d142ec99ad6880bbbec51e9f12b3af74c-2002,brace_line_shift,unknown,0.00017008185386657715,1.0,0.0,0.0
ReGVD-official-validation-calibrated,bigvul-7ed47b7d142ec99ad6880bbbec51e9f12b3af74c-2002,code_normalization_abstraction,unknown,-0.0001342296600341797,0.0,0.0,0.0
ReGVD-official-validation-calibrated,bigvul-7ed47b7d142ec99ad6880bbbec51e9f12b3af74c-2002,comment_banner,unknown,-0.005513191223144531,0.0,0.0,0.0
ReGVD-official-validation-calibrated,bigvul-7ed47b7d142ec99ad6880bbbec51e9f12b3af74c-2002,control_flow_rewrite,unknown,0.00017008185386657715,1.0,0.0,0.0
ReGVD-official-validation-calibrated,bigvul-7ed47b7d142ec99ad6880bbbec51e9f12b3af74c-2002,dead_branch_after_opening_brace,unknown,0.003318279981613159,1.0,0.0,0.0
ReGVD-official-validation-calibrated,bigvul-7ed47b7d142ec99ad6880bbbec51e9f12b3af74c-2002,identifier_renaming,unknown,-0.005003392696380615,0.0,0.0,0.0
ReGVD-official-validation-calibrated,bigvul-7ed47b7d142ec99ad6880bbbec51e9f12b3af74c-2002,original,unknown,0.00017008185386657715,1.0,0.0,0.0
ReGVD-official-validation-calibrated,bigvul-7ed47b7d142ec99ad6880bbbec51e9f12b3af74c-2002,safe_dead_code_carrier,unknown,0.0060266852378845215,1.0,0.0,0.0
ReGVD-official-validation-calibrated,bigvul-802ecdb9cee0d66fe546bdf24e98150f8f716ad8-2301,blank_line_expansion,CWE-119,-0.012173891067504883,0.0,0.0,0.0
ReGVD-official-validation-calibrated,bigvul-802ecdb9cee0d66fe546bdf24e98150f8f716ad8-2301,brace_line_shift,CWE-119,-0.012173891067504883,0.0,0.0,0.0
ReGVD-official-validation-calibrated,bigvul-802ecdb9cee0d66fe546bdf24e98150f8f716ad8-2301,code_normalization_abstraction,CWE-119,-0.012173891067504883,0.0,0.0,0.0
ReGVD-official-validation-calibrated,bigvul-802ecdb9cee0d66fe546bdf24e98150f8f716ad8-2301,comment_banner,CWE-119,-0.011715739965438843,0.0,0.0,0.0
ReGVD-official-validation-calibrated,bigvul-802ecdb9cee0d66fe546bdf24e98150f8f716ad8-2301,control_flow_rewrite,CWE-119,-0.012173891067504883,0.0,0.0,0.0
ReGVD-official-validation-calibrated,bigvul-802ecdb9cee0d66fe546bdf24e98150f8f716ad8-2301,dead_branch_after_opening_brace,CWE-119,-0.006322979927062988,0.0,0.0,0.0
ReGVD-official-validation-calibrated,bigvul-802ecdb9cee0d66fe546bdf24e98150f8f716ad8-2301,identifier_renaming,CWE-119,-0.0158078670501709,0.0,0.0,0.0
ReGVD-official-validation-calibrated,bigvul-802ecdb9cee0d66fe546bdf24e98150f8f716ad8-2301,original,CWE-119,-0.012173891067504883,0.0,0.0,0.0
ReGVD-official-validation-calibrated,bigvul-802ecdb9cee0d66fe546bdf24e98150f8f716ad8-2301,safe_dead_code_carrier,CWE-119,-0.007160395383834839,0.0,0.0,0.0
ReGVD-official-validation-calibrated,bigvul-84ca1ee18bbc32f3cb035d071e8271e064dfd4d7-1210,blank_line_expansion,CWE-416,0.0008707642555236816,1.0,0.0,0.0
ReGVD-official-validation-calibrated,bigvul-84ca1ee18bbc32f3cb035d071e8271e064dfd4d7-1210,brace_line_shift,CWE-416,0.0008707642555236816,1.0,0.0,0.0
ReGVD-official-validation-calibrated,bigvul-84ca1ee18bbc32f3cb035d071e8271e064dfd4d7-1210,code_normalization_abstraction,CWE-416,0.0008707642555236816,1.0,0.0,0.0
ReGVD-official-validation-calibrated,bigvul-84ca1ee18bbc32f3cb035d071e8271e064dfd4d7-1210,comment_banner,CWE-416,0.0010007619857788086,1.0,0.0,0.0
ReGVD-official-validation-calibrated,bigvul-84ca1ee18bbc32f3cb035d071e8271e064dfd4d7-1210,control_flow_rewrite,CWE-416,0.0008707642555236816,1.0,0.0,0.0
ReGVD-official-validation-calibrated,bigvul-84ca1ee18bbc32f3cb035d071e8271e064dfd4d7-1210,dead_branch_after_opening_brace,CWE-416,0.0006532669067382812,1.0,0.0,0.0
ReGVD-official-validation-calibrated,bigvul-84ca1ee18bbc32f3cb035d071e8271e064dfd4d7-1210,identifier_renaming,CWE-416,0.0009447336196899414,1.0,0.0,0.0
ReGVD-official-validation-calibrated,bigvul-84ca1ee18bbc32f3cb035d071e8271e064dfd4d7-1210,original,CWE-416,0.0008707642555236816,1.0,0.0,0.0
ReGVD-official-validation-calibrated,bigvul-84ca1ee18bbc32f3cb035d071e8271e064dfd4d7-1210,safe_dead_code_carrier,CWE-416,0.0010461211204528809,1.0,0.0,0.0
ReGVD-official-validation-calibrated,bigvul-864e2e22fcd0cba3f5e67680ccabd0302dfda45d-680,blank_line_expansion,CWE-264,0.0,0.0,1.0,0.0
ReGVD-official-validation-calibrated,bigvul-864e2e22fcd0cba3f5e67680ccabd0302dfda45d-680,brace_line_shift,CWE-264,0.0,0.0,1.0,0.0
ReGVD-official-validation-calibrated,bigvul-864e2e22fcd0cba3f5e67680ccabd0302dfda45d-680,code_normalization_abstraction,CWE-264,0.0,0.0,1.0,0.0
ReGVD-official-validation-calibrated,bigvul-864e2e22fcd0cba3f5e67680ccabd0302dfda45d-680,comment_banner,CWE-264,0.0,0.0,1.0,0.0
ReGVD-official-validation-calibrated,bigvul-864e2e22fcd0cba3f5e67680ccabd0302dfda45d-680,control_flow_rewrite,CWE-264,0.0,0.0,1.0,0.0
ReGVD-official-validation-calibrated,bigvul-864e2e22fcd0cba3f5e67680ccabd0302dfda45d-680,dead_branch_after_opening_brace,CWE-264,0.0,0.0,1.0,0.0
ReGVD-official-validation-calibrated,bigvul-864e2e22fcd0cba3f5e67680ccabd0302dfda45d-680,identifier_renaming,CWE-264,0.0,0.0,1.0,0.0
ReGVD-official-validation-calibrated,bigvul-864e2e22fcd0cba3f5e67680ccabd0302dfda45d-680,original,CWE-264,0.0,0.0,1.0,0.0
ReGVD-official-validation-calibrated,bigvul-864e2e22fcd0cba3f5e67680ccabd0302dfda45d-680,safe_dead_code_carrier,CWE-264,0.0,0.0,1.0,0.0
ReGVD-official-validation-calibrated,bigvul-8c95ab0b50f8a257514f9647929267e62b1e611d-327,blank_line_expansion,unknown,0.0005608797073364258,1.0,0.0,0.0
ReGVD-official-validation-calibrated,bigvul-8c95ab0b50f8a257514f9647929267e62b1e611d-327,brace_line_shift,unknown,0.0005608797073364258,1.0,0.0,0.0
ReGVD-official-validation-calibrated,bigvul-8c95ab0b50f8a257514f9647929267e62b1e611d-327,code_normalization_abstraction,unknown,0.0005608797073364258,1.0,0.0,0.0
ReGVD-official-validation-calibrated,bigvul-8c95ab0b50f8a257514f9647929267e62b1e611d-327,comment_banner,unknown,-0.0006910860538482666,0.0,0.0,0.0
ReGVD-official-validation-calibrated,bigvul-8c95ab0b50f8a257514f9647929267e62b1e611d-327,control_flow_rewrite,unknown,0.0005608797073364258,1.0,0.0,0.0
ReGVD-official-validation-calibrated,bigvul-8c95ab0b50f8a257514f9647929267e62b1e611d-327,dead_branch_after_opening_brace,unknown,0.0010347962379455566,1.0,0.0,0.0
ReGVD-official-validation-calibrated,bigvul-8c95ab0b50f8a257514f9647929267e62b1e611d-327,identifier_renaming,unknown,0.0014142096042633057,1.0,0.0,0.0
ReGVD-official-validation-calibrated,bigvul-8c95ab0b50f8a257514f9647929267e62b1e611d-327,original,unknown,0.0005608797073364258,1.0,0.0,0.0
ReGVD-official-validation-calibrated,bigvul-8c95ab0b50f8a257514f9647929267e62b1e611d-327,safe_dead_code_carrier,unknown,-0.006451934576034546,0.0,0.0,0.0
ReGVD-official-validation-calibrated,bigvul-8cfe2463cec6835c7b0b73dcb2ab2edaf035e3f9-603,blank_line_expansion,CWE-416,0.0008069276809692383,1.0,0.0,0.0
ReGVD-official-validation-calibrated,bigvul-8cfe2463cec6835c7b0b73dcb2ab2edaf035e3f9-603,brace_line_shift,CWE-416,0.0008069276809692383,1.0,0.0,0.0
ReGVD-official-validation-calibrated,bigvul-8cfe2463cec6835c7b0b73dcb2ab2edaf035e3f9-603,code_normalization_abstraction,CWE-416,0.0008069276809692383,1.0,0.0,0.0
ReGVD-official-validation-calibrated,bigvul-8cfe2463cec6835c7b0b73dcb2ab2edaf035e3f9-603,comment_banner,CWE-416,0.0013324320316314697,1.0,0.0,0.0
ReGVD-official-validation-calibrated,bigvul-8cfe2463cec6835c7b0b73dcb2ab2edaf035e3f9-603,control_flow_rewrite,CWE-416,0.0008069276809692383,1.0,0.0,0.0
ReGVD-official-validation-calibrated,bigvul-8cfe2463cec6835c7b0b73dcb2ab2edaf035e3f9-603,dead_branch_after_opening_brace,CWE-416,0.0005812644958496094,1.0,0.0,0.0
ReGVD-official-validation-calibrated,bigvul-8cfe2463cec6835c7b0b73dcb2ab2edaf035e3f9-603,identifier_renaming,CWE-416,0.0008069276809692383,1.0,0.0,0.0
ReGVD-official-validation-calibrated,bigvul-8cfe2463cec6835c7b0b73dcb2ab2edaf035e3f9-603,original,CWE-416,0.0008069276809692383,1.0,0.0,0.0
ReGVD-official-validation-calibrated,bigvul-8cfe2463cec6835c7b0b73dcb2ab2edaf035e3f9-603,safe_dead_code_carrier,CWE-416,0.0005528628826141357,1.0,0.0,0.0
ReGVD-official-validation-calibrated,bigvul-8e76d0404b7f664ee6719fd98f0483f0ac4669d6-95,blank_line_expansion,CWE-200,0.0064154863357543945,1.0,0.0,0.0
ReGVD-official-validation-calibrated,bigvul-8e76d0404b7f664ee6719fd98f0483f0ac4669d6-95,brace_line_shift,CWE-200,0.0064154863357543945,1.0,0.0,0.0
ReGVD-official-validation-calibrated,bigvul-8e76d0404b7f664ee6719fd98f0483f0ac4669d6-95,code_normalization_abstraction,CWE-200,0.0064154863357543945,1.0,0.0,0.0
ReGVD-official-validation-calibrated,bigvul-8e76d0404b7f664ee6719fd98f0483f0ac4669d6-95,comment_banner,CWE-200,0.00746038556098938,1.0,0.0,0.0
ReGVD-official-validation-calibrated,bigvul-8e76d0404b7f664ee6719fd98f0483f0ac4669d6-95,control_flow_rewrite,CWE-200,0.0064154863357543945,1.0,0.0,0.0
ReGVD-official-validation-calibrated,bigvul-8e76d0404b7f664ee6719fd98f0483f0ac4669d6-95,dead_branch_after_opening_brace,CWE-200,0.006741076707839966,1.0,0.0,0.0
ReGVD-official-validation-calibrated,bigvul-8e76d0404b7f664ee6719fd98f0483f0ac4669d6-95,identifier_renaming,CWE-200,0.0064154863357543945,1.0,0.0,0.0
ReGVD-official-validation-calibrated,bigvul-8e76d0404b7f664ee6719fd98f0483f0ac4669d6-95,original,CWE-200,0.0064154863357543945,1.0,0.0,0.0
ReGVD-official-validation-calibrated,bigvul-8e76d0404b7f664ee6719fd98f0483f0ac4669d6-95,safe_dead_code_carrier,CWE-200,0.006166130304336548,1.0,0.0,0.0
ReGVD-official-validation-calibrated,bigvul-91f2fa59e8ed80dfbf400add0164ee0e508e412a-1900,blank_line_expansion,CWE-119,-0.0007904171943664551,0.0,0.0,0.0
ReGVD-official-validation-calibrated,bigvul-91f2fa59e8ed80dfbf400add0164ee0e508e412a-1900,brace_line_shift,CWE-119,-0.0007904171943664551,0.0,0.0,0.0
ReGVD-official-validation-calibrated,bigvul-91f2fa59e8ed80dfbf400add0164ee0e508e412a-1900,code_normalization_abstraction,CWE-119,-0.0007904171943664551,0.0,0.0,0.0
ReGVD-official-validation-calibrated,bigvul-91f2fa59e8ed80dfbf400add0164ee0e508e412a-1900,comment_banner,CWE-119,0.0,0.0,1.0,0.0
ReGVD-official-validation-calibrated,bigvul-91f2fa59e8ed80dfbf400add0164ee0e508e412a-1900,control_flow_rewrite,CWE-119,-0.0007904171943664551,0.0,0.0,0.0
ReGVD-official-validation-calibrated,bigvul-91f2fa59e8ed80dfbf400add0164ee0e508e412a-1900,dead_branch_after_opening_brace,CWE-119,0.0,0.0,1.0,0.0
ReGVD-official-validation-calibrated,bigvul-91f2fa59e8ed80dfbf400add0164ee0e508e412a-1900,identifier_renaming,CWE-119,0.0,0.0,1.0,0.0
ReGVD-official-validation-calibrated,bigvul-91f2fa59e8ed80dfbf400add0164ee0e508e412a-1900,original,CWE-119,-0.0007904171943664551,0.0,0.0,0.0
ReGVD-official-validation-calibrated,bigvul-91f2fa59e8ed80dfbf400add0164ee0e508e412a-1900,safe_dead_code_carrier,CWE-119,0.0,0.0,1.0,0.0
ReGVD-official-validation-calibrated,bigvul-94e01571507835ff59dd8ce2a0b56a4b566965a4-660,blank_line_expansion,CWE-119,0.0,0.0,1.0,0.0
ReGVD-official-validation-calibrated,bigvul-94e01571507835ff59dd8ce2a0b56a4b566965a4-660,brace_line_shift,CWE-119,0.0,0.0,1.0,0.0
ReGVD-official-validation-calibrated,bigvul-94e01571507835ff59dd8ce2a0b56a4b566965a4-660,code_normalization_abstraction,CWE-119,0.0,0.0,1.0,0.0
ReGVD-official-validation-calibrated,bigvul-94e01571507835ff59dd8ce2a0b56a4b566965a4-660,comment_banner,CWE-119,0.0,0.0,1.0,0.0
ReGVD-official-validation-calibrated,bigvul-94e01571507835ff59dd8ce2a0b56a4b566965a4-660,control_flow_rewrite,CWE-119,0.0,0.0,1.0,0.0
ReGVD-official-validation-calibrated,bigvul-94e01571507835ff59dd8ce2a0b56a4b566965a4-660,dead_branch_after_opening_brace,CWE-119,0.0,0.0,1.0,0.0
ReGVD-official-validation-calibrated,bigvul-94e01571507835ff59dd8ce2a0b56a4b566965a4-660,identifier_renaming,CWE-119,0.0,0.0,1.0,0.0
ReGVD-official-validation-calibrated,bigvul-94e01571507835ff59dd8ce2a0b56a4b566965a4-660,original,CWE-119,0.0,0.0,1.0,0.0
ReGVD-official-validation-calibrated,bigvul-94e01571507835ff59dd8ce2a0b56a4b566965a4-660,safe_dead_code_carrier,CWE-119,0.0,0.0,1.0,0.0
ReGVD-official-validation-calibrated,bigvul-9f64916da20eea67121d544698676295bbb105a7-509,blank_line_expansion,CWE-125,-0.004605919122695923,0.0,0.0,0.0
ReGVD-official-validation-calibrated,bigvul-9f64916da20eea67121d544698676295bbb105a7-509,brace_line_shift,CWE-125,-0.004605919122695923,0.0,0.0,0.0
ReGVD-official-validation-calibrated,bigvul-9f64916da20eea67121d544698676295bbb105a7-509,code_normalization_abstraction,CWE-125,-0.004605919122695923,0.0,0.0,0.0
ReGVD-official-validation-calibrated,bigvul-9f64916da20eea67121d544698676295bbb105a7-509,comment_banner,CWE-125,-0.0006635189056396484,0.0,0.0,0.0
ReGVD-official-validation-calibrated,bigvul-9f64916da20eea67121d544698676295bbb105a7-509,control_flow_rewrite,CWE-125,-0.004605919122695923,0.0,0.0,0.0
ReGVD-official-validation-calibrated,bigvul-9f64916da20eea67121d544698676295bbb105a7-509,dead_branch_after_opening_brace,CWE-125,0.0,0.0,1.0,0.0
ReGVD-official-validation-calibrated,bigvul-9f64916da20eea67121d544698676295bbb105a7-509,identifier_renaming,CWE-125,-0.003969550132751465,0.0,0.0,0.0
ReGVD-official-validation-calibrated,bigvul-9f64916da20eea67121d544698676295bbb105a7-509,original,CWE-125,-0.004605919122695923,0.0,0.0,0.0
ReGVD-official-validation-calibrated,bigvul-9f64916da20eea67121d544698676295bbb105a7-509,safe_dead_code_carrier,CWE-125,0.0,0.0,1.0,0.0
ReGVD-official-validation-calibrated,bigvul-a1098f81c252b317ad34ea978aea2bc47760b215-1178,blank_line_expansion,CWE-119,0.0,0.0,1.0,0.0
ReGVD-official-validation-calibrated,bigvul-a1098f81c252b317ad34ea978aea2bc47760b215-1178,brace_line_shift,CWE-119,0.0,0.0,1.0,0.0
ReGVD-official-validation-calibrated,bigvul-a1098f81c252b317ad34ea978aea2bc47760b215-1178,code_normalization_abstraction,CWE-119,0.0,0.0,1.0,0.0
ReGVD-official-validation-calibrated,bigvul-a1098f81c252b317ad34ea978aea2bc47760b215-1178,comment_banner,CWE-119,0.0,0.0,1.0,0.0
ReGVD-official-validation-calibrated,bigvul-a1098f81c252b317ad34ea978aea2bc47760b215-1178,control_flow_rewrite,CWE-119,0.0,0.0,1.0,0.0
ReGVD-official-validation-calibrated,bigvul-a1098f81c252b317ad34ea978aea2bc47760b215-1178,dead_branch_after_opening_brace,CWE-119,0.0,0.0,1.0,0.0
ReGVD-official-validation-calibrated,bigvul-a1098f81c252b317ad34ea978aea2bc47760b215-1178,identifier_renaming,CWE-119,0.0,0.0,1.0,0.0
ReGVD-official-validation-calibrated,bigvul-a1098f81c252b317ad34ea978aea2bc47760b215-1178,original,CWE-119,0.0,0.0,1.0,0.0
ReGVD-official-validation-calibrated,bigvul-a1098f81c252b317ad34ea978aea2bc47760b215-1178,safe_dead_code_carrier,CWE-119,0.0,0.0,1.0,0.0
ReGVD-official-validation-calibrated,bigvul-a151041807a7e3c702c5f935a742368333aa69d4-1931,blank_line_expansion,unknown,0.0,0.0,1.0,0.0
ReGVD-official-validation-calibrated,bigvul-a151041807a7e3c702c5f935a742368333aa69d4-1931,brace_line_shift,unknown,0.0,0.0,1.0,0.0
ReGVD-official-validation-calibrated,bigvul-a151041807a7e3c702c5f935a742368333aa69d4-1931,code_normalization_abstraction,unknown,0.0,0.0,1.0,0.0
ReGVD-official-validation-calibrated,bigvul-a151041807a7e3c702c5f935a742368333aa69d4-1931,comment_banner,unknown,0.0,0.0,1.0,0.0
ReGVD-official-validation-calibrated,bigvul-a151041807a7e3c702c5f935a742368333aa69d4-1931,control_flow_rewrite,unknown,0.0,0.0,1.0,0.0
ReGVD-official-validation-calibrated,bigvul-a151041807a7e3c702c5f935a742368333aa69d4-1931,dead_branch_after_opening_brace,unknown,0.0,0.0,1.0,0.0
ReGVD-official-validation-calibrated,bigvul-a151041807a7e3c702c5f935a742368333aa69d4-1931,identifier_renaming,unknown,0.0,0.0,1.0,0.0
ReGVD-official-validation-calibrated,bigvul-a151041807a7e3c702c5f935a742368333aa69d4-1931,original,unknown,0.0,0.0,1.0,0.0
ReGVD-official-validation-calibrated,bigvul-a151041807a7e3c702c5f935a742368333aa69d4-1931,safe_dead_code_carrier,unknown,0.0,0.0,1.0,0.0
ReGVD-official-validation-calibrated,bigvul-a30f64b4ae13255535a4947616fce484c54207df-815,blank_line_expansion,CWE-20,0.0,0.0,1.0,0.0
ReGVD-official-validation-calibrated,bigvul-a30f64b4ae13255535a4947616fce484c54207df-815,brace_line_shift,CWE-20,0.0,0.0,1.0,0.0
ReGVD-official-validation-calibrated,bigvul-a30f64b4ae13255535a4947616fce484c54207df-815,code_normalization_abstraction,CWE-20,0.0,0.0,1.0,0.0
ReGVD-official-validation-calibrated,bigvul-a30f64b4ae13255535a4947616fce484c54207df-815,comment_banner,CWE-20,0.0,0.0,1.0,0.0
ReGVD-official-validation-calibrated,bigvul-a30f64b4ae13255535a4947616fce484c54207df-815,control_flow_rewrite,CWE-20,0.0,0.0,1.0,0.0
ReGVD-official-validation-calibrated,bigvul-a30f64b4ae13255535a4947616fce484c54207df-815,dead_branch_after_opening_brace,CWE-20,0.0,0.0,1.0,0.0
ReGVD-official-validation-calibrated,bigvul-a30f64b4ae13255535a4947616fce484c54207df-815,identifier_renaming,CWE-20,0.0,0.0,1.0,0.0
ReGVD-official-validation-calibrated,bigvul-a30f64b4ae13255535a4947616fce484c54207df-815,original,CWE-20,0.0,0.0,1.0,0.0
ReGVD-official-validation-calibrated,bigvul-a30f64b4ae13255535a4947616fce484c54207df-815,safe_dead_code_carrier,CWE-20,0.0,0.0,1.0,0.0
ReGVD-official-validation-calibrated,bigvul-a8b0ca17b80e92faab46ee7179ba9e99ccb61233-525,blank_line_expansion,CWE-399,0.0006848275661468506,1.0,0.0,0.0
ReGVD-official-validation-calibrated,bigvul-a8b0ca17b80e92faab46ee7179ba9e99ccb61233-525,brace_line_shift,CWE-399,0.0006848275661468506,1.0,0.0,0.0
ReGVD-official-validation-calibrated,bigvul-a8b0ca17b80e92faab46ee7179ba9e99ccb61233-525,code_normalization_abstraction,CWE-399,0.0007651150226593018,1.0,0.0,0.0
ReGVD-official-validation-calibrated,bigvul-a8b0ca17b80e92faab46ee7179ba9e99ccb61233-525,comment_banner,CWE-399,-0.00019213557243347168,0.0,0.0,0.0
ReGVD-official-validation-calibrated,bigvul-a8b0ca17b80e92faab46ee7179ba9e99ccb61233-525,control_flow_rewrite,CWE-399,0.0006848275661468506,1.0,0.0,0.0
ReGVD-official-validation-calibrated,bigvul-a8b0ca17b80e92faab46ee7179ba9e99ccb61233-525,dead_branch_after_opening_brace,CWE-399,-0.00037807226181030273,0.0,0.0,0.0
ReGVD-official-validation-calibrated,bigvul-a8b0ca17b80e92faab46ee7179ba9e99ccb61233-525,identifier_renaming,CWE-399,-0.0002683401107788086,0.0,0.0,0.0
ReGVD-official-validation-calibrated,bigvul-a8b0ca17b80e92faab46ee7179ba9e99ccb61233-525,original,CWE-399,0.0006848275661468506,1.0,0.0,0.0
ReGVD-official-validation-calibrated,bigvul-a8b0ca17b80e92faab46ee7179ba9e99ccb61233-525,safe_dead_code_carrier,CWE-399,0.0023827552795410156,1.0,0.0,0.0
ReGVD-official-validation-calibrated,bigvul-ab906da53ff2a68c6fd6d1fa73f2b7c7bf0bc636-1442,blank_line_expansion,CWE-125,0.0,0.0,1.0,0.0
ReGVD-official-validation-calibrated,bigvul-ab906da53ff2a68c6fd6d1fa73f2b7c7bf0bc636-1442,brace_line_shift,CWE-125,0.0,0.0,1.0,0.0
ReGVD-official-validation-calibrated,bigvul-ab906da53ff2a68c6fd6d1fa73f2b7c7bf0bc636-1442,code_normalization_abstraction,CWE-125,0.0,0.0,1.0,0.0
ReGVD-official-validation-calibrated,bigvul-ab906da53ff2a68c6fd6d1fa73f2b7c7bf0bc636-1442,comment_banner,CWE-125,0.0,0.0,1.0,0.0
ReGVD-official-validation-calibrated,bigvul-ab906da53ff2a68c6fd6d1fa73f2b7c7bf0bc636-1442,control_flow_rewrite,CWE-125,0.0,0.0,1.0,0.0
ReGVD-official-validation-calibrated,bigvul-ab906da53ff2a68c6fd6d1fa73f2b7c7bf0bc636-1442,dead_branch_after_opening_brace,CWE-125,0.0,0.0,1.0,0.0
ReGVD-official-validation-calibrated,bigvul-ab906da53ff2a68c6fd6d1fa73f2b7c7bf0bc636-1442,identifier_renaming,CWE-125,0.0,0.0,1.0,0.0
ReGVD-official-validation-calibrated,bigvul-ab906da53ff2a68c6fd6d1fa73f2b7c7bf0bc636-1442,original,CWE-125,0.0,0.0,1.0,0.0
ReGVD-official-validation-calibrated,bigvul-ab906da53ff2a68c6fd6d1fa73f2b7c7bf0bc636-1442,safe_dead_code_carrier,CWE-125,0.0,0.0,1.0,0.0
ReGVD-official-validation-calibrated,bigvul-ac23b02ecb741e5de60f5235ea443790c88a0b80-1713,blank_line_expansion,CWE-20,0.0,0.0,1.0,0.0
ReGVD-official-validation-calibrated,bigvul-ac23b02ecb741e5de60f5235ea443790c88a0b80-1713,brace_line_shift,CWE-20,0.0,0.0,1.0,0.0
ReGVD-official-validation-calibrated,bigvul-ac23b02ecb741e5de60f5235ea443790c88a0b80-1713,code_normalization_abstraction,CWE-20,0.0,0.0,1.0,0.0
ReGVD-official-validation-calibrated,bigvul-ac23b02ecb741e5de60f5235ea443790c88a0b80-1713,comment_banner,CWE-20,0.0,0.0,1.0,0.0
ReGVD-official-validation-calibrated,bigvul-ac23b02ecb741e5de60f5235ea443790c88a0b80-1713,control_flow_rewrite,CWE-20,0.0,0.0,1.0,0.0
ReGVD-official-validation-calibrated,bigvul-ac23b02ecb741e5de60f5235ea443790c88a0b80-1713,dead_branch_after_opening_brace,CWE-20,0.0,0.0,1.0,0.0
ReGVD-official-validation-calibrated,bigvul-ac23b02ecb741e5de60f5235ea443790c88a0b80-1713,identifier_renaming,CWE-20,0.0,0.0,1.0,0.0
ReGVD-official-validation-calibrated,bigvul-ac23b02ecb741e5de60f5235ea443790c88a0b80-1713,original,CWE-20,0.0,0.0,1.0,0.0
ReGVD-official-validation-calibrated,bigvul-ac23b02ecb741e5de60f5235ea443790c88a0b80-1713,safe_dead_code_carrier,CWE-20,0.0,0.0,1.0,0.0
ReGVD-official-validation-calibrated,bigvul-ac8bd041b81e46e4e4fcd5021aaa5499703952e6-2748,blank_line_expansion,CWE-287,0.0,0.0,1.0,0.0
ReGVD-official-validation-calibrated,bigvul-ac8bd041b81e46e4e4fcd5021aaa5499703952e6-2748,brace_line_shift,CWE-287,0.0,0.0,1.0,0.0
ReGVD-official-validation-calibrated,bigvul-ac8bd041b81e46e4e4fcd5021aaa5499703952e6-2748,code_normalization_abstraction,CWE-287,0.0,0.0,1.0,0.0
ReGVD-official-validation-calibrated,bigvul-ac8bd041b81e46e4e4fcd5021aaa5499703952e6-2748,comment_banner,CWE-287,0.0,0.0,1.0,0.0
ReGVD-official-validation-calibrated,bigvul-ac8bd041b81e46e4e4fcd5021aaa5499703952e6-2748,control_flow_rewrite,CWE-287,0.0,0.0,1.0,0.0
ReGVD-official-validation-calibrated,bigvul-ac8bd041b81e46e4e4fcd5021aaa5499703952e6-2748,dead_branch_after_opening_brace,CWE-287,0.0,0.0,1.0,0.0
ReGVD-official-validation-calibrated,bigvul-ac8bd041b81e46e4e4fcd5021aaa5499703952e6-2748,identifier_renaming,CWE-287,0.0,0.0,1.0,0.0
ReGVD-official-validation-calibrated,bigvul-ac8bd041b81e46e4e4fcd5021aaa5499703952e6-2748,original,CWE-287,0.0,0.0,1.0,0.0
ReGVD-official-validation-calibrated,bigvul-ac8bd041b81e46e4e4fcd5021aaa5499703952e6-2748,safe_dead_code_carrier,CWE-287,0.0,0.0,1.0,0.0
ReGVD-official-validation-calibrated,bigvul-adca986a53b31b6da4cb22f8e755f6856daea89a-2137,blank_line_expansion,CWE-20,-0.001296907663345337,0.0,0.0,0.0
ReGVD-official-validation-calibrated,bigvul-adca986a53b31b6da4cb22f8e755f6856daea89a-2137,brace_line_shift,CWE-20,-0.001296907663345337,0.0,0.0,0.0
ReGVD-official-validation-calibrated,bigvul-adca986a53b31b6da4cb22f8e755f6856daea89a-2137,code_normalization_abstraction,CWE-20,-0.001296907663345337,0.0,0.0,0.0
ReGVD-official-validation-calibrated,bigvul-adca986a53b31b6da4cb22f8e755f6856daea89a-2137,comment_banner,CWE-20,-0.0013256072998046875,0.0,0.0,0.0
ReGVD-official-validation-calibrated,bigvul-adca986a53b31b6da4cb22f8e755f6856daea89a-2137,control_flow_rewrite,CWE-20,-0.001296907663345337,0.0,0.0,0.0
ReGVD-official-validation-calibrated,bigvul-adca986a53b31b6da4cb22f8e755f6856daea89a-2137,dead_branch_after_opening_brace,CWE-20,-0.0016375482082366943,0.0,0.0,0.0
ReGVD-official-validation-calibrated,bigvul-adca986a53b31b6da4cb22f8e755f6856daea89a-2137,identifier_renaming,CWE-20,-0.001296907663345337,0.0,0.0,0.0
ReGVD-official-validation-calibrated,bigvul-adca986a53b31b6da4cb22f8e755f6856daea89a-2137,original,CWE-20,-0.001296907663345337,0.0,0.0,0.0
ReGVD-official-validation-calibrated,bigvul-adca986a53b31b6da4cb22f8e755f6856daea89a-2137,safe_dead_code_carrier,CWE-20,-0.001208186149597168,0.0,0.0,0.0
ReGVD-official-validation-calibrated,bigvul-b4c01141e5367f247b84dcaf6aefbb4e741842b8-483,blank_line_expansion,CWE-399,0.0,0.0,1.0,0.0
ReGVD-official-validation-calibrated,bigvul-b4c01141e5367f247b84dcaf6aefbb4e741842b8-483,brace_line_shift,CWE-399,0.0,0.0,1.0,0.0
ReGVD-official-validation-calibrated,bigvul-b4c01141e5367f247b84dcaf6aefbb4e741842b8-483,code_normalization_abstraction,CWE-399,0.0,0.0,1.0,0.0
ReGVD-official-validation-calibrated,bigvul-b4c01141e5367f247b84dcaf6aefbb4e741842b8-483,comment_banner,CWE-399,0.0,0.0,1.0,0.0
ReGVD-official-validation-calibrated,bigvul-b4c01141e5367f247b84dcaf6aefbb4e741842b8-483,control_flow_rewrite,CWE-399,0.0,0.0,1.0,0.0
ReGVD-official-validation-calibrated,bigvul-b4c01141e5367f247b84dcaf6aefbb4e741842b8-483,dead_branch_after_opening_brace,CWE-399,0.0,0.0,1.0,0.0
ReGVD-official-validation-calibrated,bigvul-b4c01141e5367f247b84dcaf6aefbb4e741842b8-483,identifier_renaming,CWE-399,0.0,0.0,1.0,0.0
ReGVD-official-validation-calibrated,bigvul-b4c01141e5367f247b84dcaf6aefbb4e741842b8-483,original,CWE-399,0.0,0.0,1.0,0.0
ReGVD-official-validation-calibrated,bigvul-b4c01141e5367f247b84dcaf6aefbb4e741842b8-483,safe_dead_code_carrier,CWE-399,0.0,0.0,1.0,0.0
ReGVD-official-validation-calibrated,bigvul-b589096f907052b3a4da2b9ccc9b0e2e888dfc18-5,blank_line_expansion,CWE-119,0.0,0.0,1.0,0.0
ReGVD-official-validation-calibrated,bigvul-b589096f907052b3a4da2b9ccc9b0e2e888dfc18-5,brace_line_shift,CWE-119,0.0,0.0,1.0,0.0
ReGVD-official-validation-calibrated,bigvul-b589096f907052b3a4da2b9ccc9b0e2e888dfc18-5,code_normalization_abstraction,CWE-119,0.0,0.0,1.0,0.0
ReGVD-official-validation-calibrated,bigvul-b589096f907052b3a4da2b9ccc9b0e2e888dfc18-5,comment_banner,CWE-119,0.0,0.0,1.0,0.0
ReGVD-official-validation-calibrated,bigvul-b589096f907052b3a4da2b9ccc9b0e2e888dfc18-5,control_flow_rewrite,CWE-119,0.0,0.0,1.0,0.0
ReGVD-official-validation-calibrated,bigvul-b589096f907052b3a4da2b9ccc9b0e2e888dfc18-5,dead_branch_after_opening_brace,CWE-119,0.0,0.0,1.0,0.0
ReGVD-official-validation-calibrated,bigvul-b589096f907052b3a4da2b9ccc9b0e2e888dfc18-5,identifier_renaming,CWE-119,0.0,0.0,1.0,0.0
ReGVD-official-validation-calibrated,bigvul-b589096f907052b3a4da2b9ccc9b0e2e888dfc18-5,original,CWE-119,0.0,0.0,1.0,0.0
ReGVD-official-validation-calibrated,bigvul-b589096f907052b3a4da2b9ccc9b0e2e888dfc18-5,safe_dead_code_carrier,CWE-119,0.0,0.0,1.0,0.0
ReGVD-official-validation-calibrated,bigvul-b61d35eaccc0a7ddeff8a1c3abfcd0a43ccf210b-775,blank_line_expansion,CWE-476,0.0,0.0,1.0,0.0
ReGVD-official-validation-calibrated,bigvul-b61d35eaccc0a7ddeff8a1c3abfcd0a43ccf210b-775,brace_line_shift,CWE-476,0.0,0.0,1.0,0.0
ReGVD-official-validation-calibrated,bigvul-b61d35eaccc0a7ddeff8a1c3abfcd0a43ccf210b-775,code_normalization_abstraction,CWE-476,0.0,0.0,1.0,0.0
ReGVD-official-validation-calibrated,bigvul-b61d35eaccc0a7ddeff8a1c3abfcd0a43ccf210b-775,comment_banner,CWE-476,0.0,0.0,1.0,0.0
ReGVD-official-validation-calibrated,bigvul-b61d35eaccc0a7ddeff8a1c3abfcd0a43ccf210b-775,control_flow_rewrite,CWE-476,0.0,0.0,1.0,0.0
ReGVD-official-validation-calibrated,bigvul-b61d35eaccc0a7ddeff8a1c3abfcd0a43ccf210b-775,dead_branch_after_opening_brace,CWE-476,0.0,0.0,1.0,0.0
ReGVD-official-validation-calibrated,bigvul-b61d35eaccc0a7ddeff8a1c3abfcd0a43ccf210b-775,identifier_renaming,CWE-476,0.0,0.0,1.0,0.0
ReGVD-official-validation-calibrated,bigvul-b61d35eaccc0a7ddeff8a1c3abfcd0a43ccf210b-775,original,CWE-476,0.0,0.0,1.0,0.0
ReGVD-official-validation-calibrated,bigvul-b61d35eaccc0a7ddeff8a1c3abfcd0a43ccf210b-775,safe_dead_code_carrier,CWE-476,0.0,0.0,1.0,0.0
ReGVD-official-validation-calibrated,bigvul-b944f670bb7a8a919daac497a4ea0536c954c201-2892,blank_line_expansion,CWE-20,0.0,0.0,1.0,0.0
ReGVD-official-validation-calibrated,bigvul-b944f670bb7a8a919daac497a4ea0536c954c201-2892,brace_line_shift,CWE-20,0.0,0.0,1.0,0.0
ReGVD-official-validation-calibrated,bigvul-b944f670bb7a8a919daac497a4ea0536c954c201-2892,code_normalization_abstraction,CWE-20,0.0,0.0,1.0,0.0
ReGVD-official-validation-calibrated,bigvul-b944f670bb7a8a919daac497a4ea0536c954c201-2892,comment_banner,CWE-20,0.0,0.0,1.0,0.0
ReGVD-official-validation-calibrated,bigvul-b944f670bb7a8a919daac497a4ea0536c954c201-2892,control_flow_rewrite,CWE-20,0.0,0.0,1.0,0.0
ReGVD-official-validation-calibrated,bigvul-b944f670bb7a8a919daac497a4ea0536c954c201-2892,dead_branch_after_opening_brace,CWE-20,0.0,0.0,1.0,0.0
ReGVD-official-validation-calibrated,bigvul-b944f670bb7a8a919daac497a4ea0536c954c201-2892,identifier_renaming,CWE-20,0.0,0.0,1.0,0.0
ReGVD-official-validation-calibrated,bigvul-b944f670bb7a8a919daac497a4ea0536c954c201-2892,original,CWE-20,0.0,0.0,1.0,0.0
ReGVD-official-validation-calibrated,bigvul-b944f670bb7a8a919daac497a4ea0536c954c201-2892,safe_dead_code_carrier,CWE-20,0.0,0.0,1.0,0.0
ReGVD-official-validation-calibrated,bigvul-ba3021b2c79b2fa9114f92790a99deb27a65b728-2670,blank_line_expansion,CWE-200,0.0,0.0,1.0,0.0
ReGVD-official-validation-calibrated,bigvul-ba3021b2c79b2fa9114f92790a99deb27a65b728-2670,brace_line_shift,CWE-200,0.0,0.0,1.0,0.0
ReGVD-official-validation-calibrated,bigvul-ba3021b2c79b2fa9114f92790a99deb27a65b728-2670,code_normalization_abstraction,CWE-200,0.0,0.0,1.0,0.0
ReGVD-official-validation-calibrated,bigvul-ba3021b2c79b2fa9114f92790a99deb27a65b728-2670,comment_banner,CWE-200,0.0,0.0,1.0,0.0
ReGVD-official-validation-calibrated,bigvul-ba3021b2c79b2fa9114f92790a99deb27a65b728-2670,control_flow_rewrite,CWE-200,0.0,0.0,1.0,0.0
ReGVD-official-validation-calibrated,bigvul-ba3021b2c79b2fa9114f92790a99deb27a65b728-2670,dead_branch_after_opening_brace,CWE-200,0.0,0.0,1.0,0.0
ReGVD-official-validation-calibrated,bigvul-ba3021b2c79b2fa9114f92790a99deb27a65b728-2670,identifier_renaming,CWE-200,0.0,0.0,1.0,0.0
ReGVD-official-validation-calibrated,bigvul-ba3021b2c79b2fa9114f92790a99deb27a65b728-2670,original,CWE-200,0.0,0.0,1.0,0.0
ReGVD-official-validation-calibrated,bigvul-ba3021b2c79b2fa9114f92790a99deb27a65b728-2670,safe_dead_code_carrier,CWE-200,0.0,0.0,1.0,0.0
ReGVD-official-validation-calibrated,bigvul-bb4a21e98656fe2c7d98ba2163e6defe9a630e2b-2788,blank_line_expansion,CWE-264,-0.00028398633003234863,0.0,0.0,0.0
ReGVD-official-validation-calibrated,bigvul-bb4a21e98656fe2c7d98ba2163e6defe9a630e2b-2788,brace_line_shift,CWE-264,-0.00028398633003234863,0.0,0.0,0.0
ReGVD-official-validation-calibrated,bigvul-bb4a21e98656fe2c7d98ba2163e6defe9a630e2b-2788,code_normalization_abstraction,CWE-264,-0.00028398633003234863,0.0,0.0,0.0
ReGVD-official-validation-calibrated,bigvul-bb4a21e98656fe2c7d98ba2163e6defe9a630e2b-2788,comment_banner,CWE-264,0.0,0.0,1.0,0.0
ReGVD-official-validation-calibrated,bigvul-bb4a21e98656fe2c7d98ba2163e6defe9a630e2b-2788,control_flow_rewrite,CWE-264,-0.00028398633003234863,0.0,0.0,0.0
ReGVD-official-validation-calibrated,bigvul-bb4a21e98656fe2c7d98ba2163e6defe9a630e2b-2788,dead_branch_after_opening_brace,CWE-264,0.0,0.0,1.0,0.0
ReGVD-official-validation-calibrated,bigvul-bb4a21e98656fe2c7d98ba2163e6defe9a630e2b-2788,identifier_renaming,CWE-264,0.0,0.0,1.0,0.0
ReGVD-official-validation-calibrated,bigvul-bb4a21e98656fe2c7d98ba2163e6defe9a630e2b-2788,original,CWE-264,-0.00028398633003234863,0.0,0.0,0.0
ReGVD-official-validation-calibrated,bigvul-bb4a21e98656fe2c7d98ba2163e6defe9a630e2b-2788,safe_dead_code_carrier,CWE-264,0.0,0.0,1.0,0.0
ReGVD-official-validation-calibrated,bigvul-bceb03fd2be95097a7b409ea59914f332fb6bc86-655,blank_line_expansion,CWE-125,0.0,0.0,1.0,0.0
ReGVD-official-validation-calibrated,bigvul-bceb03fd2be95097a7b409ea59914f332fb6bc86-655,brace_line_shift,CWE-125,0.0,0.0,1.0,0.0
ReGVD-official-validation-calibrated,bigvul-bceb03fd2be95097a7b409ea59914f332fb6bc86-655,code_normalization_abstraction,CWE-125,0.0,0.0,1.0,0.0
ReGVD-official-validation-calibrated,bigvul-bceb03fd2be95097a7b409ea59914f332fb6bc86-655,comment_banner,CWE-125,0.0,0.0,1.0,0.0
ReGVD-official-validation-calibrated,bigvul-bceb03fd2be95097a7b409ea59914f332fb6bc86-655,control_flow_rewrite,CWE-125,0.0,0.0,1.0,0.0
ReGVD-official-validation-calibrated,bigvul-bceb03fd2be95097a7b409ea59914f332fb6bc86-655,dead_branch_after_opening_brace,CWE-125,0.0,0.0,1.0,0.0
ReGVD-official-validation-calibrated,bigvul-bceb03fd2be95097a7b409ea59914f332fb6bc86-655,identifier_renaming,CWE-125,0.0,0.0,1.0,0.0
ReGVD-official-validation-calibrated,bigvul-bceb03fd2be95097a7b409ea59914f332fb6bc86-655,original,CWE-125,0.0,0.0,1.0,0.0
ReGVD-official-validation-calibrated,bigvul-bceb03fd2be95097a7b409ea59914f332fb6bc86-655,safe_dead_code_carrier,CWE-125,0.0,0.0,1.0,0.0
ReGVD-official-validation-calibrated,bigvul-bd1bab05083d80464fea854bf4b5c49aaf1b8401-2075,blank_line_expansion,CWE-119,0.0,0.0,1.0,0.0
ReGVD-official-validation-calibrated,bigvul-bd1bab05083d80464fea854bf4b5c49aaf1b8401-2075,brace_line_shift,CWE-119,0.0,0.0,1.0,0.0
ReGVD-official-validation-calibrated,bigvul-bd1bab05083d80464fea854bf4b5c49aaf1b8401-2075,code_normalization_abstraction,CWE-119,0.0,0.0,1.0,0.0
ReGVD-official-validation-calibrated,bigvul-bd1bab05083d80464fea854bf4b5c49aaf1b8401-2075,comment_banner,CWE-119,0.0,0.0,1.0,0.0
ReGVD-official-validation-calibrated,bigvul-bd1bab05083d80464fea854bf4b5c49aaf1b8401-2075,control_flow_rewrite,CWE-119,0.0,0.0,1.0,0.0
ReGVD-official-validation-calibrated,bigvul-bd1bab05083d80464fea854bf4b5c49aaf1b8401-2075,dead_branch_after_opening_brace,CWE-119,0.0,0.0,1.0,0.0
ReGVD-official-validation-calibrated,bigvul-bd1bab05083d80464fea854bf4b5c49aaf1b8401-2075,identifier_renaming,CWE-119,0.0,0.0,1.0,0.0
ReGVD-official-validation-calibrated,bigvul-bd1bab05083d80464fea854bf4b5c49aaf1b8401-2075,original,CWE-119,0.0,0.0,1.0,0.0
ReGVD-official-validation-calibrated,bigvul-bd1bab05083d80464fea854bf4b5c49aaf1b8401-2075,safe_dead_code_carrier,CWE-119,0.0,0.0,1.0,0.0
ReGVD-official-validation-calibrated,bigvul-be0726d33cb8f411945884664924bed3cb8c70ee-2661,blank_line_expansion,CWE-19,-0.004134446382522583,0.0,0.0,0.0
ReGVD-official-validation-calibrated,bigvul-be0726d33cb8f411945884664924bed3cb8c70ee-2661,brace_line_shift,CWE-19,-0.004134446382522583,0.0,0.0,0.0
ReGVD-official-validation-calibrated,bigvul-be0726d33cb8f411945884664924bed3cb8c70ee-2661,code_normalization_abstraction,CWE-19,-0.004134446382522583,0.0,0.0,0.0
ReGVD-official-validation-calibrated,bigvul-be0726d33cb8f411945884664924bed3cb8c70ee-2661,comment_banner,CWE-19,-0.0050171613693237305,0.0,0.0,0.0
ReGVD-official-validation-calibrated,bigvul-be0726d33cb8f411945884664924bed3cb8c70ee-2661,control_flow_rewrite,CWE-19,-0.004134446382522583,0.0,0.0,0.0
ReGVD-official-validation-calibrated,bigvul-be0726d33cb8f411945884664924bed3cb8c70ee-2661,dead_branch_after_opening_brace,CWE-19,-0.0035255253314971924,0.0,0.0,0.0
ReGVD-official-validation-calibrated,bigvul-be0726d33cb8f411945884664924bed3cb8c70ee-2661,identifier_renaming,CWE-19,-0.004670381546020508,0.0,0.0,0.0
ReGVD-official-validation-calibrated,bigvul-be0726d33cb8f411945884664924bed3cb8c70ee-2661,original,CWE-19,-0.004134446382522583,0.0,0.0,0.0
ReGVD-official-validation-calibrated,bigvul-be0726d33cb8f411945884664924bed3cb8c70ee-2661,safe_dead_code_carrier,CWE-19,-0.003705620765686035,0.0,0.0,0.0
ReGVD-official-validation-calibrated,bigvul-c03aa9f6e1f938618e6db2e23afef0574efeeb65-533,blank_line_expansion,CWE-399,0.0006462931632995605,1.0,0.0,0.0
ReGVD-official-validation-calibrated,bigvul-c03aa9f6e1f938618e6db2e23afef0574efeeb65-533,brace_line_shift,CWE-399,0.0006462931632995605,1.0,0.0,0.0
ReGVD-official-validation-calibrated,bigvul-c03aa9f6e1f938618e6db2e23afef0574efeeb65-533,code_normalization_abstraction,CWE-399,0.0006462931632995605,1.0,0.0,0.0
ReGVD-official-validation-calibrated,bigvul-c03aa9f6e1f938618e6db2e23afef0574efeeb65-533,comment_banner,CWE-399,-0.0010679960250854492,0.0,0.0,0.0
ReGVD-official-validation-calibrated,bigvul-c03aa9f6e1f938618e6db2e23afef0574efeeb65-533,control_flow_rewrite,CWE-399,0.0006462931632995605,1.0,0.0,0.0
ReGVD-official-validation-calibrated,bigvul-c03aa9f6e1f938618e6db2e23afef0574efeeb65-533,dead_branch_after_opening_brace,CWE-399,-0.0036317110061645508,0.0,0.0,0.0
ReGVD-official-validation-calibrated,bigvul-c03aa9f6e1f938618e6db2e23afef0574efeeb65-533,identifier_renaming,CWE-399,0.0006715357303619385,1.0,0.0,0.0
ReGVD-official-validation-calibrated,bigvul-c03aa9f6e1f938618e6db2e23afef0574efeeb65-533,original,CWE-399,0.0006462931632995605,1.0,0.0,0.0
ReGVD-official-validation-calibrated,bigvul-c03aa9f6e1f938618e6db2e23afef0574efeeb65-533,safe_dead_code_carrier,CWE-399,0.0,0.0,1.0,0.0
ReGVD-official-validation-calibrated,bigvul-c0c8978849ac57e4ecd613ddc8ff7852a2054734-1529,blank_line_expansion,CWE-732,-0.00046050548553466797,0.0,0.0,0.0
ReGVD-official-validation-calibrated,bigvul-c0c8978849ac57e4ecd613ddc8ff7852a2054734-1529,brace_line_shift,CWE-732,-0.00046050548553466797,0.0,0.0,0.0
ReGVD-official-validation-calibrated,bigvul-c0c8978849ac57e4ecd613ddc8ff7852a2054734-1529,code_normalization_abstraction,CWE-732,-0.00046050548553466797,0.0,0.0,0.0
ReGVD-official-validation-calibrated,bigvul-c0c8978849ac57e4ecd613ddc8ff7852a2054734-1529,comment_banner,CWE-732,0.002539217472076416,1.0,0.0,0.0
ReGVD-official-validation-calibrated,bigvul-c0c8978849ac57e4ecd613ddc8ff7852a2054734-1529,control_flow_rewrite,CWE-732,-0.00046050548553466797,0.0,0.0,0.0
ReGVD-official-validation-calibrated,bigvul-c0c8978849ac57e4ecd613ddc8ff7852a2054734-1529,dead_branch_after_opening_brace,CWE-732,0.004505544900894165,1.0,0.0,0.0
ReGVD-official-validation-calibrated,bigvul-c0c8978849ac57e4ecd613ddc8ff7852a2054734-1529,identifier_renaming,CWE-732,-0.00046050548553466797,0.0,0.0,0.0
ReGVD-official-validation-calibrated,bigvul-c0c8978849ac57e4ecd613ddc8ff7852a2054734-1529,original,CWE-732,-0.00046050548553466797,0.0,0.0,0.0
ReGVD-official-validation-calibrated,bigvul-c0c8978849ac57e4ecd613ddc8ff7852a2054734-1529,safe_dead_code_carrier,CWE-732,0.004432320594787598,1.0,0.0,0.0
ReGVD-official-validation-calibrated,bigvul-c0c8978849ac57e4ecd613ddc8ff7852a2054734-2390,blank_line_expansion,CWE-732,-0.004795879125595093,0.0,0.0,0.0
ReGVD-official-validation-calibrated,bigvul-c0c8978849ac57e4ecd613ddc8ff7852a2054734-2390,brace_line_shift,CWE-732,-0.004795879125595093,0.0,0.0,0.0
ReGVD-official-validation-calibrated,bigvul-c0c8978849ac57e4ecd613ddc8ff7852a2054734-2390,code_normalization_abstraction,CWE-732,-0.004795879125595093,0.0,0.0,0.0
ReGVD-official-validation-calibrated,bigvul-c0c8978849ac57e4ecd613ddc8ff7852a2054734-2390,comment_banner,CWE-732,-0.004374116659164429,0.0,0.0,0.0
ReGVD-official-validation-calibrated,bigvul-c0c8978849ac57e4ecd613ddc8ff7852a2054734-2390,control_flow_rewrite,CWE-732,-0.004795879125595093,0.0,0.0,0.0
ReGVD-official-validation-calibrated,bigvul-c0c8978849ac57e4ecd613ddc8ff7852a2054734-2390,dead_branch_after_opening_brace,CWE-732,-0.003597438335418701,0.0,0.0,0.0
ReGVD-official-validation-calibrated,bigvul-c0c8978849ac57e4ecd613ddc8ff7852a2054734-2390,identifier_renaming,CWE-732,-0.0011448562145233154,0.0,0.0,0.0
ReGVD-official-validation-calibrated,bigvul-c0c8978849ac57e4ecd613ddc8ff7852a2054734-2390,original,CWE-732,-0.004795879125595093,0.0,0.0,0.0
ReGVD-official-validation-calibrated,bigvul-c0c8978849ac57e4ecd613ddc8ff7852a2054734-2390,safe_dead_code_carrier,CWE-732,-0.0005292594432830811,0.0,0.0,0.0
ReGVD-official-validation-calibrated,bigvul-c25b198675380f713a56649c857b4367601d4a3d-2581,blank_line_expansion,CWE-200,-0.007559061050415039,0.0,0.0,0.0
ReGVD-official-validation-calibrated,bigvul-c25b198675380f713a56649c857b4367601d4a3d-2581,brace_line_shift,CWE-200,-0.007559061050415039,0.0,0.0,0.0
ReGVD-official-validation-calibrated,bigvul-c25b198675380f713a56649c857b4367601d4a3d-2581,code_normalization_abstraction,CWE-200,-0.007559061050415039,0.0,0.0,0.0
ReGVD-official-validation-calibrated,bigvul-c25b198675380f713a56649c857b4367601d4a3d-2581,comment_banner,CWE-200,0.00013181567192077637,1.0,0.0,0.0
ReGVD-official-validation-calibrated,bigvul-c25b198675380f713a56649c857b4367601d4a3d-2581,control_flow_rewrite,CWE-200,-0.007559061050415039,0.0,0.0,0.0
ReGVD-official-validation-calibrated,bigvul-c25b198675380f713a56649c857b4367601d4a3d-2581,dead_branch_after_opening_brace,CWE-200,-0.004705488681793213,0.0,0.0,0.0
ReGVD-official-validation-calibrated,bigvul-c25b198675380f713a56649c857b4367601d4a3d-2581,identifier_renaming,CWE-200,-0.007559061050415039,0.0,0.0,0.0
ReGVD-official-validation-calibrated,bigvul-c25b198675380f713a56649c857b4367601d4a3d-2581,original,CWE-200,-0.007559061050415039,0.0,0.0,0.0
ReGVD-official-validation-calibrated,bigvul-c25b198675380f713a56649c857b4367601d4a3d-2581,safe_dead_code_carrier,CWE-200,-0.002970486879348755,0.0,0.0,0.0
ReGVD-official-validation-calibrated,bigvul-c55aee1bf0e6b6feec8b2927b43f7a09a6d5f754-1241,blank_line_expansion,unknown,-0.003441452980041504,0.0,0.0,0.0
ReGVD-official-validation-calibrated,bigvul-c55aee1bf0e6b6feec8b2927b43f7a09a6d5f754-1241,brace_line_shift,unknown,-0.003441452980041504,0.0,0.0,0.0
ReGVD-official-validation-calibrated,bigvul-c55aee1bf0e6b6feec8b2927b43f7a09a6d5f754-1241,code_normalization_abstraction,unknown,-0.004023104906082153,0.0,0.0,0.0
ReGVD-official-validation-calibrated,bigvul-c55aee1bf0e6b6feec8b2927b43f7a09a6d5f754-1241,comment_banner,unknown,-0.00882694125175476,0.0,0.0,0.0
ReGVD-official-validation-calibrated,bigvul-c55aee1bf0e6b6feec8b2927b43f7a09a6d5f754-1241,control_flow_rewrite,unknown,-0.003441452980041504,0.0,0.0,0.0
ReGVD-official-validation-calibrated,bigvul-c55aee1bf0e6b6feec8b2927b43f7a09a6d5f754-1241,dead_branch_after_opening_brace,unknown,-0.0031245946884155273,0.0,0.0,0.0
ReGVD-official-validation-calibrated,bigvul-c55aee1bf0e6b6feec8b2927b43f7a09a6d5f754-1241,identifier_renaming,unknown,-0.003441452980041504,0.0,0.0,0.0
ReGVD-official-validation-calibrated,bigvul-c55aee1bf0e6b6feec8b2927b43f7a09a6d5f754-1241,original,unknown,-0.003441452980041504,0.0,0.0,0.0
ReGVD-official-validation-calibrated,bigvul-c55aee1bf0e6b6feec8b2927b43f7a09a6d5f754-1241,safe_dead_code_carrier,unknown,-0.00395280122756958,0.0,0.0,0.0
ReGVD-official-validation-calibrated,bigvul-c8f0723d2b4520bdd6b9eb7c3e7976de726d7ff7-1748,blank_line_expansion,CWE-119,0.0,0.0,1.0,0.0
ReGVD-official-validation-calibrated,bigvul-c8f0723d2b4520bdd6b9eb7c3e7976de726d7ff7-1748,brace_line_shift,CWE-119,0.0,0.0,1.0,0.0
ReGVD-official-validation-calibrated,bigvul-c8f0723d2b4520bdd6b9eb7c3e7976de726d7ff7-1748,code_normalization_abstraction,CWE-119,0.0,0.0,1.0,0.0
ReGVD-official-validation-calibrated,bigvul-c8f0723d2b4520bdd6b9eb7c3e7976de726d7ff7-1748,comment_banner,CWE-119,0.0,0.0,1.0,0.0
ReGVD-official-validation-calibrated,bigvul-c8f0723d2b4520bdd6b9eb7c3e7976de726d7ff7-1748,control_flow_rewrite,CWE-119,0.0,0.0,1.0,0.0
ReGVD-official-validation-calibrated,bigvul-c8f0723d2b4520bdd6b9eb7c3e7976de726d7ff7-1748,dead_branch_after_opening_brace,CWE-119,0.0,0.0,1.0,0.0
ReGVD-official-validation-calibrated,bigvul-c8f0723d2b4520bdd6b9eb7c3e7976de726d7ff7-1748,identifier_renaming,CWE-119,0.0,0.0,1.0,0.0
ReGVD-official-validation-calibrated,bigvul-c8f0723d2b4520bdd6b9eb7c3e7976de726d7ff7-1748,original,CWE-119,0.0,0.0,1.0,0.0
ReGVD-official-validation-calibrated,bigvul-c8f0723d2b4520bdd6b9eb7c3e7976de726d7ff7-1748,safe_dead_code_carrier,CWE-119,0.0,0.0,1.0,0.0
ReGVD-official-validation-calibrated,bigvul-c94f9e854228e0ea00e1de8769d8d3f7cab84a55-123,blank_line_expansion,unknown,-0.00382155179977417,0.0,0.0,0.0
ReGVD-official-validation-calibrated,bigvul-c94f9e854228e0ea00e1de8769d8d3f7cab84a55-123,brace_line_shift,unknown,-0.00382155179977417,0.0,0.0,0.0
ReGVD-official-validation-calibrated,bigvul-c94f9e854228e0ea00e1de8769d8d3f7cab84a55-123,code_normalization_abstraction,unknown,-0.0039772093296051025,0.0,0.0,0.0
ReGVD-official-validation-calibrated,bigvul-c94f9e854228e0ea00e1de8769d8d3f7cab84a55-123,comment_banner,unknown,-0.0038716793060302734,0.0,0.0,0.0
ReGVD-official-validation-calibrated,bigvul-c94f9e854228e0ea00e1de8769d8d3f7cab84a55-123,control_flow_rewrite,unknown,-0.00382155179977417,0.0,0.0,0.0
ReGVD-official-validation-calibrated,bigvul-c94f9e854228e0ea00e1de8769d8d3f7cab84a55-123,dead_branch_after_opening_brace,unknown,-0.0027838051319122314,0.0,0.0,0.0
ReGVD-official-validation-calibrated,bigvul-c94f9e854228e0ea00e1de8769d8d3f7cab84a55-123,identifier_renaming,unknown,-0.003761589527130127,0.0,0.0,0.0
ReGVD-official-validation-calibrated,bigvul-c94f9e854228e0ea00e1de8769d8d3f7cab84a55-123,original,unknown,-0.00382155179977417,0.0,0.0,0.0
ReGVD-official-validation-calibrated,bigvul-c94f9e854228e0ea00e1de8769d8d3f7cab84a55-123,safe_dead_code_carrier,unknown,-0.002450227737426758,0.0,0.0,0.0
ReGVD-official-validation-calibrated,bigvul-c995d4fe5e96f4d6d4a88b7867279b08e72d2579-2230,blank_line_expansion,CWE-119,-0.00028127431869506836,0.0,0.0,0.0
ReGVD-official-validation-calibrated,bigvul-c995d4fe5e96f4d6d4a88b7867279b08e72d2579-2230,brace_line_shift,CWE-119,-0.00028127431869506836,0.0,0.0,0.0
ReGVD-official-validation-calibrated,bigvul-c995d4fe5e96f4d6d4a88b7867279b08e72d2579-2230,code_normalization_abstraction,CWE-119,-0.00012803077697753906,0.0,0.0,0.0
ReGVD-official-validation-calibrated,bigvul-c995d4fe5e96f4d6d4a88b7867279b08e72d2579-2230,comment_banner,CWE-119,-0.0009577572345733643,0.0,0.0,0.0
ReGVD-official-validation-calibrated,bigvul-c995d4fe5e96f4d6d4a88b7867279b08e72d2579-2230,control_flow_rewrite,CWE-119,-0.00028127431869506836,0.0,0.0,0.0
ReGVD-official-validation-calibrated,bigvul-c995d4fe5e96f4d6d4a88b7867279b08e72d2579-2230,dead_branch_after_opening_brace,CWE-119,-0.0002937614917755127,0.0,0.0,0.0
ReGVD-official-validation-calibrated,bigvul-c995d4fe5e96f4d6d4a88b7867279b08e72d2579-2230,identifier_renaming,CWE-119,-0.00028127431869506836,0.0,0.0,0.0
ReGVD-official-validation-calibrated,bigvul-c995d4fe5e96f4d6d4a88b7867279b08e72d2579-2230,original,CWE-119,-0.00028127431869506836,0.0,0.0,0.0
ReGVD-official-validation-calibrated,bigvul-c995d4fe5e96f4d6d4a88b7867279b08e72d2579-2230,safe_dead_code_carrier,CWE-119,0.00034812092781066895,1.0,0.0,0.0
ReGVD-official-validation-calibrated,bigvul-cd0bd79d6ebdb72183e6f0833673464cc10b3600-28,blank_line_expansion,unknown,0.00017008185386657715,1.0,0.0,0.0
ReGVD-official-validation-calibrated,bigvul-cd0bd79d6ebdb72183e6f0833673464cc10b3600-28,brace_line_shift,unknown,0.00017008185386657715,1.0,0.0,0.0
ReGVD-official-validation-calibrated,bigvul-cd0bd79d6ebdb72183e6f0833673464cc10b3600-28,code_normalization_abstraction,unknown,0.00017008185386657715,1.0,0.0,0.0
ReGVD-official-validation-calibrated,bigvul-cd0bd79d6ebdb72183e6f0833673464cc10b3600-28,comment_banner,unknown,0.00014215707778930664,1.0,0.0,0.0
ReGVD-official-validation-calibrated,bigvul-cd0bd79d6ebdb72183e6f0833673464cc10b3600-28,control_flow_rewrite,unknown,0.00017008185386657715,1.0,0.0,0.0
ReGVD-official-validation-calibrated,bigvul-cd0bd79d6ebdb72183e6f0833673464cc10b3600-28,dead_branch_after_opening_brace,unknown,0.0005089640617370605,1.0,0.0,0.0
ReGVD-official-validation-calibrated,bigvul-cd0bd79d6ebdb72183e6f0833673464cc10b3600-28,identifier_renaming,unknown,0.0004933774471282959,1.0,0.0,0.0
ReGVD-official-validation-calibrated,bigvul-cd0bd79d6ebdb72183e6f0833673464cc10b3600-28,original,unknown,0.00017008185386657715,1.0,0.0,0.0
ReGVD-official-validation-calibrated,bigvul-cd0bd79d6ebdb72183e6f0833673464cc10b3600-28,safe_dead_code_carrier,unknown,0.00031116604804992676,1.0,0.0,0.0
ReGVD-official-validation-calibrated,bigvul-d0947db40187f4708c58e64cbd6013faf9eddeed-2221,blank_line_expansion,CWE-119,0.0,0.0,1.0,0.0
ReGVD-official-validation-calibrated,bigvul-d0947db40187f4708c58e64cbd6013faf9eddeed-2221,brace_line_shift,CWE-119,0.0,0.0,1.0,0.0
ReGVD-official-validation-calibrated,bigvul-d0947db40187f4708c58e64cbd6013faf9eddeed-2221,code_normalization_abstraction,CWE-119,0.0,0.0,1.0,0.0
ReGVD-official-validation-calibrated,bigvul-d0947db40187f4708c58e64cbd6013faf9eddeed-2221,comment_banner,CWE-119,0.0,0.0,1.0,0.0
ReGVD-official-validation-calibrated,bigvul-d0947db40187f4708c58e64cbd6013faf9eddeed-2221,control_flow_rewrite,CWE-119,0.0,0.0,1.0,0.0
ReGVD-official-validation-calibrated,bigvul-d0947db40187f4708c58e64cbd6013faf9eddeed-2221,dead_branch_after_opening_brace,CWE-119,0.0,0.0,1.0,0.0
ReGVD-official-validation-calibrated,bigvul-d0947db40187f4708c58e64cbd6013faf9eddeed-2221,identifier_renaming,CWE-119,0.0,0.0,1.0,0.0
ReGVD-official-validation-calibrated,bigvul-d0947db40187f4708c58e64cbd6013faf9eddeed-2221,original,CWE-119,0.0,0.0,1.0,0.0
ReGVD-official-validation-calibrated,bigvul-d0947db40187f4708c58e64cbd6013faf9eddeed-2221,safe_dead_code_carrier,CWE-119,0.0,0.0,1.0,0.0
ReGVD-official-validation-calibrated,bigvul-d27468a832d5316884bd02f459cbf493697fd7e1-992,blank_line_expansion,CWE-254,0.003243088722229004,1.0,0.0,0.0
ReGVD-official-validation-calibrated,bigvul-d27468a832d5316884bd02f459cbf493697fd7e1-992,brace_line_shift,CWE-254,0.003243088722229004,1.0,0.0,0.0
ReGVD-official-validation-calibrated,bigvul-d27468a832d5316884bd02f459cbf493697fd7e1-992,code_normalization_abstraction,CWE-254,0.0029816627502441406,1.0,0.0,0.0
ReGVD-official-validation-calibrated,bigvul-d27468a832d5316884bd02f459cbf493697fd7e1-992,comment_banner,CWE-254,0.004498094320297241,1.0,0.0,0.0
ReGVD-official-validation-calibrated,bigvul-d27468a832d5316884bd02f459cbf493697fd7e1-992,control_flow_rewrite,CWE-254,0.003243088722229004,1.0,0.0,0.0
ReGVD-official-validation-calibrated,bigvul-d27468a832d5316884bd02f459cbf493697fd7e1-992,dead_branch_after_opening_brace,CWE-254,0.0,0.0,1.0,0.0
ReGVD-official-validation-calibrated,bigvul-d27468a832d5316884bd02f459cbf493697fd7e1-992,identifier_renaming,CWE-254,0.0019147992134094238,1.0,0.0,0.0
ReGVD-official-validation-calibrated,bigvul-d27468a832d5316884bd02f459cbf493697fd7e1-992,original,CWE-254,0.003243088722229004,1.0,0.0,0.0
ReGVD-official-validation-calibrated,bigvul-d27468a832d5316884bd02f459cbf493697fd7e1-992,safe_dead_code_carrier,CWE-254,0.0,0.0,1.0,0.0
ReGVD-official-validation-calibrated,bigvul-d42b2388f7f8e0332c846675133acea151fc557a-219,blank_line_expansion,CWE-190,-0.0003604590892791748,0.0,0.0,0.0
ReGVD-official-validation-calibrated,bigvul-d42b2388f7f8e0332c846675133acea151fc557a-219,brace_line_shift,CWE-190,-0.0003604590892791748,0.0,0.0,0.0
ReGVD-official-validation-calibrated,bigvul-d42b2388f7f8e0332c846675133acea151fc557a-219,code_normalization_abstraction,CWE-190,-0.0003604590892791748,0.0,0.0,0.0
ReGVD-official-validation-calibrated,bigvul-d42b2388f7f8e0332c846675133acea151fc557a-219,comment_banner,CWE-190,-0.0001169741153717041,0.0,0.0,0.0
ReGVD-official-validation-calibrated,bigvul-d42b2388f7f8e0332c846675133acea151fc557a-219,control_flow_rewrite,CWE-190,-0.0003604590892791748,0.0,0.0,0.0
ReGVD-official-validation-calibrated,bigvul-d42b2388f7f8e0332c846675133acea151fc557a-219,dead_branch_after_opening_brace,CWE-190,-0.0032365918159484863,0.0,0.0,0.0
ReGVD-official-validation-calibrated,bigvul-d42b2388f7f8e0332c846675133acea151fc557a-219,identifier_renaming,CWE-190,-0.0003317892551422119,0.0,0.0,0.0
ReGVD-official-validation-calibrated,bigvul-d42b2388f7f8e0332c846675133acea151fc557a-219,original,CWE-190,-0.0003604590892791748,0.0,0.0,0.0
ReGVD-official-validation-calibrated,bigvul-d42b2388f7f8e0332c846675133acea151fc557a-219,safe_dead_code_carrier,CWE-190,-0.0014881491661071777,0.0,0.0,0.0
ReGVD-official-validation-calibrated,bigvul-d42b2388f7f8e0332c846675133acea151fc557a-839,blank_line_expansion,CWE-190,0.0,0.0,1.0,0.0
ReGVD-official-validation-calibrated,bigvul-d42b2388f7f8e0332c846675133acea151fc557a-839,brace_line_shift,CWE-190,0.0,0.0,1.0,0.0
ReGVD-official-validation-calibrated,bigvul-d42b2388f7f8e0332c846675133acea151fc557a-839,code_normalization_abstraction,CWE-190,0.0,0.0,1.0,0.0
ReGVD-official-validation-calibrated,bigvul-d42b2388f7f8e0332c846675133acea151fc557a-839,comment_banner,CWE-190,0.0,0.0,1.0,0.0
ReGVD-official-validation-calibrated,bigvul-d42b2388f7f8e0332c846675133acea151fc557a-839,control_flow_rewrite,CWE-190,0.0,0.0,1.0,0.0
ReGVD-official-validation-calibrated,bigvul-d42b2388f7f8e0332c846675133acea151fc557a-839,dead_branch_after_opening_brace,CWE-190,0.0,0.0,1.0,0.0
ReGVD-official-validation-calibrated,bigvul-d42b2388f7f8e0332c846675133acea151fc557a-839,identifier_renaming,CWE-190,0.0,0.0,1.0,0.0
ReGVD-official-validation-calibrated,bigvul-d42b2388f7f8e0332c846675133acea151fc557a-839,original,CWE-190,0.0,0.0,1.0,0.0
ReGVD-official-validation-calibrated,bigvul-d42b2388f7f8e0332c846675133acea151fc557a-839,safe_dead_code_carrier,CWE-190,0.0,0.0,1.0,0.0
ReGVD-official-validation-calibrated,bigvul-d63a3c5729df59f183e9e110d5d8385d17caaad0-1769,blank_line_expansion,CWE-416,0.0,0.0,1.0,0.0
ReGVD-official-validation-calibrated,bigvul-d63a3c5729df59f183e9e110d5d8385d17caaad0-1769,brace_line_shift,CWE-416,0.0,0.0,1.0,0.0
ReGVD-official-validation-calibrated,bigvul-d63a3c5729df59f183e9e110d5d8385d17caaad0-1769,code_normalization_abstraction,CWE-416,0.0,0.0,1.0,0.0
ReGVD-official-validation-calibrated,bigvul-d63a3c5729df59f183e9e110d5d8385d17caaad0-1769,comment_banner,CWE-416,0.0,0.0,1.0,0.0
ReGVD-official-validation-calibrated,bigvul-d63a3c5729df59f183e9e110d5d8385d17caaad0-1769,control_flow_rewrite,CWE-416,0.0,0.0,1.0,0.0
ReGVD-official-validation-calibrated,bigvul-d63a3c5729df59f183e9e110d5d8385d17caaad0-1769,dead_branch_after_opening_brace,CWE-416,0.0,0.0,1.0,0.0
ReGVD-official-validation-calibrated,bigvul-d63a3c5729df59f183e9e110d5d8385d17caaad0-1769,identifier_renaming,CWE-416,0.0,0.0,1.0,0.0
ReGVD-official-validation-calibrated,bigvul-d63a3c5729df59f183e9e110d5d8385d17caaad0-1769,original,CWE-416,0.0,0.0,1.0,0.0
ReGVD-official-validation-calibrated,bigvul-d63a3c5729df59f183e9e110d5d8385d17caaad0-1769,safe_dead_code_carrier,CWE-416,0.0,0.0,1.0,0.0
ReGVD-official-validation-calibrated,bigvul-e21bdfb9c758ac411012ad84f83d26d3f7dd69fb-855,blank_line_expansion,CWE-264,0.0009435415267944336,1.0,0.0,0.0
ReGVD-official-validation-calibrated,bigvul-e21bdfb9c758ac411012ad84f83d26d3f7dd69fb-855,brace_line_shift,CWE-264,0.0009435415267944336,1.0,0.0,0.0
ReGVD-official-validation-calibrated,bigvul-e21bdfb9c758ac411012ad84f83d26d3f7dd69fb-855,code_normalization_abstraction,CWE-264,-0.0019386708736419678,0.0,0.0,0.0
ReGVD-official-validation-calibrated,bigvul-e21bdfb9c758ac411012ad84f83d26d3f7dd69fb-855,comment_banner,CWE-264,-0.0006032884120941162,0.0,0.0,0.0
ReGVD-official-validation-calibrated,bigvul-e21bdfb9c758ac411012ad84f83d26d3f7dd69fb-855,control_flow_rewrite,CWE-264,0.0009435415267944336,1.0,0.0,0.0
ReGVD-official-validation-calibrated,bigvul-e21bdfb9c758ac411012ad84f83d26d3f7dd69fb-855,dead_branch_after_opening_brace,CWE-264,-0.0036286115646362305,0.0,0.0,0.0
ReGVD-official-validation-calibrated,bigvul-e21bdfb9c758ac411012ad84f83d26d3f7dd69fb-855,identifier_renaming,CWE-264,0.0009435415267944336,1.0,0.0,0.0
ReGVD-official-validation-calibrated,bigvul-e21bdfb9c758ac411012ad84f83d26d3f7dd69fb-855,original,CWE-264,0.0009435415267944336,1.0,0.0,0.0
ReGVD-official-validation-calibrated,bigvul-e21bdfb9c758ac411012ad84f83d26d3f7dd69fb-855,safe_dead_code_carrier,CWE-264,-0.005704015493392944,0.0,0.0,0.0
ReGVD-official-validation-calibrated,bigvul-e248db02fbab2ee9162940bc19f087fd7d96cb9d-1187,blank_line_expansion,CWE-119,0.0,0.0,1.0,0.0
ReGVD-official-validation-calibrated,bigvul-e248db02fbab2ee9162940bc19f087fd7d96cb9d-1187,brace_line_shift,CWE-119,0.0,0.0,1.0,0.0
ReGVD-official-validation-calibrated,bigvul-e248db02fbab2ee9162940bc19f087fd7d96cb9d-1187,code_normalization_abstraction,CWE-119,0.0,0.0,1.0,0.0
ReGVD-official-validation-calibrated,bigvul-e248db02fbab2ee9162940bc19f087fd7d96cb9d-1187,comment_banner,CWE-119,0.0,0.0,1.0,0.0
ReGVD-official-validation-calibrated,bigvul-e248db02fbab2ee9162940bc19f087fd7d96cb9d-1187,control_flow_rewrite,CWE-119,0.0,0.0,1.0,0.0
ReGVD-official-validation-calibrated,bigvul-e248db02fbab2ee9162940bc19f087fd7d96cb9d-1187,dead_branch_after_opening_brace,CWE-119,0.0,0.0,1.0,0.0
ReGVD-official-validation-calibrated,bigvul-e248db02fbab2ee9162940bc19f087fd7d96cb9d-1187,identifier_renaming,CWE-119,0.0,0.0,1.0,0.0
ReGVD-official-validation-calibrated,bigvul-e248db02fbab2ee9162940bc19f087fd7d96cb9d-1187,original,CWE-119,0.0,0.0,1.0,0.0
ReGVD-official-validation-calibrated,bigvul-e248db02fbab2ee9162940bc19f087fd7d96cb9d-1187,safe_dead_code_carrier,CWE-119,0.0,0.0,1.0,0.0
ReGVD-official-validation-calibrated,bigvul-e89cfcb9090e8c98129ae9160c513f504db74599-1448,blank_line_expansion,CWE-20,0.001733630895614624,1.0,0.0,0.0
ReGVD-official-validation-calibrated,bigvul-e89cfcb9090e8c98129ae9160c513f504db74599-1448,brace_line_shift,CWE-20,0.001733630895614624,1.0,0.0,0.0
ReGVD-official-validation-calibrated,bigvul-e89cfcb9090e8c98129ae9160c513f504db74599-1448,code_normalization_abstraction,CWE-20,0.001733630895614624,1.0,0.0,0.0
ReGVD-official-validation-calibrated,bigvul-e89cfcb9090e8c98129ae9160c513f504db74599-1448,comment_banner,CWE-20,0.0015003383159637451,1.0,0.0,0.0
ReGVD-official-validation-calibrated,bigvul-e89cfcb9090e8c98129ae9160c513f504db74599-1448,control_flow_rewrite,CWE-20,0.001733630895614624,1.0,0.0,0.0
ReGVD-official-validation-calibrated,bigvul-e89cfcb9090e8c98129ae9160c513f504db74599-1448,dead_branch_after_opening_brace,CWE-20,0.0008780062198638916,1.0,0.0,0.0
ReGVD-official-validation-calibrated,bigvul-e89cfcb9090e8c98129ae9160c513f504db74599-1448,identifier_renaming,CWE-20,0.001733630895614624,1.0,0.0,0.0
ReGVD-official-validation-calibrated,bigvul-e89cfcb9090e8c98129ae9160c513f504db74599-1448,original,CWE-20,0.001733630895614624,1.0,0.0,0.0
ReGVD-official-validation-calibrated,bigvul-e89cfcb9090e8c98129ae9160c513f504db74599-1448,safe_dead_code_carrier,CWE-20,0.0024349093437194824,1.0,0.0,0.0
ReGVD-official-validation-calibrated,bigvul-e9372a1bfd3588a80fcf49aa07321f0971dd6091-1128,blank_line_expansion,unknown,-0.001085430383682251,0.0,0.0,0.0
ReGVD-official-validation-calibrated,bigvul-e9372a1bfd3588a80fcf49aa07321f0971dd6091-1128,brace_line_shift,unknown,-0.001085430383682251,0.0,0.0,0.0
ReGVD-official-validation-calibrated,bigvul-e9372a1bfd3588a80fcf49aa07321f0971dd6091-1128,code_normalization_abstraction,unknown,-0.0006747245788574219,0.0,0.0,0.0
ReGVD-official-validation-calibrated,bigvul-e9372a1bfd3588a80fcf49aa07321f0971dd6091-1128,comment_banner,unknown,-0.0011960864067077637,0.0,0.0,0.0
ReGVD-official-validation-calibrated,bigvul-e9372a1bfd3588a80fcf49aa07321f0971dd6091-1128,control_flow_rewrite,unknown,-0.001085430383682251,0.0,0.0,0.0
ReGVD-official-validation-calibrated,bigvul-e9372a1bfd3588a80fcf49aa07321f0971dd6091-1128,dead_branch_after_opening_brace,unknown,0.0,0.0,1.0,0.0
ReGVD-official-validation-calibrated,bigvul-e9372a1bfd3588a80fcf49aa07321f0971dd6091-1128,identifier_renaming,unknown,-0.001085430383682251,0.0,0.0,0.0
ReGVD-official-validation-calibrated,bigvul-e9372a1bfd3588a80fcf49aa07321f0971dd6091-1128,original,unknown,-0.001085430383682251,0.0,0.0,0.0
ReGVD-official-validation-calibrated,bigvul-e9372a1bfd3588a80fcf49aa07321f0971dd6091-1128,safe_dead_code_carrier,unknown,0.0,0.0,1.0,0.0
ReGVD-official-validation-calibrated,bigvul-e9372a1bfd3588a80fcf49aa07321f0971dd6091-1892,blank_line_expansion,unknown,0.0026779472827911377,1.0,0.0,0.0
ReGVD-official-validation-calibrated,bigvul-e9372a1bfd3588a80fcf49aa07321f0971dd6091-1892,brace_line_shift,unknown,0.0026779472827911377,1.0,0.0,0.0
ReGVD-official-validation-calibrated,bigvul-e9372a1bfd3588a80fcf49aa07321f0971dd6091-1892,code_normalization_abstraction,unknown,0.003909260034561157,1.0,0.0,0.0
ReGVD-official-validation-calibrated,bigvul-e9372a1bfd3588a80fcf49aa07321f0971dd6091-1892,comment_banner,unknown,-0.002954453229904175,0.0,0.0,0.0
ReGVD-official-validation-calibrated,bigvul-e9372a1bfd3588a80fcf49aa07321f0971dd6091-1892,control_flow_rewrite,unknown,0.0026779472827911377,1.0,0.0,0.0
ReGVD-official-validation-calibrated,bigvul-e9372a1bfd3588a80fcf49aa07321f0971dd6091-1892,dead_branch_after_opening_brace,unknown,0.0006038844585418701,1.0,0.0,0.0
ReGVD-official-validation-calibrated,bigvul-e9372a1bfd3588a80fcf49aa07321f0971dd6091-1892,identifier_renaming,unknown,0.0015498697757720947,1.0,0.0,0.0
ReGVD-official-validation-calibrated,bigvul-e9372a1bfd3588a80fcf49aa07321f0971dd6091-1892,original,unknown,0.0026779472827911377,1.0,0.0,0.0
ReGVD-official-validation-calibrated,bigvul-e9372a1bfd3588a80fcf49aa07321f0971dd6091-1892,safe_dead_code_carrier,unknown,0.0016243159770965576,1.0,0.0,0.0
ReGVD-official-validation-calibrated,bigvul-eaf2e8bce3855d362e53034bd83f0e3aff8714e4-1860,blank_line_expansion,unknown,-0.00029525160789489746,0.0,0.0,0.0
ReGVD-official-validation-calibrated,bigvul-eaf2e8bce3855d362e53034bd83f0e3aff8714e4-1860,brace_line_shift,unknown,-0.00029525160789489746,0.0,0.0,0.0
ReGVD-official-validation-calibrated,bigvul-eaf2e8bce3855d362e53034bd83f0e3aff8714e4-1860,code_normalization_abstraction,unknown,-0.00029525160789489746,0.0,0.0,0.0
ReGVD-official-validation-calibrated,bigvul-eaf2e8bce3855d362e53034bd83f0e3aff8714e4-1860,comment_banner,unknown,0.0011976659297943115,1.0,0.0,0.0
ReGVD-official-validation-calibrated,bigvul-eaf2e8bce3855d362e53034bd83f0e3aff8714e4-1860,control_flow_rewrite,unknown,-0.00029525160789489746,0.0,0.0,0.0
ReGVD-official-validation-calibrated,bigvul-eaf2e8bce3855d362e53034bd83f0e3aff8714e4-1860,dead_branch_after_opening_brace,unknown,0.0007696747779846191,1.0,0.0,0.0
ReGVD-official-validation-calibrated,bigvul-eaf2e8bce3855d362e53034bd83f0e3aff8714e4-1860,identifier_renaming,unknown,-0.00029525160789489746,0.0,0.0,0.0
ReGVD-official-validation-calibrated,bigvul-eaf2e8bce3855d362e53034bd83f0e3aff8714e4-1860,original,unknown,-0.00029525160789489746,0.0,0.0,0.0
ReGVD-official-validation-calibrated,bigvul-eaf2e8bce3855d362e53034bd83f0e3aff8714e4-1860,safe_dead_code_carrier,unknown,0.002336353063583374,1.0,0.0,0.0
ReGVD-official-validation-calibrated,bigvul-edc7d3035883ddca8413e4fe7689aa2e579ef04a-2146,blank_line_expansion,CWE-125,0.0006512105464935303,1.0,0.0,0.0
ReGVD-official-validation-calibrated,bigvul-edc7d3035883ddca8413e4fe7689aa2e579ef04a-2146,brace_line_shift,CWE-125,0.0006512105464935303,1.0,0.0,0.0
ReGVD-official-validation-calibrated,bigvul-edc7d3035883ddca8413e4fe7689aa2e579ef04a-2146,code_normalization_abstraction,CWE-125,0.0006512105464935303,1.0,0.0,0.0
ReGVD-official-validation-calibrated,bigvul-edc7d3035883ddca8413e4fe7689aa2e579ef04a-2146,comment_banner,CWE-125,0.0002544820308685303,1.0,0.0,0.0
ReGVD-official-validation-calibrated,bigvul-edc7d3035883ddca8413e4fe7689aa2e579ef04a-2146,control_flow_rewrite,CWE-125,0.0006512105464935303,1.0,0.0,0.0
ReGVD-official-validation-calibrated,bigvul-edc7d3035883ddca8413e4fe7689aa2e579ef04a-2146,dead_branch_after_opening_brace,CWE-125,-0.0003496408462524414,0.0,0.0,0.0
ReGVD-official-validation-calibrated,bigvul-edc7d3035883ddca8413e4fe7689aa2e579ef04a-2146,identifier_renaming,CWE-125,0.0006512105464935303,1.0,0.0,0.0
ReGVD-official-validation-calibrated,bigvul-edc7d3035883ddca8413e4fe7689aa2e579ef04a-2146,original,CWE-125,0.0006512105464935303,1.0,0.0,0.0
ReGVD-official-validation-calibrated,bigvul-edc7d3035883ddca8413e4fe7689aa2e579ef04a-2146,safe_dead_code_carrier,CWE-125,-0.0014297068119049072,0.0,0.0,0.0
ReGVD-official-validation-calibrated,bigvul-edd4a76eb4747bd19ed122df46fa46b452c12a0d-1890,blank_line_expansion,CWE-189,0.0,0.0,1.0,0.0
ReGVD-official-validation-calibrated,bigvul-edd4a76eb4747bd19ed122df46fa46b452c12a0d-1890,brace_line_shift,CWE-189,0.0,0.0,1.0,0.0
ReGVD-official-validation-calibrated,bigvul-edd4a76eb4747bd19ed122df46fa46b452c12a0d-1890,code_normalization_abstraction,CWE-189,0.0,0.0,1.0,0.0
ReGVD-official-validation-calibrated,bigvul-edd4a76eb4747bd19ed122df46fa46b452c12a0d-1890,comment_banner,CWE-189,0.0,0.0,1.0,0.0
ReGVD-official-validation-calibrated,bigvul-edd4a76eb4747bd19ed122df46fa46b452c12a0d-1890,control_flow_rewrite,CWE-189,0.0,0.0,1.0,0.0
ReGVD-official-validation-calibrated,bigvul-edd4a76eb4747bd19ed122df46fa46b452c12a0d-1890,dead_branch_after_opening_brace,CWE-189,0.0,0.0,1.0,0.0
ReGVD-official-validation-calibrated,bigvul-edd4a76eb4747bd19ed122df46fa46b452c12a0d-1890,identifier_renaming,CWE-189,0.0,0.0,1.0,0.0
ReGVD-official-validation-calibrated,bigvul-edd4a76eb4747bd19ed122df46fa46b452c12a0d-1890,original,CWE-189,0.0,0.0,1.0,0.0
ReGVD-official-validation-calibrated,bigvul-edd4a76eb4747bd19ed122df46fa46b452c12a0d-1890,safe_dead_code_carrier,CWE-189,0.0,0.0,1.0,0.0
ReGVD-official-validation-calibrated,bigvul-eea3300239f0b53e172a320eb8de59d0bea65f27-1319,blank_line_expansion,CWE-200,-0.04117515683174133,0.0,0.0,0.0
ReGVD-official-validation-calibrated,bigvul-eea3300239f0b53e172a320eb8de59d0bea65f27-1319,brace_line_shift,CWE-200,-0.04117515683174133,0.0,0.0,0.0
ReGVD-official-validation-calibrated,bigvul-eea3300239f0b53e172a320eb8de59d0bea65f27-1319,code_normalization_abstraction,CWE-200,-0.04117515683174133,0.0,0.0,0.0
ReGVD-official-validation-calibrated,bigvul-eea3300239f0b53e172a320eb8de59d0bea65f27-1319,comment_banner,CWE-200,-0.04436269402503967,0.0,0.0,0.0
ReGVD-official-validation-calibrated,bigvul-eea3300239f0b53e172a320eb8de59d0bea65f27-1319,control_flow_rewrite,CWE-200,-0.04117515683174133,0.0,0.0,0.0
ReGVD-official-validation-calibrated,bigvul-eea3300239f0b53e172a320eb8de59d0bea65f27-1319,dead_branch_after_opening_brace,CWE-200,-0.042771756649017334,0.0,0.0,0.0
ReGVD-official-validation-calibrated,bigvul-eea3300239f0b53e172a320eb8de59d0bea65f27-1319,identifier_renaming,CWE-200,-0.04117515683174133,0.0,0.0,0.0
ReGVD-official-validation-calibrated,bigvul-eea3300239f0b53e172a320eb8de59d0bea65f27-1319,original,CWE-200,-0.04117515683174133,0.0,0.0,0.0
ReGVD-official-validation-calibrated,bigvul-eea3300239f0b53e172a320eb8de59d0bea65f27-1319,safe_dead_code_carrier,CWE-200,-0.04100421071052551,0.0,0.0,0.0
ReGVD-official-validation-calibrated,bigvul-ef85b67385436ddc1998f45f1d6a210f935b3388-2254,blank_line_expansion,CWE-388,0.0,0.0,1.0,0.0
ReGVD-official-validation-calibrated,bigvul-ef85b67385436ddc1998f45f1d6a210f935b3388-2254,brace_line_shift,CWE-388,0.0,0.0,1.0,0.0
ReGVD-official-validation-calibrated,bigvul-ef85b67385436ddc1998f45f1d6a210f935b3388-2254,code_normalization_abstraction,CWE-388,0.0,0.0,1.0,0.0
ReGVD-official-validation-calibrated,bigvul-ef85b67385436ddc1998f45f1d6a210f935b3388-2254,comment_banner,CWE-388,0.0,0.0,1.0,0.0
ReGVD-official-validation-calibrated,bigvul-ef85b67385436ddc1998f45f1d6a210f935b3388-2254,control_flow_rewrite,CWE-388,0.0,0.0,1.0,0.0
ReGVD-official-validation-calibrated,bigvul-ef85b67385436ddc1998f45f1d6a210f935b3388-2254,dead_branch_after_opening_brace,CWE-388,0.0,0.0,1.0,0.0
ReGVD-official-validation-calibrated,bigvul-ef85b67385436ddc1998f45f1d6a210f935b3388-2254,identifier_renaming,CWE-388,0.0,0.0,1.0,0.0
ReGVD-official-validation-calibrated,bigvul-ef85b67385436ddc1998f45f1d6a210f935b3388-2254,original,CWE-388,0.0,0.0,1.0,0.0
ReGVD-official-validation-calibrated,bigvul-ef85b67385436ddc1998f45f1d6a210f935b3388-2254,safe_dead_code_carrier,CWE-388,0.0,0.0,1.0,0.0
ReGVD-official-validation-calibrated,bigvul-f597300439e62f5e921f0d7b1e880b5c1a1f1607-1839,blank_line_expansion,CWE-416,0.0,0.0,1.0,0.0
ReGVD-official-validation-calibrated,bigvul-f597300439e62f5e921f0d7b1e880b5c1a1f1607-1839,brace_line_shift,CWE-416,0.0,0.0,1.0,0.0
ReGVD-official-validation-calibrated,bigvul-f597300439e62f5e921f0d7b1e880b5c1a1f1607-1839,code_normalization_abstraction,CWE-416,0.0,0.0,1.0,0.0
ReGVD-official-validation-calibrated,bigvul-f597300439e62f5e921f0d7b1e880b5c1a1f1607-1839,comment_banner,CWE-416,0.0,0.0,1.0,0.0
ReGVD-official-validation-calibrated,bigvul-f597300439e62f5e921f0d7b1e880b5c1a1f1607-1839,control_flow_rewrite,CWE-416,0.0,0.0,1.0,0.0
ReGVD-official-validation-calibrated,bigvul-f597300439e62f5e921f0d7b1e880b5c1a1f1607-1839,dead_branch_after_opening_brace,CWE-416,0.0,0.0,1.0,0.0
ReGVD-official-validation-calibrated,bigvul-f597300439e62f5e921f0d7b1e880b5c1a1f1607-1839,identifier_renaming,CWE-416,0.0,0.0,1.0,0.0
ReGVD-official-validation-calibrated,bigvul-f597300439e62f5e921f0d7b1e880b5c1a1f1607-1839,original,CWE-416,0.0,0.0,1.0,0.0
ReGVD-official-validation-calibrated,bigvul-f597300439e62f5e921f0d7b1e880b5c1a1f1607-1839,safe_dead_code_carrier,CWE-416,0.0,0.0,1.0,0.0
ReGVD-official-validation-calibrated,bigvul-fc80ab45621bd966f70594c0b7393ec005a94007-2360,blank_line_expansion,CWE-772,-0.0035930871963500977,0.0,0.0,0.0
ReGVD-official-validation-calibrated,bigvul-fc80ab45621bd966f70594c0b7393ec005a94007-2360,brace_line_shift,CWE-772,-0.0035930871963500977,0.0,0.0,0.0
ReGVD-official-validation-calibrated,bigvul-fc80ab45621bd966f70594c0b7393ec005a94007-2360,code_normalization_abstraction,CWE-772,-0.006217479705810547,0.0,0.0,0.0
ReGVD-official-validation-calibrated,bigvul-fc80ab45621bd966f70594c0b7393ec005a94007-2360,comment_banner,CWE-772,0.00010690093040466309,1.0,0.0,0.0
ReGVD-official-validation-calibrated,bigvul-fc80ab45621bd966f70594c0b7393ec005a94007-2360,control_flow_rewrite,CWE-772,-0.0035930871963500977,0.0,0.0,0.0
ReGVD-official-validation-calibrated,bigvul-fc80ab45621bd966f70594c0b7393ec005a94007-2360,dead_branch_after_opening_brace,CWE-772,-0.0031512081623077393,0.0,0.0,0.0
ReGVD-official-validation-calibrated,bigvul-fc80ab45621bd966f70594c0b7393ec005a94007-2360,identifier_renaming,CWE-772,-0.004714250564575195,0.0,0.0,0.0
ReGVD-official-validation-calibrated,bigvul-fc80ab45621bd966f70594c0b7393ec005a94007-2360,original,CWE-772,-0.0035930871963500977,0.0,0.0,0.0
ReGVD-official-validation-calibrated,bigvul-fc80ab45621bd966f70594c0b7393ec005a94007-2360,safe_dead_code_carrier,CWE-772,-0.0024019181728363037,0.0,0.0,0.0
CodeBERT-Devign-local,bigvul-04839626ed859623901ebd3a5fd483982186b59d-100,blank_line_expansion,CWE-119,-0.3190546810516173,0.0,0.0,0.0
CodeBERT-Devign-local,bigvul-04839626ed859623901ebd3a5fd483982186b59d-100,brace_line_shift,CWE-119,-0.3190546810516173,0.0,0.0,0.0
CodeBERT-Devign-local,bigvul-04839626ed859623901ebd3a5fd483982186b59d-100,code_normalization_abstraction,CWE-119,-0.21629618971852338,0.0,0.0,0.0
CodeBERT-Devign-local,bigvul-04839626ed859623901ebd3a5fd483982186b59d-100,comment_banner,CWE-119,-0.3705089741139465,0.0,0.0,0.0
CodeBERT-Devign-local,bigvul-04839626ed859623901ebd3a5fd483982186b59d-100,control_flow_rewrite,CWE-119,-0.3190546810516173,0.0,0.0,0.0
CodeBERT-Devign-local,bigvul-04839626ed859623901ebd3a5fd483982186b59d-100,dead_branch_after_opening_brace,CWE-119,-0.15670774057635245,0.0,0.0,0.0
CodeBERT-Devign-local,bigvul-04839626ed859623901ebd3a5fd483982186b59d-100,identifier_renaming,CWE-119,-0.3190546810516173,0.0,0.0,0.0
CodeBERT-Devign-local,bigvul-04839626ed859623901ebd3a5fd483982186b59d-100,original,CWE-119,-0.3190546810516173,0.0,0.0,0.0
CodeBERT-Devign-local,bigvul-04839626ed859623901ebd3a5fd483982186b59d-100,safe_dead_code_carrier,CWE-119,-0.1385704020920424,0.0,0.0,0.0
CodeBERT-Devign-local,bigvul-04839626ed859623901ebd3a5fd483982186b59d-595,blank_line_expansion,CWE-119,-0.2440865373882749,0.0,0.0,0.0
CodeBERT-Devign-local,bigvul-04839626ed859623901ebd3a5fd483982186b59d-595,brace_line_shift,CWE-119,-0.2440865373882749,0.0,0.0,0.0
CodeBERT-Devign-local,bigvul-04839626ed859623901ebd3a5fd483982186b59d-595,code_normalization_abstraction,CWE-119,-0.18139412224967733,0.0,0.0,0.0
CodeBERT-Devign-local,bigvul-04839626ed859623901ebd3a5fd483982186b59d-595,comment_banner,CWE-119,-0.28579814253555197,0.0,0.0,0.0
CodeBERT-Devign-local,bigvul-04839626ed859623901ebd3a5fd483982186b59d-595,control_flow_rewrite,CWE-119,-0.2440865373882749,0.0,0.0,0.0
CodeBERT-Devign-local,bigvul-04839626ed859623901ebd3a5fd483982186b59d-595,dead_branch_after_opening_brace,CWE-119,-0.18778408508336686,0.0,0.0,0.0
CodeBERT-Devign-local,bigvul-04839626ed859623901ebd3a5fd483982186b59d-595,identifier_renaming,CWE-119,-0.2440865373882749,0.0,0.0,0.0
CodeBERT-Devign-local,bigvul-04839626ed859623901ebd3a5fd483982186b59d-595,original,CWE-119,-0.2440865373882749,0.0,0.0,0.0
CodeBERT-Devign-local,bigvul-04839626ed859623901ebd3a5fd483982186b59d-595,safe_dead_code_carrier,CWE-119,-0.17899871520025412,0.0,0.0,0.0
CodeBERT-Devign-local,bigvul-04aaacb936a08d70862d6d9d7e8354721ae46be8-2882,blank_line_expansion,CWE-200,-0.0019652495693166516,0.0,0.0,0.0
CodeBERT-Devign-local,bigvul-04aaacb936a08d70862d6d9d7e8354721ae46be8-2882,brace_line_shift,CWE-200,-0.0019652495693166516,0.0,0.0,0.0
CodeBERT-Devign-local,bigvul-04aaacb936a08d70862d6d9d7e8354721ae46be8-2882,code_normalization_abstraction,CWE-200,-0.0019652495693166516,0.0,0.0,0.0
CodeBERT-Devign-local,bigvul-04aaacb936a08d70862d6d9d7e8354721ae46be8-2882,comment_banner,CWE-200,-0.005703446068629936,0.0,0.0,0.0
CodeBERT-Devign-local,bigvul-04aaacb936a08d70862d6d9d7e8354721ae46be8-2882,control_flow_rewrite,CWE-200,-0.0019652495693166516,0.0,0.0,0.0
CodeBERT-Devign-local,bigvul-04aaacb936a08d70862d6d9d7e8354721ae46be8-2882,dead_branch_after_opening_brace,CWE-200,-0.0013827700595679948,0.0,0.0,0.0
CodeBERT-Devign-local,bigvul-04aaacb936a08d70862d6d9d7e8354721ae46be8-2882,identifier_renaming,CWE-200,-0.0019652495693166516,0.0,0.0,0.0
CodeBERT-Devign-local,bigvul-04aaacb936a08d70862d6d9d7e8354721ae46be8-2882,original,CWE-200,-0.0019652495693166516,0.0,0.0,0.0
CodeBERT-Devign-local,bigvul-04aaacb936a08d70862d6d9d7e8354721ae46be8-2882,safe_dead_code_carrier,CWE-200,-0.001171304887437774,0.0,0.0,0.0
CodeBERT-Devign-local,bigvul-0558f33c06bb910e2879e355192227a8e8f0219d-1421,blank_line_expansion,unknown,-0.03209059261253033,0.0,0.0,0.0
CodeBERT-Devign-local,bigvul-0558f33c06bb910e2879e355192227a8e8f0219d-1421,brace_line_shift,unknown,-0.03209059261253033,0.0,0.0,0.0
CodeBERT-Devign-local,bigvul-0558f33c06bb910e2879e355192227a8e8f0219d-1421,code_normalization_abstraction,unknown,-0.027859698916764986,0.0,0.0,0.0
CodeBERT-Devign-local,bigvul-0558f33c06bb910e2879e355192227a8e8f0219d-1421,comment_banner,unknown,-0.025436434121993368,0.0,0.0,0.0
CodeBERT-Devign-local,bigvul-0558f33c06bb910e2879e355192227a8e8f0219d-1421,control_flow_rewrite,unknown,-0.03209059261253033,0.0,0.0,0.0
CodeBERT-Devign-local,bigvul-0558f33c06bb910e2879e355192227a8e8f0219d-1421,dead_branch_after_opening_brace,unknown,-0.029127928890346766,0.0,0.0,0.0
CodeBERT-Devign-local,bigvul-0558f33c06bb910e2879e355192227a8e8f0219d-1421,identifier_renaming,unknown,-0.023494296838820206,0.0,0.0,0.0
CodeBERT-Devign-local,bigvul-0558f33c06bb910e2879e355192227a8e8f0219d-1421,original,unknown,-0.03209059261253033,0.0,0.0,0.0
CodeBERT-Devign-local,bigvul-0558f33c06bb910e2879e355192227a8e8f0219d-1421,safe_dead_code_carrier,unknown,-0.027005668371473446,0.0,0.0,0.0
CodeBERT-Devign-local,bigvul-0a38f71865b63025dce4de1f8cca71979c48d14d-2034,blank_line_expansion,CWE-119,-0.1690937058151465,0.0,0.0,0.0
CodeBERT-Devign-local,bigvul-0a38f71865b63025dce4de1f8cca71979c48d14d-2034,brace_line_shift,CWE-119,-0.1690937058151465,0.0,0.0,0.0
CodeBERT-Devign-local,bigvul-0a38f71865b63025dce4de1f8cca71979c48d14d-2034,code_normalization_abstraction,CWE-119,-0.1690937058151465,0.0,0.0,0.0
CodeBERT-Devign-local,bigvul-0a38f71865b63025dce4de1f8cca71979c48d14d-2034,comment_banner,CWE-119,-0.22171904128583653,0.0,0.0,0.0
CodeBERT-Devign-local,bigvul-0a38f71865b63025dce4de1f8cca71979c48d14d-2034,control_flow_rewrite,CWE-119,-0.1690937058151465,0.0,0.0,0.0
CodeBERT-Devign-local,bigvul-0a38f71865b63025dce4de1f8cca71979c48d14d-2034,dead_branch_after_opening_brace,CWE-119,-0.13380162926845746,0.0,0.0,0.0
CodeBERT-Devign-local,bigvul-0a38f71865b63025dce4de1f8cca71979c48d14d-2034,identifier_renaming,CWE-119,-0.1690937058151465,0.0,0.0,0.0
CodeBERT-Devign-local,bigvul-0a38f71865b63025dce4de1f8cca71979c48d14d-2034,original,CWE-119,-0.1690937058151465,0.0,0.0,0.0
CodeBERT-Devign-local,bigvul-0a38f71865b63025dce4de1f8cca71979c48d14d-2034,safe_dead_code_carrier,CWE-119,-0.12464264806999381,0.0,0.0,0.0
CodeBERT-Devign-local,bigvul-0bd1a6ddb5fb23dfea3e72d60e5e8df4cf5826bc-1777,blank_line_expansion,CWE-264,-0.05702254375470839,0.0,0.0,0.0
CodeBERT-Devign-local,bigvul-0bd1a6ddb5fb23dfea3e72d60e5e8df4cf5826bc-1777,brace_line_shift,CWE-264,-0.05702254375470839,0.0,0.0,0.0
CodeBERT-Devign-local,bigvul-0bd1a6ddb5fb23dfea3e72d60e5e8df4cf5826bc-1777,code_normalization_abstraction,CWE-264,-0.04581136892100923,0.0,0.0,0.0
CodeBERT-Devign-local,bigvul-0bd1a6ddb5fb23dfea3e72d60e5e8df4cf5826bc-1777,comment_banner,CWE-264,-0.06293424885220344,0.0,0.0,0.0
CodeBERT-Devign-local,bigvul-0bd1a6ddb5fb23dfea3e72d60e5e8df4cf5826bc-1777,control_flow_rewrite,CWE-264,-0.05702254375470839,0.0,0.0,0.0
CodeBERT-Devign-local,bigvul-0bd1a6ddb5fb23dfea3e72d60e5e8df4cf5826bc-1777,dead_branch_after_opening_brace,CWE-264,-0.05427305247329084,0.0,0.0,0.0
CodeBERT-Devign-local,bigvul-0bd1a6ddb5fb23dfea3e72d60e5e8df4cf5826bc-1777,identifier_renaming,CWE-264,-0.050305056664933456,0.0,0.0,0.0
CodeBERT-Devign-local,bigvul-0bd1a6ddb5fb23dfea3e72d60e5e8df4cf5826bc-1777,original,CWE-264,-0.05702254375470839,0.0,0.0,0.0
CodeBERT-Devign-local,bigvul-0bd1a6ddb5fb23dfea3e72d60e5e8df4cf5826bc-1777,safe_dead_code_carrier,CWE-264,-0.05329434602020833,0.0,0.0,0.0
CodeBERT-Devign-local,bigvul-0bfc96cb77224736dfa35c3c555d37b3646ef35e-2152,blank_line_expansion,CWE-264,-0.011245835492485479,0.0,0.0,0.0
CodeBERT-Devign-local,bigvul-0bfc96cb77224736dfa35c3c555d37b3646ef35e-2152,brace_line_shift,CWE-264,-0.011245835492485479,0.0,0.0,0.0
CodeBERT-Devign-local,bigvul-0bfc96cb77224736dfa35c3c555d37b3646ef35e-2152,code_normalization_abstraction,CWE-264,-0.045894466943400936,0.0,0.0,0.0
CodeBERT-Devign-local,bigvul-0bfc96cb77224736dfa35c3c555d37b3646ef35e-2152,comment_banner,CWE-264,-0.02138179607938062,0.0,0.0,0.0
CodeBERT-Devign-local,bigvul-0bfc96cb77224736dfa35c3c555d37b3646ef35e-2152,control_flow_rewrite,CWE-264,-0.011245835492485479,0.0,0.0,0.0
CodeBERT-Devign-local,bigvul-0bfc96cb77224736dfa35c3c555d37b3646ef35e-2152,dead_branch_after_opening_brace,CWE-264,0.0020152769210247667,1.0,0.0,0.0
CodeBERT-Devign-local,bigvul-0bfc96cb77224736dfa35c3c555d37b3646ef35e-2152,identifier_renaming,CWE-264,-0.01624063436524137,0.0,0.0,0.0
CodeBERT-Devign-local,bigvul-0bfc96cb77224736dfa35c3c555d37b3646ef35e-2152,original,CWE-264,-0.011245835492485479,0.0,0.0,0.0
CodeBERT-Devign-local,bigvul-0bfc96cb77224736dfa35c3c555d37b3646ef35e-2152,safe_dead_code_carrier,CWE-264,0.0024214530291110092,1.0,0.0,0.0
CodeBERT-Devign-local,bigvul-0da8b8b801f9276359262f1ef8274c7812d3dfda?w=1-1398,blank_line_expansion,CWE-190,0.0,0.0,1.0,0.0
CodeBERT-Devign-local,bigvul-0da8b8b801f9276359262f1ef8274c7812d3dfda?w=1-1398,brace_line_shift,CWE-190,0.0,0.0,1.0,0.0
CodeBERT-Devign-local,bigvul-0da8b8b801f9276359262f1ef8274c7812d3dfda?w=1-1398,code_normalization_abstraction,CWE-190,0.0,0.0,1.0,0.0
CodeBERT-Devign-local,bigvul-0da8b8b801f9276359262f1ef8274c7812d3dfda?w=1-1398,comment_banner,CWE-190,0.0,0.0,1.0,0.0
CodeBERT-Devign-local,bigvul-0da8b8b801f9276359262f1ef8274c7812d3dfda?w=1-1398,control_flow_rewrite,CWE-190,0.0,0.0,1.0,0.0
CodeBERT-Devign-local,bigvul-0da8b8b801f9276359262f1ef8274c7812d3dfda?w=1-1398,dead_branch_after_opening_brace,CWE-190,0.0,0.0,1.0,0.0
CodeBERT-Devign-local,bigvul-0da8b8b801f9276359262f1ef8274c7812d3dfda?w=1-1398,identifier_renaming,CWE-190,0.0,0.0,1.0,0.0
CodeBERT-Devign-local,bigvul-0da8b8b801f9276359262f1ef8274c7812d3dfda?w=1-1398,original,CWE-190,0.0,0.0,1.0,0.0
CodeBERT-Devign-local,bigvul-0da8b8b801f9276359262f1ef8274c7812d3dfda?w=1-1398,safe_dead_code_carrier,CWE-190,0.0,0.0,1.0,0.0
CodeBERT-Devign-local,bigvul-14f2111f9cec919a450115ce4914f228effca58e-383,blank_line_expansion,CWE-281,-0.01655206806939874,0.0,0.0,0.0
CodeBERT-Devign-local,bigvul-14f2111f9cec919a450115ce4914f228effca58e-383,brace_line_shift,CWE-281,-0.01655206806939874,0.0,0.0,0.0
CodeBERT-Devign-local,bigvul-14f2111f9cec919a450115ce4914f228effca58e-383,code_normalization_abstraction,CWE-281,-0.01655206806939874,0.0,0.0,0.0
CodeBERT-Devign-local,bigvul-14f2111f9cec919a450115ce4914f228effca58e-383,comment_banner,CWE-281,-0.01787737547287971,0.0,0.0,0.0
CodeBERT-Devign-local,bigvul-14f2111f9cec919a450115ce4914f228effca58e-383,control_flow_rewrite,CWE-281,-0.01655206806939874,0.0,0.0,0.0
CodeBERT-Devign-local,bigvul-14f2111f9cec919a450115ce4914f228effca58e-383,dead_branch_after_opening_brace,CWE-281,-0.015128597255372633,0.0,0.0,0.0
CodeBERT-Devign-local,bigvul-14f2111f9cec919a450115ce4914f228effca58e-383,identifier_renaming,CWE-281,-0.01655206806939874,0.0,0.0,0.0
CodeBERT-Devign-local,bigvul-14f2111f9cec919a450115ce4914f228effca58e-383,original,CWE-281,-0.01655206806939874,0.0,0.0,0.0
CodeBERT-Devign-local,bigvul-14f2111f9cec919a450115ce4914f228effca58e-383,safe_dead_code_carrier,CWE-281,-0.01463410537225951,0.0,0.0,0.0
CodeBERT-Devign-local,bigvul-19190765882e272a6a2162c89acdb29110f7e3cf-511,blank_line_expansion,unknown,-0.08892291862397833,0.0,0.0,0.0
CodeBERT-Devign-local,bigvul-19190765882e272a6a2162c89acdb29110f7e3cf-511,brace_line_shift,unknown,-0.08892291862397833,0.0,0.0,0.0
CodeBERT-Devign-local,bigvul-19190765882e272a6a2162c89acdb29110f7e3cf-511,code_normalization_abstraction,unknown,-0.0801071564979674,0.0,0.0,0.0
CodeBERT-Devign-local,bigvul-19190765882e272a6a2162c89acdb29110f7e3cf-511,comment_banner,unknown,-0.020906490975070247,0.0,0.0,0.0
CodeBERT-Devign-local,bigvul-19190765882e272a6a2162c89acdb29110f7e3cf-511,control_flow_rewrite,unknown,-0.08892291862397833,0.0,0.0,0.0
CodeBERT-Devign-local,bigvul-19190765882e272a6a2162c89acdb29110f7e3cf-511,dead_branch_after_opening_brace,unknown,-0.09999162299304909,0.0,0.0,0.0
CodeBERT-Devign-local,bigvul-19190765882e272a6a2162c89acdb29110f7e3cf-511,identifier_renaming,unknown,-0.08892291862397833,0.0,0.0,0.0
CodeBERT-Devign-local,bigvul-19190765882e272a6a2162c89acdb29110f7e3cf-511,original,unknown,-0.08892291862397833,0.0,0.0,0.0
CodeBERT-Devign-local,bigvul-19190765882e272a6a2162c89acdb29110f7e3cf-511,safe_dead_code_carrier,unknown,-0.09657063986723591,0.0,0.0,0.0
CodeBERT-Devign-local,bigvul-19190765882e272a6a2162c89acdb29110f7e3cf-556,blank_line_expansion,unknown,-0.4028872201749214,0.0,0.0,0.0
CodeBERT-Devign-local,bigvul-19190765882e272a6a2162c89acdb29110f7e3cf-556,brace_line_shift,unknown,-0.4028872201749214,0.0,0.0,0.0
CodeBERT-Devign-local,bigvul-19190765882e272a6a2162c89acdb29110f7e3cf-556,code_normalization_abstraction,unknown,-0.4028872201749214,0.0,0.0,0.0
CodeBERT-Devign-local,bigvul-19190765882e272a6a2162c89acdb29110f7e3cf-556,comment_banner,unknown,-0.01991245705381811,0.0,0.0,0.0
CodeBERT-Devign-local,bigvul-19190765882e272a6a2162c89acdb29110f7e3cf-556,control_flow_rewrite,unknown,-0.4028872201749214,0.0,0.0,0.0
CodeBERT-Devign-local,bigvul-19190765882e272a6a2162c89acdb29110f7e3cf-556,dead_branch_after_opening_brace,unknown,-0.21428810514028346,0.0,0.0,0.0
CodeBERT-Devign-local,bigvul-19190765882e272a6a2162c89acdb29110f7e3cf-556,identifier_renaming,unknown,-0.4028872201749214,0.0,0.0,0.0
CodeBERT-Devign-local,bigvul-19190765882e272a6a2162c89acdb29110f7e3cf-556,original,unknown,-0.4028872201749214,0.0,0.0,0.0
CodeBERT-Devign-local,bigvul-19190765882e272a6a2162c89acdb29110f7e3cf-556,safe_dead_code_carrier,unknown,-0.18756113225443943,0.0,0.0,0.0
CodeBERT-Devign-local,bigvul-1dcd10aceabbc03bf571ea32b892c522cbe923de-1555,blank_line_expansion,CWE-125,0.001319044230358335,1.0,0.0,0.0
CodeBERT-Devign-local,bigvul-1dcd10aceabbc03bf571ea32b892c522cbe923de-1555,brace_line_shift,CWE-125,0.001319044230358335,1.0,0.0,0.0
CodeBERT-Devign-local,bigvul-1dcd10aceabbc03bf571ea32b892c522cbe923de-1555,code_normalization_abstraction,CWE-125,0.001319044230358335,1.0,0.0,0.0
CodeBERT-Devign-local,bigvul-1dcd10aceabbc03bf571ea32b892c522cbe923de-1555,comment_banner,CWE-125,7.943429847945271e-05,1.0,0.0,0.0
CodeBERT-Devign-local,bigvul-1dcd10aceabbc03bf571ea32b892c522cbe923de-1555,control_flow_rewrite,CWE-125,0.001319044230358335,1.0,0.0,0.0
CodeBERT-Devign-local,bigvul-1dcd10aceabbc03bf571ea32b892c522cbe923de-1555,dead_branch_after_opening_brace,CWE-125,0.0011912696358254982,1.0,0.0,0.0
CodeBERT-Devign-local,bigvul-1dcd10aceabbc03bf571ea32b892c522cbe923de-1555,identifier_renaming,CWE-125,0.004105538962117405,1.0,0.0,0.0
CodeBERT-Devign-local,bigvul-1dcd10aceabbc03bf571ea32b892c522cbe923de-1555,original,CWE-125,0.001319044230358335,1.0,0.0,0.0
CodeBERT-Devign-local,bigvul-1dcd10aceabbc03bf571ea32b892c522cbe923de-1555,safe_dead_code_carrier,CWE-125,0.0013552812514867618,1.0,0.0,0.0
CodeBERT-Devign-local,bigvul-2ac4c6f7b2b2af20c0e2b0ba05367e454cd11b33-241,blank_line_expansion,CWE-400,-0.01987540609913968,0.0,0.0,0.0
CodeBERT-Devign-local,bigvul-2ac4c6f7b2b2af20c0e2b0ba05367e454cd11b33-241,brace_line_shift,CWE-400,-0.01987540609913968,0.0,0.0,0.0
CodeBERT-Devign-local,bigvul-2ac4c6f7b2b2af20c0e2b0ba05367e454cd11b33-241,code_normalization_abstraction,CWE-400,-0.01987540609913968,0.0,0.0,0.0
CodeBERT-Devign-local,bigvul-2ac4c6f7b2b2af20c0e2b0ba05367e454cd11b33-241,comment_banner,CWE-400,-0.019729143791092307,0.0,0.0,0.0
CodeBERT-Devign-local,bigvul-2ac4c6f7b2b2af20c0e2b0ba05367e454cd11b33-241,control_flow_rewrite,CWE-400,-0.01987540609913968,0.0,0.0,0.0
CodeBERT-Devign-local,bigvul-2ac4c6f7b2b2af20c0e2b0ba05367e454cd11b33-241,dead_branch_after_opening_brace,CWE-400,-0.01964003506169687,0.0,0.0,0.0
CodeBERT-Devign-local,bigvul-2ac4c6f7b2b2af20c0e2b0ba05367e454cd11b33-241,identifier_renaming,CWE-400,-0.020583552245458936,0.0,0.0,0.0
CodeBERT-Devign-local,bigvul-2ac4c6f7b2b2af20c0e2b0ba05367e454cd11b33-241,original,CWE-400,-0.01987540609913968,0.0,0.0,0.0
CodeBERT-Devign-local,bigvul-2ac4c6f7b2b2af20c0e2b0ba05367e454cd11b33-241,safe_dead_code_carrier,CWE-400,-0.01948542378437046,0.0,0.0,0.0
CodeBERT-Devign-local,bigvul-3119b232c9c453c98d8fa8b6ae4e37ba18117cd4-2315,blank_line_expansion,CWE-476,0.0,0.0,1.0,0.0
CodeBERT-Devign-local,bigvul-3119b232c9c453c98d8fa8b6ae4e37ba18117cd4-2315,brace_line_shift,CWE-476,0.0,0.0,1.0,0.0
CodeBERT-Devign-local,bigvul-3119b232c9c453c98d8fa8b6ae4e37ba18117cd4-2315,code_normalization_abstraction,CWE-476,0.0,0.0,1.0,0.0
CodeBERT-Devign-local,bigvul-3119b232c9c453c98d8fa8b6ae4e37ba18117cd4-2315,comment_banner,CWE-476,0.0,0.0,1.0,0.0
CodeBERT-Devign-local,bigvul-3119b232c9c453c98d8fa8b6ae4e37ba18117cd4-2315,control_flow_rewrite,CWE-476,0.0,0.0,1.0,0.0
CodeBERT-Devign-local,bigvul-3119b232c9c453c98d8fa8b6ae4e37ba18117cd4-2315,dead_branch_after_opening_brace,CWE-476,0.0,0.0,1.0,0.0
CodeBERT-Devign-local,bigvul-3119b232c9c453c98d8fa8b6ae4e37ba18117cd4-2315,identifier_renaming,CWE-476,0.0,0.0,1.0,0.0
CodeBERT-Devign-local,bigvul-3119b232c9c453c98d8fa8b6ae4e37ba18117cd4-2315,original,CWE-476,0.0,0.0,1.0,0.0
CodeBERT-Devign-local,bigvul-3119b232c9c453c98d8fa8b6ae4e37ba18117cd4-2315,safe_dead_code_carrier,CWE-476,0.0,0.0,1.0,0.0
CodeBERT-Devign-local,bigvul-34cec721d39c76be1e0a600829a7b17bdfb832b6-1759,blank_line_expansion,CWE-835,0.007317687317587529,1.0,0.0,0.0
CodeBERT-Devign-local,bigvul-34cec721d39c76be1e0a600829a7b17bdfb832b6-1759,brace_line_shift,CWE-835,0.007317687317587529,1.0,0.0,0.0
CodeBERT-Devign-local,bigvul-34cec721d39c76be1e0a600829a7b17bdfb832b6-1759,code_normalization_abstraction,CWE-835,0.007178783544100176,1.0,0.0,0.0
CodeBERT-Devign-local,bigvul-34cec721d39c76be1e0a600829a7b17bdfb832b6-1759,comment_banner,CWE-835,0.007363077525454398,1.0,0.0,0.0
CodeBERT-Devign-local,bigvul-34cec721d39c76be1e0a600829a7b17bdfb832b6-1759,control_flow_rewrite,CWE-835,0.007317687317587529,1.0,0.0,0.0
CodeBERT-Devign-local,bigvul-34cec721d39c76be1e0a600829a7b17bdfb832b6-1759,dead_branch_after_opening_brace,CWE-835,0.007278507601541362,1.0,0.0,0.0
CodeBERT-Devign-local,bigvul-34cec721d39c76be1e0a600829a7b17bdfb832b6-1759,identifier_renaming,CWE-835,0.007316812087480584,1.0,0.0,0.0
CodeBERT-Devign-local,bigvul-34cec721d39c76be1e0a600829a7b17bdfb832b6-1759,original,CWE-835,0.007317687317587529,1.0,0.0,0.0
CodeBERT-Devign-local,bigvul-34cec721d39c76be1e0a600829a7b17bdfb832b6-1759,safe_dead_code_carrier,CWE-835,0.007262833190298634,1.0,0.0,0.0
CodeBERT-Devign-local,bigvul-363b02dab09b3226f3bd1420dad9c72b79a42a76-820,blank_line_expansion,CWE-20,0.0025039160859672838,1.0,0.0,0.0
CodeBERT-Devign-local,bigvul-363b02dab09b3226f3bd1420dad9c72b79a42a76-820,brace_line_shift,CWE-20,0.0025039160859672838,1.0,0.0,0.0
CodeBERT-Devign-local,bigvul-363b02dab09b3226f3bd1420dad9c72b79a42a76-820,code_normalization_abstraction,CWE-20,0.0025039160859672838,1.0,0.0,0.0
CodeBERT-Devign-local,bigvul-363b02dab09b3226f3bd1420dad9c72b79a42a76-820,comment_banner,CWE-20,0.0031959557140587846,1.0,0.0,0.0
CodeBERT-Devign-local,bigvul-363b02dab09b3226f3bd1420dad9c72b79a42a76-820,control_flow_rewrite,CWE-20,0.0025039160859672838,1.0,0.0,0.0
CodeBERT-Devign-local,bigvul-363b02dab09b3226f3bd1420dad9c72b79a42a76-820,dead_branch_after_opening_brace,CWE-20,0.0018824780662186624,1.0,0.0,0.0
CodeBERT-Devign-local,bigvul-363b02dab09b3226f3bd1420dad9c72b79a42a76-820,identifier_renaming,CWE-20,-0.015174894431647157,0.0,0.0,0.0
CodeBERT-Devign-local,bigvul-363b02dab09b3226f3bd1420dad9c72b79a42a76-820,original,CWE-20,0.0025039160859672838,1.0,0.0,0.0
CodeBERT-Devign-local,bigvul-363b02dab09b3226f3bd1420dad9c72b79a42a76-820,safe_dead_code_carrier,CWE-20,0.0017018864588270732,1.0,0.0,0.0
CodeBERT-Devign-local,bigvul-37c88107679d36c419572732b4af6e18bb2f7dce-482,blank_line_expansion,CWE-20,0.03457955192607004,1.0,0.0,0.0
CodeBERT-Devign-local,bigvul-37c88107679d36c419572732b4af6e18bb2f7dce-482,brace_line_shift,CWE-20,0.03457955192607004,1.0,0.0,0.0
CodeBERT-Devign-local,bigvul-37c88107679d36c419572732b4af6e18bb2f7dce-482,code_normalization_abstraction,CWE-20,0.03457955192607004,1.0,0.0,0.0
CodeBERT-Devign-local,bigvul-37c88107679d36c419572732b4af6e18bb2f7dce-482,comment_banner,CWE-20,0.028507792641846996,1.0,0.0,1.0
CodeBERT-Devign-local,bigvul-37c88107679d36c419572732b4af6e18bb2f7dce-482,control_flow_rewrite,CWE-20,0.03457955192607004,1.0,0.0,0.0
CodeBERT-Devign-local,bigvul-37c88107679d36c419572732b4af6e18bb2f7dce-482,dead_branch_after_opening_brace,CWE-20,0.03080732696535543,1.0,0.0,0.0
CodeBERT-Devign-local,bigvul-37c88107679d36c419572732b4af6e18bb2f7dce-482,identifier_renaming,CWE-20,0.03457955192607004,1.0,0.0,0.0
CodeBERT-Devign-local,bigvul-37c88107679d36c419572732b4af6e18bb2f7dce-482,original,CWE-20,0.03457955192607004,1.0,0.0,0.0
CodeBERT-Devign-local,bigvul-37c88107679d36c419572732b4af6e18bb2f7dce-482,safe_dead_code_carrier,CWE-20,0.029222076126052487,1.0,0.0,0.0
CodeBERT-Devign-local,bigvul-3984ef0b72831da8b3ece4745cac4f8575b19098-318,blank_line_expansion,CWE-320,-0.03694274884863502,0.0,0.0,0.0
CodeBERT-Devign-local,bigvul-3984ef0b72831da8b3ece4745cac4f8575b19098-318,brace_line_shift,CWE-320,-0.03694274884863502,0.0,0.0,0.0
CodeBERT-Devign-local,bigvul-3984ef0b72831da8b3ece4745cac4f8575b19098-318,code_normalization_abstraction,CWE-320,-0.07104605607958658,0.0,0.0,0.0
CodeBERT-Devign-local,bigvul-3984ef0b72831da8b3ece4745cac4f8575b19098-318,comment_banner,CWE-320,-0.048716592847478646,0.0,0.0,0.0
CodeBERT-Devign-local,bigvul-3984ef0b72831da8b3ece4745cac4f8575b19098-318,control_flow_rewrite,CWE-320,-0.03694274884863502,0.0,0.0,0.0
CodeBERT-Devign-local,bigvul-3984ef0b72831da8b3ece4745cac4f8575b19098-318,dead_branch_after_opening_brace,CWE-320,-0.03197438661789043,0.0,0.0,0.0
CodeBERT-Devign-local,bigvul-3984ef0b72831da8b3ece4745cac4f8575b19098-318,identifier_renaming,CWE-320,-0.03694274884863502,0.0,0.0,0.0
CodeBERT-Devign-local,bigvul-3984ef0b72831da8b3ece4745cac4f8575b19098-318,original,CWE-320,-0.03694274884863502,0.0,0.0,0.0
CodeBERT-Devign-local,bigvul-3984ef0b72831da8b3ece4745cac4f8575b19098-318,safe_dead_code_carrier,CWE-320,-0.03093691936394627,0.0,0.0,0.0
CodeBERT-Devign-local,bigvul-3b0d77670a0613f409110817455d2137576b485a-1263,blank_line_expansion,CWE-399,0.01819654980497365,1.0,0.0,0.0
CodeBERT-Devign-local,bigvul-3b0d77670a0613f409110817455d2137576b485a-1263,brace_line_shift,CWE-399,0.01819654980497365,1.0,0.0,0.0
CodeBERT-Devign-local,bigvul-3b0d77670a0613f409110817455d2137576b485a-1263,code_normalization_abstraction,CWE-399,0.10408785756968553,1.0,0.0,0.0
CodeBERT-Devign-local,bigvul-3b0d77670a0613f409110817455d2137576b485a-1263,comment_banner,CWE-399,-0.020343952089780237,0.0,0.0,0.0
CodeBERT-Devign-local,bigvul-3b0d77670a0613f409110817455d2137576b485a-1263,control_flow_rewrite,CWE-399,0.01819654980497365,1.0,0.0,0.0
CodeBERT-Devign-local,bigvul-3b0d77670a0613f409110817455d2137576b485a-1263,dead_branch_after_opening_brace,CWE-399,0.03513685663320809,1.0,0.0,0.0
CodeBERT-Devign-local,bigvul-3b0d77670a0613f409110817455d2137576b485a-1263,identifier_renaming,CWE-399,0.01819654980497365,1.0,0.0,0.0
CodeBERT-Devign-local,bigvul-3b0d77670a0613f409110817455d2137576b485a-1263,original,CWE-399,0.01819654980497365,1.0,0.0,0.0
CodeBERT-Devign-local,bigvul-3b0d77670a0613f409110817455d2137576b485a-1263,safe_dead_code_carrier,CWE-399,0.04105926281466088,1.0,0.0,0.0
CodeBERT-Devign-local,bigvul-3c8e4852477d5b1e2da877808c998dc57db9460f-2802,blank_line_expansion,CWE-20,0.0026286256330485536,1.0,0.0,0.0
CodeBERT-Devign-local,bigvul-3c8e4852477d5b1e2da877808c998dc57db9460f-2802,brace_line_shift,CWE-20,0.0026286256330485536,1.0,0.0,0.0
CodeBERT-Devign-local,bigvul-3c8e4852477d5b1e2da877808c998dc57db9460f-2802,code_normalization_abstraction,CWE-20,0.0026286256330485536,1.0,0.0,0.0
CodeBERT-Devign-local,bigvul-3c8e4852477d5b1e2da877808c998dc57db9460f-2802,comment_banner,CWE-20,0.0011628922087630889,1.0,0.0,0.0
CodeBERT-Devign-local,bigvul-3c8e4852477d5b1e2da877808c998dc57db9460f-2802,control_flow_rewrite,CWE-20,0.0026286256330485536,1.0,0.0,0.0
CodeBERT-Devign-local,bigvul-3c8e4852477d5b1e2da877808c998dc57db9460f-2802,dead_branch_after_opening_brace,CWE-20,0.0018670274880722149,1.0,0.0,0.0
CodeBERT-Devign-local,bigvul-3c8e4852477d5b1e2da877808c998dc57db9460f-2802,identifier_renaming,CWE-20,0.0026286256330485536,1.0,0.0,0.0
CodeBERT-Devign-local,bigvul-3c8e4852477d5b1e2da877808c998dc57db9460f-2802,original,CWE-20,0.0026286256330485536,1.0,0.0,0.0
CodeBERT-Devign-local,bigvul-3c8e4852477d5b1e2da877808c998dc57db9460f-2802,safe_dead_code_carrier,CWE-20,0.0014827263810771596,1.0,0.0,0.0
CodeBERT-Devign-local,bigvul-3e5dae3b38fdb566fb2b7183e810b82eb3ce6f21-1147,blank_line_expansion,unknown,0.032684600234615446,1.0,0.0,0.0
CodeBERT-Devign-local,bigvul-3e5dae3b38fdb566fb2b7183e810b82eb3ce6f21-1147,brace_line_shift,unknown,0.032684600234615446,1.0,0.0,0.0
CodeBERT-Devign-local,bigvul-3e5dae3b38fdb566fb2b7183e810b82eb3ce6f21-1147,code_normalization_abstraction,unknown,0.032684600234615446,1.0,0.0,0.0
CodeBERT-Devign-local,bigvul-3e5dae3b38fdb566fb2b7183e810b82eb3ce6f21-1147,comment_banner,unknown,-0.06989024155568019,0.0,0.0,0.0
CodeBERT-Devign-local,bigvul-3e5dae3b38fdb566fb2b7183e810b82eb3ce6f21-1147,control_flow_rewrite,unknown,0.032684600234615446,1.0,0.0,0.0
CodeBERT-Devign-local,bigvul-3e5dae3b38fdb566fb2b7183e810b82eb3ce6f21-1147,dead_branch_after_opening_brace,unknown,0.05963428262776738,1.0,0.0,0.0
CodeBERT-Devign-local,bigvul-3e5dae3b38fdb566fb2b7183e810b82eb3ce6f21-1147,identifier_renaming,unknown,0.032684600234615446,1.0,0.0,0.0
CodeBERT-Devign-local,bigvul-3e5dae3b38fdb566fb2b7183e810b82eb3ce6f21-1147,original,unknown,0.032684600234615446,1.0,0.0,0.0
CodeBERT-Devign-local,bigvul-3e5dae3b38fdb566fb2b7183e810b82eb3ce6f21-1147,safe_dead_code_carrier,unknown,0.04801210211745943,1.0,0.0,0.0
CodeBERT-Devign-local,bigvul-42073d54c53a496be40ae84152bbfe2c923ac7bc-2217,blank_line_expansion,CWE-125,-0.001980164553458952,0.0,0.0,0.0
CodeBERT-Devign-local,bigvul-42073d54c53a496be40ae84152bbfe2c923ac7bc-2217,brace_line_shift,CWE-125,-0.0010698886042131983,0.0,0.0,0.0
CodeBERT-Devign-local,bigvul-42073d54c53a496be40ae84152bbfe2c923ac7bc-2217,code_normalization_abstraction,CWE-125,-0.0023199249692547053,0.0,0.0,0.0
CodeBERT-Devign-local,bigvul-42073d54c53a496be40ae84152bbfe2c923ac7bc-2217,comment_banner,CWE-125,-0.00991431839142598,0.0,0.0,0.0
CodeBERT-Devign-local,bigvul-42073d54c53a496be40ae84152bbfe2c923ac7bc-2217,control_flow_rewrite,CWE-125,-0.0010698886042131983,0.0,0.0,0.0
CodeBERT-Devign-local,bigvul-42073d54c53a496be40ae84152bbfe2c923ac7bc-2217,dead_branch_after_opening_brace,CWE-125,-0.012749908900922202,0.0,0.0,0.0
CodeBERT-Devign-local,bigvul-42073d54c53a496be40ae84152bbfe2c923ac7bc-2217,identifier_renaming,CWE-125,-0.0013098693312681986,0.0,0.0,0.0
CodeBERT-Devign-local,bigvul-42073d54c53a496be40ae84152bbfe2c923ac7bc-2217,original,CWE-125,-0.0010698886042131983,0.0,0.0,0.0
CodeBERT-Devign-local,bigvul-42073d54c53a496be40ae84152bbfe2c923ac7bc-2217,safe_dead_code_carrier,CWE-125,-0.006355742934004094,0.0,0.0,0.0
CodeBERT-Devign-local,bigvul-45d901b56f578a74b19ba0d10fa5c4c467f19303-1338,blank_line_expansion,CWE-20,0.0,0.0,1.0,0.0
CodeBERT-Devign-local,bigvul-45d901b56f578a74b19ba0d10fa5c4c467f19303-1338,brace_line_shift,CWE-20,0.0,0.0,1.0,0.0
CodeBERT-Devign-local,bigvul-45d901b56f578a74b19ba0d10fa5c4c467f19303-1338,code_normalization_abstraction,CWE-20,0.0,0.0,1.0,0.0
CodeBERT-Devign-local,bigvul-45d901b56f578a74b19ba0d10fa5c4c467f19303-1338,comment_banner,CWE-20,0.0,0.0,1.0,0.0
CodeBERT-Devign-local,bigvul-45d901b56f578a74b19ba0d10fa5c4c467f19303-1338,control_flow_rewrite,CWE-20,0.0,0.0,1.0,0.0
CodeBERT-Devign-local,bigvul-45d901b56f578a74b19ba0d10fa5c4c467f19303-1338,dead_branch_after_opening_brace,CWE-20,0.0,0.0,1.0,0.0
CodeBERT-Devign-local,bigvul-45d901b56f578a74b19ba0d10fa5c4c467f19303-1338,identifier_renaming,CWE-20,0.0,0.0,1.0,0.0
CodeBERT-Devign-local,bigvul-45d901b56f578a74b19ba0d10fa5c4c467f19303-1338,original,CWE-20,0.0,0.0,1.0,0.0
CodeBERT-Devign-local,bigvul-45d901b56f578a74b19ba0d10fa5c4c467f19303-1338,safe_dead_code_carrier,CWE-20,0.0,0.0,1.0,0.0
CodeBERT-Devign-local,bigvul-472271b153c5dc53c28beac55480a8d8434b2d5c-1650,blank_line_expansion,CWE-284,-0.0020473355456477327,0.0,0.0,0.0
CodeBERT-Devign-local,bigvul-472271b153c5dc53c28beac55480a8d8434b2d5c-1650,brace_line_shift,CWE-284,-0.0020473355456477327,0.0,0.0,0.0
CodeBERT-Devign-local,bigvul-472271b153c5dc53c28beac55480a8d8434b2d5c-1650,code_normalization_abstraction,CWE-284,-0.0020473355456477327,0.0,0.0,0.0
CodeBERT-Devign-local,bigvul-472271b153c5dc53c28beac55480a8d8434b2d5c-1650,comment_banner,CWE-284,-0.002024933687321484,0.0,0.0,0.0
CodeBERT-Devign-local,bigvul-472271b153c5dc53c28beac55480a8d8434b2d5c-1650,control_flow_rewrite,CWE-284,-0.0020473355456477327,0.0,0.0,0.0
CodeBERT-Devign-local,bigvul-472271b153c5dc53c28beac55480a8d8434b2d5c-1650,dead_branch_after_opening_brace,CWE-284,-0.0020600921601887645,0.0,0.0,0.0
CodeBERT-Devign-local,bigvul-472271b153c5dc53c28beac55480a8d8434b2d5c-1650,identifier_renaming,CWE-284,-0.0021234835586398937,0.0,0.0,0.0
CodeBERT-Devign-local,bigvul-472271b153c5dc53c28beac55480a8d8434b2d5c-1650,original,CWE-284,-0.0020473355456477327,0.0,0.0,0.0
CodeBERT-Devign-local,bigvul-472271b153c5dc53c28beac55480a8d8434b2d5c-1650,safe_dead_code_carrier,CWE-284,-0.0020647091192849687,0.0,0.0,0.0
CodeBERT-Devign-local,bigvul-497de07d89c1410d76a15bec2bb41f24a2a89f31-1071,blank_line_expansion,unknown,0.04866878202540076,1.0,0.0,0.0
CodeBERT-Devign-local,bigvul-497de07d89c1410d76a15bec2bb41f24a2a89f31-1071,brace_line_shift,unknown,0.04866878202540076,1.0,0.0,0.0
CodeBERT-Devign-local,bigvul-497de07d89c1410d76a15bec2bb41f24a2a89f31-1071,code_normalization_abstraction,unknown,0.08106852890712474,1.0,0.0,0.0
CodeBERT-Devign-local,bigvul-497de07d89c1410d76a15bec2bb41f24a2a89f31-1071,comment_banner,unknown,0.04719124121560958,1.0,0.0,0.0
CodeBERT-Devign-local,bigvul-497de07d89c1410d76a15bec2bb41f24a2a89f31-1071,control_flow_rewrite,unknown,0.04866878202540076,1.0,0.0,0.0
CodeBERT-Devign-local,bigvul-497de07d89c1410d76a15bec2bb41f24a2a89f31-1071,dead_branch_after_opening_brace,unknown,0.047793495251984286,1.0,0.0,0.0
CodeBERT-Devign-local,bigvul-497de07d89c1410d76a15bec2bb41f24a2a89f31-1071,identifier_renaming,unknown,0.04125378583523398,1.0,0.0,0.0
CodeBERT-Devign-local,bigvul-497de07d89c1410d76a15bec2bb41f24a2a89f31-1071,original,unknown,0.04866878202540076,1.0,0.0,0.0
CodeBERT-Devign-local,bigvul-497de07d89c1410d76a15bec2bb41f24a2a89f31-1071,safe_dead_code_carrier,unknown,0.04715461213511235,1.0,0.0,0.0
CodeBERT-Devign-local,bigvul-49d31c2f389acfe83417083e1208422b4091cd9e-883,blank_line_expansion,CWE-362,0.009879007435588893,1.0,0.0,0.0
CodeBERT-Devign-local,bigvul-49d31c2f389acfe83417083e1208422b4091cd9e-883,brace_line_shift,CWE-362,0.009879007435588893,1.0,0.0,0.0
CodeBERT-Devign-local,bigvul-49d31c2f389acfe83417083e1208422b4091cd9e-883,code_normalization_abstraction,CWE-362,0.00969023992959106,1.0,0.0,0.0
CodeBERT-Devign-local,bigvul-49d31c2f389acfe83417083e1208422b4091cd9e-883,comment_banner,CWE-362,0.009796280616903963,1.0,0.0,0.0
CodeBERT-Devign-local,bigvul-49d31c2f389acfe83417083e1208422b4091cd9e-883,control_flow_rewrite,CWE-362,0.009879007435588893,1.0,0.0,0.0
CodeBERT-Devign-local,bigvul-49d31c2f389acfe83417083e1208422b4091cd9e-883,dead_branch_after_opening_brace,CWE-362,0.009659488736785127,1.0,0.0,0.0
CodeBERT-Devign-local,bigvul-49d31c2f389acfe83417083e1208422b4091cd9e-883,identifier_renaming,CWE-362,0.009937782875671264,1.0,0.0,0.0
CodeBERT-Devign-local,bigvul-49d31c2f389acfe83417083e1208422b4091cd9e-883,original,CWE-362,0.009879007435588893,1.0,0.0,0.0
CodeBERT-Devign-local,bigvul-49d31c2f389acfe83417083e1208422b4091cd9e-883,safe_dead_code_carrier,CWE-362,0.009562454407020748,1.0,0.0,0.0
CodeBERT-Devign-local,bigvul-51dfe5e3b332bcea02fb4d4c7493ae841106dd9b-1694,blank_line_expansion,unknown,-0.003461381615477599,0.0,0.0,0.0
CodeBERT-Devign-local,bigvul-51dfe5e3b332bcea02fb4d4c7493ae841106dd9b-1694,brace_line_shift,unknown,-0.003461381615477599,0.0,0.0,0.0
CodeBERT-Devign-local,bigvul-51dfe5e3b332bcea02fb4d4c7493ae841106dd9b-1694,code_normalization_abstraction,unknown,-0.003461381615477599,0.0,0.0,0.0
CodeBERT-Devign-local,bigvul-51dfe5e3b332bcea02fb4d4c7493ae841106dd9b-1694,comment_banner,unknown,-0.03556983197082636,0.0,0.0,0.0
CodeBERT-Devign-local,bigvul-51dfe5e3b332bcea02fb4d4c7493ae841106dd9b-1694,control_flow_rewrite,unknown,-0.003461381615477599,0.0,0.0,0.0
CodeBERT-Devign-local,bigvul-51dfe5e3b332bcea02fb4d4c7493ae841106dd9b-1694,dead_branch_after_opening_brace,unknown,0.02911229114932301,1.0,0.0,0.0
CodeBERT-Devign-local,bigvul-51dfe5e3b332bcea02fb4d4c7493ae841106dd9b-1694,identifier_renaming,unknown,-0.003461381615477599,0.0,0.0,0.0
CodeBERT-Devign-local,bigvul-51dfe5e3b332bcea02fb4d4c7493ae841106dd9b-1694,original,unknown,-0.003461381615477599,0.0,0.0,0.0
CodeBERT-Devign-local,bigvul-51dfe5e3b332bcea02fb4d4c7493ae841106dd9b-1694,safe_dead_code_carrier,unknown,0.04382229811989807,1.0,0.0,0.0
CodeBERT-Devign-local,bigvul-53262b5285efbbfdbbcc17fbf5200890f1ee295c-1417,blank_line_expansion,CWE-94,0.0002530131028010141,1.0,0.0,0.0
CodeBERT-Devign-local,bigvul-53262b5285efbbfdbbcc17fbf5200890f1ee295c-1417,brace_line_shift,CWE-94,0.0002530131028010141,1.0,0.0,0.0
CodeBERT-Devign-local,bigvul-53262b5285efbbfdbbcc17fbf5200890f1ee295c-1417,code_normalization_abstraction,CWE-94,0.0002530131028010141,1.0,0.0,0.0
CodeBERT-Devign-local,bigvul-53262b5285efbbfdbbcc17fbf5200890f1ee295c-1417,comment_banner,CWE-94,0.012218238695771544,1.0,0.0,0.0
CodeBERT-Devign-local,bigvul-53262b5285efbbfdbbcc17fbf5200890f1ee295c-1417,control_flow_rewrite,CWE-94,0.0002530131028010141,1.0,0.0,0.0
CodeBERT-Devign-local,bigvul-53262b5285efbbfdbbcc17fbf5200890f1ee295c-1417,dead_branch_after_opening_brace,CWE-94,0.010258769120606748,1.0,0.0,0.0
CodeBERT-Devign-local,bigvul-53262b5285efbbfdbbcc17fbf5200890f1ee295c-1417,identifier_renaming,CWE-94,0.0002530131028010141,1.0,0.0,0.0
CodeBERT-Devign-local,bigvul-53262b5285efbbfdbbcc17fbf5200890f1ee295c-1417,original,CWE-94,0.0002530131028010141,1.0,0.0,0.0
CodeBERT-Devign-local,bigvul-53262b5285efbbfdbbcc17fbf5200890f1ee295c-1417,safe_dead_code_carrier,CWE-94,0.010270446310018944,1.0,0.0,0.0
CodeBERT-Devign-local,bigvul-5443b57cc54f2e46b35246637be26a69e9f493e1-85,blank_line_expansion,unknown,-0.05256334776623195,0.0,0.0,0.0
CodeBERT-Devign-local,bigvul-5443b57cc54f2e46b35246637be26a69e9f493e1-85,brace_line_shift,unknown,-0.05256334776623195,0.0,0.0,0.0
CodeBERT-Devign-local,bigvul-5443b57cc54f2e46b35246637be26a69e9f493e1-85,code_normalization_abstraction,unknown,-0.05256334776623195,0.0,0.0,0.0
CodeBERT-Devign-local,bigvul-5443b57cc54f2e46b35246637be26a69e9f493e1-85,comment_banner,unknown,-0.033659313630515886,0.0,0.0,0.0
CodeBERT-Devign-local,bigvul-5443b57cc54f2e46b35246637be26a69e9f493e1-85,control_flow_rewrite,unknown,-0.05256334776623195,0.0,0.0,0.0
CodeBERT-Devign-local,bigvul-5443b57cc54f2e46b35246637be26a69e9f493e1-85,dead_branch_after_opening_brace,unknown,-0.04933971248057706,0.0,0.0,0.0
CodeBERT-Devign-local,bigvul-5443b57cc54f2e46b35246637be26a69e9f493e1-85,identifier_renaming,unknown,-0.05256334776623195,0.0,0.0,0.0
CodeBERT-Devign-local,bigvul-5443b57cc54f2e46b35246637be26a69e9f493e1-85,original,unknown,-0.05256334776623195,0.0,0.0,0.0
CodeBERT-Devign-local,bigvul-5443b57cc54f2e46b35246637be26a69e9f493e1-85,safe_dead_code_carrier,unknown,-0.04655075972774886,0.0,0.0,0.0
CodeBERT-Devign-local,bigvul-54d83fc74aa9ec72794373cb47432c5f7fb1a309-131,blank_line_expansion,CWE-119,0.03542359404458828,1.0,0.0,0.0
CodeBERT-Devign-local,bigvul-54d83fc74aa9ec72794373cb47432c5f7fb1a309-131,brace_line_shift,CWE-119,0.03542359404458828,1.0,0.0,0.0
CodeBERT-Devign-local,bigvul-54d83fc74aa9ec72794373cb47432c5f7fb1a309-131,code_normalization_abstraction,CWE-119,0.03542359404458828,1.0,0.0,0.0
CodeBERT-Devign-local,bigvul-54d83fc74aa9ec72794373cb47432c5f7fb1a309-131,comment_banner,CWE-119,0.021353533638779565,1.0,0.0,0.0
CodeBERT-Devign-local,bigvul-54d83fc74aa9ec72794373cb47432c5f7fb1a309-131,control_flow_rewrite,CWE-119,0.03542359404458828,1.0,0.0,0.0
CodeBERT-Devign-local,bigvul-54d83fc74aa9ec72794373cb47432c5f7fb1a309-131,dead_branch_after_opening_brace,CWE-119,0.04601439865339957,1.0,0.0,0.0
CodeBERT-Devign-local,bigvul-54d83fc74aa9ec72794373cb47432c5f7fb1a309-131,identifier_renaming,CWE-119,0.03542359404458828,1.0,0.0,0.0
CodeBERT-Devign-local,bigvul-54d83fc74aa9ec72794373cb47432c5f7fb1a309-131,original,CWE-119,0.03542359404458828,1.0,0.0,0.0
CodeBERT-Devign-local,bigvul-54d83fc74aa9ec72794373cb47432c5f7fb1a309-131,safe_dead_code_carrier,CWE-119,0.044698344548675495,1.0,0.0,0.0
CodeBERT-Devign-local,bigvul-550fd08c2cebad61c548def135f67aba284c6162-1549,blank_line_expansion,CWE-264,-0.02805372744178214,0.0,0.0,0.0
CodeBERT-Devign-local,bigvul-550fd08c2cebad61c548def135f67aba284c6162-1549,brace_line_shift,CWE-264,-0.02805372744178214,0.0,0.0,0.0
CodeBERT-Devign-local,bigvul-550fd08c2cebad61c548def135f67aba284c6162-1549,code_normalization_abstraction,CWE-264,-0.02805372744178214,0.0,0.0,0.0
CodeBERT-Devign-local,bigvul-550fd08c2cebad61c548def135f67aba284c6162-1549,comment_banner,CWE-264,-0.045438767369038846,0.0,0.0,0.0
CodeBERT-Devign-local,bigvul-550fd08c2cebad61c548def135f67aba284c6162-1549,control_flow_rewrite,CWE-264,-0.02805372744178214,0.0,0.0,0.0
CodeBERT-Devign-local,bigvul-550fd08c2cebad61c548def135f67aba284c6162-1549,dead_branch_after_opening_brace,CWE-264,-0.02612980812460819,0.0,0.0,0.0
CodeBERT-Devign-local,bigvul-550fd08c2cebad61c548def135f67aba284c6162-1549,identifier_renaming,CWE-264,-0.02805372744178214,0.0,0.0,0.0
CodeBERT-Devign-local,bigvul-550fd08c2cebad61c548def135f67aba284c6162-1549,original,CWE-264,-0.02805372744178214,0.0,0.0,0.0
CodeBERT-Devign-local,bigvul-550fd08c2cebad61c548def135f67aba284c6162-1549,safe_dead_code_carrier,CWE-264,-0.026780839409862423,0.0,0.0,0.0
CodeBERT-Devign-local,bigvul-592fd47a6245508b79fe6ac819fe6d3b2c1289be-1885,blank_line_expansion,CWE-59,-0.0026574994172736677,0.0,0.0,0.0
CodeBERT-Devign-local,bigvul-592fd47a6245508b79fe6ac819fe6d3b2c1289be-1885,brace_line_shift,CWE-59,-0.0026574994172736677,0.0,0.0,0.0
CodeBERT-Devign-local,bigvul-592fd47a6245508b79fe6ac819fe6d3b2c1289be-1885,code_normalization_abstraction,CWE-59,-0.002350795115646065,0.0,0.0,0.0
CodeBERT-Devign-local,bigvul-592fd47a6245508b79fe6ac819fe6d3b2c1289be-1885,comment_banner,CWE-59,-0.002911753090724001,0.0,0.0,0.0
CodeBERT-Devign-local,bigvul-592fd47a6245508b79fe6ac819fe6d3b2c1289be-1885,control_flow_rewrite,CWE-59,-0.0026574994172736677,0.0,0.0,0.0
CodeBERT-Devign-local,bigvul-592fd47a6245508b79fe6ac819fe6d3b2c1289be-1885,dead_branch_after_opening_brace,CWE-59,-0.002654711690832201,0.0,0.0,0.0
CodeBERT-Devign-local,bigvul-592fd47a6245508b79fe6ac819fe6d3b2c1289be-1885,identifier_renaming,CWE-59,-0.002230996872807367,0.0,0.0,0.0
CodeBERT-Devign-local,bigvul-592fd47a6245508b79fe6ac819fe6d3b2c1289be-1885,original,CWE-59,-0.0026574994172736677,0.0,0.0,0.0
CodeBERT-Devign-local,bigvul-592fd47a6245508b79fe6ac819fe6d3b2c1289be-1885,safe_dead_code_carrier,CWE-59,-0.0026252527392415237,0.0,0.0,0.0
CodeBERT-Devign-local,bigvul-5a15b72a270b514cd442872221a788a303bdaa88-1521,blank_line_expansion,unknown,0.13301358681561537,1.0,0.0,0.0
CodeBERT-Devign-local,bigvul-5a15b72a270b514cd442872221a788a303bdaa88-1521,brace_line_shift,unknown,0.13301358681561537,1.0,0.0,0.0
CodeBERT-Devign-local,bigvul-5a15b72a270b514cd442872221a788a303bdaa88-1521,code_normalization_abstraction,unknown,0.13301358681561537,1.0,0.0,0.0
CodeBERT-Devign-local,bigvul-5a15b72a270b514cd442872221a788a303bdaa88-1521,comment_banner,unknown,0.1311086217550101,1.0,0.0,0.0
CodeBERT-Devign-local,bigvul-5a15b72a270b514cd442872221a788a303bdaa88-1521,control_flow_rewrite,unknown,0.13301358681561537,1.0,0.0,0.0
CodeBERT-Devign-local,bigvul-5a15b72a270b514cd442872221a788a303bdaa88-1521,dead_branch_after_opening_brace,unknown,0.12890081206814696,1.0,0.0,0.0
CodeBERT-Devign-local,bigvul-5a15b72a270b514cd442872221a788a303bdaa88-1521,identifier_renaming,unknown,0.13301358681561537,1.0,0.0,0.0
CodeBERT-Devign-local,bigvul-5a15b72a270b514cd442872221a788a303bdaa88-1521,original,unknown,0.13301358681561537,1.0,0.0,0.0
CodeBERT-Devign-local,bigvul-5a15b72a270b514cd442872221a788a303bdaa88-1521,safe_dead_code_carrier,unknown,0.12292312158840257,1.0,0.0,0.0
CodeBERT-Devign-local,bigvul-5a9753fca56f0eeb9f61e342b2fccffc364f9426-2519,blank_line_expansion,CWE-119,0.07951982095082455,1.0,0.0,0.0
CodeBERT-Devign-local,bigvul-5a9753fca56f0eeb9f61e342b2fccffc364f9426-2519,brace_line_shift,CWE-119,0.07951982095082455,1.0,0.0,0.0
CodeBERT-Devign-local,bigvul-5a9753fca56f0eeb9f61e342b2fccffc364f9426-2519,code_normalization_abstraction,CWE-119,0.07951982095082455,1.0,0.0,0.0
CodeBERT-Devign-local,bigvul-5a9753fca56f0eeb9f61e342b2fccffc364f9426-2519,comment_banner,CWE-119,-0.008365426766478445,0.0,0.0,0.0
CodeBERT-Devign-local,bigvul-5a9753fca56f0eeb9f61e342b2fccffc364f9426-2519,control_flow_rewrite,CWE-119,0.07951982095082455,1.0,0.0,0.0
CodeBERT-Devign-local,bigvul-5a9753fca56f0eeb9f61e342b2fccffc364f9426-2519,dead_branch_after_opening_brace,CWE-119,0.05045692195164697,1.0,0.0,0.0
CodeBERT-Devign-local,bigvul-5a9753fca56f0eeb9f61e342b2fccffc364f9426-2519,identifier_renaming,CWE-119,0.07951982095082455,1.0,0.0,0.0
CodeBERT-Devign-local,bigvul-5a9753fca56f0eeb9f61e342b2fccffc364f9426-2519,original,CWE-119,0.07951982095082455,1.0,0.0,0.0
CodeBERT-Devign-local,bigvul-5a9753fca56f0eeb9f61e342b2fccffc364f9426-2519,safe_dead_code_carrier,CWE-119,0.035952219316305434,1.0,0.0,0.0
CodeBERT-Devign-local,bigvul-5a9753fca56f0eeb9f61e342b2fccffc364f9426-2783,blank_line_expansion,CWE-119,-0.0212167385915365,0.0,0.0,0.0
CodeBERT-Devign-local,bigvul-5a9753fca56f0eeb9f61e342b2fccffc364f9426-2783,brace_line_shift,CWE-119,-0.0212167385915365,0.0,0.0,0.0
CodeBERT-Devign-local,bigvul-5a9753fca56f0eeb9f61e342b2fccffc364f9426-2783,code_normalization_abstraction,CWE-119,-0.0212167385915365,0.0,0.0,0.0
CodeBERT-Devign-local,bigvul-5a9753fca56f0eeb9f61e342b2fccffc364f9426-2783,comment_banner,CWE-119,-0.026705702950274968,0.0,0.0,0.0
CodeBERT-Devign-local,bigvul-5a9753fca56f0eeb9f61e342b2fccffc364f9426-2783,control_flow_rewrite,CWE-119,-0.0212167385915365,0.0,0.0,0.0
CodeBERT-Devign-local,bigvul-5a9753fca56f0eeb9f61e342b2fccffc364f9426-2783,dead_branch_after_opening_brace,CWE-119,-0.019685127799935254,0.0,0.0,0.0
CodeBERT-Devign-local,bigvul-5a9753fca56f0eeb9f61e342b2fccffc364f9426-2783,identifier_renaming,CWE-119,-0.015431549193169136,0.0,0.0,0.0
CodeBERT-Devign-local,bigvul-5a9753fca56f0eeb9f61e342b2fccffc364f9426-2783,original,CWE-119,-0.0212167385915365,0.0,0.0,0.0
CodeBERT-Devign-local,bigvul-5a9753fca56f0eeb9f61e342b2fccffc364f9426-2783,safe_dead_code_carrier,CWE-119,-0.019185139009299412,0.0,0.0,0.0
CodeBERT-Devign-local,bigvul-5a9753fca56f0eeb9f61e342b2fccffc364f9426-83,blank_line_expansion,CWE-119,-0.010836431707755723,0.0,0.0,0.0
CodeBERT-Devign-local,bigvul-5a9753fca56f0eeb9f61e342b2fccffc364f9426-83,brace_line_shift,CWE-119,-0.010836431707755723,0.0,0.0,0.0
CodeBERT-Devign-local,bigvul-5a9753fca56f0eeb9f61e342b2fccffc364f9426-83,code_normalization_abstraction,CWE-119,-0.003627157375306833,0.0,0.0,0.0
CodeBERT-Devign-local,bigvul-5a9753fca56f0eeb9f61e342b2fccffc364f9426-83,comment_banner,CWE-119,-0.04155099811075069,0.0,0.0,0.0
CodeBERT-Devign-local,bigvul-5a9753fca56f0eeb9f61e342b2fccffc364f9426-83,control_flow_rewrite,CWE-119,-0.010836431707755723,0.0,0.0,0.0
CodeBERT-Devign-local,bigvul-5a9753fca56f0eeb9f61e342b2fccffc364f9426-83,dead_branch_after_opening_brace,CWE-119,-0.025622868622406925,0.0,0.0,0.0
CodeBERT-Devign-local,bigvul-5a9753fca56f0eeb9f61e342b2fccffc364f9426-83,identifier_renaming,CWE-119,-0.010836431707755723,0.0,0.0,0.0
CodeBERT-Devign-local,bigvul-5a9753fca56f0eeb9f61e342b2fccffc364f9426-83,original,CWE-119,-0.010836431707755723,0.0,0.0,0.0
CodeBERT-Devign-local,bigvul-5a9753fca56f0eeb9f61e342b2fccffc364f9426-83,safe_dead_code_carrier,CWE-119,-0.028017172460702122,0.0,0.0,0.0
CodeBERT-Devign-local,bigvul-5b998565255a504887c6d2e90d11001a00c9d6da-1633,blank_line_expansion,CWE-399,-0.1594673004466125,0.0,0.0,0.0
CodeBERT-Devign-local,bigvul-5b998565255a504887c6d2e90d11001a00c9d6da-1633,brace_line_shift,CWE-399,-0.1594673004466125,0.0,0.0,0.0
CodeBERT-Devign-local,bigvul-5b998565255a504887c6d2e90d11001a00c9d6da-1633,code_normalization_abstraction,CWE-399,-0.1594673004466125,0.0,0.0,0.0
CodeBERT-Devign-local,bigvul-5b998565255a504887c6d2e90d11001a00c9d6da-1633,comment_banner,CWE-399,-0.2736562909858686,0.0,0.0,0.0
CodeBERT-Devign-local,bigvul-5b998565255a504887c6d2e90d11001a00c9d6da-1633,control_flow_rewrite,CWE-399,-0.1594673004466125,0.0,0.0,0.0
CodeBERT-Devign-local,bigvul-5b998565255a504887c6d2e90d11001a00c9d6da-1633,dead_branch_after_opening_brace,CWE-399,-0.22487998642373463,0.0,0.0,0.0
CodeBERT-Devign-local,bigvul-5b998565255a504887c6d2e90d11001a00c9d6da-1633,identifier_renaming,CWE-399,-0.1594673004466125,0.0,0.0,0.0
CodeBERT-Devign-local,bigvul-5b998565255a504887c6d2e90d11001a00c9d6da-1633,original,CWE-399,-0.1594673004466125,0.0,0.0,0.0
CodeBERT-Devign-local,bigvul-5b998565255a504887c6d2e90d11001a00c9d6da-1633,safe_dead_code_carrier,CWE-399,-0.21861139576678923,0.0,0.0,0.0
CodeBERT-Devign-local,bigvul-5bb223676defeba9c44a5ce42460c86e24561e73-393,blank_line_expansion,CWE-362,-0.06516971191678855,0.0,0.0,0.0
CodeBERT-Devign-local,bigvul-5bb223676defeba9c44a5ce42460c86e24561e73-393,brace_line_shift,CWE-362,-0.06516971191678855,0.0,0.0,0.0
CodeBERT-Devign-local,bigvul-5bb223676defeba9c44a5ce42460c86e24561e73-393,code_normalization_abstraction,CWE-362,-0.06516971191678855,0.0,0.0,0.0
CodeBERT-Devign-local,bigvul-5bb223676defeba9c44a5ce42460c86e24561e73-393,comment_banner,CWE-362,-0.11777532532266793,0.0,0.0,0.0
CodeBERT-Devign-local,bigvul-5bb223676defeba9c44a5ce42460c86e24561e73-393,control_flow_rewrite,CWE-362,-0.06516971191678855,0.0,0.0,0.0
CodeBERT-Devign-local,bigvul-5bb223676defeba9c44a5ce42460c86e24561e73-393,dead_branch_after_opening_brace,CWE-362,-0.035008985426837225,0.0,0.0,0.0
CodeBERT-Devign-local,bigvul-5bb223676defeba9c44a5ce42460c86e24561e73-393,identifier_renaming,CWE-362,-0.06516971191678855,0.0,0.0,0.0
CodeBERT-Devign-local,bigvul-5bb223676defeba9c44a5ce42460c86e24561e73-393,original,CWE-362,-0.06516971191678855,0.0,0.0,0.0
CodeBERT-Devign-local,bigvul-5bb223676defeba9c44a5ce42460c86e24561e73-393,safe_dead_code_carrier,CWE-362,-0.01238684315847527,0.0,0.0,0.0
CodeBERT-Devign-local,bigvul-5d340a5ca6e420a70297cdbdf777333f18bfdab7-918,blank_line_expansion,CWE-125,0.01893438392914365,1.0,0.0,0.0
CodeBERT-Devign-local,bigvul-5d340a5ca6e420a70297cdbdf777333f18bfdab7-918,brace_line_shift,CWE-125,0.01893438392914365,1.0,0.0,0.0
CodeBERT-Devign-local,bigvul-5d340a5ca6e420a70297cdbdf777333f18bfdab7-918,code_normalization_abstraction,CWE-125,0.018074899751130524,1.0,0.0,0.0
CodeBERT-Devign-local,bigvul-5d340a5ca6e420a70297cdbdf777333f18bfdab7-918,comment_banner,CWE-125,0.006550873264012047,1.0,0.0,0.0
CodeBERT-Devign-local,bigvul-5d340a5ca6e420a70297cdbdf777333f18bfdab7-918,control_flow_rewrite,CWE-125,0.01893438392914365,1.0,0.0,0.0
CodeBERT-Devign-local,bigvul-5d340a5ca6e420a70297cdbdf777333f18bfdab7-918,dead_branch_after_opening_brace,CWE-125,0.025515995089691434,1.0,0.0,0.0
CodeBERT-Devign-local,bigvul-5d340a5ca6e420a70297cdbdf777333f18bfdab7-918,identifier_renaming,CWE-125,0.01893438392914365,1.0,0.0,0.0
CodeBERT-Devign-local,bigvul-5d340a5ca6e420a70297cdbdf777333f18bfdab7-918,original,CWE-125,0.01893438392914365,1.0,0.0,0.0
CodeBERT-Devign-local,bigvul-5d340a5ca6e420a70297cdbdf777333f18bfdab7-918,safe_dead_code_carrier,CWE-125,0.02799940743328644,1.0,0.0,0.0
CodeBERT-Devign-local,bigvul-648cbc15a6830523b3a4eb78d674f059bd2a7ce9-348,blank_line_expansion,unknown,0.0,0.0,1.0,0.0
CodeBERT-Devign-local,bigvul-648cbc15a6830523b3a4eb78d674f059bd2a7ce9-348,brace_line_shift,unknown,0.0,0.0,1.0,0.0
CodeBERT-Devign-local,bigvul-648cbc15a6830523b3a4eb78d674f059bd2a7ce9-348,code_normalization_abstraction,unknown,0.0,0.0,1.0,0.0
CodeBERT-Devign-local,bigvul-648cbc15a6830523b3a4eb78d674f059bd2a7ce9-348,comment_banner,unknown,0.0,0.0,1.0,0.0
CodeBERT-Devign-local,bigvul-648cbc15a6830523b3a4eb78d674f059bd2a7ce9-348,control_flow_rewrite,unknown,0.0,0.0,1.0,0.0
CodeBERT-Devign-local,bigvul-648cbc15a6830523b3a4eb78d674f059bd2a7ce9-348,dead_branch_after_opening_brace,unknown,0.0,0.0,1.0,0.0
CodeBERT-Devign-local,bigvul-648cbc15a6830523b3a4eb78d674f059bd2a7ce9-348,identifier_renaming,unknown,0.0,0.0,1.0,0.0
CodeBERT-Devign-local,bigvul-648cbc15a6830523b3a4eb78d674f059bd2a7ce9-348,original,unknown,0.0,0.0,1.0,0.0
CodeBERT-Devign-local,bigvul-648cbc15a6830523b3a4eb78d674f059bd2a7ce9-348,safe_dead_code_carrier,unknown,0.0,0.0,1.0,0.0
CodeBERT-Devign-local,bigvul-6a60f01228557982e6508c5919cc21fcfddf110b-2477,blank_line_expansion,CWE-264,-0.03366577759932421,0.0,0.0,0.0
CodeBERT-Devign-local,bigvul-6a60f01228557982e6508c5919cc21fcfddf110b-2477,brace_line_shift,CWE-264,-0.03366577759932421,0.0,0.0,0.0
CodeBERT-Devign-local,bigvul-6a60f01228557982e6508c5919cc21fcfddf110b-2477,code_normalization_abstraction,CWE-264,-0.03366577759932421,0.0,0.0,0.0
CodeBERT-Devign-local,bigvul-6a60f01228557982e6508c5919cc21fcfddf110b-2477,comment_banner,CWE-264,-0.034532880108939734,0.0,0.0,0.0
CodeBERT-Devign-local,bigvul-6a60f01228557982e6508c5919cc21fcfddf110b-2477,control_flow_rewrite,CWE-264,-0.03366577759932421,0.0,0.0,0.0
CodeBERT-Devign-local,bigvul-6a60f01228557982e6508c5919cc21fcfddf110b-2477,dead_branch_after_opening_brace,CWE-264,-0.03271095630009502,0.0,0.0,0.0
CodeBERT-Devign-local,bigvul-6a60f01228557982e6508c5919cc21fcfddf110b-2477,identifier_renaming,CWE-264,-0.03366577759932421,0.0,0.0,0.0
CodeBERT-Devign-local,bigvul-6a60f01228557982e6508c5919cc21fcfddf110b-2477,original,CWE-264,-0.03366577759932421,0.0,0.0,0.0
CodeBERT-Devign-local,bigvul-6a60f01228557982e6508c5919cc21fcfddf110b-2477,safe_dead_code_carrier,CWE-264,-0.03231427718004676,0.0,0.0,0.0
CodeBERT-Devign-local,bigvul-6a7063ae61cf031630b48bdcdb09863ffc199962-913,blank_line_expansion,CWE-416,-0.005153957073431248,0.0,0.0,0.0
CodeBERT-Devign-local,bigvul-6a7063ae61cf031630b48bdcdb09863ffc199962-913,brace_line_shift,CWE-416,-0.005153957073431248,0.0,0.0,0.0
CodeBERT-Devign-local,bigvul-6a7063ae61cf031630b48bdcdb09863ffc199962-913,code_normalization_abstraction,CWE-416,-0.005153957073431248,0.0,0.0,0.0
CodeBERT-Devign-local,bigvul-6a7063ae61cf031630b48bdcdb09863ffc199962-913,comment_banner,CWE-416,-0.022610517372992467,0.0,0.0,0.0
CodeBERT-Devign-local,bigvul-6a7063ae61cf031630b48bdcdb09863ffc199962-913,control_flow_rewrite,CWE-416,-0.005153957073431248,0.0,0.0,0.0
CodeBERT-Devign-local,bigvul-6a7063ae61cf031630b48bdcdb09863ffc199962-913,dead_branch_after_opening_brace,CWE-416,-0.016905116751085747,0.0,0.0,0.0
CodeBERT-Devign-local,bigvul-6a7063ae61cf031630b48bdcdb09863ffc199962-913,identifier_renaming,CWE-416,-0.005153957073431248,0.0,0.0,0.0
CodeBERT-Devign-local,bigvul-6a7063ae61cf031630b48bdcdb09863ffc199962-913,original,CWE-416,-0.005153957073431248,0.0,0.0,0.0
CodeBERT-Devign-local,bigvul-6a7063ae61cf031630b48bdcdb09863ffc199962-913,safe_dead_code_carrier,CWE-416,-0.017621825578842287,0.0,0.0,0.0
CodeBERT-Devign-local,bigvul-6b6bff054d569a77973f2140c0e86366e6168a6c-2681,blank_line_expansion,CWE-20,-0.0008125111938841467,0.0,0.0,0.0
CodeBERT-Devign-local,bigvul-6b6bff054d569a77973f2140c0e86366e6168a6c-2681,brace_line_shift,CWE-20,-0.0008125111938841467,0.0,0.0,0.0
CodeBERT-Devign-local,bigvul-6b6bff054d569a77973f2140c0e86366e6168a6c-2681,code_normalization_abstraction,CWE-20,-0.0008125111938841467,0.0,0.0,0.0
CodeBERT-Devign-local,bigvul-6b6bff054d569a77973f2140c0e86366e6168a6c-2681,comment_banner,CWE-20,-0.00014328969869337183,0.0,0.0,0.0
CodeBERT-Devign-local,bigvul-6b6bff054d569a77973f2140c0e86366e6168a6c-2681,control_flow_rewrite,CWE-20,-0.0008125111938841467,0.0,0.0,0.0
CodeBERT-Devign-local,bigvul-6b6bff054d569a77973f2140c0e86366e6168a6c-2681,dead_branch_after_opening_brace,CWE-20,-0.0009685805296593131,0.0,0.0,0.0
CodeBERT-Devign-local,bigvul-6b6bff054d569a77973f2140c0e86366e6168a6c-2681,identifier_renaming,CWE-20,-0.0001984999668624976,0.0,0.0,0.0
CodeBERT-Devign-local,bigvul-6b6bff054d569a77973f2140c0e86366e6168a6c-2681,original,CWE-20,-0.0008125111938841467,0.0,0.0,0.0
CodeBERT-Devign-local,bigvul-6b6bff054d569a77973f2140c0e86366e6168a6c-2681,safe_dead_code_carrier,CWE-20,0.0,0.0,1.0,0.0
CodeBERT-Devign-local,bigvul-6d9425ec7badda912555d46ea7abcfab81fdd9b9-2117,blank_line_expansion,CWE-399,-0.00017280780703665677,0.0,0.0,0.0
CodeBERT-Devign-local,bigvul-6d9425ec7badda912555d46ea7abcfab81fdd9b9-2117,brace_line_shift,CWE-399,-0.00017280780703665677,0.0,0.0,0.0
CodeBERT-Devign-local,bigvul-6d9425ec7badda912555d46ea7abcfab81fdd9b9-2117,code_normalization_abstraction,CWE-399,-0.00017280780703665677,0.0,0.0,0.0
CodeBERT-Devign-local,bigvul-6d9425ec7badda912555d46ea7abcfab81fdd9b9-2117,comment_banner,CWE-399,-0.0001859402742572236,0.0,0.0,0.0
CodeBERT-Devign-local,bigvul-6d9425ec7badda912555d46ea7abcfab81fdd9b9-2117,control_flow_rewrite,CWE-399,-0.00017280780703665677,0.0,0.0,0.0
CodeBERT-Devign-local,bigvul-6d9425ec7badda912555d46ea7abcfab81fdd9b9-2117,dead_branch_after_opening_brace,CWE-399,-0.00017257577538443147,0.0,0.0,0.0
CodeBERT-Devign-local,bigvul-6d9425ec7badda912555d46ea7abcfab81fdd9b9-2117,identifier_renaming,CWE-399,-0.00017280780703665677,0.0,0.0,0.0
CodeBERT-Devign-local,bigvul-6d9425ec7badda912555d46ea7abcfab81fdd9b9-2117,original,CWE-399,-0.00017280780703665677,0.0,0.0,0.0
CodeBERT-Devign-local,bigvul-6d9425ec7badda912555d46ea7abcfab81fdd9b9-2117,safe_dead_code_carrier,CWE-399,-0.00017021035716802135,0.0,0.0,0.0
CodeBERT-Devign-local,bigvul-6f737ddfadb596d7d4a993f7ed2141ffd664a81c-117,blank_line_expansion,CWE-399,0.0002580082161640629,1.0,0.0,0.0
CodeBERT-Devign-local,bigvul-6f737ddfadb596d7d4a993f7ed2141ffd664a81c-117,brace_line_shift,CWE-399,0.000654008799555017,1.0,0.0,0.0
CodeBERT-Devign-local,bigvul-6f737ddfadb596d7d4a993f7ed2141ffd664a81c-117,code_normalization_abstraction,CWE-399,-0.0003806736650107112,0.0,0.0,0.0
CodeBERT-Devign-local,bigvul-6f737ddfadb596d7d4a993f7ed2141ffd664a81c-117,comment_banner,CWE-399,0.001316842750389069,1.0,0.0,0.0
CodeBERT-Devign-local,bigvul-6f737ddfadb596d7d4a993f7ed2141ffd664a81c-117,control_flow_rewrite,CWE-399,0.0006366136906397202,1.0,0.0,0.0
CodeBERT-Devign-local,bigvul-6f737ddfadb596d7d4a993f7ed2141ffd664a81c-117,dead_branch_after_opening_brace,CWE-399,-0.0018101489930876236,0.0,0.0,0.0
CodeBERT-Devign-local,bigvul-6f737ddfadb596d7d4a993f7ed2141ffd664a81c-117,identifier_renaming,CWE-399,-0.0006594626597177244,0.0,0.0,0.0
CodeBERT-Devign-local,bigvul-6f737ddfadb596d7d4a993f7ed2141ffd664a81c-117,original,CWE-399,0.0006366136906397202,1.0,0.0,0.0
CodeBERT-Devign-local,bigvul-6f737ddfadb596d7d4a993f7ed2141ffd664a81c-117,safe_dead_code_carrier,CWE-399,-0.0022233497391833668,0.0,0.0,0.0
CodeBERT-Devign-local,bigvul-7394cf6f43d7a86630d3eb1c728fd63c621b5530-391,blank_line_expansion,unknown,0.0,0.0,1.0,0.0
CodeBERT-Devign-local,bigvul-7394cf6f43d7a86630d3eb1c728fd63c621b5530-391,brace_line_shift,unknown,0.0,0.0,1.0,0.0
CodeBERT-Devign-local,bigvul-7394cf6f43d7a86630d3eb1c728fd63c621b5530-391,code_normalization_abstraction,unknown,0.0,0.0,1.0,0.0
CodeBERT-Devign-local,bigvul-7394cf6f43d7a86630d3eb1c728fd63c621b5530-391,comment_banner,unknown,0.0,0.0,1.0,0.0
CodeBERT-Devign-local,bigvul-7394cf6f43d7a86630d3eb1c728fd63c621b5530-391,control_flow_rewrite,unknown,0.0,0.0,1.0,0.0
CodeBERT-Devign-local,bigvul-7394cf6f43d7a86630d3eb1c728fd63c621b5530-391,dead_branch_after_opening_brace,unknown,0.0,0.0,1.0,0.0
CodeBERT-Devign-local,bigvul-7394cf6f43d7a86630d3eb1c728fd63c621b5530-391,identifier_renaming,unknown,0.0,0.0,1.0,0.0
CodeBERT-Devign-local,bigvul-7394cf6f43d7a86630d3eb1c728fd63c621b5530-391,original,unknown,0.0,0.0,1.0,0.0
CodeBERT-Devign-local,bigvul-7394cf6f43d7a86630d3eb1c728fd63c621b5530-391,safe_dead_code_carrier,unknown,0.0,0.0,1.0,0.0
CodeBERT-Devign-local,bigvul-778500563a9f7ceba996937dc886bd8cde29b42b-1875,blank_line_expansion,CWE-125,0.0037385164167503815,1.0,0.0,0.0
CodeBERT-Devign-local,bigvul-778500563a9f7ceba996937dc886bd8cde29b42b-1875,brace_line_shift,CWE-125,0.0037385164167503815,1.0,0.0,0.0
CodeBERT-Devign-local,bigvul-778500563a9f7ceba996937dc886bd8cde29b42b-1875,code_normalization_abstraction,CWE-125,0.0025899751125362247,1.0,0.0,0.0
CodeBERT-Devign-local,bigvul-778500563a9f7ceba996937dc886bd8cde29b42b-1875,comment_banner,CWE-125,0.004937901002729839,1.0,0.0,0.0
CodeBERT-Devign-local,bigvul-778500563a9f7ceba996937dc886bd8cde29b42b-1875,control_flow_rewrite,CWE-125,0.0037385164167503815,1.0,0.0,0.0
CodeBERT-Devign-local,bigvul-778500563a9f7ceba996937dc886bd8cde29b42b-1875,dead_branch_after_opening_brace,CWE-125,0.0033987204578644903,1.0,0.0,0.0
CodeBERT-Devign-local,bigvul-778500563a9f7ceba996937dc886bd8cde29b42b-1875,identifier_renaming,CWE-125,-0.0027168403113265738,0.0,0.0,0.0
CodeBERT-Devign-local,bigvul-778500563a9f7ceba996937dc886bd8cde29b42b-1875,original,CWE-125,0.0037385164167503815,1.0,0.0,0.0
CodeBERT-Devign-local,bigvul-778500563a9f7ceba996937dc886bd8cde29b42b-1875,safe_dead_code_carrier,CWE-125,0.0031632381274154797,1.0,0.0,0.0
CodeBERT-Devign-local,bigvul-78d89fe556cb5dabbc47b4967cdf55e607e29580-2724,blank_line_expansion,CWE-119,-0.008472576356929884,0.0,0.0,0.0
CodeBERT-Devign-local,bigvul-78d89fe556cb5dabbc47b4967cdf55e607e29580-2724,brace_line_shift,CWE-119,-0.008472576356929884,0.0,0.0,0.0
CodeBERT-Devign-local,bigvul-78d89fe556cb5dabbc47b4967cdf55e607e29580-2724,code_normalization_abstraction,CWE-119,-0.006837970189435771,0.0,0.0,0.0
CodeBERT-Devign-local,bigvul-78d89fe556cb5dabbc47b4967cdf55e607e29580-2724,comment_banner,CWE-119,-0.010694221864766318,0.0,0.0,0.0
CodeBERT-Devign-local,bigvul-78d89fe556cb5dabbc47b4967cdf55e607e29580-2724,control_flow_rewrite,CWE-119,-0.008472576356929884,0.0,0.0,0.0
CodeBERT-Devign-local,bigvul-78d89fe556cb5dabbc47b4967cdf55e607e29580-2724,dead_branch_after_opening_brace,CWE-119,-0.019147435629821907,0.0,0.0,0.0
CodeBERT-Devign-local,bigvul-78d89fe556cb5dabbc47b4967cdf55e607e29580-2724,identifier_renaming,CWE-119,-0.008472576356929884,0.0,0.0,0.0
CodeBERT-Devign-local,bigvul-78d89fe556cb5dabbc47b4967cdf55e607e29580-2724,original,CWE-119,-0.008472576356929884,0.0,0.0,0.0
CodeBERT-Devign-local,bigvul-78d89fe556cb5dabbc47b4967cdf55e607e29580-2724,safe_dead_code_carrier,CWE-119,-0.018561516540551493,0.0,0.0,0.0
CodeBERT-Devign-local,bigvul-7ed47b7d142ec99ad6880bbbec51e9f12b3af74c-2002,blank_line_expansion,unknown,-0.0014226209334036177,0.0,0.0,0.0
CodeBERT-Devign-local,bigvul-7ed47b7d142ec99ad6880bbbec51e9f12b3af74c-2002,brace_line_shift,unknown,-0.0014226209334036177,0.0,0.0,0.0
CodeBERT-Devign-local,bigvul-7ed47b7d142ec99ad6880bbbec51e9f12b3af74c-2002,code_normalization_abstraction,unknown,-0.005095950607162836,0.0,0.0,0.0
CodeBERT-Devign-local,bigvul-7ed47b7d142ec99ad6880bbbec51e9f12b3af74c-2002,comment_banner,unknown,-0.0016859408183891311,0.0,0.0,0.0
CodeBERT-Devign-local,bigvul-7ed47b7d142ec99ad6880bbbec51e9f12b3af74c-2002,control_flow_rewrite,unknown,-0.0014226209334036177,0.0,0.0,0.0
CodeBERT-Devign-local,bigvul-7ed47b7d142ec99ad6880bbbec51e9f12b3af74c-2002,dead_branch_after_opening_brace,unknown,-0.0013178557139346125,0.0,0.0,0.0
CodeBERT-Devign-local,bigvul-7ed47b7d142ec99ad6880bbbec51e9f12b3af74c-2002,identifier_renaming,unknown,-0.0015539644160343924,0.0,0.0,0.0
CodeBERT-Devign-local,bigvul-7ed47b7d142ec99ad6880bbbec51e9f12b3af74c-2002,original,unknown,-0.0014226209334036177,0.0,0.0,0.0
CodeBERT-Devign-local,bigvul-7ed47b7d142ec99ad6880bbbec51e9f12b3af74c-2002,safe_dead_code_carrier,unknown,-0.0012728793055593046,0.0,0.0,0.0
CodeBERT-Devign-local,bigvul-802ecdb9cee0d66fe546bdf24e98150f8f716ad8-2301,blank_line_expansion,CWE-119,-0.1842914677499316,0.0,0.0,0.0
CodeBERT-Devign-local,bigvul-802ecdb9cee0d66fe546bdf24e98150f8f716ad8-2301,brace_line_shift,CWE-119,-0.1842914677499316,0.0,0.0,0.0
CodeBERT-Devign-local,bigvul-802ecdb9cee0d66fe546bdf24e98150f8f716ad8-2301,code_normalization_abstraction,CWE-119,-0.1842914677499316,0.0,0.0,0.0
CodeBERT-Devign-local,bigvul-802ecdb9cee0d66fe546bdf24e98150f8f716ad8-2301,comment_banner,CWE-119,-0.06844318590875736,0.0,0.0,0.0
CodeBERT-Devign-local,bigvul-802ecdb9cee0d66fe546bdf24e98150f8f716ad8-2301,control_flow_rewrite,CWE-119,-0.1842914677499316,0.0,0.0,0.0
CodeBERT-Devign-local,bigvul-802ecdb9cee0d66fe546bdf24e98150f8f716ad8-2301,dead_branch_after_opening_brace,CWE-119,-0.17342186769994244,0.0,0.0,0.0
CodeBERT-Devign-local,bigvul-802ecdb9cee0d66fe546bdf24e98150f8f716ad8-2301,identifier_renaming,CWE-119,-0.21030198271826833,0.0,0.0,0.0
CodeBERT-Devign-local,bigvul-802ecdb9cee0d66fe546bdf24e98150f8f716ad8-2301,original,CWE-119,-0.1842914677499316,0.0,0.0,0.0
CodeBERT-Devign-local,bigvul-802ecdb9cee0d66fe546bdf24e98150f8f716ad8-2301,safe_dead_code_carrier,CWE-119,-0.15900075074230463,0.0,0.0,0.0
CodeBERT-Devign-local,bigvul-84ca1ee18bbc32f3cb035d071e8271e064dfd4d7-1210,blank_line_expansion,CWE-416,0.0,0.0,1.0,0.0
CodeBERT-Devign-local,bigvul-84ca1ee18bbc32f3cb035d071e8271e064dfd4d7-1210,brace_line_shift,CWE-416,0.0,0.0,1.0,0.0
CodeBERT-Devign-local,bigvul-84ca1ee18bbc32f3cb035d071e8271e064dfd4d7-1210,code_normalization_abstraction,CWE-416,0.0,0.0,1.0,0.0
CodeBERT-Devign-local,bigvul-84ca1ee18bbc32f3cb035d071e8271e064dfd4d7-1210,comment_banner,CWE-416,0.0,0.0,1.0,0.0
CodeBERT-Devign-local,bigvul-84ca1ee18bbc32f3cb035d071e8271e064dfd4d7-1210,control_flow_rewrite,CWE-416,0.0,0.0,1.0,0.0
CodeBERT-Devign-local,bigvul-84ca1ee18bbc32f3cb035d071e8271e064dfd4d7-1210,dead_branch_after_opening_brace,CWE-416,0.0,0.0,1.0,0.0
CodeBERT-Devign-local,bigvul-84ca1ee18bbc32f3cb035d071e8271e064dfd4d7-1210,identifier_renaming,CWE-416,0.0,0.0,1.0,0.0
CodeBERT-Devign-local,bigvul-84ca1ee18bbc32f3cb035d071e8271e064dfd4d7-1210,original,CWE-416,0.0,0.0,1.0,0.0
CodeBERT-Devign-local,bigvul-84ca1ee18bbc32f3cb035d071e8271e064dfd4d7-1210,safe_dead_code_carrier,CWE-416,0.0,0.0,1.0,0.0
CodeBERT-Devign-local,bigvul-864e2e22fcd0cba3f5e67680ccabd0302dfda45d-680,blank_line_expansion,CWE-264,-0.010135943953992477,0.0,0.0,0.0
CodeBERT-Devign-local,bigvul-864e2e22fcd0cba3f5e67680ccabd0302dfda45d-680,brace_line_shift,CWE-264,-0.010135943953992477,0.0,0.0,0.0
CodeBERT-Devign-local,bigvul-864e2e22fcd0cba3f5e67680ccabd0302dfda45d-680,code_normalization_abstraction,CWE-264,-0.01018012616837427,0.0,0.0,0.0
CodeBERT-Devign-local,bigvul-864e2e22fcd0cba3f5e67680ccabd0302dfda45d-680,comment_banner,CWE-264,-0.010014593721579534,0.0,0.0,0.0
CodeBERT-Devign-local,bigvul-864e2e22fcd0cba3f5e67680ccabd0302dfda45d-680,control_flow_rewrite,CWE-264,-0.010135943953992477,0.0,0.0,0.0
CodeBERT-Devign-local,bigvul-864e2e22fcd0cba3f5e67680ccabd0302dfda45d-680,dead_branch_after_opening_brace,CWE-264,-0.010136774887625488,0.0,0.0,0.0
CodeBERT-Devign-local,bigvul-864e2e22fcd0cba3f5e67680ccabd0302dfda45d-680,identifier_renaming,CWE-264,-0.011573470521558604,0.0,0.0,0.0
CodeBERT-Devign-local,bigvul-864e2e22fcd0cba3f5e67680ccabd0302dfda45d-680,original,CWE-264,-0.010135943953992477,0.0,0.0,0.0
CodeBERT-Devign-local,bigvul-864e2e22fcd0cba3f5e67680ccabd0302dfda45d-680,safe_dead_code_carrier,CWE-264,-0.01013236442641785,0.0,0.0,0.0
CodeBERT-Devign-local,bigvul-8c95ab0b50f8a257514f9647929267e62b1e611d-327,blank_line_expansion,unknown,-0.00646207285196454,0.0,0.0,0.0
CodeBERT-Devign-local,bigvul-8c95ab0b50f8a257514f9647929267e62b1e611d-327,brace_line_shift,unknown,-0.00646207285196454,0.0,0.0,0.0
CodeBERT-Devign-local,bigvul-8c95ab0b50f8a257514f9647929267e62b1e611d-327,code_normalization_abstraction,unknown,-0.005708918589571954,0.0,0.0,0.0
CodeBERT-Devign-local,bigvul-8c95ab0b50f8a257514f9647929267e62b1e611d-327,comment_banner,unknown,-0.008036568104730246,0.0,0.0,0.0
CodeBERT-Devign-local,bigvul-8c95ab0b50f8a257514f9647929267e62b1e611d-327,control_flow_rewrite,unknown,-0.00646207285196454,0.0,0.0,0.0
CodeBERT-Devign-local,bigvul-8c95ab0b50f8a257514f9647929267e62b1e611d-327,dead_branch_after_opening_brace,unknown,-0.005701501250643282,0.0,0.0,0.0
CodeBERT-Devign-local,bigvul-8c95ab0b50f8a257514f9647929267e62b1e611d-327,identifier_renaming,unknown,-0.006314071278919753,0.0,0.0,0.0
CodeBERT-Devign-local,bigvul-8c95ab0b50f8a257514f9647929267e62b1e611d-327,original,unknown,-0.00646207285196454,0.0,0.0,0.0
CodeBERT-Devign-local,bigvul-8c95ab0b50f8a257514f9647929267e62b1e611d-327,safe_dead_code_carrier,unknown,-0.005420085852670342,0.0,0.0,0.0
CodeBERT-Devign-local,bigvul-8cfe2463cec6835c7b0b73dcb2ab2edaf035e3f9-603,blank_line_expansion,CWE-416,-0.05934863907100285,0.0,0.0,0.0
CodeBERT-Devign-local,bigvul-8cfe2463cec6835c7b0b73dcb2ab2edaf035e3f9-603,brace_line_shift,CWE-416,-0.05934863907100285,0.0,0.0,0.0
CodeBERT-Devign-local,bigvul-8cfe2463cec6835c7b0b73dcb2ab2edaf035e3f9-603,code_normalization_abstraction,CWE-416,-0.05934863907100285,0.0,0.0,0.0
CodeBERT-Devign-local,bigvul-8cfe2463cec6835c7b0b73dcb2ab2edaf035e3f9-603,comment_banner,CWE-416,-0.050198684134499016,0.0,0.0,0.0
CodeBERT-Devign-local,bigvul-8cfe2463cec6835c7b0b73dcb2ab2edaf035e3f9-603,control_flow_rewrite,CWE-416,-0.05934863907100285,0.0,0.0,0.0
CodeBERT-Devign-local,bigvul-8cfe2463cec6835c7b0b73dcb2ab2edaf035e3f9-603,dead_branch_after_opening_brace,CWE-416,-0.02781382054894027,0.0,0.0,0.0
CodeBERT-Devign-local,bigvul-8cfe2463cec6835c7b0b73dcb2ab2edaf035e3f9-603,identifier_renaming,CWE-416,-0.05934863907100285,0.0,0.0,0.0
CodeBERT-Devign-local,bigvul-8cfe2463cec6835c7b0b73dcb2ab2edaf035e3f9-603,original,CWE-416,-0.05934863907100285,0.0,0.0,0.0
CodeBERT-Devign-local,bigvul-8cfe2463cec6835c7b0b73dcb2ab2edaf035e3f9-603,safe_dead_code_carrier,CWE-416,-0.023603844416367203,0.0,0.0,0.0
CodeBERT-Devign-local,bigvul-8e76d0404b7f664ee6719fd98f0483f0ac4669d6-95,blank_line_expansion,CWE-200,-0.00914474349117489,0.0,0.0,0.0
CodeBERT-Devign-local,bigvul-8e76d0404b7f664ee6719fd98f0483f0ac4669d6-95,brace_line_shift,CWE-200,-0.00914474349117489,0.0,0.0,0.0
CodeBERT-Devign-local,bigvul-8e76d0404b7f664ee6719fd98f0483f0ac4669d6-95,code_normalization_abstraction,CWE-200,-0.00914474349117489,0.0,0.0,0.0
CodeBERT-Devign-local,bigvul-8e76d0404b7f664ee6719fd98f0483f0ac4669d6-95,comment_banner,CWE-200,-0.011989576408619862,0.0,0.0,0.0
CodeBERT-Devign-local,bigvul-8e76d0404b7f664ee6719fd98f0483f0ac4669d6-95,control_flow_rewrite,CWE-200,-0.00914474349117489,0.0,0.0,0.0
CodeBERT-Devign-local,bigvul-8e76d0404b7f664ee6719fd98f0483f0ac4669d6-95,dead_branch_after_opening_brace,CWE-200,-0.004565618802002125,0.0,0.0,0.0
CodeBERT-Devign-local,bigvul-8e76d0404b7f664ee6719fd98f0483f0ac4669d6-95,identifier_renaming,CWE-200,-0.00914474349117489,0.0,0.0,0.0
CodeBERT-Devign-local,bigvul-8e76d0404b7f664ee6719fd98f0483f0ac4669d6-95,original,CWE-200,-0.00914474349117489,0.0,0.0,0.0
CodeBERT-Devign-local,bigvul-8e76d0404b7f664ee6719fd98f0483f0ac4669d6-95,safe_dead_code_carrier,CWE-200,-0.004548388522133795,0.0,0.0,0.0
CodeBERT-Devign-local,bigvul-91f2fa59e8ed80dfbf400add0164ee0e508e412a-1900,blank_line_expansion,CWE-119,-0.014917185190619797,0.0,0.0,0.0
CodeBERT-Devign-local,bigvul-91f2fa59e8ed80dfbf400add0164ee0e508e412a-1900,brace_line_shift,CWE-119,-0.014917185190619797,0.0,0.0,0.0
CodeBERT-Devign-local,bigvul-91f2fa59e8ed80dfbf400add0164ee0e508e412a-1900,code_normalization_abstraction,CWE-119,-0.014669375270032647,0.0,0.0,0.0
CodeBERT-Devign-local,bigvul-91f2fa59e8ed80dfbf400add0164ee0e508e412a-1900,comment_banner,CWE-119,-0.015249033628366826,0.0,0.0,0.0
CodeBERT-Devign-local,bigvul-91f2fa59e8ed80dfbf400add0164ee0e508e412a-1900,control_flow_rewrite,CWE-119,-0.014917185190619797,0.0,0.0,0.0
CodeBERT-Devign-local,bigvul-91f2fa59e8ed80dfbf400add0164ee0e508e412a-1900,dead_branch_after_opening_brace,CWE-119,-0.014741325535429395,0.0,0.0,0.0
CodeBERT-Devign-local,bigvul-91f2fa59e8ed80dfbf400add0164ee0e508e412a-1900,identifier_renaming,CWE-119,-0.01540563620862656,0.0,0.0,0.0
CodeBERT-Devign-local,bigvul-91f2fa59e8ed80dfbf400add0164ee0e508e412a-1900,original,CWE-119,-0.014917185190619797,0.0,0.0,0.0
CodeBERT-Devign-local,bigvul-91f2fa59e8ed80dfbf400add0164ee0e508e412a-1900,safe_dead_code_carrier,CWE-119,-0.014659166008823665,0.0,0.0,0.0
CodeBERT-Devign-local,bigvul-94e01571507835ff59dd8ce2a0b56a4b566965a4-660,blank_line_expansion,CWE-119,0.0,0.0,1.0,0.0
CodeBERT-Devign-local,bigvul-94e01571507835ff59dd8ce2a0b56a4b566965a4-660,brace_line_shift,CWE-119,0.0,0.0,1.0,0.0
CodeBERT-Devign-local,bigvul-94e01571507835ff59dd8ce2a0b56a4b566965a4-660,code_normalization_abstraction,CWE-119,0.0,0.0,1.0,0.0
CodeBERT-Devign-local,bigvul-94e01571507835ff59dd8ce2a0b56a4b566965a4-660,comment_banner,CWE-119,0.0,0.0,1.0,0.0
CodeBERT-Devign-local,bigvul-94e01571507835ff59dd8ce2a0b56a4b566965a4-660,control_flow_rewrite,CWE-119,0.0,0.0,1.0,0.0
CodeBERT-Devign-local,bigvul-94e01571507835ff59dd8ce2a0b56a4b566965a4-660,dead_branch_after_opening_brace,CWE-119,0.0,0.0,1.0,0.0
CodeBERT-Devign-local,bigvul-94e01571507835ff59dd8ce2a0b56a4b566965a4-660,identifier_renaming,CWE-119,0.0,0.0,1.0,0.0
CodeBERT-Devign-local,bigvul-94e01571507835ff59dd8ce2a0b56a4b566965a4-660,original,CWE-119,0.0,0.0,1.0,0.0
CodeBERT-Devign-local,bigvul-94e01571507835ff59dd8ce2a0b56a4b566965a4-660,safe_dead_code_carrier,CWE-119,0.0,0.0,1.0,0.0
CodeBERT-Devign-local,bigvul-9f64916da20eea67121d544698676295bbb105a7-509,blank_line_expansion,CWE-125,-0.0027279607836095954,0.0,0.0,0.0
CodeBERT-Devign-local,bigvul-9f64916da20eea67121d544698676295bbb105a7-509,brace_line_shift,CWE-125,-0.0027279607836095954,0.0,0.0,0.0
CodeBERT-Devign-local,bigvul-9f64916da20eea67121d544698676295bbb105a7-509,code_normalization_abstraction,CWE-125,-0.002760867217788565,0.0,0.0,0.0
CodeBERT-Devign-local,bigvul-9f64916da20eea67121d544698676295bbb105a7-509,comment_banner,CWE-125,-0.002708687205472571,0.0,0.0,0.0
CodeBERT-Devign-local,bigvul-9f64916da20eea67121d544698676295bbb105a7-509,control_flow_rewrite,CWE-125,-0.0027279607836095954,0.0,0.0,0.0
CodeBERT-Devign-local,bigvul-9f64916da20eea67121d544698676295bbb105a7-509,dead_branch_after_opening_brace,CWE-125,-0.0027196139731053837,0.0,0.0,0.0
CodeBERT-Devign-local,bigvul-9f64916da20eea67121d544698676295bbb105a7-509,identifier_renaming,CWE-125,-0.0027904317092318776,0.0,0.0,0.0
CodeBERT-Devign-local,bigvul-9f64916da20eea67121d544698676295bbb105a7-509,original,CWE-125,-0.0027279607836095954,0.0,0.0,0.0
CodeBERT-Devign-local,bigvul-9f64916da20eea67121d544698676295bbb105a7-509,safe_dead_code_carrier,CWE-125,-0.002718700504035887,0.0,0.0,0.0
CodeBERT-Devign-local,bigvul-a1098f81c252b317ad34ea978aea2bc47760b215-1178,blank_line_expansion,CWE-119,0.0,0.0,1.0,0.0
CodeBERT-Devign-local,bigvul-a1098f81c252b317ad34ea978aea2bc47760b215-1178,brace_line_shift,CWE-119,0.0,0.0,1.0,0.0
CodeBERT-Devign-local,bigvul-a1098f81c252b317ad34ea978aea2bc47760b215-1178,code_normalization_abstraction,CWE-119,0.0,0.0,1.0,0.0
CodeBERT-Devign-local,bigvul-a1098f81c252b317ad34ea978aea2bc47760b215-1178,comment_banner,CWE-119,0.0,0.0,1.0,0.0
CodeBERT-Devign-local,bigvul-a1098f81c252b317ad34ea978aea2bc47760b215-1178,control_flow_rewrite,CWE-119,0.0,0.0,1.0,0.0
CodeBERT-Devign-local,bigvul-a1098f81c252b317ad34ea978aea2bc47760b215-1178,dead_branch_after_opening_brace,CWE-119,0.0,0.0,1.0,0.0
CodeBERT-Devign-local,bigvul-a1098f81c252b317ad34ea978aea2bc47760b215-1178,identifier_renaming,CWE-119,0.0,0.0,1.0,0.0
CodeBERT-Devign-local,bigvul-a1098f81c252b317ad34ea978aea2bc47760b215-1178,original,CWE-119,0.0,0.0,1.0,0.0
CodeBERT-Devign-local,bigvul-a1098f81c252b317ad34ea978aea2bc47760b215-1178,safe_dead_code_carrier,CWE-119,0.0,0.0,1.0,0.0
CodeBERT-Devign-local,bigvul-a151041807a7e3c702c5f935a742368333aa69d4-1931,blank_line_expansion,unknown,0.0,0.0,1.0,0.0
CodeBERT-Devign-local,bigvul-a151041807a7e3c702c5f935a742368333aa69d4-1931,brace_line_shift,unknown,0.0,0.0,1.0,0.0
CodeBERT-Devign-local,bigvul-a151041807a7e3c702c5f935a742368333aa69d4-1931,code_normalization_abstraction,unknown,0.0,0.0,1.0,0.0
CodeBERT-Devign-local,bigvul-a151041807a7e3c702c5f935a742368333aa69d4-1931,comment_banner,unknown,0.0,0.0,1.0,0.0
CodeBERT-Devign-local,bigvul-a151041807a7e3c702c5f935a742368333aa69d4-1931,control_flow_rewrite,unknown,0.0,0.0,1.0,0.0
CodeBERT-Devign-local,bigvul-a151041807a7e3c702c5f935a742368333aa69d4-1931,dead_branch_after_opening_brace,unknown,0.0,0.0,1.0,0.0
CodeBERT-Devign-local,bigvul-a151041807a7e3c702c5f935a742368333aa69d4-1931,identifier_renaming,unknown,0.0,0.0,1.0,0.0
CodeBERT-Devign-local,bigvul-a151041807a7e3c702c5f935a742368333aa69d4-1931,original,unknown,0.0,0.0,1.0,0.0
CodeBERT-Devign-local,bigvul-a151041807a7e3c702c5f935a742368333aa69d4-1931,safe_dead_code_carrier,unknown,0.0,0.0,1.0,0.0
CodeBERT-Devign-local,bigvul-a30f64b4ae13255535a4947616fce484c54207df-815,blank_line_expansion,CWE-20,-0.0032726188583558913,0.0,0.0,0.0
CodeBERT-Devign-local,bigvul-a30f64b4ae13255535a4947616fce484c54207df-815,brace_line_shift,CWE-20,-0.0032726188583558913,0.0,0.0,0.0
CodeBERT-Devign-local,bigvul-a30f64b4ae13255535a4947616fce484c54207df-815,code_normalization_abstraction,CWE-20,-0.0018509349119673058,0.0,0.0,0.0
CodeBERT-Devign-local,bigvul-a30f64b4ae13255535a4947616fce484c54207df-815,comment_banner,CWE-20,-0.0035455784004752022,0.0,0.0,0.0
CodeBERT-Devign-local,bigvul-a30f64b4ae13255535a4947616fce484c54207df-815,control_flow_rewrite,CWE-20,-0.0032726188583558913,0.0,0.0,0.0
CodeBERT-Devign-local,bigvul-a30f64b4ae13255535a4947616fce484c54207df-815,dead_branch_after_opening_brace,CWE-20,-0.003108270024253401,0.0,0.0,0.0
CodeBERT-Devign-local,bigvul-a30f64b4ae13255535a4947616fce484c54207df-815,identifier_renaming,CWE-20,-0.004673836282737931,0.0,0.0,0.0
CodeBERT-Devign-local,bigvul-a30f64b4ae13255535a4947616fce484c54207df-815,original,CWE-20,-0.0032726188583558913,0.0,0.0,0.0
CodeBERT-Devign-local,bigvul-a30f64b4ae13255535a4947616fce484c54207df-815,safe_dead_code_carrier,CWE-20,-0.003038871849231406,0.0,0.0,0.0
CodeBERT-Devign-local,bigvul-a8b0ca17b80e92faab46ee7179ba9e99ccb61233-525,blank_line_expansion,CWE-399,-0.00030938129350760457,0.0,0.0,0.0
CodeBERT-Devign-local,bigvul-a8b0ca17b80e92faab46ee7179ba9e99ccb61233-525,brace_line_shift,CWE-399,-0.00030938129350760457,0.0,0.0,0.0
CodeBERT-Devign-local,bigvul-a8b0ca17b80e92faab46ee7179ba9e99ccb61233-525,code_normalization_abstraction,CWE-399,-0.00032227129891088113,0.0,0.0,0.0
CodeBERT-Devign-local,bigvul-a8b0ca17b80e92faab46ee7179ba9e99ccb61233-525,comment_banner,CWE-399,-0.0003013743273292957,0.0,0.0,0.0
CodeBERT-Devign-local,bigvul-a8b0ca17b80e92faab46ee7179ba9e99ccb61233-525,control_flow_rewrite,CWE-399,-0.00030938129350760457,0.0,0.0,0.0
CodeBERT-Devign-local,bigvul-a8b0ca17b80e92faab46ee7179ba9e99ccb61233-525,dead_branch_after_opening_brace,CWE-399,-0.0003062138527601399,0.0,0.0,0.0
CodeBERT-Devign-local,bigvul-a8b0ca17b80e92faab46ee7179ba9e99ccb61233-525,identifier_renaming,CWE-399,-0.0003197299296353595,0.0,0.0,0.0
CodeBERT-Devign-local,bigvul-a8b0ca17b80e92faab46ee7179ba9e99ccb61233-525,original,CWE-399,-0.00030938129350760457,0.0,0.0,0.0
CodeBERT-Devign-local,bigvul-a8b0ca17b80e92faab46ee7179ba9e99ccb61233-525,safe_dead_code_carrier,CWE-399,-0.0003078842345700106,0.0,0.0,0.0
CodeBERT-Devign-local,bigvul-ab906da53ff2a68c6fd6d1fa73f2b7c7bf0bc636-1442,blank_line_expansion,CWE-125,0.0,0.0,1.0,0.0
CodeBERT-Devign-local,bigvul-ab906da53ff2a68c6fd6d1fa73f2b7c7bf0bc636-1442,brace_line_shift,CWE-125,0.0,0.0,1.0,0.0
CodeBERT-Devign-local,bigvul-ab906da53ff2a68c6fd6d1fa73f2b7c7bf0bc636-1442,code_normalization_abstraction,CWE-125,0.0,0.0,1.0,0.0
CodeBERT-Devign-local,bigvul-ab906da53ff2a68c6fd6d1fa73f2b7c7bf0bc636-1442,comment_banner,CWE-125,0.0,0.0,1.0,0.0
CodeBERT-Devign-local,bigvul-ab906da53ff2a68c6fd6d1fa73f2b7c7bf0bc636-1442,control_flow_rewrite,CWE-125,0.0,0.0,1.0,0.0
CodeBERT-Devign-local,bigvul-ab906da53ff2a68c6fd6d1fa73f2b7c7bf0bc636-1442,dead_branch_after_opening_brace,CWE-125,0.0,0.0,1.0,0.0
CodeBERT-Devign-local,bigvul-ab906da53ff2a68c6fd6d1fa73f2b7c7bf0bc636-1442,identifier_renaming,CWE-125,0.0,0.0,1.0,0.0
CodeBERT-Devign-local,bigvul-ab906da53ff2a68c6fd6d1fa73f2b7c7bf0bc636-1442,original,CWE-125,0.0,0.0,1.0,0.0
CodeBERT-Devign-local,bigvul-ab906da53ff2a68c6fd6d1fa73f2b7c7bf0bc636-1442,safe_dead_code_carrier,CWE-125,0.0,0.0,1.0,0.0
CodeBERT-Devign-local,bigvul-ac23b02ecb741e5de60f5235ea443790c88a0b80-1713,blank_line_expansion,CWE-20,-0.0015452381600036258,0.0,0.0,0.0
CodeBERT-Devign-local,bigvul-ac23b02ecb741e5de60f5235ea443790c88a0b80-1713,brace_line_shift,CWE-20,-0.0015452381600036258,0.0,0.0,0.0
CodeBERT-Devign-local,bigvul-ac23b02ecb741e5de60f5235ea443790c88a0b80-1713,code_normalization_abstraction,CWE-20,-0.0015452381600036258,0.0,0.0,0.0
CodeBERT-Devign-local,bigvul-ac23b02ecb741e5de60f5235ea443790c88a0b80-1713,comment_banner,CWE-20,-0.0015819116937615396,0.0,0.0,0.0
CodeBERT-Devign-local,bigvul-ac23b02ecb741e5de60f5235ea443790c88a0b80-1713,control_flow_rewrite,CWE-20,-0.0015452381600036258,0.0,0.0,0.0
CodeBERT-Devign-local,bigvul-ac23b02ecb741e5de60f5235ea443790c88a0b80-1713,dead_branch_after_opening_brace,CWE-20,-0.003925368405526486,0.0,0.0,0.0
CodeBERT-Devign-local,bigvul-ac23b02ecb741e5de60f5235ea443790c88a0b80-1713,identifier_renaming,CWE-20,-0.0015594694884585314,0.0,0.0,0.0
CodeBERT-Devign-local,bigvul-ac23b02ecb741e5de60f5235ea443790c88a0b80-1713,original,CWE-20,-0.0015452381600036258,0.0,0.0,0.0
CodeBERT-Devign-local,bigvul-ac23b02ecb741e5de60f5235ea443790c88a0b80-1713,safe_dead_code_carrier,CWE-20,-0.004479351978739277,0.0,0.0,0.0
CodeBERT-Devign-local,bigvul-ac8bd041b81e46e4e4fcd5021aaa5499703952e6-2748,blank_line_expansion,CWE-287,0.0,0.0,1.0,0.0
CodeBERT-Devign-local,bigvul-ac8bd041b81e46e4e4fcd5021aaa5499703952e6-2748,brace_line_shift,CWE-287,0.0,0.0,1.0,0.0
CodeBERT-Devign-local,bigvul-ac8bd041b81e46e4e4fcd5021aaa5499703952e6-2748,code_normalization_abstraction,CWE-287,0.0,0.0,1.0,0.0
CodeBERT-Devign-local,bigvul-ac8bd041b81e46e4e4fcd5021aaa5499703952e6-2748,comment_banner,CWE-287,0.0,0.0,1.0,0.0
CodeBERT-Devign-local,bigvul-ac8bd041b81e46e4e4fcd5021aaa5499703952e6-2748,control_flow_rewrite,CWE-287,0.0,0.0,1.0,0.0
CodeBERT-Devign-local,bigvul-ac8bd041b81e46e4e4fcd5021aaa5499703952e6-2748,dead_branch_after_opening_brace,CWE-287,0.0,0.0,1.0,0.0
CodeBERT-Devign-local,bigvul-ac8bd041b81e46e4e4fcd5021aaa5499703952e6-2748,identifier_renaming,CWE-287,0.0,0.0,1.0,0.0
CodeBERT-Devign-local,bigvul-ac8bd041b81e46e4e4fcd5021aaa5499703952e6-2748,original,CWE-287,0.0,0.0,1.0,0.0
CodeBERT-Devign-local,bigvul-ac8bd041b81e46e4e4fcd5021aaa5499703952e6-2748,safe_dead_code_carrier,CWE-287,0.0,0.0,1.0,0.0
CodeBERT-Devign-local,bigvul-adca986a53b31b6da4cb22f8e755f6856daea89a-2137,blank_line_expansion,CWE-20,0.17692158714371958,1.0,0.0,0.0
CodeBERT-Devign-local,bigvul-adca986a53b31b6da4cb22f8e755f6856daea89a-2137,brace_line_shift,CWE-20,0.17692158714371958,1.0,0.0,0.0
CodeBERT-Devign-local,bigvul-adca986a53b31b6da4cb22f8e755f6856daea89a-2137,code_normalization_abstraction,CWE-20,0.17692158714371958,1.0,0.0,0.0
CodeBERT-Devign-local,bigvul-adca986a53b31b6da4cb22f8e755f6856daea89a-2137,comment_banner,CWE-20,0.1799883066170085,1.0,0.0,1.0
CodeBERT-Devign-local,bigvul-adca986a53b31b6da4cb22f8e755f6856daea89a-2137,control_flow_rewrite,CWE-20,0.17692158714371958,1.0,0.0,0.0
CodeBERT-Devign-local,bigvul-adca986a53b31b6da4cb22f8e755f6856daea89a-2137,dead_branch_after_opening_brace,CWE-20,0.13798994867994113,1.0,0.0,0.0
CodeBERT-Devign-local,bigvul-adca986a53b31b6da4cb22f8e755f6856daea89a-2137,identifier_renaming,CWE-20,0.17692158714371958,1.0,0.0,0.0
CodeBERT-Devign-local,bigvul-adca986a53b31b6da4cb22f8e755f6856daea89a-2137,original,CWE-20,0.17692158714371958,1.0,0.0,0.0
CodeBERT-Devign-local,bigvul-adca986a53b31b6da4cb22f8e755f6856daea89a-2137,safe_dead_code_carrier,CWE-20,0.12625738428079492,1.0,0.0,0.0
CodeBERT-Devign-local,bigvul-b4c01141e5367f247b84dcaf6aefbb4e741842b8-483,blank_line_expansion,CWE-399,0.0009132058390192155,1.0,0.0,0.0
CodeBERT-Devign-local,bigvul-b4c01141e5367f247b84dcaf6aefbb4e741842b8-483,brace_line_shift,CWE-399,0.001240478828797964,1.0,0.0,0.0
CodeBERT-Devign-local,bigvul-b4c01141e5367f247b84dcaf6aefbb4e741842b8-483,code_normalization_abstraction,CWE-399,-0.0034045566743695077,0.0,0.0,0.0
CodeBERT-Devign-local,bigvul-b4c01141e5367f247b84dcaf6aefbb4e741842b8-483,comment_banner,CWE-399,0.0016291212461836957,1.0,0.0,0.0
CodeBERT-Devign-local,bigvul-b4c01141e5367f247b84dcaf6aefbb4e741842b8-483,control_flow_rewrite,CWE-399,0.001240478828797964,1.0,0.0,0.0
CodeBERT-Devign-local,bigvul-b4c01141e5367f247b84dcaf6aefbb4e741842b8-483,dead_branch_after_opening_brace,CWE-399,0.002584593689792025,1.0,0.0,0.0
CodeBERT-Devign-local,bigvul-b4c01141e5367f247b84dcaf6aefbb4e741842b8-483,identifier_renaming,CWE-399,-0.0013109092013718349,0.0,0.0,0.0
CodeBERT-Devign-local,bigvul-b4c01141e5367f247b84dcaf6aefbb4e741842b8-483,original,CWE-399,0.001240478828797964,1.0,0.0,0.0
CodeBERT-Devign-local,bigvul-b4c01141e5367f247b84dcaf6aefbb4e741842b8-483,safe_dead_code_carrier,CWE-399,0.002568367123226334,1.0,0.0,0.0
CodeBERT-Devign-local,bigvul-b589096f907052b3a4da2b9ccc9b0e2e888dfc18-5,blank_line_expansion,CWE-119,-0.00013854549377345649,0.0,0.0,0.0
CodeBERT-Devign-local,bigvul-b589096f907052b3a4da2b9ccc9b0e2e888dfc18-5,brace_line_shift,CWE-119,-0.00013854549377345649,0.0,0.0,0.0
CodeBERT-Devign-local,bigvul-b589096f907052b3a4da2b9ccc9b0e2e888dfc18-5,code_normalization_abstraction,CWE-119,-0.00013854549377345649,0.0,0.0,0.0
CodeBERT-Devign-local,bigvul-b589096f907052b3a4da2b9ccc9b0e2e888dfc18-5,comment_banner,CWE-119,-0.00018222460551275965,0.0,0.0,0.0
CodeBERT-Devign-local,bigvul-b589096f907052b3a4da2b9ccc9b0e2e888dfc18-5,control_flow_rewrite,CWE-119,-0.00013854549377345649,0.0,0.0,0.0
CodeBERT-Devign-local,bigvul-b589096f907052b3a4da2b9ccc9b0e2e888dfc18-5,dead_branch_after_opening_brace,CWE-119,-0.00011479619584875422,0.0,0.0,0.0
CodeBERT-Devign-local,bigvul-b589096f907052b3a4da2b9ccc9b0e2e888dfc18-5,identifier_renaming,CWE-119,-0.002476054121250515,0.0,0.0,0.0
CodeBERT-Devign-local,bigvul-b589096f907052b3a4da2b9ccc9b0e2e888dfc18-5,original,CWE-119,-0.00013854549377345649,0.0,0.0,0.0
CodeBERT-Devign-local,bigvul-b589096f907052b3a4da2b9ccc9b0e2e888dfc18-5,safe_dead_code_carrier,CWE-119,-0.00011127468368887783,0.0,0.0,0.0
CodeBERT-Devign-local,bigvul-b61d35eaccc0a7ddeff8a1c3abfcd0a43ccf210b-775,blank_line_expansion,CWE-476,0.0013689281034426903,1.0,0.0,0.0
CodeBERT-Devign-local,bigvul-b61d35eaccc0a7ddeff8a1c3abfcd0a43ccf210b-775,brace_line_shift,CWE-476,0.001899974058230669,1.0,0.0,0.0
CodeBERT-Devign-local,bigvul-b61d35eaccc0a7ddeff8a1c3abfcd0a43ccf210b-775,code_normalization_abstraction,CWE-476,0.001899974058230669,1.0,0.0,0.0
CodeBERT-Devign-local,bigvul-b61d35eaccc0a7ddeff8a1c3abfcd0a43ccf210b-775,comment_banner,CWE-476,0.0,0.0,1.0,0.0
CodeBERT-Devign-local,bigvul-b61d35eaccc0a7ddeff8a1c3abfcd0a43ccf210b-775,control_flow_rewrite,CWE-476,0.001899974058230669,1.0,0.0,0.0
CodeBERT-Devign-local,bigvul-b61d35eaccc0a7ddeff8a1c3abfcd0a43ccf210b-775,dead_branch_after_opening_brace,CWE-476,0.0,0.0,1.0,0.0
CodeBERT-Devign-local,bigvul-b61d35eaccc0a7ddeff8a1c3abfcd0a43ccf210b-775,identifier_renaming,CWE-476,0.0,0.0,1.0,0.0
CodeBERT-Devign-local,bigvul-b61d35eaccc0a7ddeff8a1c3abfcd0a43ccf210b-775,original,CWE-476,0.001899974058230669,1.0,0.0,0.0
CodeBERT-Devign-local,bigvul-b61d35eaccc0a7ddeff8a1c3abfcd0a43ccf210b-775,safe_dead_code_carrier,CWE-476,-0.0019767616907959695,0.0,0.0,0.0
CodeBERT-Devign-local,bigvul-b944f670bb7a8a919daac497a4ea0536c954c201-2892,blank_line_expansion,CWE-20,0.0034995677090666755,1.0,0.0,0.0
CodeBERT-Devign-local,bigvul-b944f670bb7a8a919daac497a4ea0536c954c201-2892,brace_line_shift,CWE-20,0.0034995677090666755,1.0,0.0,0.0
CodeBERT-Devign-local,bigvul-b944f670bb7a8a919daac497a4ea0536c954c201-2892,code_normalization_abstraction,CWE-20,0.003206182843468297,1.0,0.0,0.0
CodeBERT-Devign-local,bigvul-b944f670bb7a8a919daac497a4ea0536c954c201-2892,comment_banner,CWE-20,0.0036458663019555138,1.0,0.0,0.0
CodeBERT-Devign-local,bigvul-b944f670bb7a8a919daac497a4ea0536c954c201-2892,control_flow_rewrite,CWE-20,0.0034995677090666755,1.0,0.0,0.0
CodeBERT-Devign-local,bigvul-b944f670bb7a8a919daac497a4ea0536c954c201-2892,dead_branch_after_opening_brace,CWE-20,0.003413646842690965,1.0,0.0,0.0
CodeBERT-Devign-local,bigvul-b944f670bb7a8a919daac497a4ea0536c954c201-2892,identifier_renaming,CWE-20,0.0034995677090666755,1.0,0.0,0.0
CodeBERT-Devign-local,bigvul-b944f670bb7a8a919daac497a4ea0536c954c201-2892,original,CWE-20,0.0034995677090666755,1.0,0.0,0.0
CodeBERT-Devign-local,bigvul-b944f670bb7a8a919daac497a4ea0536c954c201-2892,safe_dead_code_carrier,CWE-20,0.003378197280803019,1.0,0.0,0.0
CodeBERT-Devign-local,bigvul-ba3021b2c79b2fa9114f92790a99deb27a65b728-2670,blank_line_expansion,CWE-200,0.008477390422037101,1.0,0.0,0.0
CodeBERT-Devign-local,bigvul-ba3021b2c79b2fa9114f92790a99deb27a65b728-2670,brace_line_shift,CWE-200,0.008477390422037101,1.0,0.0,0.0
CodeBERT-Devign-local,bigvul-ba3021b2c79b2fa9114f92790a99deb27a65b728-2670,code_normalization_abstraction,CWE-200,0.008273853805789044,1.0,0.0,0.0
CodeBERT-Devign-local,bigvul-ba3021b2c79b2fa9114f92790a99deb27a65b728-2670,comment_banner,CWE-200,0.007754279363130889,1.0,0.0,0.0
CodeBERT-Devign-local,bigvul-ba3021b2c79b2fa9114f92790a99deb27a65b728-2670,control_flow_rewrite,CWE-200,0.008477390422037101,1.0,0.0,0.0
CodeBERT-Devign-local,bigvul-ba3021b2c79b2fa9114f92790a99deb27a65b728-2670,dead_branch_after_opening_brace,CWE-200,0.008528976482281236,1.0,0.0,0.0
CodeBERT-Devign-local,bigvul-ba3021b2c79b2fa9114f92790a99deb27a65b728-2670,identifier_renaming,CWE-200,0.005204017677540862,1.0,0.0,0.0
CodeBERT-Devign-local,bigvul-ba3021b2c79b2fa9114f92790a99deb27a65b728-2670,original,CWE-200,0.008477390422037101,1.0,0.0,0.0
CodeBERT-Devign-local,bigvul-ba3021b2c79b2fa9114f92790a99deb27a65b728-2670,safe_dead_code_carrier,CWE-200,0.008580713886538804,1.0,0.0,0.0
CodeBERT-Devign-local,bigvul-bb4a21e98656fe2c7d98ba2163e6defe9a630e2b-2788,blank_line_expansion,CWE-264,0.021351627286204933,1.0,0.0,0.0
CodeBERT-Devign-local,bigvul-bb4a21e98656fe2c7d98ba2163e6defe9a630e2b-2788,brace_line_shift,CWE-264,0.021351627286204933,1.0,0.0,0.0
CodeBERT-Devign-local,bigvul-bb4a21e98656fe2c7d98ba2163e6defe9a630e2b-2788,code_normalization_abstraction,CWE-264,0.021351627286204933,1.0,0.0,0.0
CodeBERT-Devign-local,bigvul-bb4a21e98656fe2c7d98ba2163e6defe9a630e2b-2788,comment_banner,CWE-264,0.02105715383096618,1.0,0.0,0.0
CodeBERT-Devign-local,bigvul-bb4a21e98656fe2c7d98ba2163e6defe9a630e2b-2788,control_flow_rewrite,CWE-264,0.021351627286204933,1.0,0.0,0.0
CodeBERT-Devign-local,bigvul-bb4a21e98656fe2c7d98ba2163e6defe9a630e2b-2788,dead_branch_after_opening_brace,CWE-264,0.02066328006038798,1.0,0.0,0.0
CodeBERT-Devign-local,bigvul-bb4a21e98656fe2c7d98ba2163e6defe9a630e2b-2788,identifier_renaming,CWE-264,0.022286957094975968,1.0,0.0,0.0
CodeBERT-Devign-local,bigvul-bb4a21e98656fe2c7d98ba2163e6defe9a630e2b-2788,original,CWE-264,0.021351627286204933,1.0,0.0,0.0
CodeBERT-Devign-local,bigvul-bb4a21e98656fe2c7d98ba2163e6defe9a630e2b-2788,safe_dead_code_carrier,CWE-264,0.02031556755768832,1.0,0.0,0.0
CodeBERT-Devign-local,bigvul-bceb03fd2be95097a7b409ea59914f332fb6bc86-655,blank_line_expansion,CWE-125,0.0,0.0,1.0,0.0
CodeBERT-Devign-local,bigvul-bceb03fd2be95097a7b409ea59914f332fb6bc86-655,brace_line_shift,CWE-125,0.0,0.0,1.0,0.0
CodeBERT-Devign-local,bigvul-bceb03fd2be95097a7b409ea59914f332fb6bc86-655,code_normalization_abstraction,CWE-125,0.0,0.0,1.0,0.0
CodeBERT-Devign-local,bigvul-bceb03fd2be95097a7b409ea59914f332fb6bc86-655,comment_banner,CWE-125,0.0,0.0,1.0,0.0
CodeBERT-Devign-local,bigvul-bceb03fd2be95097a7b409ea59914f332fb6bc86-655,control_flow_rewrite,CWE-125,0.0,0.0,1.0,0.0
CodeBERT-Devign-local,bigvul-bceb03fd2be95097a7b409ea59914f332fb6bc86-655,dead_branch_after_opening_brace,CWE-125,0.0,0.0,1.0,0.0
CodeBERT-Devign-local,bigvul-bceb03fd2be95097a7b409ea59914f332fb6bc86-655,identifier_renaming,CWE-125,0.0,0.0,1.0,0.0
CodeBERT-Devign-local,bigvul-bceb03fd2be95097a7b409ea59914f332fb6bc86-655,original,CWE-125,0.0,0.0,1.0,0.0
CodeBERT-Devign-local,bigvul-bceb03fd2be95097a7b409ea59914f332fb6bc86-655,safe_dead_code_carrier,CWE-125,0.0,0.0,1.0,0.0
CodeBERT-Devign-local,bigvul-bd1bab05083d80464fea854bf4b5c49aaf1b8401-2075,blank_line_expansion,CWE-119,0.004770699897714503,1.0,0.0,0.0
CodeBERT-Devign-local,bigvul-bd1bab05083d80464fea854bf4b5c49aaf1b8401-2075,brace_line_shift,CWE-119,0.004770699897714503,1.0,0.0,0.0
CodeBERT-Devign-local,bigvul-bd1bab05083d80464fea854bf4b5c49aaf1b8401-2075,code_normalization_abstraction,CWE-119,0.0047879036386377916,1.0,0.0,0.0
CodeBERT-Devign-local,bigvul-bd1bab05083d80464fea854bf4b5c49aaf1b8401-2075,comment_banner,CWE-119,0.004760060100149011,1.0,0.0,0.0
CodeBERT-Devign-local,bigvul-bd1bab05083d80464fea854bf4b5c49aaf1b8401-2075,control_flow_rewrite,CWE-119,0.004770699897714503,1.0,0.0,0.0
CodeBERT-Devign-local,bigvul-bd1bab05083d80464fea854bf4b5c49aaf1b8401-2075,dead_branch_after_opening_brace,CWE-119,0.004779878443148533,1.0,0.0,0.0
CodeBERT-Devign-local,bigvul-bd1bab05083d80464fea854bf4b5c49aaf1b8401-2075,identifier_renaming,CWE-119,0.0047704228659735115,1.0,0.0,0.0
CodeBERT-Devign-local,bigvul-bd1bab05083d80464fea854bf4b5c49aaf1b8401-2075,original,CWE-119,0.004770699897714503,1.0,0.0,0.0
CodeBERT-Devign-local,bigvul-bd1bab05083d80464fea854bf4b5c49aaf1b8401-2075,safe_dead_code_carrier,CWE-119,0.004781392055305922,1.0,0.0,0.0
CodeBERT-Devign-local,bigvul-be0726d33cb8f411945884664924bed3cb8c70ee-2661,blank_line_expansion,CWE-19,-0.00475915202130861,0.0,0.0,0.0
CodeBERT-Devign-local,bigvul-be0726d33cb8f411945884664924bed3cb8c70ee-2661,brace_line_shift,CWE-19,-0.00475915202130861,0.0,0.0,0.0
CodeBERT-Devign-local,bigvul-be0726d33cb8f411945884664924bed3cb8c70ee-2661,code_normalization_abstraction,CWE-19,-0.0048084601771190005,0.0,0.0,0.0
CodeBERT-Devign-local,bigvul-be0726d33cb8f411945884664924bed3cb8c70ee-2661,comment_banner,CWE-19,-0.004928156094051617,0.0,0.0,0.0
CodeBERT-Devign-local,bigvul-be0726d33cb8f411945884664924bed3cb8c70ee-2661,control_flow_rewrite,CWE-19,-0.00475915202130861,0.0,0.0,0.0
CodeBERT-Devign-local,bigvul-be0726d33cb8f411945884664924bed3cb8c70ee-2661,dead_branch_after_opening_brace,CWE-19,-0.0047159352546461974,0.0,0.0,0.0
CodeBERT-Devign-local,bigvul-be0726d33cb8f411945884664924bed3cb8c70ee-2661,identifier_renaming,CWE-19,-0.00568171169277365,0.0,0.0,0.0
CodeBERT-Devign-local,bigvul-be0726d33cb8f411945884664924bed3cb8c70ee-2661,original,CWE-19,-0.00475915202130861,0.0,0.0,0.0
CodeBERT-Devign-local,bigvul-be0726d33cb8f411945884664924bed3cb8c70ee-2661,safe_dead_code_carrier,CWE-19,-0.004687223770109772,0.0,0.0,0.0
CodeBERT-Devign-local,bigvul-c03aa9f6e1f938618e6db2e23afef0574efeeb65-533,blank_line_expansion,CWE-399,-0.0048270690321869925,0.0,0.0,0.0
CodeBERT-Devign-local,bigvul-c03aa9f6e1f938618e6db2e23afef0574efeeb65-533,brace_line_shift,CWE-399,-0.005358092147861426,0.0,0.0,0.0
CodeBERT-Devign-local,bigvul-c03aa9f6e1f938618e6db2e23afef0574efeeb65-533,code_normalization_abstraction,CWE-399,-0.00553636787356071,0.0,0.0,0.0
CodeBERT-Devign-local,bigvul-c03aa9f6e1f938618e6db2e23afef0574efeeb65-533,comment_banner,CWE-399,-0.005903806711030302,0.0,0.0,0.0
CodeBERT-Devign-local,bigvul-c03aa9f6e1f938618e6db2e23afef0574efeeb65-533,control_flow_rewrite,CWE-399,-0.00553636787356071,0.0,0.0,0.0
CodeBERT-Devign-local,bigvul-c03aa9f6e1f938618e6db2e23afef0574efeeb65-533,dead_branch_after_opening_brace,CWE-399,-0.006144162392464514,0.0,0.0,0.0
CodeBERT-Devign-local,bigvul-c03aa9f6e1f938618e6db2e23afef0574efeeb65-533,identifier_renaming,CWE-399,-0.005731373353500491,0.0,0.0,0.0
CodeBERT-Devign-local,bigvul-c03aa9f6e1f938618e6db2e23afef0574efeeb65-533,original,CWE-399,-0.00553636787356071,0.0,0.0,0.0
CodeBERT-Devign-local,bigvul-c03aa9f6e1f938618e6db2e23afef0574efeeb65-533,safe_dead_code_carrier,CWE-399,-0.006234230978906519,0.0,0.0,0.0
CodeBERT-Devign-local,bigvul-c0c8978849ac57e4ecd613ddc8ff7852a2054734-1529,blank_line_expansion,CWE-732,0.04859473766732092,1.0,0.0,0.0
CodeBERT-Devign-local,bigvul-c0c8978849ac57e4ecd613ddc8ff7852a2054734-1529,brace_line_shift,CWE-732,0.04859473766732092,1.0,0.0,0.0
CodeBERT-Devign-local,bigvul-c0c8978849ac57e4ecd613ddc8ff7852a2054734-1529,code_normalization_abstraction,CWE-732,0.04859473766732092,1.0,0.0,0.0
CodeBERT-Devign-local,bigvul-c0c8978849ac57e4ecd613ddc8ff7852a2054734-1529,comment_banner,CWE-732,0.05634852851654337,1.0,0.0,0.0
CodeBERT-Devign-local,bigvul-c0c8978849ac57e4ecd613ddc8ff7852a2054734-1529,control_flow_rewrite,CWE-732,0.04859473766732092,1.0,0.0,0.0
CodeBERT-Devign-local,bigvul-c0c8978849ac57e4ecd613ddc8ff7852a2054734-1529,dead_branch_after_opening_brace,CWE-732,0.041109280682915694,1.0,0.0,0.0
CodeBERT-Devign-local,bigvul-c0c8978849ac57e4ecd613ddc8ff7852a2054734-1529,identifier_renaming,CWE-732,0.04859473766732092,1.0,0.0,0.0
CodeBERT-Devign-local,bigvul-c0c8978849ac57e4ecd613ddc8ff7852a2054734-1529,original,CWE-732,0.04859473766732092,1.0,0.0,0.0
CodeBERT-Devign-local,bigvul-c0c8978849ac57e4ecd613ddc8ff7852a2054734-1529,safe_dead_code_carrier,CWE-732,0.03831867520565885,1.0,0.0,0.0
CodeBERT-Devign-local,bigvul-c0c8978849ac57e4ecd613ddc8ff7852a2054734-2390,blank_line_expansion,CWE-732,0.06998563755085296,1.0,0.0,1.0
CodeBERT-Devign-local,bigvul-c0c8978849ac57e4ecd613ddc8ff7852a2054734-2390,brace_line_shift,CWE-732,0.06998563755085296,1.0,0.0,1.0
CodeBERT-Devign-local,bigvul-c0c8978849ac57e4ecd613ddc8ff7852a2054734-2390,code_normalization_abstraction,CWE-732,0.06998563755085296,1.0,0.0,1.0
CodeBERT-Devign-local,bigvul-c0c8978849ac57e4ecd613ddc8ff7852a2054734-2390,comment_banner,CWE-732,0.07353142299093068,1.0,0.0,1.0
CodeBERT-Devign-local,bigvul-c0c8978849ac57e4ecd613ddc8ff7852a2054734-2390,control_flow_rewrite,CWE-732,0.06998563755085296,1.0,0.0,1.0
CodeBERT-Devign-local,bigvul-c0c8978849ac57e4ecd613ddc8ff7852a2054734-2390,dead_branch_after_opening_brace,CWE-732,0.06584093966363902,1.0,0.0,0.0
CodeBERT-Devign-local,bigvul-c0c8978849ac57e4ecd613ddc8ff7852a2054734-2390,identifier_renaming,CWE-732,0.06147596344380796,1.0,0.0,0.0
CodeBERT-Devign-local,bigvul-c0c8978849ac57e4ecd613ddc8ff7852a2054734-2390,original,CWE-732,0.06998563755085296,1.0,0.0,1.0
CodeBERT-Devign-local,bigvul-c0c8978849ac57e4ecd613ddc8ff7852a2054734-2390,safe_dead_code_carrier,CWE-732,0.06404283429283358,1.0,0.0,0.0
CodeBERT-Devign-local,bigvul-c25b198675380f713a56649c857b4367601d4a3d-2581,blank_line_expansion,CWE-200,-0.018512359492629804,0.0,0.0,0.0
CodeBERT-Devign-local,bigvul-c25b198675380f713a56649c857b4367601d4a3d-2581,brace_line_shift,CWE-200,-0.018512359492629804,0.0,0.0,0.0
CodeBERT-Devign-local,bigvul-c25b198675380f713a56649c857b4367601d4a3d-2581,code_normalization_abstraction,CWE-200,-0.018512359492629804,0.0,0.0,0.0
CodeBERT-Devign-local,bigvul-c25b198675380f713a56649c857b4367601d4a3d-2581,comment_banner,CWE-200,-0.011503678531472106,0.0,0.0,0.0
CodeBERT-Devign-local,bigvul-c25b198675380f713a56649c857b4367601d4a3d-2581,control_flow_rewrite,CWE-200,-0.018512359492629804,0.0,0.0,0.0
CodeBERT-Devign-local,bigvul-c25b198675380f713a56649c857b4367601d4a3d-2581,dead_branch_after_opening_brace,CWE-200,-0.01999683697745458,0.0,0.0,0.0
CodeBERT-Devign-local,bigvul-c25b198675380f713a56649c857b4367601d4a3d-2581,identifier_renaming,CWE-200,-0.018512359492629804,0.0,0.0,0.0
CodeBERT-Devign-local,bigvul-c25b198675380f713a56649c857b4367601d4a3d-2581,original,CWE-200,-0.018512359492629804,0.0,0.0,0.0
CodeBERT-Devign-local,bigvul-c25b198675380f713a56649c857b4367601d4a3d-2581,safe_dead_code_carrier,CWE-200,-0.022115336600023128,0.0,0.0,0.0
CodeBERT-Devign-local,bigvul-c55aee1bf0e6b6feec8b2927b43f7a09a6d5f754-1241,blank_line_expansion,unknown,0.004837456674610885,1.0,0.0,0.0
CodeBERT-Devign-local,bigvul-c55aee1bf0e6b6feec8b2927b43f7a09a6d5f754-1241,brace_line_shift,unknown,0.004837456674610885,1.0,0.0,0.0
CodeBERT-Devign-local,bigvul-c55aee1bf0e6b6feec8b2927b43f7a09a6d5f754-1241,code_normalization_abstraction,unknown,0.003529503590936345,1.0,0.0,0.0
CodeBERT-Devign-local,bigvul-c55aee1bf0e6b6feec8b2927b43f7a09a6d5f754-1241,comment_banner,unknown,0.004292356175613965,1.0,0.0,0.0
CodeBERT-Devign-local,bigvul-c55aee1bf0e6b6feec8b2927b43f7a09a6d5f754-1241,control_flow_rewrite,unknown,0.004837456674610885,1.0,0.0,0.0
CodeBERT-Devign-local,bigvul-c55aee1bf0e6b6feec8b2927b43f7a09a6d5f754-1241,dead_branch_after_opening_brace,unknown,0.004971277404276664,1.0,0.0,0.0
CodeBERT-Devign-local,bigvul-c55aee1bf0e6b6feec8b2927b43f7a09a6d5f754-1241,identifier_renaming,unknown,0.004837456674610885,1.0,0.0,0.0
CodeBERT-Devign-local,bigvul-c55aee1bf0e6b6feec8b2927b43f7a09a6d5f754-1241,original,unknown,0.004837456674610885,1.0,0.0,0.0
CodeBERT-Devign-local,bigvul-c55aee1bf0e6b6feec8b2927b43f7a09a6d5f754-1241,safe_dead_code_carrier,unknown,0.005074841201396507,1.0,0.0,0.0
CodeBERT-Devign-local,bigvul-c8f0723d2b4520bdd6b9eb7c3e7976de726d7ff7-1748,blank_line_expansion,CWE-119,0.003132593372476511,1.0,0.0,0.0
CodeBERT-Devign-local,bigvul-c8f0723d2b4520bdd6b9eb7c3e7976de726d7ff7-1748,brace_line_shift,CWE-119,0.003132593372476511,1.0,0.0,0.0
CodeBERT-Devign-local,bigvul-c8f0723d2b4520bdd6b9eb7c3e7976de726d7ff7-1748,code_normalization_abstraction,CWE-119,0.003131605967030049,1.0,0.0,0.0
CodeBERT-Devign-local,bigvul-c8f0723d2b4520bdd6b9eb7c3e7976de726d7ff7-1748,comment_banner,CWE-119,0.0030981554950148538,1.0,0.0,0.0
CodeBERT-Devign-local,bigvul-c8f0723d2b4520bdd6b9eb7c3e7976de726d7ff7-1748,control_flow_rewrite,CWE-119,0.003132593372476511,1.0,0.0,0.0
CodeBERT-Devign-local,bigvul-c8f0723d2b4520bdd6b9eb7c3e7976de726d7ff7-1748,dead_branch_after_opening_brace,CWE-119,0.0031115309661270962,1.0,0.0,0.0
CodeBERT-Devign-local,bigvul-c8f0723d2b4520bdd6b9eb7c3e7976de726d7ff7-1748,identifier_renaming,CWE-119,0.003132593372476511,1.0,0.0,0.0
CodeBERT-Devign-local,bigvul-c8f0723d2b4520bdd6b9eb7c3e7976de726d7ff7-1748,original,CWE-119,0.003132593372476511,1.0,0.0,0.0
CodeBERT-Devign-local,bigvul-c8f0723d2b4520bdd6b9eb7c3e7976de726d7ff7-1748,safe_dead_code_carrier,CWE-119,0.0031027772345882942,1.0,0.0,0.0
CodeBERT-Devign-local,bigvul-c94f9e854228e0ea00e1de8769d8d3f7cab84a55-123,blank_line_expansion,unknown,0.0078694269493923,1.0,0.0,0.0
CodeBERT-Devign-local,bigvul-c94f9e854228e0ea00e1de8769d8d3f7cab84a55-123,brace_line_shift,unknown,0.0078694269493923,1.0,0.0,0.0
CodeBERT-Devign-local,bigvul-c94f9e854228e0ea00e1de8769d8d3f7cab84a55-123,code_normalization_abstraction,unknown,0.006254252291304163,1.0,0.0,0.0
CodeBERT-Devign-local,bigvul-c94f9e854228e0ea00e1de8769d8d3f7cab84a55-123,comment_banner,unknown,0.008345232947355397,1.0,0.0,0.0
CodeBERT-Devign-local,bigvul-c94f9e854228e0ea00e1de8769d8d3f7cab84a55-123,control_flow_rewrite,unknown,0.0078694269493923,1.0,0.0,0.0
CodeBERT-Devign-local,bigvul-c94f9e854228e0ea00e1de8769d8d3f7cab84a55-123,dead_branch_after_opening_brace,unknown,0.007351667423703412,1.0,0.0,0.0
CodeBERT-Devign-local,bigvul-c94f9e854228e0ea00e1de8769d8d3f7cab84a55-123,identifier_renaming,unknown,0.008848166298735971,1.0,0.0,0.0
CodeBERT-Devign-local,bigvul-c94f9e854228e0ea00e1de8769d8d3f7cab84a55-123,original,unknown,0.0078694269493923,1.0,0.0,0.0
CodeBERT-Devign-local,bigvul-c94f9e854228e0ea00e1de8769d8d3f7cab84a55-123,safe_dead_code_carrier,unknown,0.007008532095806541,1.0,0.0,0.0
CodeBERT-Devign-local,bigvul-c995d4fe5e96f4d6d4a88b7867279b08e72d2579-2230,blank_line_expansion,CWE-119,-0.10704327798084912,0.0,0.0,0.0
CodeBERT-Devign-local,bigvul-c995d4fe5e96f4d6d4a88b7867279b08e72d2579-2230,brace_line_shift,CWE-119,-0.10704327798084912,0.0,0.0,0.0
CodeBERT-Devign-local,bigvul-c995d4fe5e96f4d6d4a88b7867279b08e72d2579-2230,code_normalization_abstraction,CWE-119,-0.08194306246097782,0.0,0.0,0.0
CodeBERT-Devign-local,bigvul-c995d4fe5e96f4d6d4a88b7867279b08e72d2579-2230,comment_banner,CWE-119,-0.1096032257040005,0.0,0.0,0.0
CodeBERT-Devign-local,bigvul-c995d4fe5e96f4d6d4a88b7867279b08e72d2579-2230,control_flow_rewrite,CWE-119,-0.10704327798084912,0.0,0.0,0.0
CodeBERT-Devign-local,bigvul-c995d4fe5e96f4d6d4a88b7867279b08e72d2579-2230,dead_branch_after_opening_brace,CWE-119,-0.07387174859077383,0.0,0.0,0.0
CodeBERT-Devign-local,bigvul-c995d4fe5e96f4d6d4a88b7867279b08e72d2579-2230,identifier_renaming,CWE-119,-0.10704327798084912,0.0,0.0,0.0
CodeBERT-Devign-local,bigvul-c995d4fe5e96f4d6d4a88b7867279b08e72d2579-2230,original,CWE-119,-0.10704327798084912,0.0,0.0,0.0
CodeBERT-Devign-local,bigvul-c995d4fe5e96f4d6d4a88b7867279b08e72d2579-2230,safe_dead_code_carrier,CWE-119,-0.0638278811208346,0.0,0.0,0.0
CodeBERT-Devign-local,bigvul-cd0bd79d6ebdb72183e6f0833673464cc10b3600-28,blank_line_expansion,unknown,-0.004993863367797169,0.0,0.0,0.0
CodeBERT-Devign-local,bigvul-cd0bd79d6ebdb72183e6f0833673464cc10b3600-28,brace_line_shift,unknown,-0.004993863367797169,0.0,0.0,0.0
CodeBERT-Devign-local,bigvul-cd0bd79d6ebdb72183e6f0833673464cc10b3600-28,code_normalization_abstraction,unknown,-0.004993863367797169,0.0,0.0,0.0
CodeBERT-Devign-local,bigvul-cd0bd79d6ebdb72183e6f0833673464cc10b3600-28,comment_banner,unknown,-0.004020422918447342,0.0,0.0,0.0
CodeBERT-Devign-local,bigvul-cd0bd79d6ebdb72183e6f0833673464cc10b3600-28,control_flow_rewrite,unknown,-0.004993863367797169,0.0,0.0,0.0
CodeBERT-Devign-local,bigvul-cd0bd79d6ebdb72183e6f0833673464cc10b3600-28,dead_branch_after_opening_brace,unknown,-0.005199271973320152,0.0,0.0,0.0
CodeBERT-Devign-local,bigvul-cd0bd79d6ebdb72183e6f0833673464cc10b3600-28,identifier_renaming,unknown,-0.004993863367797169,0.0,0.0,0.0
CodeBERT-Devign-local,bigvul-cd0bd79d6ebdb72183e6f0833673464cc10b3600-28,original,unknown,-0.004993863367797169,0.0,0.0,0.0
CodeBERT-Devign-local,bigvul-cd0bd79d6ebdb72183e6f0833673464cc10b3600-28,safe_dead_code_carrier,unknown,-0.005102571994453464,0.0,0.0,0.0
CodeBERT-Devign-local,bigvul-d0947db40187f4708c58e64cbd6013faf9eddeed-2221,blank_line_expansion,CWE-119,0.0032666238737190656,1.0,0.0,0.0
CodeBERT-Devign-local,bigvul-d0947db40187f4708c58e64cbd6013faf9eddeed-2221,brace_line_shift,CWE-119,0.0032666238737190656,1.0,0.0,0.0
CodeBERT-Devign-local,bigvul-d0947db40187f4708c58e64cbd6013faf9eddeed-2221,code_normalization_abstraction,CWE-119,0.0032666238737190656,1.0,0.0,0.0
CodeBERT-Devign-local,bigvul-d0947db40187f4708c58e64cbd6013faf9eddeed-2221,comment_banner,CWE-119,0.0032437330512032347,1.0,0.0,0.0
CodeBERT-Devign-local,bigvul-d0947db40187f4708c58e64cbd6013faf9eddeed-2221,control_flow_rewrite,CWE-119,0.0032666238737190656,1.0,0.0,0.0
CodeBERT-Devign-local,bigvul-d0947db40187f4708c58e64cbd6013faf9eddeed-2221,dead_branch_after_opening_brace,CWE-119,0.0032716965500349526,1.0,0.0,0.0
CodeBERT-Devign-local,bigvul-d0947db40187f4708c58e64cbd6013faf9eddeed-2221,identifier_renaming,CWE-119,0.0032666238737190656,1.0,0.0,0.0
CodeBERT-Devign-local,bigvul-d0947db40187f4708c58e64cbd6013faf9eddeed-2221,original,CWE-119,0.0032666238737190656,1.0,0.0,0.0
CodeBERT-Devign-local,bigvul-d0947db40187f4708c58e64cbd6013faf9eddeed-2221,safe_dead_code_carrier,CWE-119,0.003274280772647409,1.0,0.0,0.0
CodeBERT-Devign-local,bigvul-d27468a832d5316884bd02f459cbf493697fd7e1-992,blank_line_expansion,CWE-254,0.0,0.0,1.0,0.0
CodeBERT-Devign-local,bigvul-d27468a832d5316884bd02f459cbf493697fd7e1-992,brace_line_shift,CWE-254,0.0,0.0,1.0,0.0
CodeBERT-Devign-local,bigvul-d27468a832d5316884bd02f459cbf493697fd7e1-992,code_normalization_abstraction,CWE-254,0.0,0.0,1.0,0.0
CodeBERT-Devign-local,bigvul-d27468a832d5316884bd02f459cbf493697fd7e1-992,comment_banner,CWE-254,0.0,0.0,1.0,0.0
CodeBERT-Devign-local,bigvul-d27468a832d5316884bd02f459cbf493697fd7e1-992,control_flow_rewrite,CWE-254,0.0,0.0,1.0,0.0
CodeBERT-Devign-local,bigvul-d27468a832d5316884bd02f459cbf493697fd7e1-992,dead_branch_after_opening_brace,CWE-254,0.0,0.0,1.0,0.0
CodeBERT-Devign-local,bigvul-d27468a832d5316884bd02f459cbf493697fd7e1-992,identifier_renaming,CWE-254,0.0,0.0,1.0,0.0
CodeBERT-Devign-local,bigvul-d27468a832d5316884bd02f459cbf493697fd7e1-992,original,CWE-254,0.0,0.0,1.0,0.0
CodeBERT-Devign-local,bigvul-d27468a832d5316884bd02f459cbf493697fd7e1-992,safe_dead_code_carrier,CWE-254,0.0,0.0,1.0,0.0
CodeBERT-Devign-local,bigvul-d42b2388f7f8e0332c846675133acea151fc557a-219,blank_line_expansion,CWE-190,0.016226076953783086,1.0,0.0,0.0
CodeBERT-Devign-local,bigvul-d42b2388f7f8e0332c846675133acea151fc557a-219,brace_line_shift,CWE-190,0.016226076953783086,1.0,0.0,0.0
CodeBERT-Devign-local,bigvul-d42b2388f7f8e0332c846675133acea151fc557a-219,code_normalization_abstraction,CWE-190,0.016226076953783086,1.0,0.0,0.0
CodeBERT-Devign-local,bigvul-d42b2388f7f8e0332c846675133acea151fc557a-219,comment_banner,CWE-190,0.01717758159340499,1.0,0.0,0.0
CodeBERT-Devign-local,bigvul-d42b2388f7f8e0332c846675133acea151fc557a-219,control_flow_rewrite,CWE-190,0.016226076953783086,1.0,0.0,0.0
CodeBERT-Devign-local,bigvul-d42b2388f7f8e0332c846675133acea151fc557a-219,dead_branch_after_opening_brace,CWE-190,0.015457077474477665,1.0,0.0,0.0
CodeBERT-Devign-local,bigvul-d42b2388f7f8e0332c846675133acea151fc557a-219,identifier_renaming,CWE-190,-0.07878405417123191,0.0,0.0,0.0
CodeBERT-Devign-local,bigvul-d42b2388f7f8e0332c846675133acea151fc557a-219,original,CWE-190,0.016226076953783086,1.0,0.0,0.0
CodeBERT-Devign-local,bigvul-d42b2388f7f8e0332c846675133acea151fc557a-219,safe_dead_code_carrier,CWE-190,0.015091475205672,1.0,0.0,0.0
CodeBERT-Devign-local,bigvul-d42b2388f7f8e0332c846675133acea151fc557a-839,blank_line_expansion,CWE-190,0.0,0.0,1.0,0.0
CodeBERT-Devign-local,bigvul-d42b2388f7f8e0332c846675133acea151fc557a-839,brace_line_shift,CWE-190,0.0,0.0,1.0,0.0
CodeBERT-Devign-local,bigvul-d42b2388f7f8e0332c846675133acea151fc557a-839,code_normalization_abstraction,CWE-190,0.0,0.0,1.0,0.0
CodeBERT-Devign-local,bigvul-d42b2388f7f8e0332c846675133acea151fc557a-839,comment_banner,CWE-190,0.0,0.0,1.0,0.0
CodeBERT-Devign-local,bigvul-d42b2388f7f8e0332c846675133acea151fc557a-839,control_flow_rewrite,CWE-190,0.0,0.0,1.0,0.0
CodeBERT-Devign-local,bigvul-d42b2388f7f8e0332c846675133acea151fc557a-839,dead_branch_after_opening_brace,CWE-190,0.0,0.0,1.0,0.0
CodeBERT-Devign-local,bigvul-d42b2388f7f8e0332c846675133acea151fc557a-839,identifier_renaming,CWE-190,0.0,0.0,1.0,0.0
CodeBERT-Devign-local,bigvul-d42b2388f7f8e0332c846675133acea151fc557a-839,original,CWE-190,0.0,0.0,1.0,0.0
CodeBERT-Devign-local,bigvul-d42b2388f7f8e0332c846675133acea151fc557a-839,safe_dead_code_carrier,CWE-190,0.0,0.0,1.0,0.0
CodeBERT-Devign-local,bigvul-d63a3c5729df59f183e9e110d5d8385d17caaad0-1769,blank_line_expansion,CWE-416,0.0025716485526374733,1.0,0.0,0.0
CodeBERT-Devign-local,bigvul-d63a3c5729df59f183e9e110d5d8385d17caaad0-1769,brace_line_shift,CWE-416,0.0025716485526374733,1.0,0.0,0.0
CodeBERT-Devign-local,bigvul-d63a3c5729df59f183e9e110d5d8385d17caaad0-1769,code_normalization_abstraction,CWE-416,0.0025716485526374733,1.0,0.0,0.0
CodeBERT-Devign-local,bigvul-d63a3c5729df59f183e9e110d5d8385d17caaad0-1769,comment_banner,CWE-416,0.0025570497727320785,1.0,0.0,0.0
CodeBERT-Devign-local,bigvul-d63a3c5729df59f183e9e110d5d8385d17caaad0-1769,control_flow_rewrite,CWE-416,0.0025716485526374733,1.0,0.0,0.0
CodeBERT-Devign-local,bigvul-d63a3c5729df59f183e9e110d5d8385d17caaad0-1769,dead_branch_after_opening_brace,CWE-416,0.0025735220879333776,1.0,0.0,0.0
CodeBERT-Devign-local,bigvul-d63a3c5729df59f183e9e110d5d8385d17caaad0-1769,identifier_renaming,CWE-416,0.0025716485526374733,1.0,0.0,0.0
CodeBERT-Devign-local,bigvul-d63a3c5729df59f183e9e110d5d8385d17caaad0-1769,original,CWE-416,0.0025716485526374733,1.0,0.0,0.0
CodeBERT-Devign-local,bigvul-d63a3c5729df59f183e9e110d5d8385d17caaad0-1769,safe_dead_code_carrier,CWE-416,0.002574139525049368,1.0,0.0,0.0
CodeBERT-Devign-local,bigvul-e21bdfb9c758ac411012ad84f83d26d3f7dd69fb-855,blank_line_expansion,CWE-264,0.016221029727979897,1.0,0.0,0.0
CodeBERT-Devign-local,bigvul-e21bdfb9c758ac411012ad84f83d26d3f7dd69fb-855,brace_line_shift,CWE-264,0.016221029727979897,1.0,0.0,0.0
CodeBERT-Devign-local,bigvul-e21bdfb9c758ac411012ad84f83d26d3f7dd69fb-855,code_normalization_abstraction,CWE-264,0.016999792397380475,1.0,0.0,0.0
CodeBERT-Devign-local,bigvul-e21bdfb9c758ac411012ad84f83d26d3f7dd69fb-855,comment_banner,CWE-264,0.01589188871181635,1.0,0.0,0.0
CodeBERT-Devign-local,bigvul-e21bdfb9c758ac411012ad84f83d26d3f7dd69fb-855,control_flow_rewrite,CWE-264,0.016221029727979897,1.0,0.0,0.0
CodeBERT-Devign-local,bigvul-e21bdfb9c758ac411012ad84f83d26d3f7dd69fb-855,dead_branch_after_opening_brace,CWE-264,0.012831020831390427,1.0,0.0,0.0
CodeBERT-Devign-local,bigvul-e21bdfb9c758ac411012ad84f83d26d3f7dd69fb-855,identifier_renaming,CWE-264,0.016221029727979897,1.0,0.0,0.0
CodeBERT-Devign-local,bigvul-e21bdfb9c758ac411012ad84f83d26d3f7dd69fb-855,original,CWE-264,0.016221029727979897,1.0,0.0,0.0
CodeBERT-Devign-local,bigvul-e21bdfb9c758ac411012ad84f83d26d3f7dd69fb-855,safe_dead_code_carrier,CWE-264,0.012751978871958558,1.0,0.0,0.0
CodeBERT-Devign-local,bigvul-e248db02fbab2ee9162940bc19f087fd7d96cb9d-1187,blank_line_expansion,CWE-119,6.834647567632857e-05,1.0,0.0,0.0
CodeBERT-Devign-local,bigvul-e248db02fbab2ee9162940bc19f087fd7d96cb9d-1187,brace_line_shift,CWE-119,6.834647567632857e-05,1.0,0.0,0.0
CodeBERT-Devign-local,bigvul-e248db02fbab2ee9162940bc19f087fd7d96cb9d-1187,code_normalization_abstraction,CWE-119,-0.001701295272492187,0.0,0.0,0.0
CodeBERT-Devign-local,bigvul-e248db02fbab2ee9162940bc19f087fd7d96cb9d-1187,comment_banner,CWE-119,-0.0005961206867942659,0.0,0.0,0.0
CodeBERT-Devign-local,bigvul-e248db02fbab2ee9162940bc19f087fd7d96cb9d-1187,control_flow_rewrite,CWE-119,6.834647567632857e-05,1.0,0.0,0.0
CodeBERT-Devign-local,bigvul-e248db02fbab2ee9162940bc19f087fd7d96cb9d-1187,dead_branch_after_opening_brace,CWE-119,-2.5627083094725833e-05,0.0,0.0,0.0
CodeBERT-Devign-local,bigvul-e248db02fbab2ee9162940bc19f087fd7d96cb9d-1187,identifier_renaming,CWE-119,-0.0006786987790494692,0.0,0.0,0.0
CodeBERT-Devign-local,bigvul-e248db02fbab2ee9162940bc19f087fd7d96cb9d-1187,original,CWE-119,6.834647567632857e-05,1.0,0.0,0.0
CodeBERT-Devign-local,bigvul-e248db02fbab2ee9162940bc19f087fd7d96cb9d-1187,safe_dead_code_carrier,CWE-119,-6.097605149923968e-05,0.0,0.0,0.0
CodeBERT-Devign-local,bigvul-e89cfcb9090e8c98129ae9160c513f504db74599-1448,blank_line_expansion,CWE-20,-0.07126001396491044,0.0,0.0,0.0
CodeBERT-Devign-local,bigvul-e89cfcb9090e8c98129ae9160c513f504db74599-1448,brace_line_shift,CWE-20,-0.07126001396491044,0.0,0.0,0.0
CodeBERT-Devign-local,bigvul-e89cfcb9090e8c98129ae9160c513f504db74599-1448,code_normalization_abstraction,CWE-20,-0.07126001396491044,0.0,0.0,0.0
CodeBERT-Devign-local,bigvul-e89cfcb9090e8c98129ae9160c513f504db74599-1448,comment_banner,CWE-20,-0.07359852573834919,0.0,0.0,0.0
CodeBERT-Devign-local,bigvul-e89cfcb9090e8c98129ae9160c513f504db74599-1448,control_flow_rewrite,CWE-20,-0.07126001396491044,0.0,0.0,0.0
CodeBERT-Devign-local,bigvul-e89cfcb9090e8c98129ae9160c513f504db74599-1448,dead_branch_after_opening_brace,CWE-20,-0.03496432031525426,0.0,0.0,0.0
CodeBERT-Devign-local,bigvul-e89cfcb9090e8c98129ae9160c513f504db74599-1448,identifier_renaming,CWE-20,-0.07126001396491044,0.0,0.0,0.0
CodeBERT-Devign-local,bigvul-e89cfcb9090e8c98129ae9160c513f504db74599-1448,original,CWE-20,-0.07126001396491044,0.0,0.0,0.0
CodeBERT-Devign-local,bigvul-e89cfcb9090e8c98129ae9160c513f504db74599-1448,safe_dead_code_carrier,CWE-20,-0.03038721061050509,0.0,0.0,0.0
CodeBERT-Devign-local,bigvul-e9372a1bfd3588a80fcf49aa07321f0971dd6091-1128,blank_line_expansion,unknown,-0.007231015898304105,0.0,0.0,0.0
CodeBERT-Devign-local,bigvul-e9372a1bfd3588a80fcf49aa07321f0971dd6091-1128,brace_line_shift,unknown,-0.007231015898304105,0.0,0.0,0.0
CodeBERT-Devign-local,bigvul-e9372a1bfd3588a80fcf49aa07321f0971dd6091-1128,code_normalization_abstraction,unknown,-0.006281260173842007,0.0,0.0,0.0
CodeBERT-Devign-local,bigvul-e9372a1bfd3588a80fcf49aa07321f0971dd6091-1128,comment_banner,unknown,-0.010320724578339657,0.0,0.0,0.0
CodeBERT-Devign-local,bigvul-e9372a1bfd3588a80fcf49aa07321f0971dd6091-1128,control_flow_rewrite,unknown,-0.007231015898304105,0.0,0.0,0.0
CodeBERT-Devign-local,bigvul-e9372a1bfd3588a80fcf49aa07321f0971dd6091-1128,dead_branch_after_opening_brace,unknown,-0.007174783590289668,0.0,0.0,0.0
CodeBERT-Devign-local,bigvul-e9372a1bfd3588a80fcf49aa07321f0971dd6091-1128,identifier_renaming,unknown,-0.007231015898304105,0.0,0.0,0.0
CodeBERT-Devign-local,bigvul-e9372a1bfd3588a80fcf49aa07321f0971dd6091-1128,original,unknown,-0.007231015898304105,0.0,0.0,0.0
CodeBERT-Devign-local,bigvul-e9372a1bfd3588a80fcf49aa07321f0971dd6091-1128,safe_dead_code_carrier,unknown,-0.007337141960335858,0.0,0.0,0.0
CodeBERT-Devign-local,bigvul-e9372a1bfd3588a80fcf49aa07321f0971dd6091-1892,blank_line_expansion,unknown,-0.006473411385736982,0.0,0.0,0.0
CodeBERT-Devign-local,bigvul-e9372a1bfd3588a80fcf49aa07321f0971dd6091-1892,brace_line_shift,unknown,-0.006473411385736982,0.0,0.0,0.0
CodeBERT-Devign-local,bigvul-e9372a1bfd3588a80fcf49aa07321f0971dd6091-1892,code_normalization_abstraction,unknown,-0.00608610820749711,0.0,0.0,0.0
CodeBERT-Devign-local,bigvul-e9372a1bfd3588a80fcf49aa07321f0971dd6091-1892,comment_banner,unknown,-0.006913156136169829,0.0,0.0,0.0
CodeBERT-Devign-local,bigvul-e9372a1bfd3588a80fcf49aa07321f0971dd6091-1892,control_flow_rewrite,unknown,-0.006473411385736982,0.0,0.0,0.0
CodeBERT-Devign-local,bigvul-e9372a1bfd3588a80fcf49aa07321f0971dd6091-1892,dead_branch_after_opening_brace,unknown,-0.006371256976576034,0.0,0.0,0.0
CodeBERT-Devign-local,bigvul-e9372a1bfd3588a80fcf49aa07321f0971dd6091-1892,identifier_renaming,unknown,-0.009076848370792145,0.0,0.0,0.0
CodeBERT-Devign-local,bigvul-e9372a1bfd3588a80fcf49aa07321f0971dd6091-1892,original,unknown,-0.006473411385736982,0.0,0.0,0.0
CodeBERT-Devign-local,bigvul-e9372a1bfd3588a80fcf49aa07321f0971dd6091-1892,safe_dead_code_carrier,unknown,-0.006323407406956583,0.0,0.0,0.0
CodeBERT-Devign-local,bigvul-eaf2e8bce3855d362e53034bd83f0e3aff8714e4-1860,blank_line_expansion,unknown,0.094396860888605,1.0,0.0,0.0
CodeBERT-Devign-local,bigvul-eaf2e8bce3855d362e53034bd83f0e3aff8714e4-1860,brace_line_shift,unknown,0.094396860888605,1.0,0.0,0.0
CodeBERT-Devign-local,bigvul-eaf2e8bce3855d362e53034bd83f0e3aff8714e4-1860,code_normalization_abstraction,unknown,0.094396860888605,1.0,0.0,0.0
CodeBERT-Devign-local,bigvul-eaf2e8bce3855d362e53034bd83f0e3aff8714e4-1860,comment_banner,unknown,0.0963648240957784,1.0,0.0,0.0
CodeBERT-Devign-local,bigvul-eaf2e8bce3855d362e53034bd83f0e3aff8714e4-1860,control_flow_rewrite,unknown,0.094396860888605,1.0,0.0,0.0
CodeBERT-Devign-local,bigvul-eaf2e8bce3855d362e53034bd83f0e3aff8714e4-1860,dead_branch_after_opening_brace,unknown,0.08967828288184987,1.0,0.0,0.0
CodeBERT-Devign-local,bigvul-eaf2e8bce3855d362e53034bd83f0e3aff8714e4-1860,identifier_renaming,unknown,0.094396860888605,1.0,0.0,0.0
CodeBERT-Devign-local,bigvul-eaf2e8bce3855d362e53034bd83f0e3aff8714e4-1860,original,unknown,0.094396860888605,1.0,0.0,0.0
CodeBERT-Devign-local,bigvul-eaf2e8bce3855d362e53034bd83f0e3aff8714e4-1860,safe_dead_code_carrier,unknown,0.08756441194684983,1.0,0.0,0.0
CodeBERT-Devign-local,bigvul-edc7d3035883ddca8413e4fe7689aa2e579ef04a-2146,blank_line_expansion,CWE-125,-0.0010393980217293652,0.0,0.0,0.0
CodeBERT-Devign-local,bigvul-edc7d3035883ddca8413e4fe7689aa2e579ef04a-2146,brace_line_shift,CWE-125,-0.0010393980217293652,0.0,0.0,0.0
CodeBERT-Devign-local,bigvul-edc7d3035883ddca8413e4fe7689aa2e579ef04a-2146,code_normalization_abstraction,CWE-125,-0.0010393980217293652,0.0,0.0,0.0
CodeBERT-Devign-local,bigvul-edc7d3035883ddca8413e4fe7689aa2e579ef04a-2146,comment_banner,CWE-125,-0.007205943125230596,0.0,0.0,0.0
CodeBERT-Devign-local,bigvul-edc7d3035883ddca8413e4fe7689aa2e579ef04a-2146,control_flow_rewrite,CWE-125,-0.0010393980217293652,0.0,0.0,0.0
CodeBERT-Devign-local,bigvul-edc7d3035883ddca8413e4fe7689aa2e579ef04a-2146,dead_branch_after_opening_brace,CWE-125,-0.00298310608742669,0.0,0.0,0.0
CodeBERT-Devign-local,bigvul-edc7d3035883ddca8413e4fe7689aa2e579ef04a-2146,identifier_renaming,CWE-125,-0.0010393980217293652,0.0,0.0,0.0
CodeBERT-Devign-local,bigvul-edc7d3035883ddca8413e4fe7689aa2e579ef04a-2146,original,CWE-125,-0.0010393980217293652,0.0,0.0,0.0
CodeBERT-Devign-local,bigvul-edc7d3035883ddca8413e4fe7689aa2e579ef04a-2146,safe_dead_code_carrier,CWE-125,-0.005660993920804214,0.0,0.0,0.0
CodeBERT-Devign-local,bigvul-edd4a76eb4747bd19ed122df46fa46b452c12a0d-1890,blank_line_expansion,CWE-189,-0.0230622355418853,0.0,0.0,0.0
CodeBERT-Devign-local,bigvul-edd4a76eb4747bd19ed122df46fa46b452c12a0d-1890,brace_line_shift,CWE-189,-0.0230622355418853,0.0,0.0,0.0
CodeBERT-Devign-local,bigvul-edd4a76eb4747bd19ed122df46fa46b452c12a0d-1890,code_normalization_abstraction,CWE-189,-0.02325247201525471,0.0,0.0,0.0
CodeBERT-Devign-local,bigvul-edd4a76eb4747bd19ed122df46fa46b452c12a0d-1890,comment_banner,CWE-189,-0.023847349694197773,0.0,0.0,0.0
CodeBERT-Devign-local,bigvul-edd4a76eb4747bd19ed122df46fa46b452c12a0d-1890,control_flow_rewrite,CWE-189,-0.0230622355418853,0.0,0.0,0.0
CodeBERT-Devign-local,bigvul-edd4a76eb4747bd19ed122df46fa46b452c12a0d-1890,dead_branch_after_opening_brace,CWE-189,-0.022190266476286025,0.0,0.0,0.0
CodeBERT-Devign-local,bigvul-edd4a76eb4747bd19ed122df46fa46b452c12a0d-1890,identifier_renaming,CWE-189,-0.041569266133039184,0.0,0.0,0.0
CodeBERT-Devign-local,bigvul-edd4a76eb4747bd19ed122df46fa46b452c12a0d-1890,original,CWE-189,-0.0230622355418853,0.0,0.0,0.0
CodeBERT-Devign-local,bigvul-edd4a76eb4747bd19ed122df46fa46b452c12a0d-1890,safe_dead_code_carrier,CWE-189,-0.021567786704847103,0.0,0.0,0.0
CodeBERT-Devign-local,bigvul-eea3300239f0b53e172a320eb8de59d0bea65f27-1319,blank_line_expansion,CWE-200,0.04282389046172075,1.0,0.0,0.0
CodeBERT-Devign-local,bigvul-eea3300239f0b53e172a320eb8de59d0bea65f27-1319,brace_line_shift,CWE-200,0.04282389046172075,1.0,0.0,0.0
CodeBERT-Devign-local,bigvul-eea3300239f0b53e172a320eb8de59d0bea65f27-1319,code_normalization_abstraction,CWE-200,0.04941422943196783,1.0,0.0,0.0
CodeBERT-Devign-local,bigvul-eea3300239f0b53e172a320eb8de59d0bea65f27-1319,comment_banner,CWE-200,0.030277008501278457,1.0,0.0,0.0
CodeBERT-Devign-local,bigvul-eea3300239f0b53e172a320eb8de59d0bea65f27-1319,control_flow_rewrite,CWE-200,0.04282389046172075,1.0,0.0,0.0
CodeBERT-Devign-local,bigvul-eea3300239f0b53e172a320eb8de59d0bea65f27-1319,dead_branch_after_opening_brace,CWE-200,0.04672803378418122,1.0,0.0,0.0
CodeBERT-Devign-local,bigvul-eea3300239f0b53e172a320eb8de59d0bea65f27-1319,identifier_renaming,CWE-200,0.04282389046172075,1.0,0.0,0.0
CodeBERT-Devign-local,bigvul-eea3300239f0b53e172a320eb8de59d0bea65f27-1319,original,CWE-200,0.04282389046172075,1.0,0.0,0.0
CodeBERT-Devign-local,bigvul-eea3300239f0b53e172a320eb8de59d0bea65f27-1319,safe_dead_code_carrier,CWE-200,0.04817603408351945,1.0,0.0,0.0
CodeBERT-Devign-local,bigvul-ef85b67385436ddc1998f45f1d6a210f935b3388-2254,blank_line_expansion,CWE-388,-0.027486284154005836,0.0,0.0,0.0
CodeBERT-Devign-local,bigvul-ef85b67385436ddc1998f45f1d6a210f935b3388-2254,brace_line_shift,CWE-388,-0.027486284154005836,0.0,0.0,0.0
CodeBERT-Devign-local,bigvul-ef85b67385436ddc1998f45f1d6a210f935b3388-2254,code_normalization_abstraction,CWE-388,-0.027486284154005836,0.0,0.0,0.0
CodeBERT-Devign-local,bigvul-ef85b67385436ddc1998f45f1d6a210f935b3388-2254,comment_banner,CWE-388,-0.02667240553737049,0.0,0.0,0.0
CodeBERT-Devign-local,bigvul-ef85b67385436ddc1998f45f1d6a210f935b3388-2254,control_flow_rewrite,CWE-388,-0.027486284154005836,0.0,0.0,0.0
CodeBERT-Devign-local,bigvul-ef85b67385436ddc1998f45f1d6a210f935b3388-2254,dead_branch_after_opening_brace,CWE-388,-0.02703603959137091,0.0,0.0,0.0
CodeBERT-Devign-local,bigvul-ef85b67385436ddc1998f45f1d6a210f935b3388-2254,identifier_renaming,CWE-388,-0.027486284154005836,0.0,0.0,0.0
CodeBERT-Devign-local,bigvul-ef85b67385436ddc1998f45f1d6a210f935b3388-2254,original,CWE-388,-0.027486284154005836,0.0,0.0,0.0
CodeBERT-Devign-local,bigvul-ef85b67385436ddc1998f45f1d6a210f935b3388-2254,safe_dead_code_carrier,CWE-388,-0.02674049940567519,0.0,0.0,0.0
CodeBERT-Devign-local,bigvul-f597300439e62f5e921f0d7b1e880b5c1a1f1607-1839,blank_line_expansion,CWE-416,-0.0007999730911275593,0.0,0.0,0.0
CodeBERT-Devign-local,bigvul-f597300439e62f5e921f0d7b1e880b5c1a1f1607-1839,brace_line_shift,CWE-416,-0.0007999730911275593,0.0,0.0,0.0
CodeBERT-Devign-local,bigvul-f597300439e62f5e921f0d7b1e880b5c1a1f1607-1839,code_normalization_abstraction,CWE-416,-0.0007999730911275593,0.0,0.0,0.0
CodeBERT-Devign-local,bigvul-f597300439e62f5e921f0d7b1e880b5c1a1f1607-1839,comment_banner,CWE-416,-0.0008265847502295087,0.0,0.0,0.0
CodeBERT-Devign-local,bigvul-f597300439e62f5e921f0d7b1e880b5c1a1f1607-1839,control_flow_rewrite,CWE-416,-0.0007999730911275593,0.0,0.0,0.0
CodeBERT-Devign-local,bigvul-f597300439e62f5e921f0d7b1e880b5c1a1f1607-1839,dead_branch_after_opening_brace,CWE-416,-0.0007848534942752616,0.0,0.0,0.0
CodeBERT-Devign-local,bigvul-f597300439e62f5e921f0d7b1e880b5c1a1f1607-1839,identifier_renaming,CWE-416,-0.0006994894084111913,0.0,0.0,0.0
CodeBERT-Devign-local,bigvul-f597300439e62f5e921f0d7b1e880b5c1a1f1607-1839,original,CWE-416,-0.0007999730911275593,0.0,0.0,0.0
CodeBERT-Devign-local,bigvul-f597300439e62f5e921f0d7b1e880b5c1a1f1607-1839,safe_dead_code_carrier,CWE-416,-0.0007784328006023578,0.0,0.0,0.0
CodeBERT-Devign-local,bigvul-fc80ab45621bd966f70594c0b7393ec005a94007-2360,blank_line_expansion,CWE-772,-0.041649181765919585,0.0,0.0,0.0
CodeBERT-Devign-local,bigvul-fc80ab45621bd966f70594c0b7393ec005a94007-2360,brace_line_shift,CWE-772,-0.041649181765919585,0.0,0.0,0.0
CodeBERT-Devign-local,bigvul-fc80ab45621bd966f70594c0b7393ec005a94007-2360,code_normalization_abstraction,CWE-772,-0.041189078924199984,0.0,0.0,0.0
CodeBERT-Devign-local,bigvul-fc80ab45621bd966f70594c0b7393ec005a94007-2360,comment_banner,CWE-772,-0.04226752293710245,0.0,0.0,0.0
CodeBERT-Devign-local,bigvul-fc80ab45621bd966f70594c0b7393ec005a94007-2360,control_flow_rewrite,CWE-772,-0.041649181765919585,0.0,0.0,0.0
CodeBERT-Devign-local,bigvul-fc80ab45621bd966f70594c0b7393ec005a94007-2360,dead_branch_after_opening_brace,CWE-772,-0.041314069395548825,0.0,0.0,0.0
CodeBERT-Devign-local,bigvul-fc80ab45621bd966f70594c0b7393ec005a94007-2360,identifier_renaming,CWE-772,-0.04327801008829102,0.0,0.0,0.0
CodeBERT-Devign-local,bigvul-fc80ab45621bd966f70594c0b7393ec005a94007-2360,original,CWE-772,-0.041649181765919585,0.0,0.0,0.0
CodeBERT-Devign-local,bigvul-fc80ab45621bd966f70594c0b7393ec005a94007-2360,safe_dead_code_carrier,CWE-772,-0.041199058272356925,0.0,0.0,0.0
VulBERTa-local,bigvul-04839626ed859623901ebd3a5fd483982186b59d-100,blank_line_expansion,CWE-119,-0.12219007834477469,0.0,0.0,0.0
VulBERTa-local,bigvul-04839626ed859623901ebd3a5fd483982186b59d-100,brace_line_shift,CWE-119,-0.12219007834477469,0.0,0.0,0.0
VulBERTa-local,bigvul-04839626ed859623901ebd3a5fd483982186b59d-100,code_normalization_abstraction,CWE-119,-0.07885968203573979,0.0,0.0,0.0
VulBERTa-local,bigvul-04839626ed859623901ebd3a5fd483982186b59d-100,comment_banner,CWE-119,-0.12219007834477469,0.0,0.0,0.0
VulBERTa-local,bigvul-04839626ed859623901ebd3a5fd483982186b59d-100,control_flow_rewrite,CWE-119,-0.12219007834477469,0.0,0.0,0.0
VulBERTa-local,bigvul-04839626ed859623901ebd3a5fd483982186b59d-100,dead_branch_after_opening_brace,CWE-119,-0.025301795704217256,0.0,0.0,0.0
VulBERTa-local,bigvul-04839626ed859623901ebd3a5fd483982186b59d-100,identifier_renaming,CWE-119,-0.12219007834477469,0.0,0.0,0.0
VulBERTa-local,bigvul-04839626ed859623901ebd3a5fd483982186b59d-100,original,CWE-119,-0.12219007834477469,0.0,0.0,0.0
VulBERTa-local,bigvul-04839626ed859623901ebd3a5fd483982186b59d-100,safe_dead_code_carrier,CWE-119,0.0032235146498083567,1.0,0.0,0.0
VulBERTa-local,bigvul-04839626ed859623901ebd3a5fd483982186b59d-595,blank_line_expansion,CWE-119,-0.31403346394560455,0.0,0.0,0.0
VulBERTa-local,bigvul-04839626ed859623901ebd3a5fd483982186b59d-595,brace_line_shift,CWE-119,-0.31403346394560455,0.0,0.0,0.0
VulBERTa-local,bigvul-04839626ed859623901ebd3a5fd483982186b59d-595,code_normalization_abstraction,CWE-119,-0.2502642253800968,0.0,0.0,0.0
VulBERTa-local,bigvul-04839626ed859623901ebd3a5fd483982186b59d-595,comment_banner,CWE-119,-0.31403346394560455,0.0,0.0,0.0
VulBERTa-local,bigvul-04839626ed859623901ebd3a5fd483982186b59d-595,control_flow_rewrite,CWE-119,-0.31403346394560455,0.0,0.0,0.0
VulBERTa-local,bigvul-04839626ed859623901ebd3a5fd483982186b59d-595,dead_branch_after_opening_brace,CWE-119,-0.22130771275795375,0.0,0.0,0.0
VulBERTa-local,bigvul-04839626ed859623901ebd3a5fd483982186b59d-595,identifier_renaming,CWE-119,-0.31403346394560455,0.0,0.0,0.0
VulBERTa-local,bigvul-04839626ed859623901ebd3a5fd483982186b59d-595,original,CWE-119,-0.31403346394560455,0.0,0.0,0.0
VulBERTa-local,bigvul-04839626ed859623901ebd3a5fd483982186b59d-595,safe_dead_code_carrier,CWE-119,-0.19957872042825298,0.0,0.0,0.0
VulBERTa-local,bigvul-04aaacb936a08d70862d6d9d7e8354721ae46be8-2882,blank_line_expansion,CWE-200,0.018957662841526335,1.0,0.0,0.0
VulBERTa-local,bigvul-04aaacb936a08d70862d6d9d7e8354721ae46be8-2882,brace_line_shift,CWE-200,0.018957662841526335,1.0,0.0,0.0
VulBERTa-local,bigvul-04aaacb936a08d70862d6d9d7e8354721ae46be8-2882,code_normalization_abstraction,CWE-200,0.018957662841526335,1.0,0.0,0.0
VulBERTa-local,bigvul-04aaacb936a08d70862d6d9d7e8354721ae46be8-2882,comment_banner,CWE-200,0.018957662841526335,1.0,0.0,0.0
VulBERTa-local,bigvul-04aaacb936a08d70862d6d9d7e8354721ae46be8-2882,control_flow_rewrite,CWE-200,0.018957662841526335,1.0,0.0,0.0
VulBERTa-local,bigvul-04aaacb936a08d70862d6d9d7e8354721ae46be8-2882,dead_branch_after_opening_brace,CWE-200,0.020048982782640667,1.0,0.0,0.0
VulBERTa-local,bigvul-04aaacb936a08d70862d6d9d7e8354721ae46be8-2882,identifier_renaming,CWE-200,0.018957662841526335,1.0,0.0,0.0
VulBERTa-local,bigvul-04aaacb936a08d70862d6d9d7e8354721ae46be8-2882,original,CWE-200,0.018957662841526335,1.0,0.0,0.0
VulBERTa-local,bigvul-04aaacb936a08d70862d6d9d7e8354721ae46be8-2882,safe_dead_code_carrier,CWE-200,0.020904247327631076,1.0,0.0,0.0
VulBERTa-local,bigvul-0558f33c06bb910e2879e355192227a8e8f0219d-1421,blank_line_expansion,unknown,0.015297854338482852,1.0,0.0,0.0
VulBERTa-local,bigvul-0558f33c06bb910e2879e355192227a8e8f0219d-1421,brace_line_shift,unknown,0.015297854338482852,1.0,0.0,0.0
VulBERTa-local,bigvul-0558f33c06bb910e2879e355192227a8e8f0219d-1421,code_normalization_abstraction,unknown,0.013179996586015541,1.0,0.0,0.0
VulBERTa-local,bigvul-0558f33c06bb910e2879e355192227a8e8f0219d-1421,comment_banner,unknown,0.015297854338482852,1.0,0.0,0.0
VulBERTa-local,bigvul-0558f33c06bb910e2879e355192227a8e8f0219d-1421,control_flow_rewrite,unknown,0.015297854338482852,1.0,0.0,0.0
VulBERTa-local,bigvul-0558f33c06bb910e2879e355192227a8e8f0219d-1421,dead_branch_after_opening_brace,unknown,0.021687380487666164,1.0,0.0,0.0
VulBERTa-local,bigvul-0558f33c06bb910e2879e355192227a8e8f0219d-1421,identifier_renaming,unknown,0.05243551772772975,1.0,0.0,0.0
VulBERTa-local,bigvul-0558f33c06bb910e2879e355192227a8e8f0219d-1421,original,unknown,0.015297854338482852,1.0,0.0,0.0
VulBERTa-local,bigvul-0558f33c06bb910e2879e355192227a8e8f0219d-1421,safe_dead_code_carrier,unknown,0.020933501787519737,1.0,0.0,0.0
VulBERTa-local,bigvul-0a38f71865b63025dce4de1f8cca71979c48d14d-2034,blank_line_expansion,CWE-119,-0.22375591526869643,0.0,0.0,0.0
VulBERTa-local,bigvul-0a38f71865b63025dce4de1f8cca71979c48d14d-2034,brace_line_shift,CWE-119,-0.22375591526869643,0.0,0.0,0.0
VulBERTa-local,bigvul-0a38f71865b63025dce4de1f8cca71979c48d14d-2034,code_normalization_abstraction,CWE-119,-0.22375591526869643,0.0,0.0,0.0
VulBERTa-local,bigvul-0a38f71865b63025dce4de1f8cca71979c48d14d-2034,comment_banner,CWE-119,-0.22375591526869643,0.0,0.0,0.0
VulBERTa-local,bigvul-0a38f71865b63025dce4de1f8cca71979c48d14d-2034,control_flow_rewrite,CWE-119,-0.22375591526869643,0.0,0.0,0.0
VulBERTa-local,bigvul-0a38f71865b63025dce4de1f8cca71979c48d14d-2034,dead_branch_after_opening_brace,CWE-119,-0.15935365017041547,0.0,0.0,0.0
VulBERTa-local,bigvul-0a38f71865b63025dce4de1f8cca71979c48d14d-2034,identifier_renaming,CWE-119,-0.22375591526869643,0.0,0.0,0.0
VulBERTa-local,bigvul-0a38f71865b63025dce4de1f8cca71979c48d14d-2034,original,CWE-119,-0.22375591526869643,0.0,0.0,0.0
VulBERTa-local,bigvul-0a38f71865b63025dce4de1f8cca71979c48d14d-2034,safe_dead_code_carrier,CWE-119,-0.13916435437672087,0.0,0.0,0.0
VulBERTa-local,bigvul-0bd1a6ddb5fb23dfea3e72d60e5e8df4cf5826bc-1777,blank_line_expansion,CWE-264,-0.05160706941204418,0.0,0.0,0.0
VulBERTa-local,bigvul-0bd1a6ddb5fb23dfea3e72d60e5e8df4cf5826bc-1777,brace_line_shift,CWE-264,-0.05160706941204418,0.0,0.0,0.0
VulBERTa-local,bigvul-0bd1a6ddb5fb23dfea3e72d60e5e8df4cf5826bc-1777,code_normalization_abstraction,CWE-264,-0.044411867255044535,0.0,0.0,0.0
VulBERTa-local,bigvul-0bd1a6ddb5fb23dfea3e72d60e5e8df4cf5826bc-1777,comment_banner,CWE-264,-0.05160706941204418,0.0,0.0,0.0
VulBERTa-local,bigvul-0bd1a6ddb5fb23dfea3e72d60e5e8df4cf5826bc-1777,control_flow_rewrite,CWE-264,-0.05160706941204418,0.0,0.0,0.0
VulBERTa-local,bigvul-0bd1a6ddb5fb23dfea3e72d60e5e8df4cf5826bc-1777,dead_branch_after_opening_brace,CWE-264,-0.04967692881030983,0.0,0.0,0.0
VulBERTa-local,bigvul-0bd1a6ddb5fb23dfea3e72d60e5e8df4cf5826bc-1777,identifier_renaming,CWE-264,-0.05437052544871157,0.0,0.0,0.0
VulBERTa-local,bigvul-0bd1a6ddb5fb23dfea3e72d60e5e8df4cf5826bc-1777,original,CWE-264,-0.05160706941204418,0.0,0.0,0.0
VulBERTa-local,bigvul-0bd1a6ddb5fb23dfea3e72d60e5e8df4cf5826bc-1777,safe_dead_code_carrier,CWE-264,-0.04864013987036264,0.0,0.0,0.0
VulBERTa-local,bigvul-0bfc96cb77224736dfa35c3c555d37b3646ef35e-2152,blank_line_expansion,CWE-264,-0.013320427051275285,0.0,0.0,0.0
VulBERTa-local,bigvul-0bfc96cb77224736dfa35c3c555d37b3646ef35e-2152,brace_line_shift,CWE-264,-0.013320427051275285,0.0,0.0,0.0
VulBERTa-local,bigvul-0bfc96cb77224736dfa35c3c555d37b3646ef35e-2152,code_normalization_abstraction,CWE-264,-0.024119561735288897,0.0,0.0,0.0
VulBERTa-local,bigvul-0bfc96cb77224736dfa35c3c555d37b3646ef35e-2152,comment_banner,CWE-264,-0.013320427051275285,0.0,0.0,0.0
VulBERTa-local,bigvul-0bfc96cb77224736dfa35c3c555d37b3646ef35e-2152,control_flow_rewrite,CWE-264,-0.013320427051275285,0.0,0.0,0.0
VulBERTa-local,bigvul-0bfc96cb77224736dfa35c3c555d37b3646ef35e-2152,dead_branch_after_opening_brace,CWE-264,0.00037274894558320115,1.0,0.0,0.0
VulBERTa-local,bigvul-0bfc96cb77224736dfa35c3c555d37b3646ef35e-2152,identifier_renaming,CWE-264,-0.0026767451701210643,0.0,0.0,0.0
VulBERTa-local,bigvul-0bfc96cb77224736dfa35c3c555d37b3646ef35e-2152,original,CWE-264,-0.013320427051275285,0.0,0.0,0.0
VulBERTa-local,bigvul-0bfc96cb77224736dfa35c3c555d37b3646ef35e-2152,safe_dead_code_carrier,CWE-264,0.0027453479175063578,1.0,0.0,0.0
VulBERTa-local,bigvul-0da8b8b801f9276359262f1ef8274c7812d3dfda?w=1-1398,blank_line_expansion,CWE-190,0.0,0.0,1.0,0.0
VulBERTa-local,bigvul-0da8b8b801f9276359262f1ef8274c7812d3dfda?w=1-1398,brace_line_shift,CWE-190,0.0,0.0,1.0,0.0
VulBERTa-local,bigvul-0da8b8b801f9276359262f1ef8274c7812d3dfda?w=1-1398,code_normalization_abstraction,CWE-190,0.0,0.0,1.0,0.0
VulBERTa-local,bigvul-0da8b8b801f9276359262f1ef8274c7812d3dfda?w=1-1398,comment_banner,CWE-190,0.0,0.0,1.0,0.0
VulBERTa-local,bigvul-0da8b8b801f9276359262f1ef8274c7812d3dfda?w=1-1398,control_flow_rewrite,CWE-190,0.0,0.0,1.0,0.0
VulBERTa-local,bigvul-0da8b8b801f9276359262f1ef8274c7812d3dfda?w=1-1398,dead_branch_after_opening_brace,CWE-190,0.0,0.0,1.0,0.0
VulBERTa-local,bigvul-0da8b8b801f9276359262f1ef8274c7812d3dfda?w=1-1398,identifier_renaming,CWE-190,0.0,0.0,1.0,0.0
VulBERTa-local,bigvul-0da8b8b801f9276359262f1ef8274c7812d3dfda?w=1-1398,original,CWE-190,0.0,0.0,1.0,0.0
VulBERTa-local,bigvul-0da8b8b801f9276359262f1ef8274c7812d3dfda?w=1-1398,safe_dead_code_carrier,CWE-190,0.0,0.0,1.0,0.0
VulBERTa-local,bigvul-14f2111f9cec919a450115ce4914f228effca58e-383,blank_line_expansion,CWE-281,-0.004687331261023053,0.0,0.0,0.0
VulBERTa-local,bigvul-14f2111f9cec919a450115ce4914f228effca58e-383,brace_line_shift,CWE-281,-0.004687331261023053,0.0,0.0,0.0
VulBERTa-local,bigvul-14f2111f9cec919a450115ce4914f228effca58e-383,code_normalization_abstraction,CWE-281,-0.004687331261023053,0.0,0.0,0.0
VulBERTa-local,bigvul-14f2111f9cec919a450115ce4914f228effca58e-383,comment_banner,CWE-281,-0.004687331261023053,0.0,0.0,0.0
VulBERTa-local,bigvul-14f2111f9cec919a450115ce4914f228effca58e-383,control_flow_rewrite,CWE-281,-0.004687331261023053,0.0,0.0,0.0
VulBERTa-local,bigvul-14f2111f9cec919a450115ce4914f228effca58e-383,dead_branch_after_opening_brace,CWE-281,-0.004029886641019498,0.0,0.0,0.0
VulBERTa-local,bigvul-14f2111f9cec919a450115ce4914f228effca58e-383,identifier_renaming,CWE-281,4.225843885236058e-05,1.0,0.0,0.0
VulBERTa-local,bigvul-14f2111f9cec919a450115ce4914f228effca58e-383,original,CWE-281,-0.004687331261023053,0.0,0.0,0.0
VulBERTa-local,bigvul-14f2111f9cec919a450115ce4914f228effca58e-383,safe_dead_code_carrier,CWE-281,-0.0036771078634439958,0.0,0.0,0.0
VulBERTa-local,bigvul-19190765882e272a6a2162c89acdb29110f7e3cf-511,blank_line_expansion,unknown,-0.015410659824993678,0.0,0.0,0.0
VulBERTa-local,bigvul-19190765882e272a6a2162c89acdb29110f7e3cf-511,brace_line_shift,unknown,-0.015410659824993678,0.0,0.0,0.0
VulBERTa-local,bigvul-19190765882e272a6a2162c89acdb29110f7e3cf-511,code_normalization_abstraction,unknown,-0.015782133210154148,0.0,0.0,0.0
VulBERTa-local,bigvul-19190765882e272a6a2162c89acdb29110f7e3cf-511,comment_banner,unknown,-0.015410659824993678,0.0,0.0,0.0
VulBERTa-local,bigvul-19190765882e272a6a2162c89acdb29110f7e3cf-511,control_flow_rewrite,unknown,-0.015410659824993678,0.0,0.0,0.0
VulBERTa-local,bigvul-19190765882e272a6a2162c89acdb29110f7e3cf-511,dead_branch_after_opening_brace,unknown,-0.0746915979888052,0.0,0.0,0.0
VulBERTa-local,bigvul-19190765882e272a6a2162c89acdb29110f7e3cf-511,identifier_renaming,unknown,-0.015410659824993678,0.0,0.0,0.0
VulBERTa-local,bigvul-19190765882e272a6a2162c89acdb29110f7e3cf-511,original,unknown,-0.015410659824993678,0.0,0.0,0.0
VulBERTa-local,bigvul-19190765882e272a6a2162c89acdb29110f7e3cf-511,safe_dead_code_carrier,unknown,-0.08691633044585689,0.0,0.0,0.0
VulBERTa-local,bigvul-19190765882e272a6a2162c89acdb29110f7e3cf-556,blank_line_expansion,unknown,-0.029866388220543327,0.0,0.0,0.0
VulBERTa-local,bigvul-19190765882e272a6a2162c89acdb29110f7e3cf-556,brace_line_shift,unknown,-0.029866388220543327,0.0,0.0,0.0
VulBERTa-local,bigvul-19190765882e272a6a2162c89acdb29110f7e3cf-556,code_normalization_abstraction,unknown,-0.029866388220543327,0.0,0.0,0.0
VulBERTa-local,bigvul-19190765882e272a6a2162c89acdb29110f7e3cf-556,comment_banner,unknown,-0.029866388220543327,0.0,0.0,0.0
VulBERTa-local,bigvul-19190765882e272a6a2162c89acdb29110f7e3cf-556,control_flow_rewrite,unknown,-0.029866388220543327,0.0,0.0,0.0
VulBERTa-local,bigvul-19190765882e272a6a2162c89acdb29110f7e3cf-556,dead_branch_after_opening_brace,unknown,-0.05257947862101742,0.0,0.0,0.0
VulBERTa-local,bigvul-19190765882e272a6a2162c89acdb29110f7e3cf-556,identifier_renaming,unknown,-0.029866388220543327,0.0,0.0,0.0
VulBERTa-local,bigvul-19190765882e272a6a2162c89acdb29110f7e3cf-556,original,unknown,-0.029866388220543327,0.0,0.0,0.0
VulBERTa-local,bigvul-19190765882e272a6a2162c89acdb29110f7e3cf-556,safe_dead_code_carrier,unknown,-0.06042036330749878,0.0,0.0,0.0
VulBERTa-local,bigvul-1dcd10aceabbc03bf571ea32b892c522cbe923de-1555,blank_line_expansion,CWE-125,0.010604202503586735,1.0,0.0,0.0
VulBERTa-local,bigvul-1dcd10aceabbc03bf571ea32b892c522cbe923de-1555,brace_line_shift,CWE-125,0.010604202503586735,1.0,0.0,0.0
VulBERTa-local,bigvul-1dcd10aceabbc03bf571ea32b892c522cbe923de-1555,code_normalization_abstraction,CWE-125,0.010604202503586735,1.0,0.0,0.0
VulBERTa-local,bigvul-1dcd10aceabbc03bf571ea32b892c522cbe923de-1555,comment_banner,CWE-125,0.010604202503586735,1.0,0.0,0.0
VulBERTa-local,bigvul-1dcd10aceabbc03bf571ea32b892c522cbe923de-1555,control_flow_rewrite,CWE-125,0.010604202503586735,1.0,0.0,0.0
VulBERTa-local,bigvul-1dcd10aceabbc03bf571ea32b892c522cbe923de-1555,dead_branch_after_opening_brace,CWE-125,0.010558430801590357,1.0,0.0,0.0
VulBERTa-local,bigvul-1dcd10aceabbc03bf571ea32b892c522cbe923de-1555,identifier_renaming,CWE-125,0.0069102127842352035,1.0,0.0,0.0
VulBERTa-local,bigvul-1dcd10aceabbc03bf571ea32b892c522cbe923de-1555,original,CWE-125,0.010604202503586735,1.0,0.0,0.0
VulBERTa-local,bigvul-1dcd10aceabbc03bf571ea32b892c522cbe923de-1555,safe_dead_code_carrier,CWE-125,0.010688770834132333,1.0,0.0,0.0
VulBERTa-local,bigvul-2ac4c6f7b2b2af20c0e2b0ba05367e454cd11b33-241,blank_line_expansion,CWE-400,-0.01657976446823395,0.0,0.0,0.0
VulBERTa-local,bigvul-2ac4c6f7b2b2af20c0e2b0ba05367e454cd11b33-241,brace_line_shift,CWE-400,-0.01657976446823395,0.0,0.0,0.0
VulBERTa-local,bigvul-2ac4c6f7b2b2af20c0e2b0ba05367e454cd11b33-241,code_normalization_abstraction,CWE-400,-0.01657976446823395,0.0,0.0,0.0
VulBERTa-local,bigvul-2ac4c6f7b2b2af20c0e2b0ba05367e454cd11b33-241,comment_banner,CWE-400,-0.01657976446823395,0.0,0.0,0.0
VulBERTa-local,bigvul-2ac4c6f7b2b2af20c0e2b0ba05367e454cd11b33-241,control_flow_rewrite,CWE-400,-0.01657976446823395,0.0,0.0,0.0
VulBERTa-local,bigvul-2ac4c6f7b2b2af20c0e2b0ba05367e454cd11b33-241,dead_branch_after_opening_brace,CWE-400,-0.01639764477606953,0.0,0.0,0.0
VulBERTa-local,bigvul-2ac4c6f7b2b2af20c0e2b0ba05367e454cd11b33-241,identifier_renaming,CWE-400,-0.016632619107640245,0.0,0.0,0.0
VulBERTa-local,bigvul-2ac4c6f7b2b2af20c0e2b0ba05367e454cd11b33-241,original,CWE-400,-0.01657976446823395,0.0,0.0,0.0
VulBERTa-local,bigvul-2ac4c6f7b2b2af20c0e2b0ba05367e454cd11b33-241,safe_dead_code_carrier,CWE-400,-0.01631760331063259,0.0,0.0,0.0
VulBERTa-local,bigvul-3119b232c9c453c98d8fa8b6ae4e37ba18117cd4-2315,blank_line_expansion,CWE-476,0.0,0.0,1.0,0.0
VulBERTa-local,bigvul-3119b232c9c453c98d8fa8b6ae4e37ba18117cd4-2315,brace_line_shift,CWE-476,0.0,0.0,1.0,0.0
VulBERTa-local,bigvul-3119b232c9c453c98d8fa8b6ae4e37ba18117cd4-2315,code_normalization_abstraction,CWE-476,0.0,0.0,1.0,0.0
VulBERTa-local,bigvul-3119b232c9c453c98d8fa8b6ae4e37ba18117cd4-2315,comment_banner,CWE-476,0.0,0.0,1.0,0.0
VulBERTa-local,bigvul-3119b232c9c453c98d8fa8b6ae4e37ba18117cd4-2315,control_flow_rewrite,CWE-476,0.0,0.0,1.0,0.0
VulBERTa-local,bigvul-3119b232c9c453c98d8fa8b6ae4e37ba18117cd4-2315,dead_branch_after_opening_brace,CWE-476,0.0,0.0,1.0,0.0
VulBERTa-local,bigvul-3119b232c9c453c98d8fa8b6ae4e37ba18117cd4-2315,identifier_renaming,CWE-476,0.0,0.0,1.0,0.0
VulBERTa-local,bigvul-3119b232c9c453c98d8fa8b6ae4e37ba18117cd4-2315,original,CWE-476,0.0,0.0,1.0,0.0
VulBERTa-local,bigvul-3119b232c9c453c98d8fa8b6ae4e37ba18117cd4-2315,safe_dead_code_carrier,CWE-476,0.0,0.0,1.0,0.0
VulBERTa-local,bigvul-34cec721d39c76be1e0a600829a7b17bdfb832b6-1759,blank_line_expansion,CWE-835,0.0015137676430919678,1.0,0.0,0.0
VulBERTa-local,bigvul-34cec721d39c76be1e0a600829a7b17bdfb832b6-1759,brace_line_shift,CWE-835,0.0015137676430919678,1.0,0.0,0.0
VulBERTa-local,bigvul-34cec721d39c76be1e0a600829a7b17bdfb832b6-1759,code_normalization_abstraction,CWE-835,0.0015443979450265877,1.0,0.0,0.0
VulBERTa-local,bigvul-34cec721d39c76be1e0a600829a7b17bdfb832b6-1759,comment_banner,CWE-835,0.0015137676430919678,1.0,0.0,0.0
VulBERTa-local,bigvul-34cec721d39c76be1e0a600829a7b17bdfb832b6-1759,control_flow_rewrite,CWE-835,0.0015137676430919678,1.0,0.0,0.0
VulBERTa-local,bigvul-34cec721d39c76be1e0a600829a7b17bdfb832b6-1759,dead_branch_after_opening_brace,CWE-835,0.001503998147785457,1.0,0.0,0.0
VulBERTa-local,bigvul-34cec721d39c76be1e0a600829a7b17bdfb832b6-1759,identifier_renaming,CWE-835,0.0015691007363437537,1.0,0.0,0.0
VulBERTa-local,bigvul-34cec721d39c76be1e0a600829a7b17bdfb832b6-1759,original,CWE-835,0.0015137676430919678,1.0,0.0,0.0
VulBERTa-local,bigvul-34cec721d39c76be1e0a600829a7b17bdfb832b6-1759,safe_dead_code_carrier,CWE-835,0.001494856840252079,1.0,0.0,0.0
VulBERTa-local,bigvul-363b02dab09b3226f3bd1420dad9c72b79a42a76-820,blank_line_expansion,CWE-20,-0.009025466804420845,0.0,0.0,0.0
VulBERTa-local,bigvul-363b02dab09b3226f3bd1420dad9c72b79a42a76-820,brace_line_shift,CWE-20,-0.009025466804420845,0.0,0.0,0.0
VulBERTa-local,bigvul-363b02dab09b3226f3bd1420dad9c72b79a42a76-820,code_normalization_abstraction,CWE-20,-0.009025466804420845,0.0,0.0,0.0
VulBERTa-local,bigvul-363b02dab09b3226f3bd1420dad9c72b79a42a76-820,comment_banner,CWE-20,-0.009025466804420845,0.0,0.0,0.0
VulBERTa-local,bigvul-363b02dab09b3226f3bd1420dad9c72b79a42a76-820,control_flow_rewrite,CWE-20,-0.009025466804420845,0.0,0.0,0.0
VulBERTa-local,bigvul-363b02dab09b3226f3bd1420dad9c72b79a42a76-820,dead_branch_after_opening_brace,CWE-20,-0.009755539935120239,0.0,0.0,0.0
VulBERTa-local,bigvul-363b02dab09b3226f3bd1420dad9c72b79a42a76-820,identifier_renaming,CWE-20,-0.009145110064848527,0.0,0.0,0.0
VulBERTa-local,bigvul-363b02dab09b3226f3bd1420dad9c72b79a42a76-820,original,CWE-20,-0.009025466804420845,0.0,0.0,0.0
VulBERTa-local,bigvul-363b02dab09b3226f3bd1420dad9c72b79a42a76-820,safe_dead_code_carrier,CWE-20,-0.010023679818663034,0.0,0.0,0.0
VulBERTa-local,bigvul-37c88107679d36c419572732b4af6e18bb2f7dce-482,blank_line_expansion,CWE-20,0.040114599335265344,1.0,0.0,0.0
VulBERTa-local,bigvul-37c88107679d36c419572732b4af6e18bb2f7dce-482,brace_line_shift,CWE-20,0.040114599335265344,1.0,0.0,0.0
VulBERTa-local,bigvul-37c88107679d36c419572732b4af6e18bb2f7dce-482,code_normalization_abstraction,CWE-20,0.040114599335265344,1.0,0.0,0.0
VulBERTa-local,bigvul-37c88107679d36c419572732b4af6e18bb2f7dce-482,comment_banner,CWE-20,0.040114599335265344,1.0,0.0,0.0
VulBERTa-local,bigvul-37c88107679d36c419572732b4af6e18bb2f7dce-482,control_flow_rewrite,CWE-20,0.040114599335265344,1.0,0.0,0.0
VulBERTa-local,bigvul-37c88107679d36c419572732b4af6e18bb2f7dce-482,dead_branch_after_opening_brace,CWE-20,0.034706632593904385,1.0,0.0,0.0
VulBERTa-local,bigvul-37c88107679d36c419572732b4af6e18bb2f7dce-482,identifier_renaming,CWE-20,0.040114599335265344,1.0,0.0,0.0
VulBERTa-local,bigvul-37c88107679d36c419572732b4af6e18bb2f7dce-482,original,CWE-20,0.040114599335265344,1.0,0.0,0.0
VulBERTa-local,bigvul-37c88107679d36c419572732b4af6e18bb2f7dce-482,safe_dead_code_carrier,CWE-20,0.03321419528000463,1.0,0.0,0.0
VulBERTa-local,bigvul-3984ef0b72831da8b3ece4745cac4f8575b19098-318,blank_line_expansion,CWE-320,-0.016687378188771418,0.0,0.0,0.0
VulBERTa-local,bigvul-3984ef0b72831da8b3ece4745cac4f8575b19098-318,brace_line_shift,CWE-320,-0.016687378188771418,0.0,0.0,0.0
VulBERTa-local,bigvul-3984ef0b72831da8b3ece4745cac4f8575b19098-318,code_normalization_abstraction,CWE-320,-0.02672193739394746,0.0,0.0,0.0
VulBERTa-local,bigvul-3984ef0b72831da8b3ece4745cac4f8575b19098-318,comment_banner,CWE-320,-0.016687378188771418,0.0,0.0,0.0
VulBERTa-local,bigvul-3984ef0b72831da8b3ece4745cac4f8575b19098-318,control_flow_rewrite,CWE-320,-0.016687378188771418,0.0,0.0,0.0
VulBERTa-local,bigvul-3984ef0b72831da8b3ece4745cac4f8575b19098-318,dead_branch_after_opening_brace,CWE-320,-0.014794511742798555,0.0,0.0,0.0
VulBERTa-local,bigvul-3984ef0b72831da8b3ece4745cac4f8575b19098-318,identifier_renaming,CWE-320,-0.008968047113018351,0.0,0.0,0.0
VulBERTa-local,bigvul-3984ef0b72831da8b3ece4745cac4f8575b19098-318,original,CWE-320,-0.016687378188771418,0.0,0.0,0.0
VulBERTa-local,bigvul-3984ef0b72831da8b3ece4745cac4f8575b19098-318,safe_dead_code_carrier,CWE-320,-0.013528326358937748,0.0,0.0,0.0
VulBERTa-local,bigvul-3b0d77670a0613f409110817455d2137576b485a-1263,blank_line_expansion,CWE-399,0.023680548430847992,1.0,0.0,0.0
VulBERTa-local,bigvul-3b0d77670a0613f409110817455d2137576b485a-1263,brace_line_shift,CWE-399,0.023680548430847992,1.0,0.0,0.0
VulBERTa-local,bigvul-3b0d77670a0613f409110817455d2137576b485a-1263,code_normalization_abstraction,CWE-399,0.03924048504560912,1.0,0.0,0.0
VulBERTa-local,bigvul-3b0d77670a0613f409110817455d2137576b485a-1263,comment_banner,CWE-399,0.023680548430847992,1.0,0.0,0.0
VulBERTa-local,bigvul-3b0d77670a0613f409110817455d2137576b485a-1263,control_flow_rewrite,CWE-399,0.023680548430847992,1.0,0.0,0.0
VulBERTa-local,bigvul-3b0d77670a0613f409110817455d2137576b485a-1263,dead_branch_after_opening_brace,CWE-399,0.03474254694419682,1.0,0.0,0.0
VulBERTa-local,bigvul-3b0d77670a0613f409110817455d2137576b485a-1263,identifier_renaming,CWE-399,0.013205855115290321,1.0,0.0,0.0
VulBERTa-local,bigvul-3b0d77670a0613f409110817455d2137576b485a-1263,original,CWE-399,0.023680548430847992,1.0,0.0,0.0
VulBERTa-local,bigvul-3b0d77670a0613f409110817455d2137576b485a-1263,safe_dead_code_carrier,CWE-399,0.04253865280031033,1.0,0.0,0.0
VulBERTa-local,bigvul-3c8e4852477d5b1e2da877808c998dc57db9460f-2802,blank_line_expansion,CWE-20,0.010122305528350917,1.0,0.0,0.0
VulBERTa-local,bigvul-3c8e4852477d5b1e2da877808c998dc57db9460f-2802,brace_line_shift,CWE-20,0.010122305528350917,1.0,0.0,0.0
VulBERTa-local,bigvul-3c8e4852477d5b1e2da877808c998dc57db9460f-2802,code_normalization_abstraction,CWE-20,0.010122305528350917,1.0,0.0,0.0
VulBERTa-local,bigvul-3c8e4852477d5b1e2da877808c998dc57db9460f-2802,comment_banner,CWE-20,0.010122305528350917,1.0,0.0,0.0
VulBERTa-local,bigvul-3c8e4852477d5b1e2da877808c998dc57db9460f-2802,control_flow_rewrite,CWE-20,0.010122305528350917,1.0,0.0,0.0
VulBERTa-local,bigvul-3c8e4852477d5b1e2da877808c998dc57db9460f-2802,dead_branch_after_opening_brace,CWE-20,0.009416927304616352,1.0,0.0,0.0
VulBERTa-local,bigvul-3c8e4852477d5b1e2da877808c998dc57db9460f-2802,identifier_renaming,CWE-20,0.010122305528350917,1.0,0.0,0.0
VulBERTa-local,bigvul-3c8e4852477d5b1e2da877808c998dc57db9460f-2802,original,CWE-20,0.010122305528350917,1.0,0.0,0.0
VulBERTa-local,bigvul-3c8e4852477d5b1e2da877808c998dc57db9460f-2802,safe_dead_code_carrier,CWE-20,0.00911102864430302,1.0,0.0,0.0
VulBERTa-local,bigvul-3e5dae3b38fdb566fb2b7183e810b82eb3ce6f21-1147,blank_line_expansion,unknown,-0.048221233903976646,0.0,0.0,0.0
VulBERTa-local,bigvul-3e5dae3b38fdb566fb2b7183e810b82eb3ce6f21-1147,brace_line_shift,unknown,-0.048221233903976646,0.0,0.0,0.0
VulBERTa-local,bigvul-3e5dae3b38fdb566fb2b7183e810b82eb3ce6f21-1147,code_normalization_abstraction,unknown,-0.048221233903976646,0.0,0.0,0.0
VulBERTa-local,bigvul-3e5dae3b38fdb566fb2b7183e810b82eb3ce6f21-1147,comment_banner,unknown,-0.048221233903976646,0.0,0.0,0.0
VulBERTa-local,bigvul-3e5dae3b38fdb566fb2b7183e810b82eb3ce6f21-1147,control_flow_rewrite,unknown,-0.048221233903976646,0.0,0.0,0.0
VulBERTa-local,bigvul-3e5dae3b38fdb566fb2b7183e810b82eb3ce6f21-1147,dead_branch_after_opening_brace,unknown,-0.011441069906240109,0.0,0.0,0.0
VulBERTa-local,bigvul-3e5dae3b38fdb566fb2b7183e810b82eb3ce6f21-1147,identifier_renaming,unknown,-0.048221233903976646,0.0,0.0,0.0
VulBERTa-local,bigvul-3e5dae3b38fdb566fb2b7183e810b82eb3ce6f21-1147,original,unknown,-0.048221233903976646,0.0,0.0,0.0
VulBERTa-local,bigvul-3e5dae3b38fdb566fb2b7183e810b82eb3ce6f21-1147,safe_dead_code_carrier,unknown,-0.0005766441332960004,0.0,0.0,0.0
VulBERTa-local,bigvul-42073d54c53a496be40ae84152bbfe2c923ac7bc-2217,blank_line_expansion,CWE-125,-0.0018558209841219586,0.0,0.0,0.0
VulBERTa-local,bigvul-42073d54c53a496be40ae84152bbfe2c923ac7bc-2217,brace_line_shift,CWE-125,-0.0018558209841219586,0.0,0.0,0.0
VulBERTa-local,bigvul-42073d54c53a496be40ae84152bbfe2c923ac7bc-2217,code_normalization_abstraction,CWE-125,-0.001827165888543092,0.0,0.0,0.0
VulBERTa-local,bigvul-42073d54c53a496be40ae84152bbfe2c923ac7bc-2217,comment_banner,CWE-125,-0.0018558209841219586,0.0,0.0,0.0
VulBERTa-local,bigvul-42073d54c53a496be40ae84152bbfe2c923ac7bc-2217,control_flow_rewrite,CWE-125,-0.0018558209841219586,0.0,0.0,0.0
VulBERTa-local,bigvul-42073d54c53a496be40ae84152bbfe2c923ac7bc-2217,dead_branch_after_opening_brace,CWE-125,-0.0018367259540607583,0.0,0.0,0.0
VulBERTa-local,bigvul-42073d54c53a496be40ae84152bbfe2c923ac7bc-2217,identifier_renaming,CWE-125,-0.001916092689123794,0.0,0.0,0.0
VulBERTa-local,bigvul-42073d54c53a496be40ae84152bbfe2c923ac7bc-2217,original,CWE-125,-0.0018558209841219586,0.0,0.0,0.0
VulBERTa-local,bigvul-42073d54c53a496be40ae84152bbfe2c923ac7bc-2217,safe_dead_code_carrier,CWE-125,-0.0018267611771570769,0.0,0.0,0.0
VulBERTa-local,bigvul-45d901b56f578a74b19ba0d10fa5c4c467f19303-1338,blank_line_expansion,CWE-20,0.0009791876885897333,1.0,0.0,0.0
VulBERTa-local,bigvul-45d901b56f578a74b19ba0d10fa5c4c467f19303-1338,brace_line_shift,CWE-20,0.0009791876885897333,1.0,0.0,0.0
VulBERTa-local,bigvul-45d901b56f578a74b19ba0d10fa5c4c467f19303-1338,code_normalization_abstraction,CWE-20,0.0009791876885897333,1.0,0.0,0.0
VulBERTa-local,bigvul-45d901b56f578a74b19ba0d10fa5c4c467f19303-1338,comment_banner,CWE-20,0.0009791876885897333,1.0,0.0,0.0
VulBERTa-local,bigvul-45d901b56f578a74b19ba0d10fa5c4c467f19303-1338,control_flow_rewrite,CWE-20,0.0009791876885897333,1.0,0.0,0.0
VulBERTa-local,bigvul-45d901b56f578a74b19ba0d10fa5c4c467f19303-1338,dead_branch_after_opening_brace,CWE-20,0.0008137049526076856,1.0,0.0,0.0
VulBERTa-local,bigvul-45d901b56f578a74b19ba0d10fa5c4c467f19303-1338,identifier_renaming,CWE-20,0.0007592678163557132,1.0,0.0,0.0
VulBERTa-local,bigvul-45d901b56f578a74b19ba0d10fa5c4c467f19303-1338,original,CWE-20,0.0009791876885897333,1.0,0.0,0.0
VulBERTa-local,bigvul-45d901b56f578a74b19ba0d10fa5c4c467f19303-1338,safe_dead_code_carrier,CWE-20,0.0007479233290515475,1.0,0.0,0.0
VulBERTa-local,bigvul-472271b153c5dc53c28beac55480a8d8434b2d5c-1650,blank_line_expansion,CWE-284,0.0017353858157583835,1.0,0.0,0.0
VulBERTa-local,bigvul-472271b153c5dc53c28beac55480a8d8434b2d5c-1650,brace_line_shift,CWE-284,0.0017353858157583835,1.0,0.0,0.0
VulBERTa-local,bigvul-472271b153c5dc53c28beac55480a8d8434b2d5c-1650,code_normalization_abstraction,CWE-284,0.0017353858157583835,1.0,0.0,0.0
VulBERTa-local,bigvul-472271b153c5dc53c28beac55480a8d8434b2d5c-1650,comment_banner,CWE-284,0.0017353858157583835,1.0,0.0,0.0
VulBERTa-local,bigvul-472271b153c5dc53c28beac55480a8d8434b2d5c-1650,control_flow_rewrite,CWE-284,0.0017353858157583835,1.0,0.0,0.0
VulBERTa-local,bigvul-472271b153c5dc53c28beac55480a8d8434b2d5c-1650,dead_branch_after_opening_brace,CWE-284,0.0017492764808350048,1.0,0.0,0.0
VulBERTa-local,bigvul-472271b153c5dc53c28beac55480a8d8434b2d5c-1650,identifier_renaming,CWE-284,0.0016931240068224496,1.0,0.0,0.0
VulBERTa-local,bigvul-472271b153c5dc53c28beac55480a8d8434b2d5c-1650,original,CWE-284,0.0017353858157583835,1.0,0.0,0.0
VulBERTa-local,bigvul-472271b153c5dc53c28beac55480a8d8434b2d5c-1650,safe_dead_code_carrier,CWE-284,0.0017584056155599548,1.0,0.0,0.0
VulBERTa-local,bigvul-497de07d89c1410d76a15bec2bb41f24a2a89f31-1071,blank_line_expansion,unknown,0.04837153658185467,1.0,0.0,0.0
VulBERTa-local,bigvul-497de07d89c1410d76a15bec2bb41f24a2a89f31-1071,brace_line_shift,unknown,0.04837153658185467,1.0,0.0,0.0
VulBERTa-local,bigvul-497de07d89c1410d76a15bec2bb41f24a2a89f31-1071,code_normalization_abstraction,unknown,0.06432443493356377,1.0,0.0,0.0
VulBERTa-local,bigvul-497de07d89c1410d76a15bec2bb41f24a2a89f31-1071,comment_banner,unknown,0.04837153658185467,1.0,0.0,0.0
VulBERTa-local,bigvul-497de07d89c1410d76a15bec2bb41f24a2a89f31-1071,control_flow_rewrite,unknown,0.04837153658185467,1.0,0.0,0.0
VulBERTa-local,bigvul-497de07d89c1410d76a15bec2bb41f24a2a89f31-1071,dead_branch_after_opening_brace,unknown,0.04613121617140453,1.0,0.0,0.0
VulBERTa-local,bigvul-497de07d89c1410d76a15bec2bb41f24a2a89f31-1071,identifier_renaming,unknown,0.04461203746915238,1.0,0.0,0.0
VulBERTa-local,bigvul-497de07d89c1410d76a15bec2bb41f24a2a89f31-1071,original,unknown,0.04837153658185467,1.0,0.0,0.0
VulBERTa-local,bigvul-497de07d89c1410d76a15bec2bb41f24a2a89f31-1071,safe_dead_code_carrier,unknown,0.045436474541518,1.0,0.0,0.0
VulBERTa-local,bigvul-49d31c2f389acfe83417083e1208422b4091cd9e-883,blank_line_expansion,CWE-362,-0.039464442927781895,0.0,0.0,0.0
VulBERTa-local,bigvul-49d31c2f389acfe83417083e1208422b4091cd9e-883,brace_line_shift,CWE-362,-0.039464442927781895,0.0,0.0,0.0
VulBERTa-local,bigvul-49d31c2f389acfe83417083e1208422b4091cd9e-883,code_normalization_abstraction,CWE-362,-0.03923990108889969,0.0,0.0,0.0
VulBERTa-local,bigvul-49d31c2f389acfe83417083e1208422b4091cd9e-883,comment_banner,CWE-362,-0.039464442927781895,0.0,0.0,0.0
VulBERTa-local,bigvul-49d31c2f389acfe83417083e1208422b4091cd9e-883,control_flow_rewrite,CWE-362,-0.039464442927781895,0.0,0.0,0.0
VulBERTa-local,bigvul-49d31c2f389acfe83417083e1208422b4091cd9e-883,dead_branch_after_opening_brace,CWE-362,-0.03911947949654254,0.0,0.0,0.0
VulBERTa-local,bigvul-49d31c2f389acfe83417083e1208422b4091cd9e-883,identifier_renaming,CWE-362,-0.03946323888069747,0.0,0.0,0.0
VulBERTa-local,bigvul-49d31c2f389acfe83417083e1208422b4091cd9e-883,original,CWE-362,-0.039464442927781895,0.0,0.0,0.0
VulBERTa-local,bigvul-49d31c2f389acfe83417083e1208422b4091cd9e-883,safe_dead_code_carrier,CWE-362,-0.038992838639030136,0.0,0.0,0.0
VulBERTa-local,bigvul-51dfe5e3b332bcea02fb4d4c7493ae841106dd9b-1694,blank_line_expansion,unknown,0.017849135112436854,1.0,0.0,0.0
VulBERTa-local,bigvul-51dfe5e3b332bcea02fb4d4c7493ae841106dd9b-1694,brace_line_shift,unknown,0.017849135112436854,1.0,0.0,0.0
VulBERTa-local,bigvul-51dfe5e3b332bcea02fb4d4c7493ae841106dd9b-1694,code_normalization_abstraction,unknown,0.017849135112436854,1.0,0.0,0.0
VulBERTa-local,bigvul-51dfe5e3b332bcea02fb4d4c7493ae841106dd9b-1694,comment_banner,unknown,0.017849135112436854,1.0,0.0,0.0
VulBERTa-local,bigvul-51dfe5e3b332bcea02fb4d4c7493ae841106dd9b-1694,control_flow_rewrite,unknown,0.017849135112436854,1.0,0.0,0.0
VulBERTa-local,bigvul-51dfe5e3b332bcea02fb4d4c7493ae841106dd9b-1694,dead_branch_after_opening_brace,unknown,0.04988004818192071,1.0,0.0,0.0
VulBERTa-local,bigvul-51dfe5e3b332bcea02fb4d4c7493ae841106dd9b-1694,identifier_renaming,unknown,0.017849135112436854,1.0,0.0,0.0
VulBERTa-local,bigvul-51dfe5e3b332bcea02fb4d4c7493ae841106dd9b-1694,original,unknown,0.017849135112436854,1.0,0.0,0.0
VulBERTa-local,bigvul-51dfe5e3b332bcea02fb4d4c7493ae841106dd9b-1694,safe_dead_code_carrier,unknown,0.06518774687081125,1.0,0.0,0.0
VulBERTa-local,bigvul-53262b5285efbbfdbbcc17fbf5200890f1ee295c-1417,blank_line_expansion,CWE-94,0.01388750301147923,1.0,0.0,0.0
VulBERTa-local,bigvul-53262b5285efbbfdbbcc17fbf5200890f1ee295c-1417,brace_line_shift,CWE-94,0.01388750301147923,1.0,0.0,0.0
VulBERTa-local,bigvul-53262b5285efbbfdbbcc17fbf5200890f1ee295c-1417,code_normalization_abstraction,CWE-94,0.01388750301147923,1.0,0.0,0.0
VulBERTa-local,bigvul-53262b5285efbbfdbbcc17fbf5200890f1ee295c-1417,comment_banner,CWE-94,0.01388750301147923,1.0,0.0,0.0
VulBERTa-local,bigvul-53262b5285efbbfdbbcc17fbf5200890f1ee295c-1417,control_flow_rewrite,CWE-94,0.01388750301147923,1.0,0.0,0.0
VulBERTa-local,bigvul-53262b5285efbbfdbbcc17fbf5200890f1ee295c-1417,dead_branch_after_opening_brace,CWE-94,0.017931880211199958,1.0,0.0,0.0
VulBERTa-local,bigvul-53262b5285efbbfdbbcc17fbf5200890f1ee295c-1417,identifier_renaming,CWE-94,0.01388750301147923,1.0,0.0,0.0
VulBERTa-local,bigvul-53262b5285efbbfdbbcc17fbf5200890f1ee295c-1417,original,CWE-94,0.01388750301147923,1.0,0.0,0.0
VulBERTa-local,bigvul-53262b5285efbbfdbbcc17fbf5200890f1ee295c-1417,safe_dead_code_carrier,CWE-94,0.017782421023587403,1.0,0.0,0.0
VulBERTa-local,bigvul-5443b57cc54f2e46b35246637be26a69e9f493e1-85,blank_line_expansion,unknown,-0.011549324026773389,0.0,0.0,0.0
VulBERTa-local,bigvul-5443b57cc54f2e46b35246637be26a69e9f493e1-85,brace_line_shift,unknown,-0.011549324026773389,0.0,0.0,0.0
VulBERTa-local,bigvul-5443b57cc54f2e46b35246637be26a69e9f493e1-85,code_normalization_abstraction,unknown,-0.011549324026773389,0.0,0.0,0.0
VulBERTa-local,bigvul-5443b57cc54f2e46b35246637be26a69e9f493e1-85,comment_banner,unknown,-0.011549324026773389,0.0,0.0,0.0
VulBERTa-local,bigvul-5443b57cc54f2e46b35246637be26a69e9f493e1-85,control_flow_rewrite,unknown,-0.011549324026773389,0.0,0.0,0.0
VulBERTa-local,bigvul-5443b57cc54f2e46b35246637be26a69e9f493e1-85,dead_branch_after_opening_brace,unknown,-0.018925746455062342,0.0,0.0,0.0
VulBERTa-local,bigvul-5443b57cc54f2e46b35246637be26a69e9f493e1-85,identifier_renaming,unknown,-0.011549324026773389,0.0,0.0,0.0
VulBERTa-local,bigvul-5443b57cc54f2e46b35246637be26a69e9f493e1-85,original,unknown,-0.011549324026773389,0.0,0.0,0.0
VulBERTa-local,bigvul-5443b57cc54f2e46b35246637be26a69e9f493e1-85,safe_dead_code_carrier,unknown,-0.019680620222930212,0.0,0.0,0.0
VulBERTa-local,bigvul-54d83fc74aa9ec72794373cb47432c5f7fb1a309-131,blank_line_expansion,CWE-119,0.009921930672768364,1.0,0.0,0.0
VulBERTa-local,bigvul-54d83fc74aa9ec72794373cb47432c5f7fb1a309-131,brace_line_shift,CWE-119,0.009921930672768364,1.0,0.0,0.0
VulBERTa-local,bigvul-54d83fc74aa9ec72794373cb47432c5f7fb1a309-131,code_normalization_abstraction,CWE-119,0.009921930672768364,1.0,0.0,0.0
VulBERTa-local,bigvul-54d83fc74aa9ec72794373cb47432c5f7fb1a309-131,comment_banner,CWE-119,0.009921930672768364,1.0,0.0,0.0
VulBERTa-local,bigvul-54d83fc74aa9ec72794373cb47432c5f7fb1a309-131,control_flow_rewrite,CWE-119,0.009921930672768364,1.0,0.0,0.0
VulBERTa-local,bigvul-54d83fc74aa9ec72794373cb47432c5f7fb1a309-131,dead_branch_after_opening_brace,CWE-119,0.01726122530052926,1.0,0.0,0.0
VulBERTa-local,bigvul-54d83fc74aa9ec72794373cb47432c5f7fb1a309-131,identifier_renaming,CWE-119,0.009921930672768364,1.0,0.0,0.0
VulBERTa-local,bigvul-54d83fc74aa9ec72794373cb47432c5f7fb1a309-131,original,CWE-119,0.009921930672768364,1.0,0.0,0.0
VulBERTa-local,bigvul-54d83fc74aa9ec72794373cb47432c5f7fb1a309-131,safe_dead_code_carrier,CWE-119,0.020130707656048297,1.0,0.0,0.0
VulBERTa-local,bigvul-550fd08c2cebad61c548def135f67aba284c6162-1549,blank_line_expansion,CWE-264,-0.030010493521337278,0.0,0.0,0.0
VulBERTa-local,bigvul-550fd08c2cebad61c548def135f67aba284c6162-1549,brace_line_shift,CWE-264,-0.030010493521337278,0.0,0.0,0.0
VulBERTa-local,bigvul-550fd08c2cebad61c548def135f67aba284c6162-1549,code_normalization_abstraction,CWE-264,-0.030010493521337278,0.0,0.0,0.0
VulBERTa-local,bigvul-550fd08c2cebad61c548def135f67aba284c6162-1549,comment_banner,CWE-264,-0.030010493521337278,0.0,0.0,0.0
VulBERTa-local,bigvul-550fd08c2cebad61c548def135f67aba284c6162-1549,control_flow_rewrite,CWE-264,-0.030010493521337278,0.0,0.0,0.0
VulBERTa-local,bigvul-550fd08c2cebad61c548def135f67aba284c6162-1549,dead_branch_after_opening_brace,CWE-264,-0.02465245818227635,0.0,0.0,0.0
VulBERTa-local,bigvul-550fd08c2cebad61c548def135f67aba284c6162-1549,identifier_renaming,CWE-264,-0.030010493521337278,0.0,0.0,0.0
VulBERTa-local,bigvul-550fd08c2cebad61c548def135f67aba284c6162-1549,original,CWE-264,-0.030010493521337278,0.0,0.0,0.0
VulBERTa-local,bigvul-550fd08c2cebad61c548def135f67aba284c6162-1549,safe_dead_code_carrier,CWE-264,-0.02287467804490928,0.0,0.0,0.0
VulBERTa-local,bigvul-592fd47a6245508b79fe6ac819fe6d3b2c1289be-1885,blank_line_expansion,CWE-59,0.017940084287661695,1.0,0.0,0.0
VulBERTa-local,bigvul-592fd47a6245508b79fe6ac819fe6d3b2c1289be-1885,brace_line_shift,CWE-59,0.017940084287661695,1.0,0.0,0.0
VulBERTa-local,bigvul-592fd47a6245508b79fe6ac819fe6d3b2c1289be-1885,code_normalization_abstraction,CWE-59,0.01777349892836455,1.0,0.0,0.0
VulBERTa-local,bigvul-592fd47a6245508b79fe6ac819fe6d3b2c1289be-1885,comment_banner,CWE-59,0.017940084287661695,1.0,0.0,0.0
VulBERTa-local,bigvul-592fd47a6245508b79fe6ac819fe6d3b2c1289be-1885,control_flow_rewrite,CWE-59,0.017940084287661695,1.0,0.0,0.0
VulBERTa-local,bigvul-592fd47a6245508b79fe6ac819fe6d3b2c1289be-1885,dead_branch_after_opening_brace,CWE-59,0.017486025906409686,1.0,0.0,0.0
VulBERTa-local,bigvul-592fd47a6245508b79fe6ac819fe6d3b2c1289be-1885,identifier_renaming,CWE-59,0.017199578284861072,1.0,0.0,0.0
VulBERTa-local,bigvul-592fd47a6245508b79fe6ac819fe6d3b2c1289be-1885,original,CWE-59,0.017940084287661695,1.0,0.0,0.0
VulBERTa-local,bigvul-592fd47a6245508b79fe6ac819fe6d3b2c1289be-1885,safe_dead_code_carrier,CWE-59,0.01741532174370586,1.0,0.0,0.0
VulBERTa-local,bigvul-5a15b72a270b514cd442872221a788a303bdaa88-1521,blank_line_expansion,unknown,-0.12198482897925594,0.0,0.0,0.0
VulBERTa-local,bigvul-5a15b72a270b514cd442872221a788a303bdaa88-1521,brace_line_shift,unknown,-0.12198482897925594,0.0,0.0,0.0
VulBERTa-local,bigvul-5a15b72a270b514cd442872221a788a303bdaa88-1521,code_normalization_abstraction,unknown,-0.12198482897925594,0.0,0.0,0.0
VulBERTa-local,bigvul-5a15b72a270b514cd442872221a788a303bdaa88-1521,comment_banner,unknown,-0.12198482897925594,0.0,0.0,0.0
VulBERTa-local,bigvul-5a15b72a270b514cd442872221a788a303bdaa88-1521,control_flow_rewrite,unknown,-0.12198482897925594,0.0,0.0,0.0
VulBERTa-local,bigvul-5a15b72a270b514cd442872221a788a303bdaa88-1521,dead_branch_after_opening_brace,unknown,-0.11653214930059297,0.0,0.0,0.0
VulBERTa-local,bigvul-5a15b72a270b514cd442872221a788a303bdaa88-1521,identifier_renaming,unknown,-0.12198482897925594,0.0,0.0,0.0
VulBERTa-local,bigvul-5a15b72a270b514cd442872221a788a303bdaa88-1521,original,unknown,-0.12198482897925594,0.0,0.0,0.0
VulBERTa-local,bigvul-5a15b72a270b514cd442872221a788a303bdaa88-1521,safe_dead_code_carrier,unknown,-0.116129728382242,0.0,0.0,0.0
VulBERTa-local,bigvul-5a9753fca56f0eeb9f61e342b2fccffc364f9426-2519,blank_line_expansion,CWE-119,-0.01811080421514244,0.0,0.0,0.0
VulBERTa-local,bigvul-5a9753fca56f0eeb9f61e342b2fccffc364f9426-2519,brace_line_shift,CWE-119,-0.01811080421514244,0.0,0.0,0.0
VulBERTa-local,bigvul-5a9753fca56f0eeb9f61e342b2fccffc364f9426-2519,code_normalization_abstraction,CWE-119,-0.01811080421514244,0.0,0.0,0.0
VulBERTa-local,bigvul-5a9753fca56f0eeb9f61e342b2fccffc364f9426-2519,comment_banner,CWE-119,-0.01811080421514244,0.0,0.0,0.0
VulBERTa-local,bigvul-5a9753fca56f0eeb9f61e342b2fccffc364f9426-2519,control_flow_rewrite,CWE-119,-0.01811080421514244,0.0,0.0,0.0
VulBERTa-local,bigvul-5a9753fca56f0eeb9f61e342b2fccffc364f9426-2519,dead_branch_after_opening_brace,CWE-119,-0.010553631857795454,0.0,0.0,0.0
VulBERTa-local,bigvul-5a9753fca56f0eeb9f61e342b2fccffc364f9426-2519,identifier_renaming,CWE-119,-0.01811080421514244,0.0,0.0,0.0
VulBERTa-local,bigvul-5a9753fca56f0eeb9f61e342b2fccffc364f9426-2519,original,CWE-119,-0.01811080421514244,0.0,0.0,0.0
VulBERTa-local,bigvul-5a9753fca56f0eeb9f61e342b2fccffc364f9426-2519,safe_dead_code_carrier,CWE-119,-0.005330675998639123,0.0,0.0,0.0
VulBERTa-local,bigvul-5a9753fca56f0eeb9f61e342b2fccffc364f9426-2783,blank_line_expansion,CWE-119,0.05578506885060941,1.0,0.0,0.0
VulBERTa-local,bigvul-5a9753fca56f0eeb9f61e342b2fccffc364f9426-2783,brace_line_shift,CWE-119,0.05578506885060941,1.0,0.0,0.0
VulBERTa-local,bigvul-5a9753fca56f0eeb9f61e342b2fccffc364f9426-2783,code_normalization_abstraction,CWE-119,0.05578506885060941,1.0,0.0,0.0
VulBERTa-local,bigvul-5a9753fca56f0eeb9f61e342b2fccffc364f9426-2783,comment_banner,CWE-119,0.05578506885060941,1.0,0.0,0.0
VulBERTa-local,bigvul-5a9753fca56f0eeb9f61e342b2fccffc364f9426-2783,control_flow_rewrite,CWE-119,0.05578506885060941,1.0,0.0,0.0
VulBERTa-local,bigvul-5a9753fca56f0eeb9f61e342b2fccffc364f9426-2783,dead_branch_after_opening_brace,CWE-119,0.056294173462359653,1.0,0.0,0.0
VulBERTa-local,bigvul-5a9753fca56f0eeb9f61e342b2fccffc364f9426-2783,identifier_renaming,CWE-119,0.041743529733757,1.0,0.0,0.0
VulBERTa-local,bigvul-5a9753fca56f0eeb9f61e342b2fccffc364f9426-2783,original,CWE-119,0.05578506885060941,1.0,0.0,0.0
VulBERTa-local,bigvul-5a9753fca56f0eeb9f61e342b2fccffc364f9426-2783,safe_dead_code_carrier,CWE-119,0.05761574942638514,1.0,0.0,0.0
VulBERTa-local,bigvul-5a9753fca56f0eeb9f61e342b2fccffc364f9426-83,blank_line_expansion,CWE-119,0.09904981324995266,1.0,0.0,0.0
VulBERTa-local,bigvul-5a9753fca56f0eeb9f61e342b2fccffc364f9426-83,brace_line_shift,CWE-119,0.09904981324995266,1.0,0.0,0.0
VulBERTa-local,bigvul-5a9753fca56f0eeb9f61e342b2fccffc364f9426-83,code_normalization_abstraction,CWE-119,0.09883676385482165,1.0,0.0,0.0
VulBERTa-local,bigvul-5a9753fca56f0eeb9f61e342b2fccffc364f9426-83,comment_banner,CWE-119,0.09904981324995266,1.0,0.0,0.0
VulBERTa-local,bigvul-5a9753fca56f0eeb9f61e342b2fccffc364f9426-83,control_flow_rewrite,CWE-119,0.09904981324995266,1.0,0.0,0.0
VulBERTa-local,bigvul-5a9753fca56f0eeb9f61e342b2fccffc364f9426-83,dead_branch_after_opening_brace,CWE-119,0.08372207189138181,1.0,0.0,0.0
VulBERTa-local,bigvul-5a9753fca56f0eeb9f61e342b2fccffc364f9426-83,identifier_renaming,CWE-119,0.11806479717326479,1.0,0.0,0.0
VulBERTa-local,bigvul-5a9753fca56f0eeb9f61e342b2fccffc364f9426-83,original,CWE-119,0.09904981324995266,1.0,0.0,0.0
VulBERTa-local,bigvul-5a9753fca56f0eeb9f61e342b2fccffc364f9426-83,safe_dead_code_carrier,CWE-119,0.0815863505257155,1.0,0.0,0.0
VulBERTa-local,bigvul-5b998565255a504887c6d2e90d11001a00c9d6da-1633,blank_line_expansion,CWE-399,0.08624163790998501,1.0,0.0,1.0
VulBERTa-local,bigvul-5b998565255a504887c6d2e90d11001a00c9d6da-1633,brace_line_shift,CWE-399,0.08624163790998501,1.0,0.0,1.0
VulBERTa-local,bigvul-5b998565255a504887c6d2e90d11001a00c9d6da-1633,code_normalization_abstraction,CWE-399,0.08624163790998501,1.0,0.0,1.0
VulBERTa-local,bigvul-5b998565255a504887c6d2e90d11001a00c9d6da-1633,comment_banner,CWE-399,0.08624163790998501,1.0,0.0,1.0
VulBERTa-local,bigvul-5b998565255a504887c6d2e90d11001a00c9d6da-1633,control_flow_rewrite,CWE-399,0.08624163790998501,1.0,0.0,1.0
VulBERTa-local,bigvul-5b998565255a504887c6d2e90d11001a00c9d6da-1633,dead_branch_after_opening_brace,CWE-399,0.11141305890614633,1.0,0.0,1.0
VulBERTa-local,bigvul-5b998565255a504887c6d2e90d11001a00c9d6da-1633,identifier_renaming,CWE-399,0.08624163790998501,1.0,0.0,1.0
VulBERTa-local,bigvul-5b998565255a504887c6d2e90d11001a00c9d6da-1633,original,CWE-399,0.08624163790998501,1.0,0.0,1.0
VulBERTa-local,bigvul-5b998565255a504887c6d2e90d11001a00c9d6da-1633,safe_dead_code_carrier,CWE-399,0.13111626664586973,1.0,0.0,1.0
VulBERTa-local,bigvul-5bb223676defeba9c44a5ce42460c86e24561e73-393,blank_line_expansion,CWE-362,-0.006958718114730589,0.0,0.0,0.0
VulBERTa-local,bigvul-5bb223676defeba9c44a5ce42460c86e24561e73-393,brace_line_shift,CWE-362,-0.006958718114730589,0.0,0.0,0.0
VulBERTa-local,bigvul-5bb223676defeba9c44a5ce42460c86e24561e73-393,code_normalization_abstraction,CWE-362,-0.006958718114730589,0.0,0.0,0.0
VulBERTa-local,bigvul-5bb223676defeba9c44a5ce42460c86e24561e73-393,comment_banner,CWE-362,-0.006958718114730589,0.0,0.0,0.0
VulBERTa-local,bigvul-5bb223676defeba9c44a5ce42460c86e24561e73-393,control_flow_rewrite,CWE-362,-0.006958718114730589,0.0,0.0,0.0
VulBERTa-local,bigvul-5bb223676defeba9c44a5ce42460c86e24561e73-393,dead_branch_after_opening_brace,CWE-362,0.01448933453457335,1.0,0.0,0.0
VulBERTa-local,bigvul-5bb223676defeba9c44a5ce42460c86e24561e73-393,identifier_renaming,CWE-362,-0.006958718114730589,0.0,0.0,0.0
VulBERTa-local,bigvul-5bb223676defeba9c44a5ce42460c86e24561e73-393,original,CWE-362,-0.006958718114730589,0.0,0.0,0.0
VulBERTa-local,bigvul-5bb223676defeba9c44a5ce42460c86e24561e73-393,safe_dead_code_carrier,CWE-362,0.030072009438724345,1.0,0.0,0.0
VulBERTa-local,bigvul-5d340a5ca6e420a70297cdbdf777333f18bfdab7-918,blank_line_expansion,CWE-125,-0.035800362531591134,0.0,0.0,0.0
VulBERTa-local,bigvul-5d340a5ca6e420a70297cdbdf777333f18bfdab7-918,brace_line_shift,CWE-125,-0.035800362531591134,0.0,0.0,0.0
VulBERTa-local,bigvul-5d340a5ca6e420a70297cdbdf777333f18bfdab7-918,code_normalization_abstraction,CWE-125,-0.03290956159245084,0.0,0.0,0.0
VulBERTa-local,bigvul-5d340a5ca6e420a70297cdbdf777333f18bfdab7-918,comment_banner,CWE-125,-0.035800362531591134,0.0,0.0,0.0
VulBERTa-local,bigvul-5d340a5ca6e420a70297cdbdf777333f18bfdab7-918,control_flow_rewrite,CWE-125,-0.035800362531591134,0.0,0.0,0.0
VulBERTa-local,bigvul-5d340a5ca6e420a70297cdbdf777333f18bfdab7-918,dead_branch_after_opening_brace,CWE-125,-0.031399384090568305,0.0,0.0,0.0
VulBERTa-local,bigvul-5d340a5ca6e420a70297cdbdf777333f18bfdab7-918,identifier_renaming,CWE-125,-0.018709536807786142,0.0,0.0,0.0
VulBERTa-local,bigvul-5d340a5ca6e420a70297cdbdf777333f18bfdab7-918,original,CWE-125,-0.035800362531591134,0.0,0.0,0.0
VulBERTa-local,bigvul-5d340a5ca6e420a70297cdbdf777333f18bfdab7-918,safe_dead_code_carrier,CWE-125,-0.02950188882904592,0.0,0.0,0.0
VulBERTa-local,bigvul-648cbc15a6830523b3a4eb78d674f059bd2a7ce9-348,blank_line_expansion,unknown,-0.02086347427371882,0.0,0.0,0.0
VulBERTa-local,bigvul-648cbc15a6830523b3a4eb78d674f059bd2a7ce9-348,brace_line_shift,unknown,-0.02086347427371882,0.0,0.0,0.0
VulBERTa-local,bigvul-648cbc15a6830523b3a4eb78d674f059bd2a7ce9-348,code_normalization_abstraction,unknown,-0.02086347427371882,0.0,0.0,0.0
VulBERTa-local,bigvul-648cbc15a6830523b3a4eb78d674f059bd2a7ce9-348,comment_banner,unknown,-0.02086347427371882,0.0,0.0,0.0
VulBERTa-local,bigvul-648cbc15a6830523b3a4eb78d674f059bd2a7ce9-348,control_flow_rewrite,unknown,-0.02086347427371882,0.0,0.0,0.0
VulBERTa-local,bigvul-648cbc15a6830523b3a4eb78d674f059bd2a7ce9-348,dead_branch_after_opening_brace,unknown,-0.02057876349759047,0.0,0.0,0.0
VulBERTa-local,bigvul-648cbc15a6830523b3a4eb78d674f059bd2a7ce9-348,identifier_renaming,unknown,-0.021326229014064446,0.0,0.0,0.0
VulBERTa-local,bigvul-648cbc15a6830523b3a4eb78d674f059bd2a7ce9-348,original,unknown,-0.02086347427371882,0.0,0.0,0.0
VulBERTa-local,bigvul-648cbc15a6830523b3a4eb78d674f059bd2a7ce9-348,safe_dead_code_carrier,unknown,-0.020449895066137702,0.0,0.0,0.0
VulBERTa-local,bigvul-6a60f01228557982e6508c5919cc21fcfddf110b-2477,blank_line_expansion,CWE-264,-0.011204119326694073,0.0,0.0,0.0
VulBERTa-local,bigvul-6a60f01228557982e6508c5919cc21fcfddf110b-2477,brace_line_shift,CWE-264,-0.011204119326694073,0.0,0.0,0.0
VulBERTa-local,bigvul-6a60f01228557982e6508c5919cc21fcfddf110b-2477,code_normalization_abstraction,CWE-264,-0.011204119326694073,0.0,0.0,0.0
VulBERTa-local,bigvul-6a60f01228557982e6508c5919cc21fcfddf110b-2477,comment_banner,CWE-264,-0.011204119326694073,0.0,0.0,0.0
VulBERTa-local,bigvul-6a60f01228557982e6508c5919cc21fcfddf110b-2477,control_flow_rewrite,CWE-264,-0.011204119326694073,0.0,0.0,0.0
VulBERTa-local,bigvul-6a60f01228557982e6508c5919cc21fcfddf110b-2477,dead_branch_after_opening_brace,CWE-264,-0.0109984005441488,0.0,0.0,0.0
VulBERTa-local,bigvul-6a60f01228557982e6508c5919cc21fcfddf110b-2477,identifier_renaming,CWE-264,-0.011204119326694073,0.0,0.0,0.0
VulBERTa-local,bigvul-6a60f01228557982e6508c5919cc21fcfddf110b-2477,original,CWE-264,-0.011204119326694073,0.0,0.0,0.0
VulBERTa-local,bigvul-6a60f01228557982e6508c5919cc21fcfddf110b-2477,safe_dead_code_carrier,CWE-264,-0.010877284479762328,0.0,0.0,0.0
VulBERTa-local,bigvul-6a7063ae61cf031630b48bdcdb09863ffc199962-913,blank_line_expansion,CWE-416,-0.02485764082556796,0.0,0.0,0.0
VulBERTa-local,bigvul-6a7063ae61cf031630b48bdcdb09863ffc199962-913,brace_line_shift,CWE-416,-0.02485764082556796,0.0,0.0,0.0
VulBERTa-local,bigvul-6a7063ae61cf031630b48bdcdb09863ffc199962-913,code_normalization_abstraction,CWE-416,-0.02485764082556796,0.0,0.0,0.0
VulBERTa-local,bigvul-6a7063ae61cf031630b48bdcdb09863ffc199962-913,comment_banner,CWE-416,-0.02485764082556796,0.0,0.0,0.0
VulBERTa-local,bigvul-6a7063ae61cf031630b48bdcdb09863ffc199962-913,control_flow_rewrite,CWE-416,-0.02485764082556796,0.0,0.0,0.0
VulBERTa-local,bigvul-6a7063ae61cf031630b48bdcdb09863ffc199962-913,dead_branch_after_opening_brace,CWE-416,-0.035156758379887965,0.0,0.0,0.0
VulBERTa-local,bigvul-6a7063ae61cf031630b48bdcdb09863ffc199962-913,identifier_renaming,CWE-416,-0.02485764082556796,0.0,0.0,0.0
VulBERTa-local,bigvul-6a7063ae61cf031630b48bdcdb09863ffc199962-913,original,CWE-416,-0.02485764082556796,0.0,0.0,0.0
VulBERTa-local,bigvul-6a7063ae61cf031630b48bdcdb09863ffc199962-913,safe_dead_code_carrier,CWE-416,-0.0340432622578668,0.0,0.0,0.0
VulBERTa-local,bigvul-6b6bff054d569a77973f2140c0e86366e6168a6c-2681,blank_line_expansion,CWE-20,3.256713676957901e-06,1.0,0.0,0.0
VulBERTa-local,bigvul-6b6bff054d569a77973f2140c0e86366e6168a6c-2681,brace_line_shift,CWE-20,3.256713676957901e-06,1.0,0.0,0.0
VulBERTa-local,bigvul-6b6bff054d569a77973f2140c0e86366e6168a6c-2681,code_normalization_abstraction,CWE-20,3.256713676957901e-06,1.0,0.0,0.0
VulBERTa-local,bigvul-6b6bff054d569a77973f2140c0e86366e6168a6c-2681,comment_banner,CWE-20,3.256713676957901e-06,1.0,0.0,0.0
VulBERTa-local,bigvul-6b6bff054d569a77973f2140c0e86366e6168a6c-2681,control_flow_rewrite,CWE-20,3.256713676957901e-06,1.0,0.0,0.0
VulBERTa-local,bigvul-6b6bff054d569a77973f2140c0e86366e6168a6c-2681,dead_branch_after_opening_brace,CWE-20,2.988233716472166e-06,1.0,0.0,0.0
VulBERTa-local,bigvul-6b6bff054d569a77973f2140c0e86366e6168a6c-2681,identifier_renaming,CWE-20,1.7339663634929892e-06,1.0,0.0,0.0
VulBERTa-local,bigvul-6b6bff054d569a77973f2140c0e86366e6168a6c-2681,original,CWE-20,3.256713676957901e-06,1.0,0.0,0.0
VulBERTa-local,bigvul-6b6bff054d569a77973f2140c0e86366e6168a6c-2681,safe_dead_code_carrier,CWE-20,3.0139841075138563e-06,1.0,0.0,0.0
VulBERTa-local,bigvul-6d9425ec7badda912555d46ea7abcfab81fdd9b9-2117,blank_line_expansion,CWE-399,-0.0017821830438489727,0.0,0.0,0.0
VulBERTa-local,bigvul-6d9425ec7badda912555d46ea7abcfab81fdd9b9-2117,brace_line_shift,CWE-399,-0.0017821830438489727,0.0,0.0,0.0
VulBERTa-local,bigvul-6d9425ec7badda912555d46ea7abcfab81fdd9b9-2117,code_normalization_abstraction,CWE-399,-0.0017821830438489727,0.0,0.0,0.0
VulBERTa-local,bigvul-6d9425ec7badda912555d46ea7abcfab81fdd9b9-2117,comment_banner,CWE-399,-0.0017821830438489727,0.0,0.0,0.0
VulBERTa-local,bigvul-6d9425ec7badda912555d46ea7abcfab81fdd9b9-2117,control_flow_rewrite,CWE-399,-0.0017821830438489727,0.0,0.0,0.0
VulBERTa-local,bigvul-6d9425ec7badda912555d46ea7abcfab81fdd9b9-2117,dead_branch_after_opening_brace,CWE-399,-0.0017797627011267303,0.0,0.0,0.0
VulBERTa-local,bigvul-6d9425ec7badda912555d46ea7abcfab81fdd9b9-2117,identifier_renaming,CWE-399,-0.0017821830438489727,0.0,0.0,0.0
VulBERTa-local,bigvul-6d9425ec7badda912555d46ea7abcfab81fdd9b9-2117,original,CWE-399,-0.0017821830438489727,0.0,0.0,0.0
VulBERTa-local,bigvul-6d9425ec7badda912555d46ea7abcfab81fdd9b9-2117,safe_dead_code_carrier,CWE-399,-0.0017822908635143353,0.0,0.0,0.0
VulBERTa-local,bigvul-6f737ddfadb596d7d4a993f7ed2141ffd664a81c-117,blank_line_expansion,CWE-399,0.0024951002010377143,1.0,0.0,0.0
VulBERTa-local,bigvul-6f737ddfadb596d7d4a993f7ed2141ffd664a81c-117,brace_line_shift,CWE-399,0.0024951002010377143,1.0,0.0,0.0
VulBERTa-local,bigvul-6f737ddfadb596d7d4a993f7ed2141ffd664a81c-117,code_normalization_abstraction,CWE-399,0.0024823147615441465,1.0,0.0,0.0
VulBERTa-local,bigvul-6f737ddfadb596d7d4a993f7ed2141ffd664a81c-117,comment_banner,CWE-399,0.0024951002010377143,1.0,0.0,0.0
VulBERTa-local,bigvul-6f737ddfadb596d7d4a993f7ed2141ffd664a81c-117,control_flow_rewrite,CWE-399,0.0024951002010377143,1.0,0.0,0.0
VulBERTa-local,bigvul-6f737ddfadb596d7d4a993f7ed2141ffd664a81c-117,dead_branch_after_opening_brace,CWE-399,0.0024869300502899927,1.0,0.0,0.0
VulBERTa-local,bigvul-6f737ddfadb596d7d4a993f7ed2141ffd664a81c-117,identifier_renaming,CWE-399,0.002525002795007336,1.0,0.0,0.0
VulBERTa-local,bigvul-6f737ddfadb596d7d4a993f7ed2141ffd664a81c-117,original,CWE-399,0.0024951002010377143,1.0,0.0,0.0
VulBERTa-local,bigvul-6f737ddfadb596d7d4a993f7ed2141ffd664a81c-117,safe_dead_code_carrier,CWE-399,0.0024832481188419298,1.0,0.0,0.0
VulBERTa-local,bigvul-7394cf6f43d7a86630d3eb1c728fd63c621b5530-391,blank_line_expansion,unknown,0.0,0.0,1.0,0.0
VulBERTa-local,bigvul-7394cf6f43d7a86630d3eb1c728fd63c621b5530-391,brace_line_shift,unknown,0.0,0.0,1.0,0.0
VulBERTa-local,bigvul-7394cf6f43d7a86630d3eb1c728fd63c621b5530-391,code_normalization_abstraction,unknown,0.0,0.0,1.0,0.0
VulBERTa-local,bigvul-7394cf6f43d7a86630d3eb1c728fd63c621b5530-391,comment_banner,unknown,0.0,0.0,1.0,0.0
VulBERTa-local,bigvul-7394cf6f43d7a86630d3eb1c728fd63c621b5530-391,control_flow_rewrite,unknown,0.0,0.0,1.0,0.0
VulBERTa-local,bigvul-7394cf6f43d7a86630d3eb1c728fd63c621b5530-391,dead_branch_after_opening_brace,unknown,0.0,0.0,1.0,0.0
VulBERTa-local,bigvul-7394cf6f43d7a86630d3eb1c728fd63c621b5530-391,identifier_renaming,unknown,0.0,0.0,1.0,0.0
VulBERTa-local,bigvul-7394cf6f43d7a86630d3eb1c728fd63c621b5530-391,original,unknown,0.0,0.0,1.0,0.0
VulBERTa-local,bigvul-7394cf6f43d7a86630d3eb1c728fd63c621b5530-391,safe_dead_code_carrier,unknown,0.0,0.0,1.0,0.0
VulBERTa-local,bigvul-778500563a9f7ceba996937dc886bd8cde29b42b-1875,blank_line_expansion,CWE-125,0.04414606924424869,1.0,0.0,0.0
VulBERTa-local,bigvul-778500563a9f7ceba996937dc886bd8cde29b42b-1875,brace_line_shift,CWE-125,0.04414606924424869,1.0,0.0,0.0
VulBERTa-local,bigvul-778500563a9f7ceba996937dc886bd8cde29b42b-1875,code_normalization_abstraction,CWE-125,0.04374913653333301,1.0,0.0,0.0
VulBERTa-local,bigvul-778500563a9f7ceba996937dc886bd8cde29b42b-1875,comment_banner,CWE-125,0.04414606924424869,1.0,0.0,0.0
VulBERTa-local,bigvul-778500563a9f7ceba996937dc886bd8cde29b42b-1875,control_flow_rewrite,CWE-125,0.04414606924424869,1.0,0.0,0.0
VulBERTa-local,bigvul-778500563a9f7ceba996937dc886bd8cde29b42b-1875,dead_branch_after_opening_brace,CWE-125,0.04321098740719953,1.0,0.0,0.0
VulBERTa-local,bigvul-778500563a9f7ceba996937dc886bd8cde29b42b-1875,identifier_renaming,CWE-125,0.04782915901622753,1.0,0.0,0.0
VulBERTa-local,bigvul-778500563a9f7ceba996937dc886bd8cde29b42b-1875,original,CWE-125,0.04414606924424869,1.0,0.0,0.0
VulBERTa-local,bigvul-778500563a9f7ceba996937dc886bd8cde29b42b-1875,safe_dead_code_carrier,CWE-125,0.04276237369132263,1.0,0.0,0.0
VulBERTa-local,bigvul-78d89fe556cb5dabbc47b4967cdf55e607e29580-2724,blank_line_expansion,CWE-119,-0.018757505579091727,0.0,0.0,0.0
VulBERTa-local,bigvul-78d89fe556cb5dabbc47b4967cdf55e607e29580-2724,brace_line_shift,CWE-119,-0.018757505579091727,0.0,0.0,0.0
VulBERTa-local,bigvul-78d89fe556cb5dabbc47b4967cdf55e607e29580-2724,code_normalization_abstraction,CWE-119,-0.018896701613797084,0.0,0.0,0.0
VulBERTa-local,bigvul-78d89fe556cb5dabbc47b4967cdf55e607e29580-2724,comment_banner,CWE-119,-0.018757505579091727,0.0,0.0,0.0
VulBERTa-local,bigvul-78d89fe556cb5dabbc47b4967cdf55e607e29580-2724,control_flow_rewrite,CWE-119,-0.018757505579091727,0.0,0.0,0.0
VulBERTa-local,bigvul-78d89fe556cb5dabbc47b4967cdf55e607e29580-2724,dead_branch_after_opening_brace,CWE-119,-0.020136060707303005,0.0,0.0,0.0
VulBERTa-local,bigvul-78d89fe556cb5dabbc47b4967cdf55e607e29580-2724,identifier_renaming,CWE-119,-0.018757505579091727,0.0,0.0,0.0
VulBERTa-local,bigvul-78d89fe556cb5dabbc47b4967cdf55e607e29580-2724,original,CWE-119,-0.018757505579091727,0.0,0.0,0.0
VulBERTa-local,bigvul-78d89fe556cb5dabbc47b4967cdf55e607e29580-2724,safe_dead_code_carrier,CWE-119,-0.01947139709432555,0.0,0.0,0.0
VulBERTa-local,bigvul-7ed47b7d142ec99ad6880bbbec51e9f12b3af74c-2002,blank_line_expansion,unknown,0.0044255557320117545,1.0,0.0,0.0
VulBERTa-local,bigvul-7ed47b7d142ec99ad6880bbbec51e9f12b3af74c-2002,brace_line_shift,unknown,0.0044255557320117545,1.0,0.0,0.0
VulBERTa-local,bigvul-7ed47b7d142ec99ad6880bbbec51e9f12b3af74c-2002,code_normalization_abstraction,unknown,-0.0014270311441969552,0.0,0.0,0.0
VulBERTa-local,bigvul-7ed47b7d142ec99ad6880bbbec51e9f12b3af74c-2002,comment_banner,unknown,0.0044255557320117545,1.0,0.0,0.0
VulBERTa-local,bigvul-7ed47b7d142ec99ad6880bbbec51e9f12b3af74c-2002,control_flow_rewrite,unknown,0.0044255557320117545,1.0,0.0,0.0
VulBERTa-local,bigvul-7ed47b7d142ec99ad6880bbbec51e9f12b3af74c-2002,dead_branch_after_opening_brace,unknown,0.004536909224996166,1.0,0.0,0.0
VulBERTa-local,bigvul-7ed47b7d142ec99ad6880bbbec51e9f12b3af74c-2002,identifier_renaming,unknown,0.0038154089790557455,1.0,0.0,0.0
VulBERTa-local,bigvul-7ed47b7d142ec99ad6880bbbec51e9f12b3af74c-2002,original,unknown,0.0044255557320117545,1.0,0.0,0.0
VulBERTa-local,bigvul-7ed47b7d142ec99ad6880bbbec51e9f12b3af74c-2002,safe_dead_code_carrier,unknown,0.004605948434081797,1.0,0.0,0.0
VulBERTa-local,bigvul-802ecdb9cee0d66fe546bdf24e98150f8f716ad8-2301,blank_line_expansion,CWE-119,0.017260551405028024,1.0,0.0,0.0
VulBERTa-local,bigvul-802ecdb9cee0d66fe546bdf24e98150f8f716ad8-2301,brace_line_shift,CWE-119,0.017260551405028024,1.0,0.0,0.0
VulBERTa-local,bigvul-802ecdb9cee0d66fe546bdf24e98150f8f716ad8-2301,code_normalization_abstraction,CWE-119,0.017260551405028024,1.0,0.0,0.0
VulBERTa-local,bigvul-802ecdb9cee0d66fe546bdf24e98150f8f716ad8-2301,comment_banner,CWE-119,0.017260551405028024,1.0,0.0,0.0
VulBERTa-local,bigvul-802ecdb9cee0d66fe546bdf24e98150f8f716ad8-2301,control_flow_rewrite,CWE-119,0.017260551405028024,1.0,0.0,0.0
VulBERTa-local,bigvul-802ecdb9cee0d66fe546bdf24e98150f8f716ad8-2301,dead_branch_after_opening_brace,CWE-119,-0.035647631380428646,0.0,0.0,0.0
VulBERTa-local,bigvul-802ecdb9cee0d66fe546bdf24e98150f8f716ad8-2301,identifier_renaming,CWE-119,-0.06470528044446083,0.0,0.0,0.0
VulBERTa-local,bigvul-802ecdb9cee0d66fe546bdf24e98150f8f716ad8-2301,original,CWE-119,0.017260551405028024,1.0,0.0,0.0
VulBERTa-local,bigvul-802ecdb9cee0d66fe546bdf24e98150f8f716ad8-2301,safe_dead_code_carrier,CWE-119,-0.037938020601735456,0.0,0.0,0.0
VulBERTa-local,bigvul-84ca1ee18bbc32f3cb035d071e8271e064dfd4d7-1210,blank_line_expansion,CWE-416,0.013875224189103363,1.0,0.0,0.0
VulBERTa-local,bigvul-84ca1ee18bbc32f3cb035d071e8271e064dfd4d7-1210,brace_line_shift,CWE-416,0.013875224189103363,1.0,0.0,0.0
VulBERTa-local,bigvul-84ca1ee18bbc32f3cb035d071e8271e064dfd4d7-1210,code_normalization_abstraction,CWE-416,0.013875224189103363,1.0,0.0,0.0
VulBERTa-local,bigvul-84ca1ee18bbc32f3cb035d071e8271e064dfd4d7-1210,comment_banner,CWE-416,0.013875224189103363,1.0,0.0,0.0
VulBERTa-local,bigvul-84ca1ee18bbc32f3cb035d071e8271e064dfd4d7-1210,control_flow_rewrite,CWE-416,0.013875224189103363,1.0,0.0,0.0
VulBERTa-local,bigvul-84ca1ee18bbc32f3cb035d071e8271e064dfd4d7-1210,dead_branch_after_opening_brace,CWE-416,0.011538033689230398,1.0,0.0,0.0
VulBERTa-local,bigvul-84ca1ee18bbc32f3cb035d071e8271e064dfd4d7-1210,identifier_renaming,CWE-416,0.015151599169948904,1.0,0.0,0.0
VulBERTa-local,bigvul-84ca1ee18bbc32f3cb035d071e8271e064dfd4d7-1210,original,CWE-416,0.013875224189103363,1.0,0.0,0.0
VulBERTa-local,bigvul-84ca1ee18bbc32f3cb035d071e8271e064dfd4d7-1210,safe_dead_code_carrier,CWE-416,0.010419029148136139,1.0,0.0,0.0
VulBERTa-local,bigvul-864e2e22fcd0cba3f5e67680ccabd0302dfda45d-680,blank_line_expansion,CWE-264,0.0,0.0,1.0,0.0
VulBERTa-local,bigvul-864e2e22fcd0cba3f5e67680ccabd0302dfda45d-680,brace_line_shift,CWE-264,0.0,0.0,1.0,0.0
VulBERTa-local,bigvul-864e2e22fcd0cba3f5e67680ccabd0302dfda45d-680,code_normalization_abstraction,CWE-264,0.0,0.0,1.0,0.0
VulBERTa-local,bigvul-864e2e22fcd0cba3f5e67680ccabd0302dfda45d-680,comment_banner,CWE-264,0.0,0.0,1.0,0.0
VulBERTa-local,bigvul-864e2e22fcd0cba3f5e67680ccabd0302dfda45d-680,control_flow_rewrite,CWE-264,0.0,0.0,1.0,0.0
VulBERTa-local,bigvul-864e2e22fcd0cba3f5e67680ccabd0302dfda45d-680,dead_branch_after_opening_brace,CWE-264,0.0,0.0,1.0,0.0
VulBERTa-local,bigvul-864e2e22fcd0cba3f5e67680ccabd0302dfda45d-680,identifier_renaming,CWE-264,0.0,0.0,1.0,0.0
VulBERTa-local,bigvul-864e2e22fcd0cba3f5e67680ccabd0302dfda45d-680,original,CWE-264,0.0,0.0,1.0,0.0
VulBERTa-local,bigvul-864e2e22fcd0cba3f5e67680ccabd0302dfda45d-680,safe_dead_code_carrier,CWE-264,0.0,0.0,1.0,0.0
VulBERTa-local,bigvul-8c95ab0b50f8a257514f9647929267e62b1e611d-327,blank_line_expansion,unknown,0.010274065326208948,1.0,0.0,0.0
VulBERTa-local,bigvul-8c95ab0b50f8a257514f9647929267e62b1e611d-327,brace_line_shift,unknown,0.010274065326208948,1.0,0.0,0.0
VulBERTa-local,bigvul-8c95ab0b50f8a257514f9647929267e62b1e611d-327,code_normalization_abstraction,unknown,0.010774233333170291,1.0,0.0,0.0
VulBERTa-local,bigvul-8c95ab0b50f8a257514f9647929267e62b1e611d-327,comment_banner,unknown,0.010274065326208948,1.0,0.0,0.0
VulBERTa-local,bigvul-8c95ab0b50f8a257514f9647929267e62b1e611d-327,control_flow_rewrite,unknown,0.010274065326208948,1.0,0.0,0.0
VulBERTa-local,bigvul-8c95ab0b50f8a257514f9647929267e62b1e611d-327,dead_branch_after_opening_brace,unknown,0.011710336018619927,1.0,0.0,0.0
VulBERTa-local,bigvul-8c95ab0b50f8a257514f9647929267e62b1e611d-327,identifier_renaming,unknown,0.009424202564168482,1.0,0.0,0.0
VulBERTa-local,bigvul-8c95ab0b50f8a257514f9647929267e62b1e611d-327,original,unknown,0.010274065326208948,1.0,0.0,0.0
VulBERTa-local,bigvul-8c95ab0b50f8a257514f9647929267e62b1e611d-327,safe_dead_code_carrier,unknown,0.012451541330822657,1.0,0.0,0.0
VulBERTa-local,bigvul-8cfe2463cec6835c7b0b73dcb2ab2edaf035e3f9-603,blank_line_expansion,CWE-416,0.011091986180134628,1.0,0.0,0.0
VulBERTa-local,bigvul-8cfe2463cec6835c7b0b73dcb2ab2edaf035e3f9-603,brace_line_shift,CWE-416,0.011091986180134628,1.0,0.0,0.0
VulBERTa-local,bigvul-8cfe2463cec6835c7b0b73dcb2ab2edaf035e3f9-603,code_normalization_abstraction,CWE-416,0.011091986180134628,1.0,0.0,0.0
VulBERTa-local,bigvul-8cfe2463cec6835c7b0b73dcb2ab2edaf035e3f9-603,comment_banner,CWE-416,0.011091986180134628,1.0,0.0,0.0
VulBERTa-local,bigvul-8cfe2463cec6835c7b0b73dcb2ab2edaf035e3f9-603,control_flow_rewrite,CWE-416,0.011091986180134628,1.0,0.0,0.0
VulBERTa-local,bigvul-8cfe2463cec6835c7b0b73dcb2ab2edaf035e3f9-603,dead_branch_after_opening_brace,CWE-416,0.0285434956941939,1.0,0.0,0.0
VulBERTa-local,bigvul-8cfe2463cec6835c7b0b73dcb2ab2edaf035e3f9-603,identifier_renaming,CWE-416,0.011091986180134628,1.0,0.0,0.0
VulBERTa-local,bigvul-8cfe2463cec6835c7b0b73dcb2ab2edaf035e3f9-603,original,CWE-416,0.011091986180134628,1.0,0.0,0.0
VulBERTa-local,bigvul-8cfe2463cec6835c7b0b73dcb2ab2edaf035e3f9-603,safe_dead_code_carrier,CWE-416,0.03316109243099469,1.0,0.0,0.0
VulBERTa-local,bigvul-8e76d0404b7f664ee6719fd98f0483f0ac4669d6-95,blank_line_expansion,CWE-200,-0.0014236678876843323,0.0,0.0,0.0
VulBERTa-local,bigvul-8e76d0404b7f664ee6719fd98f0483f0ac4669d6-95,brace_line_shift,CWE-200,-0.0014236678876843323,0.0,0.0,0.0
VulBERTa-local,bigvul-8e76d0404b7f664ee6719fd98f0483f0ac4669d6-95,code_normalization_abstraction,CWE-200,-0.0014236678876843323,0.0,0.0,0.0
VulBERTa-local,bigvul-8e76d0404b7f664ee6719fd98f0483f0ac4669d6-95,comment_banner,CWE-200,-0.0014236678876843323,0.0,0.0,0.0
VulBERTa-local,bigvul-8e76d0404b7f664ee6719fd98f0483f0ac4669d6-95,control_flow_rewrite,CWE-200,-0.0014236678876843323,0.0,0.0,0.0
VulBERTa-local,bigvul-8e76d0404b7f664ee6719fd98f0483f0ac4669d6-95,dead_branch_after_opening_brace,CWE-200,0.007504764731036284,1.0,0.0,0.0
VulBERTa-local,bigvul-8e76d0404b7f664ee6719fd98f0483f0ac4669d6-95,identifier_renaming,CWE-200,-0.0014236678876843323,0.0,0.0,0.0
VulBERTa-local,bigvul-8e76d0404b7f664ee6719fd98f0483f0ac4669d6-95,original,CWE-200,-0.0014236678876843323,0.0,0.0,0.0
VulBERTa-local,bigvul-8e76d0404b7f664ee6719fd98f0483f0ac4669d6-95,safe_dead_code_carrier,CWE-200,0.009952266247701624,1.0,0.0,0.0
VulBERTa-local,bigvul-91f2fa59e8ed80dfbf400add0164ee0e508e412a-1900,blank_line_expansion,CWE-119,0.015209080509279382,1.0,0.0,0.0
VulBERTa-local,bigvul-91f2fa59e8ed80dfbf400add0164ee0e508e412a-1900,brace_line_shift,CWE-119,0.015209080509279382,1.0,0.0,0.0
VulBERTa-local,bigvul-91f2fa59e8ed80dfbf400add0164ee0e508e412a-1900,code_normalization_abstraction,CWE-119,0.015193762581413361,1.0,0.0,0.0
VulBERTa-local,bigvul-91f2fa59e8ed80dfbf400add0164ee0e508e412a-1900,comment_banner,CWE-119,0.015209080509279382,1.0,0.0,0.0
VulBERTa-local,bigvul-91f2fa59e8ed80dfbf400add0164ee0e508e412a-1900,control_flow_rewrite,CWE-119,0.015209080509279382,1.0,0.0,0.0
VulBERTa-local,bigvul-91f2fa59e8ed80dfbf400add0164ee0e508e412a-1900,dead_branch_after_opening_brace,CWE-119,0.015353689582403018,1.0,0.0,0.0
VulBERTa-local,bigvul-91f2fa59e8ed80dfbf400add0164ee0e508e412a-1900,identifier_renaming,CWE-119,0.01439600045036149,1.0,0.0,0.0
VulBERTa-local,bigvul-91f2fa59e8ed80dfbf400add0164ee0e508e412a-1900,original,CWE-119,0.015209080509279382,1.0,0.0,0.0
VulBERTa-local,bigvul-91f2fa59e8ed80dfbf400add0164ee0e508e412a-1900,safe_dead_code_carrier,CWE-119,0.015513849239681687,1.0,0.0,0.0
VulBERTa-local,bigvul-94e01571507835ff59dd8ce2a0b56a4b566965a4-660,blank_line_expansion,CWE-119,-0.006151649406843707,0.0,0.0,0.0
VulBERTa-local,bigvul-94e01571507835ff59dd8ce2a0b56a4b566965a4-660,brace_line_shift,CWE-119,-0.006151649406843707,0.0,0.0,0.0
VulBERTa-local,bigvul-94e01571507835ff59dd8ce2a0b56a4b566965a4-660,code_normalization_abstraction,CWE-119,-0.0061475287918442145,0.0,0.0,0.0
VulBERTa-local,bigvul-94e01571507835ff59dd8ce2a0b56a4b566965a4-660,comment_banner,CWE-119,-0.006151649406843707,0.0,0.0,0.0
VulBERTa-local,bigvul-94e01571507835ff59dd8ce2a0b56a4b566965a4-660,control_flow_rewrite,CWE-119,-0.006151649406843707,0.0,0.0,0.0
VulBERTa-local,bigvul-94e01571507835ff59dd8ce2a0b56a4b566965a4-660,dead_branch_after_opening_brace,CWE-119,-0.006139642132545975,0.0,0.0,0.0
VulBERTa-local,bigvul-94e01571507835ff59dd8ce2a0b56a4b566965a4-660,identifier_renaming,CWE-119,-0.00651808852135638,0.0,0.0,0.0
VulBERTa-local,bigvul-94e01571507835ff59dd8ce2a0b56a4b566965a4-660,original,CWE-119,-0.006151649406843707,0.0,0.0,0.0
VulBERTa-local,bigvul-94e01571507835ff59dd8ce2a0b56a4b566965a4-660,safe_dead_code_carrier,CWE-119,-0.0061336380642224575,0.0,0.0,0.0
VulBERTa-local,bigvul-9f64916da20eea67121d544698676295bbb105a7-509,blank_line_expansion,CWE-125,-0.009226026788465513,0.0,0.0,0.0
VulBERTa-local,bigvul-9f64916da20eea67121d544698676295bbb105a7-509,brace_line_shift,CWE-125,-0.009226026788465513,0.0,0.0,0.0
VulBERTa-local,bigvul-9f64916da20eea67121d544698676295bbb105a7-509,code_normalization_abstraction,CWE-125,-0.00925755668399042,0.0,0.0,0.0
VulBERTa-local,bigvul-9f64916da20eea67121d544698676295bbb105a7-509,comment_banner,CWE-125,-0.009226026788465513,0.0,0.0,0.0
VulBERTa-local,bigvul-9f64916da20eea67121d544698676295bbb105a7-509,control_flow_rewrite,CWE-125,-0.009226026788465513,0.0,0.0,0.0
VulBERTa-local,bigvul-9f64916da20eea67121d544698676295bbb105a7-509,dead_branch_after_opening_brace,CWE-125,-0.009081027891639781,0.0,0.0,0.0
VulBERTa-local,bigvul-9f64916da20eea67121d544698676295bbb105a7-509,identifier_renaming,CWE-125,-0.008974585406770819,0.0,0.0,0.0
VulBERTa-local,bigvul-9f64916da20eea67121d544698676295bbb105a7-509,original,CWE-125,-0.009226026788465513,0.0,0.0,0.0
VulBERTa-local,bigvul-9f64916da20eea67121d544698676295bbb105a7-509,safe_dead_code_carrier,CWE-125,-0.00905670969978295,0.0,0.0,0.0
VulBERTa-local,bigvul-a1098f81c252b317ad34ea978aea2bc47760b215-1178,blank_line_expansion,CWE-119,-0.0013872426032792706,0.0,0.0,0.0
VulBERTa-local,bigvul-a1098f81c252b317ad34ea978aea2bc47760b215-1178,brace_line_shift,CWE-119,-0.0013872426032792706,0.0,0.0,0.0
VulBERTa-local,bigvul-a1098f81c252b317ad34ea978aea2bc47760b215-1178,code_normalization_abstraction,CWE-119,-0.0013872426032792706,0.0,0.0,0.0
VulBERTa-local,bigvul-a1098f81c252b317ad34ea978aea2bc47760b215-1178,comment_banner,CWE-119,-0.0013872426032792706,0.0,0.0,0.0
VulBERTa-local,bigvul-a1098f81c252b317ad34ea978aea2bc47760b215-1178,control_flow_rewrite,CWE-119,-0.0013872426032792706,0.0,0.0,0.0
VulBERTa-local,bigvul-a1098f81c252b317ad34ea978aea2bc47760b215-1178,dead_branch_after_opening_brace,CWE-119,-0.0013639062545041103,0.0,0.0,0.0
VulBERTa-local,bigvul-a1098f81c252b317ad34ea978aea2bc47760b215-1178,identifier_renaming,CWE-119,-0.0019636048264787265,0.0,0.0,0.0
VulBERTa-local,bigvul-a1098f81c252b317ad34ea978aea2bc47760b215-1178,original,CWE-119,-0.0013872426032792706,0.0,0.0,0.0
VulBERTa-local,bigvul-a1098f81c252b317ad34ea978aea2bc47760b215-1178,safe_dead_code_carrier,CWE-119,-0.001344017451417212,0.0,0.0,0.0
VulBERTa-local,bigvul-a151041807a7e3c702c5f935a742368333aa69d4-1931,blank_line_expansion,unknown,0.004769898329953226,1.0,0.0,0.0
VulBERTa-local,bigvul-a151041807a7e3c702c5f935a742368333aa69d4-1931,brace_line_shift,unknown,0.004769898329953226,1.0,0.0,0.0
VulBERTa-local,bigvul-a151041807a7e3c702c5f935a742368333aa69d4-1931,code_normalization_abstraction,unknown,0.004769898329953226,1.0,0.0,0.0
VulBERTa-local,bigvul-a151041807a7e3c702c5f935a742368333aa69d4-1931,comment_banner,unknown,0.004769898329953226,1.0,0.0,0.0
VulBERTa-local,bigvul-a151041807a7e3c702c5f935a742368333aa69d4-1931,control_flow_rewrite,unknown,0.004769898329953226,1.0,0.0,0.0
VulBERTa-local,bigvul-a151041807a7e3c702c5f935a742368333aa69d4-1931,dead_branch_after_opening_brace,unknown,0.004739406507896837,1.0,0.0,0.0
VulBERTa-local,bigvul-a151041807a7e3c702c5f935a742368333aa69d4-1931,identifier_renaming,unknown,0.005107370398475863,1.0,0.0,0.0
VulBERTa-local,bigvul-a151041807a7e3c702c5f935a742368333aa69d4-1931,original,unknown,0.004769898329953226,1.0,0.0,0.0
VulBERTa-local,bigvul-a151041807a7e3c702c5f935a742368333aa69d4-1931,safe_dead_code_carrier,unknown,0.004736886203213775,1.0,0.0,0.0
VulBERTa-local,bigvul-a30f64b4ae13255535a4947616fce484c54207df-815,blank_line_expansion,CWE-20,-0.0035043124864768127,0.0,0.0,0.0
VulBERTa-local,bigvul-a30f64b4ae13255535a4947616fce484c54207df-815,brace_line_shift,CWE-20,-0.0035043124864768127,0.0,0.0,0.0
VulBERTa-local,bigvul-a30f64b4ae13255535a4947616fce484c54207df-815,code_normalization_abstraction,CWE-20,-0.00343316134313576,0.0,0.0,0.0
VulBERTa-local,bigvul-a30f64b4ae13255535a4947616fce484c54207df-815,comment_banner,CWE-20,-0.0035043124864768127,0.0,0.0,0.0
VulBERTa-local,bigvul-a30f64b4ae13255535a4947616fce484c54207df-815,control_flow_rewrite,CWE-20,-0.0035043124864768127,0.0,0.0,0.0
VulBERTa-local,bigvul-a30f64b4ae13255535a4947616fce484c54207df-815,dead_branch_after_opening_brace,CWE-20,-0.0034510250239356832,0.0,0.0,0.0
VulBERTa-local,bigvul-a30f64b4ae13255535a4947616fce484c54207df-815,identifier_renaming,CWE-20,-0.003573701669999846,0.0,0.0,0.0
VulBERTa-local,bigvul-a30f64b4ae13255535a4947616fce484c54207df-815,original,CWE-20,-0.0035043124864768127,0.0,0.0,0.0
VulBERTa-local,bigvul-a30f64b4ae13255535a4947616fce484c54207df-815,safe_dead_code_carrier,CWE-20,-0.0034168970495866424,0.0,0.0,0.0
VulBERTa-local,bigvul-a8b0ca17b80e92faab46ee7179ba9e99ccb61233-525,blank_line_expansion,CWE-399,-0.001033845381152143,0.0,0.0,0.0
VulBERTa-local,bigvul-a8b0ca17b80e92faab46ee7179ba9e99ccb61233-525,brace_line_shift,CWE-399,-0.001033845381152143,0.0,0.0,0.0
VulBERTa-local,bigvul-a8b0ca17b80e92faab46ee7179ba9e99ccb61233-525,code_normalization_abstraction,CWE-399,-0.001038673398524037,0.0,0.0,0.0
VulBERTa-local,bigvul-a8b0ca17b80e92faab46ee7179ba9e99ccb61233-525,comment_banner,CWE-399,-0.001033845381152143,0.0,0.0,0.0
VulBERTa-local,bigvul-a8b0ca17b80e92faab46ee7179ba9e99ccb61233-525,control_flow_rewrite,CWE-399,-0.001033845381152143,0.0,0.0,0.0
VulBERTa-local,bigvul-a8b0ca17b80e92faab46ee7179ba9e99ccb61233-525,dead_branch_after_opening_brace,CWE-399,-0.0010355108792634016,0.0,0.0,0.0
VulBERTa-local,bigvul-a8b0ca17b80e92faab46ee7179ba9e99ccb61233-525,identifier_renaming,CWE-399,-0.001027493477580188,0.0,0.0,0.0
VulBERTa-local,bigvul-a8b0ca17b80e92faab46ee7179ba9e99ccb61233-525,original,CWE-399,-0.001033845381152143,0.0,0.0,0.0
VulBERTa-local,bigvul-a8b0ca17b80e92faab46ee7179ba9e99ccb61233-525,safe_dead_code_carrier,CWE-399,-0.0010369275813015832,0.0,0.0,0.0
VulBERTa-local,bigvul-ab906da53ff2a68c6fd6d1fa73f2b7c7bf0bc636-1442,blank_line_expansion,CWE-125,-2.0731848352217863e-05,0.0,0.0,0.0
VulBERTa-local,bigvul-ab906da53ff2a68c6fd6d1fa73f2b7c7bf0bc636-1442,brace_line_shift,CWE-125,-2.0731848352217863e-05,0.0,0.0,0.0
VulBERTa-local,bigvul-ab906da53ff2a68c6fd6d1fa73f2b7c7bf0bc636-1442,code_normalization_abstraction,CWE-125,-2.0714584230085986e-05,0.0,0.0,0.0
VulBERTa-local,bigvul-ab906da53ff2a68c6fd6d1fa73f2b7c7bf0bc636-1442,comment_banner,CWE-125,-2.0731848352217863e-05,0.0,0.0,0.0
VulBERTa-local,bigvul-ab906da53ff2a68c6fd6d1fa73f2b7c7bf0bc636-1442,control_flow_rewrite,CWE-125,-2.0731848352217863e-05,0.0,0.0,0.0
VulBERTa-local,bigvul-ab906da53ff2a68c6fd6d1fa73f2b7c7bf0bc636-1442,dead_branch_after_opening_brace,CWE-125,-2.0686356482002566e-05,0.0,0.0,0.0
VulBERTa-local,bigvul-ab906da53ff2a68c6fd6d1fa73f2b7c7bf0bc636-1442,identifier_renaming,CWE-125,-2.11648441007517e-05,0.0,0.0,0.0
VulBERTa-local,bigvul-ab906da53ff2a68c6fd6d1fa73f2b7c7bf0bc636-1442,original,CWE-125,-2.0731848352217863e-05,0.0,0.0,0.0
VulBERTa-local,bigvul-ab906da53ff2a68c6fd6d1fa73f2b7c7bf0bc636-1442,safe_dead_code_carrier,CWE-125,-2.0656651193606823e-05,0.0,0.0,0.0
VulBERTa-local,bigvul-ac23b02ecb741e5de60f5235ea443790c88a0b80-1713,blank_line_expansion,CWE-20,-3.660283572337608e-05,0.0,0.0,0.0
VulBERTa-local,bigvul-ac23b02ecb741e5de60f5235ea443790c88a0b80-1713,brace_line_shift,CWE-20,-3.660283572337608e-05,0.0,0.0,0.0
VulBERTa-local,bigvul-ac23b02ecb741e5de60f5235ea443790c88a0b80-1713,code_normalization_abstraction,CWE-20,-3.660283572337608e-05,0.0,0.0,0.0
VulBERTa-local,bigvul-ac23b02ecb741e5de60f5235ea443790c88a0b80-1713,comment_banner,CWE-20,-3.660283572337608e-05,0.0,0.0,0.0
VulBERTa-local,bigvul-ac23b02ecb741e5de60f5235ea443790c88a0b80-1713,control_flow_rewrite,CWE-20,-3.660283572337608e-05,0.0,0.0,0.0
VulBERTa-local,bigvul-ac23b02ecb741e5de60f5235ea443790c88a0b80-1713,dead_branch_after_opening_brace,CWE-20,-2.680427633650062e-05,0.0,0.0,0.0
VulBERTa-local,bigvul-ac23b02ecb741e5de60f5235ea443790c88a0b80-1713,identifier_renaming,CWE-20,-4.9921199187896725e-05,0.0,0.0,0.0
VulBERTa-local,bigvul-ac23b02ecb741e5de60f5235ea443790c88a0b80-1713,original,CWE-20,-3.660283572337608e-05,0.0,0.0,0.0
VulBERTa-local,bigvul-ac23b02ecb741e5de60f5235ea443790c88a0b80-1713,safe_dead_code_carrier,CWE-20,-1.995138551968978e-05,0.0,0.0,0.0
VulBERTa-local,bigvul-ac8bd041b81e46e4e4fcd5021aaa5499703952e6-2748,blank_line_expansion,CWE-287,0.009357331325217877,1.0,0.0,0.0
VulBERTa-local,bigvul-ac8bd041b81e46e4e4fcd5021aaa5499703952e6-2748,brace_line_shift,CWE-287,0.009357331325217877,1.0,0.0,0.0
VulBERTa-local,bigvul-ac8bd041b81e46e4e4fcd5021aaa5499703952e6-2748,code_normalization_abstraction,CWE-287,0.009357331325217877,1.0,0.0,0.0
VulBERTa-local,bigvul-ac8bd041b81e46e4e4fcd5021aaa5499703952e6-2748,comment_banner,CWE-287,0.009357331325217877,1.0,0.0,0.0
VulBERTa-local,bigvul-ac8bd041b81e46e4e4fcd5021aaa5499703952e6-2748,control_flow_rewrite,CWE-287,0.009357331325217877,1.0,0.0,0.0
VulBERTa-local,bigvul-ac8bd041b81e46e4e4fcd5021aaa5499703952e6-2748,dead_branch_after_opening_brace,CWE-287,0.009159071036831112,1.0,0.0,0.0
VulBERTa-local,bigvul-ac8bd041b81e46e4e4fcd5021aaa5499703952e6-2748,identifier_renaming,CWE-287,0.006608992664031477,1.0,0.0,0.0
VulBERTa-local,bigvul-ac8bd041b81e46e4e4fcd5021aaa5499703952e6-2748,original,CWE-287,0.009357331325217877,1.0,0.0,0.0
VulBERTa-local,bigvul-ac8bd041b81e46e4e4fcd5021aaa5499703952e6-2748,safe_dead_code_carrier,CWE-287,0.009074953888034365,1.0,0.0,0.0
VulBERTa-local,bigvul-adca986a53b31b6da4cb22f8e755f6856daea89a-2137,blank_line_expansion,CWE-20,0.11220977778856611,1.0,0.0,0.0
VulBERTa-local,bigvul-adca986a53b31b6da4cb22f8e755f6856daea89a-2137,brace_line_shift,CWE-20,0.11220977778856611,1.0,0.0,0.0
VulBERTa-local,bigvul-adca986a53b31b6da4cb22f8e755f6856daea89a-2137,code_normalization_abstraction,CWE-20,0.11220977778856611,1.0,0.0,0.0
VulBERTa-local,bigvul-adca986a53b31b6da4cb22f8e755f6856daea89a-2137,comment_banner,CWE-20,0.11220977778856611,1.0,0.0,0.0
VulBERTa-local,bigvul-adca986a53b31b6da4cb22f8e755f6856daea89a-2137,control_flow_rewrite,CWE-20,0.11220977778856611,1.0,0.0,0.0
VulBERTa-local,bigvul-adca986a53b31b6da4cb22f8e755f6856daea89a-2137,dead_branch_after_opening_brace,CWE-20,0.09183017385771353,1.0,0.0,0.0
VulBERTa-local,bigvul-adca986a53b31b6da4cb22f8e755f6856daea89a-2137,identifier_renaming,CWE-20,0.11220977778856611,1.0,0.0,0.0
VulBERTa-local,bigvul-adca986a53b31b6da4cb22f8e755f6856daea89a-2137,original,CWE-20,0.11220977778856611,1.0,0.0,0.0
VulBERTa-local,bigvul-adca986a53b31b6da4cb22f8e755f6856daea89a-2137,safe_dead_code_carrier,CWE-20,0.0857578951890029,1.0,0.0,0.0
VulBERTa-local,bigvul-b4c01141e5367f247b84dcaf6aefbb4e741842b8-483,blank_line_expansion,CWE-399,-0.0005171125253290998,0.0,0.0,0.0
VulBERTa-local,bigvul-b4c01141e5367f247b84dcaf6aefbb4e741842b8-483,brace_line_shift,CWE-399,-0.0005171125253290998,0.0,0.0,0.0
VulBERTa-local,bigvul-b4c01141e5367f247b84dcaf6aefbb4e741842b8-483,code_normalization_abstraction,CWE-399,-0.0016360814519276734,0.0,0.0,0.0
VulBERTa-local,bigvul-b4c01141e5367f247b84dcaf6aefbb4e741842b8-483,comment_banner,CWE-399,-0.0005171125253290998,0.0,0.0,0.0
VulBERTa-local,bigvul-b4c01141e5367f247b84dcaf6aefbb4e741842b8-483,control_flow_rewrite,CWE-399,-0.0005171125253290998,0.0,0.0,0.0
VulBERTa-local,bigvul-b4c01141e5367f247b84dcaf6aefbb4e741842b8-483,dead_branch_after_opening_brace,CWE-399,-0.0005233521735175106,0.0,0.0,0.0
VulBERTa-local,bigvul-b4c01141e5367f247b84dcaf6aefbb4e741842b8-483,identifier_renaming,CWE-399,0.0002713892399226481,1.0,0.0,0.0
VulBERTa-local,bigvul-b4c01141e5367f247b84dcaf6aefbb4e741842b8-483,original,CWE-399,-0.0005171125253290998,0.0,0.0,0.0
VulBERTa-local,bigvul-b4c01141e5367f247b84dcaf6aefbb4e741842b8-483,safe_dead_code_carrier,CWE-399,-0.000524272797362002,0.0,0.0,0.0
VulBERTa-local,bigvul-b589096f907052b3a4da2b9ccc9b0e2e888dfc18-5,blank_line_expansion,CWE-119,-0.006605583536359538,0.0,0.0,0.0
VulBERTa-local,bigvul-b589096f907052b3a4da2b9ccc9b0e2e888dfc18-5,brace_line_shift,CWE-119,-0.006605583536359538,0.0,0.0,0.0
VulBERTa-local,bigvul-b589096f907052b3a4da2b9ccc9b0e2e888dfc18-5,code_normalization_abstraction,CWE-119,-0.006605583536359538,0.0,0.0,0.0
VulBERTa-local,bigvul-b589096f907052b3a4da2b9ccc9b0e2e888dfc18-5,comment_banner,CWE-119,-0.006579831681844284,0.0,0.0,0.0
VulBERTa-local,bigvul-b589096f907052b3a4da2b9ccc9b0e2e888dfc18-5,control_flow_rewrite,CWE-119,-0.006605583536359538,0.0,0.0,0.0
VulBERTa-local,bigvul-b589096f907052b3a4da2b9ccc9b0e2e888dfc18-5,dead_branch_after_opening_brace,CWE-119,-0.006605583536359538,0.0,0.0,0.0
VulBERTa-local,bigvul-b589096f907052b3a4da2b9ccc9b0e2e888dfc18-5,identifier_renaming,CWE-119,-0.00033030941417028226,0.0,0.0,0.0
VulBERTa-local,bigvul-b589096f907052b3a4da2b9ccc9b0e2e888dfc18-5,original,CWE-119,-0.006605583536359538,0.0,0.0,0.0
VulBERTa-local,bigvul-b589096f907052b3a4da2b9ccc9b0e2e888dfc18-5,safe_dead_code_carrier,CWE-119,-0.006605583536359538,0.0,0.0,0.0
VulBERTa-local,bigvul-b61d35eaccc0a7ddeff8a1c3abfcd0a43ccf210b-775,blank_line_expansion,CWE-476,0.0,0.0,1.0,0.0
VulBERTa-local,bigvul-b61d35eaccc0a7ddeff8a1c3abfcd0a43ccf210b-775,brace_line_shift,CWE-476,0.0,0.0,1.0,0.0
VulBERTa-local,bigvul-b61d35eaccc0a7ddeff8a1c3abfcd0a43ccf210b-775,code_normalization_abstraction,CWE-476,0.0,0.0,1.0,0.0
VulBERTa-local,bigvul-b61d35eaccc0a7ddeff8a1c3abfcd0a43ccf210b-775,comment_banner,CWE-476,0.0,0.0,1.0,0.0
VulBERTa-local,bigvul-b61d35eaccc0a7ddeff8a1c3abfcd0a43ccf210b-775,control_flow_rewrite,CWE-476,0.0,0.0,1.0,0.0
VulBERTa-local,bigvul-b61d35eaccc0a7ddeff8a1c3abfcd0a43ccf210b-775,dead_branch_after_opening_brace,CWE-476,0.0,0.0,1.0,0.0
VulBERTa-local,bigvul-b61d35eaccc0a7ddeff8a1c3abfcd0a43ccf210b-775,identifier_renaming,CWE-476,0.0,0.0,1.0,0.0
VulBERTa-local,bigvul-b61d35eaccc0a7ddeff8a1c3abfcd0a43ccf210b-775,original,CWE-476,0.0,0.0,1.0,0.0
VulBERTa-local,bigvul-b61d35eaccc0a7ddeff8a1c3abfcd0a43ccf210b-775,safe_dead_code_carrier,CWE-476,0.0,0.0,1.0,0.0
VulBERTa-local,bigvul-b944f670bb7a8a919daac497a4ea0536c954c201-2892,blank_line_expansion,CWE-20,0.001643215725146141,1.0,0.0,0.0
VulBERTa-local,bigvul-b944f670bb7a8a919daac497a4ea0536c954c201-2892,brace_line_shift,CWE-20,0.001643215725146141,1.0,0.0,0.0
VulBERTa-local,bigvul-b944f670bb7a8a919daac497a4ea0536c954c201-2892,code_normalization_abstraction,CWE-20,0.0016328852805882477,1.0,0.0,0.0
VulBERTa-local,bigvul-b944f670bb7a8a919daac497a4ea0536c954c201-2892,comment_banner,CWE-20,0.001643215725146141,1.0,0.0,0.0
VulBERTa-local,bigvul-b944f670bb7a8a919daac497a4ea0536c954c201-2892,control_flow_rewrite,CWE-20,0.001643215725146141,1.0,0.0,0.0
VulBERTa-local,bigvul-b944f670bb7a8a919daac497a4ea0536c954c201-2892,dead_branch_after_opening_brace,CWE-20,0.0015904331132357008,1.0,0.0,0.0
VulBERTa-local,bigvul-b944f670bb7a8a919daac497a4ea0536c954c201-2892,identifier_renaming,CWE-20,0.001643215725146141,1.0,0.0,0.0
VulBERTa-local,bigvul-b944f670bb7a8a919daac497a4ea0536c954c201-2892,original,CWE-20,0.001643215725146141,1.0,0.0,0.0
VulBERTa-local,bigvul-b944f670bb7a8a919daac497a4ea0536c954c201-2892,safe_dead_code_carrier,CWE-20,0.0015767517237855744,1.0,0.0,0.0
VulBERTa-local,bigvul-ba3021b2c79b2fa9114f92790a99deb27a65b728-2670,blank_line_expansion,CWE-200,-0.009602972769608531,0.0,0.0,0.0
VulBERTa-local,bigvul-ba3021b2c79b2fa9114f92790a99deb27a65b728-2670,brace_line_shift,CWE-200,-0.009602972769608531,0.0,0.0,0.0
VulBERTa-local,bigvul-ba3021b2c79b2fa9114f92790a99deb27a65b728-2670,code_normalization_abstraction,CWE-200,-0.009608805657114361,0.0,0.0,0.0
VulBERTa-local,bigvul-ba3021b2c79b2fa9114f92790a99deb27a65b728-2670,comment_banner,CWE-200,-0.009602972769608531,0.0,0.0,0.0
VulBERTa-local,bigvul-ba3021b2c79b2fa9114f92790a99deb27a65b728-2670,control_flow_rewrite,CWE-200,-0.009602972769608531,0.0,0.0,0.0
VulBERTa-local,bigvul-ba3021b2c79b2fa9114f92790a99deb27a65b728-2670,dead_branch_after_opening_brace,CWE-200,-0.009338232170574556,0.0,0.0,0.0
VulBERTa-local,bigvul-ba3021b2c79b2fa9114f92790a99deb27a65b728-2670,identifier_renaming,CWE-200,-0.010698183050096677,0.0,0.0,0.0
VulBERTa-local,bigvul-ba3021b2c79b2fa9114f92790a99deb27a65b728-2670,original,CWE-200,-0.009602972769608531,0.0,0.0,0.0
VulBERTa-local,bigvul-ba3021b2c79b2fa9114f92790a99deb27a65b728-2670,safe_dead_code_carrier,CWE-200,-0.009231957724115614,0.0,0.0,0.0
VulBERTa-local,bigvul-bb4a21e98656fe2c7d98ba2163e6defe9a630e2b-2788,blank_line_expansion,CWE-264,0.015496344170261078,1.0,0.0,0.0
VulBERTa-local,bigvul-bb4a21e98656fe2c7d98ba2163e6defe9a630e2b-2788,brace_line_shift,CWE-264,0.015496344170261078,1.0,0.0,0.0
VulBERTa-local,bigvul-bb4a21e98656fe2c7d98ba2163e6defe9a630e2b-2788,code_normalization_abstraction,CWE-264,0.015496344170261078,1.0,0.0,0.0
VulBERTa-local,bigvul-bb4a21e98656fe2c7d98ba2163e6defe9a630e2b-2788,comment_banner,CWE-264,0.015496344170261078,1.0,0.0,0.0
VulBERTa-local,bigvul-bb4a21e98656fe2c7d98ba2163e6defe9a630e2b-2788,control_flow_rewrite,CWE-264,0.015496344170261078,1.0,0.0,0.0
VulBERTa-local,bigvul-bb4a21e98656fe2c7d98ba2163e6defe9a630e2b-2788,dead_branch_after_opening_brace,CWE-264,0.014059008950137952,1.0,0.0,0.0
VulBERTa-local,bigvul-bb4a21e98656fe2c7d98ba2163e6defe9a630e2b-2788,identifier_renaming,CWE-264,0.016069372199773613,1.0,0.0,0.0
VulBERTa-local,bigvul-bb4a21e98656fe2c7d98ba2163e6defe9a630e2b-2788,original,CWE-264,0.015496344170261078,1.0,0.0,0.0
VulBERTa-local,bigvul-bb4a21e98656fe2c7d98ba2163e6defe9a630e2b-2788,safe_dead_code_carrier,CWE-264,0.013527223747208217,1.0,0.0,0.0
VulBERTa-local,bigvul-bceb03fd2be95097a7b409ea59914f332fb6bc86-655,blank_line_expansion,CWE-125,0.0,0.0,1.0,0.0
VulBERTa-local,bigvul-bceb03fd2be95097a7b409ea59914f332fb6bc86-655,brace_line_shift,CWE-125,0.0,0.0,1.0,0.0
VulBERTa-local,bigvul-bceb03fd2be95097a7b409ea59914f332fb6bc86-655,code_normalization_abstraction,CWE-125,0.0,0.0,1.0,0.0
VulBERTa-local,bigvul-bceb03fd2be95097a7b409ea59914f332fb6bc86-655,comment_banner,CWE-125,0.0,0.0,1.0,0.0
VulBERTa-local,bigvul-bceb03fd2be95097a7b409ea59914f332fb6bc86-655,control_flow_rewrite,CWE-125,0.0,0.0,1.0,0.0
VulBERTa-local,bigvul-bceb03fd2be95097a7b409ea59914f332fb6bc86-655,dead_branch_after_opening_brace,CWE-125,0.0,0.0,1.0,0.0
VulBERTa-local,bigvul-bceb03fd2be95097a7b409ea59914f332fb6bc86-655,identifier_renaming,CWE-125,0.0,0.0,1.0,0.0
VulBERTa-local,bigvul-bceb03fd2be95097a7b409ea59914f332fb6bc86-655,original,CWE-125,0.0,0.0,1.0,0.0
VulBERTa-local,bigvul-bceb03fd2be95097a7b409ea59914f332fb6bc86-655,safe_dead_code_carrier,CWE-125,0.0,0.0,1.0,0.0
VulBERTa-local,bigvul-bd1bab05083d80464fea854bf4b5c49aaf1b8401-2075,blank_line_expansion,CWE-119,-0.00323061431026328,0.0,0.0,0.0
VulBERTa-local,bigvul-bd1bab05083d80464fea854bf4b5c49aaf1b8401-2075,brace_line_shift,CWE-119,-0.00323061431026328,0.0,0.0,0.0
VulBERTa-local,bigvul-bd1bab05083d80464fea854bf4b5c49aaf1b8401-2075,code_normalization_abstraction,CWE-119,-0.003165592099348302,0.0,0.0,0.0
VulBERTa-local,bigvul-bd1bab05083d80464fea854bf4b5c49aaf1b8401-2075,comment_banner,CWE-119,-0.00323061431026328,0.0,0.0,0.0
VulBERTa-local,bigvul-bd1bab05083d80464fea854bf4b5c49aaf1b8401-2075,control_flow_rewrite,CWE-119,-0.00323061431026328,0.0,0.0,0.0
VulBERTa-local,bigvul-bd1bab05083d80464fea854bf4b5c49aaf1b8401-2075,dead_branch_after_opening_brace,CWE-119,-0.0031764947757331186,0.0,0.0,0.0
VulBERTa-local,bigvul-bd1bab05083d80464fea854bf4b5c49aaf1b8401-2075,identifier_renaming,CWE-119,-0.0032563493778180463,0.0,0.0,0.0
VulBERTa-local,bigvul-bd1bab05083d80464fea854bf4b5c49aaf1b8401-2075,original,CWE-119,-0.00323061431026328,0.0,0.0,0.0
VulBERTa-local,bigvul-bd1bab05083d80464fea854bf4b5c49aaf1b8401-2075,safe_dead_code_carrier,CWE-119,-0.00315880840139815,0.0,0.0,0.0
VulBERTa-local,bigvul-be0726d33cb8f411945884664924bed3cb8c70ee-2661,blank_line_expansion,CWE-19,-0.0012430998098434953,0.0,0.0,0.0
VulBERTa-local,bigvul-be0726d33cb8f411945884664924bed3cb8c70ee-2661,brace_line_shift,CWE-19,-0.0012430998098434953,0.0,0.0,0.0
VulBERTa-local,bigvul-be0726d33cb8f411945884664924bed3cb8c70ee-2661,code_normalization_abstraction,CWE-19,-0.0013056205493281459,0.0,0.0,0.0
VulBERTa-local,bigvul-be0726d33cb8f411945884664924bed3cb8c70ee-2661,comment_banner,CWE-19,-0.0012430998098434953,0.0,0.0,0.0
VulBERTa-local,bigvul-be0726d33cb8f411945884664924bed3cb8c70ee-2661,control_flow_rewrite,CWE-19,-0.0012430998098434953,0.0,0.0,0.0
VulBERTa-local,bigvul-be0726d33cb8f411945884664924bed3cb8c70ee-2661,dead_branch_after_opening_brace,CWE-19,-0.0011050164920305416,0.0,0.0,0.0
VulBERTa-local,bigvul-be0726d33cb8f411945884664924bed3cb8c70ee-2661,identifier_renaming,CWE-19,-0.003644050240329655,0.0,0.0,0.0
VulBERTa-local,bigvul-be0726d33cb8f411945884664924bed3cb8c70ee-2661,original,CWE-19,-0.0012430998098434953,0.0,0.0,0.0
VulBERTa-local,bigvul-be0726d33cb8f411945884664924bed3cb8c70ee-2661,safe_dead_code_carrier,CWE-19,-0.000982288225286121,0.0,0.0,0.0
VulBERTa-local,bigvul-c03aa9f6e1f938618e6db2e23afef0574efeeb65-533,blank_line_expansion,CWE-399,-0.0054705620889118345,0.0,0.0,0.0
VulBERTa-local,bigvul-c03aa9f6e1f938618e6db2e23afef0574efeeb65-533,brace_line_shift,CWE-399,-0.0054705620889118345,0.0,0.0,0.0
VulBERTa-local,bigvul-c03aa9f6e1f938618e6db2e23afef0574efeeb65-533,code_normalization_abstraction,CWE-399,-0.0054705620889118345,0.0,0.0,0.0
VulBERTa-local,bigvul-c03aa9f6e1f938618e6db2e23afef0574efeeb65-533,comment_banner,CWE-399,-0.0054705620889118345,0.0,0.0,0.0
VulBERTa-local,bigvul-c03aa9f6e1f938618e6db2e23afef0574efeeb65-533,control_flow_rewrite,CWE-399,-0.0054705620889118345,0.0,0.0,0.0
VulBERTa-local,bigvul-c03aa9f6e1f938618e6db2e23afef0574efeeb65-533,dead_branch_after_opening_brace,CWE-399,-0.005472451158846925,0.0,0.0,0.0
VulBERTa-local,bigvul-c03aa9f6e1f938618e6db2e23afef0574efeeb65-533,identifier_renaming,CWE-399,-0.0059878796012498015,0.0,0.0,0.0
VulBERTa-local,bigvul-c03aa9f6e1f938618e6db2e23afef0574efeeb65-533,original,CWE-399,-0.0054705620889118345,0.0,0.0,0.0
VulBERTa-local,bigvul-c03aa9f6e1f938618e6db2e23afef0574efeeb65-533,safe_dead_code_carrier,CWE-399,-0.00547437220828173,0.0,0.0,0.0
VulBERTa-local,bigvul-c0c8978849ac57e4ecd613ddc8ff7852a2054734-1529,blank_line_expansion,CWE-732,0.003933717604777509,1.0,0.0,0.0
VulBERTa-local,bigvul-c0c8978849ac57e4ecd613ddc8ff7852a2054734-1529,brace_line_shift,CWE-732,0.003933717604777509,1.0,0.0,0.0
VulBERTa-local,bigvul-c0c8978849ac57e4ecd613ddc8ff7852a2054734-1529,code_normalization_abstraction,CWE-732,0.003933717604777509,1.0,0.0,0.0
VulBERTa-local,bigvul-c0c8978849ac57e4ecd613ddc8ff7852a2054734-1529,comment_banner,CWE-732,0.003933717604777509,1.0,0.0,0.0
VulBERTa-local,bigvul-c0c8978849ac57e4ecd613ddc8ff7852a2054734-1529,control_flow_rewrite,CWE-732,0.003933717604777509,1.0,0.0,0.0
VulBERTa-local,bigvul-c0c8978849ac57e4ecd613ddc8ff7852a2054734-1529,dead_branch_after_opening_brace,CWE-732,0.00403422918941676,1.0,0.0,0.0
VulBERTa-local,bigvul-c0c8978849ac57e4ecd613ddc8ff7852a2054734-1529,identifier_renaming,CWE-732,0.003933717604777509,1.0,0.0,0.0
VulBERTa-local,bigvul-c0c8978849ac57e4ecd613ddc8ff7852a2054734-1529,original,CWE-732,0.003933717604777509,1.0,0.0,0.0
VulBERTa-local,bigvul-c0c8978849ac57e4ecd613ddc8ff7852a2054734-1529,safe_dead_code_carrier,CWE-732,0.004112531560505839,1.0,0.0,0.0
VulBERTa-local,bigvul-c0c8978849ac57e4ecd613ddc8ff7852a2054734-2390,blank_line_expansion,CWE-732,-0.004596373451742353,0.0,0.0,0.0
VulBERTa-local,bigvul-c0c8978849ac57e4ecd613ddc8ff7852a2054734-2390,brace_line_shift,CWE-732,-0.004596373451742353,0.0,0.0,0.0
VulBERTa-local,bigvul-c0c8978849ac57e4ecd613ddc8ff7852a2054734-2390,code_normalization_abstraction,CWE-732,-0.004596373451742353,0.0,0.0,0.0
VulBERTa-local,bigvul-c0c8978849ac57e4ecd613ddc8ff7852a2054734-2390,comment_banner,CWE-732,-0.004596373451742353,0.0,0.0,0.0
VulBERTa-local,bigvul-c0c8978849ac57e4ecd613ddc8ff7852a2054734-2390,control_flow_rewrite,CWE-732,-0.004596373451742353,0.0,0.0,0.0
VulBERTa-local,bigvul-c0c8978849ac57e4ecd613ddc8ff7852a2054734-2390,dead_branch_after_opening_brace,CWE-732,-0.004686314136120362,0.0,0.0,0.0
VulBERTa-local,bigvul-c0c8978849ac57e4ecd613ddc8ff7852a2054734-2390,identifier_renaming,CWE-732,-0.005981814266122543,0.0,0.0,0.0
VulBERTa-local,bigvul-c0c8978849ac57e4ecd613ddc8ff7852a2054734-2390,original,CWE-732,-0.004596373451742353,0.0,0.0,0.0
VulBERTa-local,bigvul-c0c8978849ac57e4ecd613ddc8ff7852a2054734-2390,safe_dead_code_carrier,CWE-732,-0.004723898442564656,0.0,0.0,0.0
VulBERTa-local,bigvul-c25b198675380f713a56649c857b4367601d4a3d-2581,blank_line_expansion,CWE-200,-0.005482038582064086,0.0,0.0,0.0
VulBERTa-local,bigvul-c25b198675380f713a56649c857b4367601d4a3d-2581,brace_line_shift,CWE-200,-0.005482038582064086,0.0,0.0,0.0
VulBERTa-local,bigvul-c25b198675380f713a56649c857b4367601d4a3d-2581,code_normalization_abstraction,CWE-200,-0.005482038582064086,0.0,0.0,0.0
VulBERTa-local,bigvul-c25b198675380f713a56649c857b4367601d4a3d-2581,comment_banner,CWE-200,-0.005482038582064086,0.0,0.0,0.0
VulBERTa-local,bigvul-c25b198675380f713a56649c857b4367601d4a3d-2581,control_flow_rewrite,CWE-200,-0.005482038582064086,0.0,0.0,0.0
VulBERTa-local,bigvul-c25b198675380f713a56649c857b4367601d4a3d-2581,dead_branch_after_opening_brace,CWE-200,-0.00690257473566569,0.0,0.0,0.0
VulBERTa-local,bigvul-c25b198675380f713a56649c857b4367601d4a3d-2581,identifier_renaming,CWE-200,-0.005482038582064086,0.0,0.0,0.0
VulBERTa-local,bigvul-c25b198675380f713a56649c857b4367601d4a3d-2581,original,CWE-200,-0.005482038582064086,0.0,0.0,0.0
VulBERTa-local,bigvul-c25b198675380f713a56649c857b4367601d4a3d-2581,safe_dead_code_carrier,CWE-200,-0.007781241273893902,0.0,0.0,0.0
VulBERTa-local,bigvul-c55aee1bf0e6b6feec8b2927b43f7a09a6d5f754-1241,blank_line_expansion,unknown,0.009978811362821471,1.0,0.0,1.0
VulBERTa-local,bigvul-c55aee1bf0e6b6feec8b2927b43f7a09a6d5f754-1241,brace_line_shift,unknown,0.009978811362821471,1.0,0.0,1.0
VulBERTa-local,bigvul-c55aee1bf0e6b6feec8b2927b43f7a09a6d5f754-1241,code_normalization_abstraction,unknown,0.008887477917734476,1.0,0.0,0.0
VulBERTa-local,bigvul-c55aee1bf0e6b6feec8b2927b43f7a09a6d5f754-1241,comment_banner,unknown,0.009978811362821471,1.0,0.0,1.0
VulBERTa-local,bigvul-c55aee1bf0e6b6feec8b2927b43f7a09a6d5f754-1241,control_flow_rewrite,unknown,0.009978811362821471,1.0,0.0,1.0
VulBERTa-local,bigvul-c55aee1bf0e6b6feec8b2927b43f7a09a6d5f754-1241,dead_branch_after_opening_brace,unknown,0.010456045748773735,1.0,0.0,0.0
VulBERTa-local,bigvul-c55aee1bf0e6b6feec8b2927b43f7a09a6d5f754-1241,identifier_renaming,unknown,0.009978811362821471,1.0,0.0,1.0
VulBERTa-local,bigvul-c55aee1bf0e6b6feec8b2927b43f7a09a6d5f754-1241,original,unknown,0.009978811362821471,1.0,0.0,1.0
VulBERTa-local,bigvul-c55aee1bf0e6b6feec8b2927b43f7a09a6d5f754-1241,safe_dead_code_carrier,unknown,0.010723734288835829,1.0,0.0,0.0
VulBERTa-local,bigvul-c8f0723d2b4520bdd6b9eb7c3e7976de726d7ff7-1748,blank_line_expansion,CWE-119,0.00024454686343411414,1.0,0.0,0.0
VulBERTa-local,bigvul-c8f0723d2b4520bdd6b9eb7c3e7976de726d7ff7-1748,brace_line_shift,CWE-119,0.00024454686343411414,1.0,0.0,0.0
VulBERTa-local,bigvul-c8f0723d2b4520bdd6b9eb7c3e7976de726d7ff7-1748,code_normalization_abstraction,CWE-119,0.00024421314911587944,1.0,0.0,0.0
VulBERTa-local,bigvul-c8f0723d2b4520bdd6b9eb7c3e7976de726d7ff7-1748,comment_banner,CWE-119,0.00024454686343411414,1.0,0.0,0.0
VulBERTa-local,bigvul-c8f0723d2b4520bdd6b9eb7c3e7976de726d7ff7-1748,control_flow_rewrite,CWE-119,0.00024454686343411414,1.0,0.0,0.0
VulBERTa-local,bigvul-c8f0723d2b4520bdd6b9eb7c3e7976de726d7ff7-1748,dead_branch_after_opening_brace,CWE-119,0.00024262952997972098,1.0,0.0,0.0
VulBERTa-local,bigvul-c8f0723d2b4520bdd6b9eb7c3e7976de726d7ff7-1748,identifier_renaming,CWE-119,0.0015931883498486177,1.0,0.0,0.0
VulBERTa-local,bigvul-c8f0723d2b4520bdd6b9eb7c3e7976de726d7ff7-1748,original,CWE-119,0.00024454686343411414,1.0,0.0,0.0
VulBERTa-local,bigvul-c8f0723d2b4520bdd6b9eb7c3e7976de726d7ff7-1748,safe_dead_code_carrier,CWE-119,0.0002419590099022595,1.0,0.0,0.0
VulBERTa-local,bigvul-c94f9e854228e0ea00e1de8769d8d3f7cab84a55-123,blank_line_expansion,unknown,-0.005272874980369546,0.0,0.0,0.0
VulBERTa-local,bigvul-c94f9e854228e0ea00e1de8769d8d3f7cab84a55-123,brace_line_shift,unknown,-0.005272874980369546,0.0,0.0,0.0
VulBERTa-local,bigvul-c94f9e854228e0ea00e1de8769d8d3f7cab84a55-123,code_normalization_abstraction,unknown,-0.005338510477473357,0.0,0.0,0.0
VulBERTa-local,bigvul-c94f9e854228e0ea00e1de8769d8d3f7cab84a55-123,comment_banner,unknown,-0.005272874980369546,0.0,0.0,0.0
VulBERTa-local,bigvul-c94f9e854228e0ea00e1de8769d8d3f7cab84a55-123,control_flow_rewrite,unknown,-0.005272874980369546,0.0,0.0,0.0
VulBERTa-local,bigvul-c94f9e854228e0ea00e1de8769d8d3f7cab84a55-123,dead_branch_after_opening_brace,unknown,-0.004721313624720946,0.0,0.0,0.0
VulBERTa-local,bigvul-c94f9e854228e0ea00e1de8769d8d3f7cab84a55-123,identifier_renaming,unknown,-0.013437179405734745,0.0,0.0,0.0
VulBERTa-local,bigvul-c94f9e854228e0ea00e1de8769d8d3f7cab84a55-123,original,unknown,-0.005272874980369546,0.0,0.0,0.0
VulBERTa-local,bigvul-c94f9e854228e0ea00e1de8769d8d3f7cab84a55-123,safe_dead_code_carrier,unknown,-0.004485895996914735,0.0,0.0,0.0
VulBERTa-local,bigvul-c995d4fe5e96f4d6d4a88b7867279b08e72d2579-2230,blank_line_expansion,CWE-119,0.022478206470283757,1.0,0.0,0.0
VulBERTa-local,bigvul-c995d4fe5e96f4d6d4a88b7867279b08e72d2579-2230,brace_line_shift,CWE-119,0.022478206470283757,1.0,0.0,0.0
VulBERTa-local,bigvul-c995d4fe5e96f4d6d4a88b7867279b08e72d2579-2230,code_normalization_abstraction,CWE-119,0.02752061129489225,1.0,0.0,0.0
VulBERTa-local,bigvul-c995d4fe5e96f4d6d4a88b7867279b08e72d2579-2230,comment_banner,CWE-119,0.022478206470283757,1.0,0.0,0.0
VulBERTa-local,bigvul-c995d4fe5e96f4d6d4a88b7867279b08e72d2579-2230,control_flow_rewrite,CWE-119,0.022478206470283757,1.0,0.0,0.0
VulBERTa-local,bigvul-c995d4fe5e96f4d6d4a88b7867279b08e72d2579-2230,dead_branch_after_opening_brace,CWE-119,-0.0003695041658685616,0.0,0.0,0.0
VulBERTa-local,bigvul-c995d4fe5e96f4d6d4a88b7867279b08e72d2579-2230,identifier_renaming,CWE-119,0.022478206470283757,1.0,0.0,0.0
VulBERTa-local,bigvul-c995d4fe5e96f4d6d4a88b7867279b08e72d2579-2230,original,CWE-119,0.022478206470283757,1.0,0.0,0.0
VulBERTa-local,bigvul-c995d4fe5e96f4d6d4a88b7867279b08e72d2579-2230,safe_dead_code_carrier,CWE-119,-6.625148671446368e-06,0.0,0.0,0.0
VulBERTa-local,bigvul-cd0bd79d6ebdb72183e6f0833673464cc10b3600-28,blank_line_expansion,unknown,0.020138922250756475,1.0,0.0,0.0
VulBERTa-local,bigvul-cd0bd79d6ebdb72183e6f0833673464cc10b3600-28,brace_line_shift,unknown,0.020138922250756475,1.0,0.0,0.0
VulBERTa-local,bigvul-cd0bd79d6ebdb72183e6f0833673464cc10b3600-28,code_normalization_abstraction,unknown,0.020138922250756475,1.0,0.0,0.0
VulBERTa-local,bigvul-cd0bd79d6ebdb72183e6f0833673464cc10b3600-28,comment_banner,unknown,0.020138922250756475,1.0,0.0,0.0
VulBERTa-local,bigvul-cd0bd79d6ebdb72183e6f0833673464cc10b3600-28,control_flow_rewrite,unknown,0.020138922250756475,1.0,0.0,0.0
VulBERTa-local,bigvul-cd0bd79d6ebdb72183e6f0833673464cc10b3600-28,dead_branch_after_opening_brace,unknown,0.016194337780751245,1.0,0.0,1.0
VulBERTa-local,bigvul-cd0bd79d6ebdb72183e6f0833673464cc10b3600-28,identifier_renaming,unknown,-0.05277244826986216,0.0,0.0,0.0
VulBERTa-local,bigvul-cd0bd79d6ebdb72183e6f0833673464cc10b3600-28,original,unknown,0.020138922250756475,1.0,0.0,0.0
VulBERTa-local,bigvul-cd0bd79d6ebdb72183e6f0833673464cc10b3600-28,safe_dead_code_carrier,unknown,0.014642204170244422,1.0,0.0,0.0
VulBERTa-local,bigvul-d0947db40187f4708c58e64cbd6013faf9eddeed-2221,blank_line_expansion,CWE-119,0.0029073115230636715,1.0,0.0,0.0
VulBERTa-local,bigvul-d0947db40187f4708c58e64cbd6013faf9eddeed-2221,brace_line_shift,CWE-119,0.0029073115230636715,1.0,0.0,0.0
VulBERTa-local,bigvul-d0947db40187f4708c58e64cbd6013faf9eddeed-2221,code_normalization_abstraction,CWE-119,0.0029073115230636715,1.0,0.0,0.0
VulBERTa-local,bigvul-d0947db40187f4708c58e64cbd6013faf9eddeed-2221,comment_banner,CWE-119,0.0029073115230636715,1.0,0.0,0.0
VulBERTa-local,bigvul-d0947db40187f4708c58e64cbd6013faf9eddeed-2221,control_flow_rewrite,CWE-119,0.0029073115230636715,1.0,0.0,0.0
VulBERTa-local,bigvul-d0947db40187f4708c58e64cbd6013faf9eddeed-2221,dead_branch_after_opening_brace,CWE-119,0.0029177481692426177,1.0,0.0,0.0
VulBERTa-local,bigvul-d0947db40187f4708c58e64cbd6013faf9eddeed-2221,identifier_renaming,CWE-119,0.0028928463400553217,1.0,0.0,0.0
VulBERTa-local,bigvul-d0947db40187f4708c58e64cbd6013faf9eddeed-2221,original,CWE-119,0.0029073115230636715,1.0,0.0,0.0
VulBERTa-local,bigvul-d0947db40187f4708c58e64cbd6013faf9eddeed-2221,safe_dead_code_carrier,CWE-119,0.002923172081251424,1.0,0.0,0.0
VulBERTa-local,bigvul-d27468a832d5316884bd02f459cbf493697fd7e1-992,blank_line_expansion,CWE-254,0.0009695750426252925,1.0,0.0,0.0
VulBERTa-local,bigvul-d27468a832d5316884bd02f459cbf493697fd7e1-992,brace_line_shift,CWE-254,0.0009695750426252925,1.0,0.0,0.0
VulBERTa-local,bigvul-d27468a832d5316884bd02f459cbf493697fd7e1-992,code_normalization_abstraction,CWE-254,0.0009884496856675251,1.0,0.0,0.0
VulBERTa-local,bigvul-d27468a832d5316884bd02f459cbf493697fd7e1-992,comment_banner,CWE-254,0.0009695750426252925,1.0,0.0,0.0
VulBERTa-local,bigvul-d27468a832d5316884bd02f459cbf493697fd7e1-992,control_flow_rewrite,CWE-254,0.0009695750426252925,1.0,0.0,0.0
VulBERTa-local,bigvul-d27468a832d5316884bd02f459cbf493697fd7e1-992,dead_branch_after_opening_brace,CWE-254,0.000972858642514729,1.0,0.0,0.0
VulBERTa-local,bigvul-d27468a832d5316884bd02f459cbf493697fd7e1-992,identifier_renaming,CWE-254,0.0009657892445667504,1.0,0.0,0.0
VulBERTa-local,bigvul-d27468a832d5316884bd02f459cbf493697fd7e1-992,original,CWE-254,0.0009695750426252925,1.0,0.0,0.0
VulBERTa-local,bigvul-d27468a832d5316884bd02f459cbf493697fd7e1-992,safe_dead_code_carrier,CWE-254,0.0009719693056371437,1.0,0.0,0.0
VulBERTa-local,bigvul-d42b2388f7f8e0332c846675133acea151fc557a-219,blank_line_expansion,CWE-190,0.015522581591808637,1.0,0.0,0.0
VulBERTa-local,bigvul-d42b2388f7f8e0332c846675133acea151fc557a-219,brace_line_shift,CWE-190,0.015522581591808637,1.0,0.0,0.0
VulBERTa-local,bigvul-d42b2388f7f8e0332c846675133acea151fc557a-219,code_normalization_abstraction,CWE-190,0.015522581591808637,1.0,0.0,0.0
VulBERTa-local,bigvul-d42b2388f7f8e0332c846675133acea151fc557a-219,comment_banner,CWE-190,0.015522581591808637,1.0,0.0,0.0
VulBERTa-local,bigvul-d42b2388f7f8e0332c846675133acea151fc557a-219,control_flow_rewrite,CWE-190,0.015522581591808637,1.0,0.0,0.0
VulBERTa-local,bigvul-d42b2388f7f8e0332c846675133acea151fc557a-219,dead_branch_after_opening_brace,CWE-190,0.009756512841848641,1.0,0.0,0.0
VulBERTa-local,bigvul-d42b2388f7f8e0332c846675133acea151fc557a-219,identifier_renaming,CWE-190,0.11816945640790999,1.0,0.0,0.0
VulBERTa-local,bigvul-d42b2388f7f8e0332c846675133acea151fc557a-219,original,CWE-190,0.015522581591808637,1.0,0.0,0.0
VulBERTa-local,bigvul-d42b2388f7f8e0332c846675133acea151fc557a-219,safe_dead_code_carrier,CWE-190,0.009614651561901777,1.0,0.0,0.0
VulBERTa-local,bigvul-d42b2388f7f8e0332c846675133acea151fc557a-839,blank_line_expansion,CWE-190,0.00013544102165002903,1.0,0.0,0.0
VulBERTa-local,bigvul-d42b2388f7f8e0332c846675133acea151fc557a-839,brace_line_shift,CWE-190,0.00013544102165002903,1.0,0.0,0.0
VulBERTa-local,bigvul-d42b2388f7f8e0332c846675133acea151fc557a-839,code_normalization_abstraction,CWE-190,0.00013597154411337797,1.0,0.0,0.0
VulBERTa-local,bigvul-d42b2388f7f8e0332c846675133acea151fc557a-839,comment_banner,CWE-190,0.00013544102165002903,1.0,0.0,0.0
VulBERTa-local,bigvul-d42b2388f7f8e0332c846675133acea151fc557a-839,control_flow_rewrite,CWE-190,0.00013544102165002903,1.0,0.0,0.0
VulBERTa-local,bigvul-d42b2388f7f8e0332c846675133acea151fc557a-839,dead_branch_after_opening_brace,CWE-190,0.00013571272668277956,1.0,0.0,0.0
VulBERTa-local,bigvul-d42b2388f7f8e0332c846675133acea151fc557a-839,identifier_renaming,CWE-190,0.00013386941351528625,1.0,0.0,0.0
VulBERTa-local,bigvul-d42b2388f7f8e0332c846675133acea151fc557a-839,original,CWE-190,0.00013544102165002903,1.0,0.0,0.0
VulBERTa-local,bigvul-d42b2388f7f8e0332c846675133acea151fc557a-839,safe_dead_code_carrier,CWE-190,0.00013584727100879324,1.0,0.0,0.0
VulBERTa-local,bigvul-d63a3c5729df59f183e9e110d5d8385d17caaad0-1769,blank_line_expansion,CWE-416,5.872270775308941e-05,1.0,0.0,0.0
VulBERTa-local,bigvul-d63a3c5729df59f183e9e110d5d8385d17caaad0-1769,brace_line_shift,CWE-416,5.872270775308941e-05,1.0,0.0,0.0
VulBERTa-local,bigvul-d63a3c5729df59f183e9e110d5d8385d17caaad0-1769,code_normalization_abstraction,CWE-416,5.872270775308941e-05,1.0,0.0,0.0
VulBERTa-local,bigvul-d63a3c5729df59f183e9e110d5d8385d17caaad0-1769,comment_banner,CWE-416,5.872270775308941e-05,1.0,0.0,0.0
VulBERTa-local,bigvul-d63a3c5729df59f183e9e110d5d8385d17caaad0-1769,control_flow_rewrite,CWE-416,5.872270775308941e-05,1.0,0.0,0.0
VulBERTa-local,bigvul-d63a3c5729df59f183e9e110d5d8385d17caaad0-1769,dead_branch_after_opening_brace,CWE-416,6.091140587904942e-05,1.0,0.0,0.0
VulBERTa-local,bigvul-d63a3c5729df59f183e9e110d5d8385d17caaad0-1769,identifier_renaming,CWE-416,5.039704475251483e-05,1.0,0.0,0.0
VulBERTa-local,bigvul-d63a3c5729df59f183e9e110d5d8385d17caaad0-1769,original,CWE-416,5.872270775308941e-05,1.0,0.0,0.0
VulBERTa-local,bigvul-d63a3c5729df59f183e9e110d5d8385d17caaad0-1769,safe_dead_code_carrier,CWE-416,6.24348999180846e-05,1.0,0.0,0.0
VulBERTa-local,bigvul-e21bdfb9c758ac411012ad84f83d26d3f7dd69fb-855,blank_line_expansion,CWE-264,0.004510643075775311,1.0,0.0,0.0
VulBERTa-local,bigvul-e21bdfb9c758ac411012ad84f83d26d3f7dd69fb-855,brace_line_shift,CWE-264,0.004510643075775311,1.0,0.0,0.0
VulBERTa-local,bigvul-e21bdfb9c758ac411012ad84f83d26d3f7dd69fb-855,code_normalization_abstraction,CWE-264,0.004653495976315147,1.0,0.0,0.0
VulBERTa-local,bigvul-e21bdfb9c758ac411012ad84f83d26d3f7dd69fb-855,comment_banner,CWE-264,0.004510643075775311,1.0,0.0,0.0
VulBERTa-local,bigvul-e21bdfb9c758ac411012ad84f83d26d3f7dd69fb-855,control_flow_rewrite,CWE-264,0.004510643075775311,1.0,0.0,0.0
VulBERTa-local,bigvul-e21bdfb9c758ac411012ad84f83d26d3f7dd69fb-855,dead_branch_after_opening_brace,CWE-264,0.0035167719784744422,1.0,0.0,0.0
VulBERTa-local,bigvul-e21bdfb9c758ac411012ad84f83d26d3f7dd69fb-855,identifier_renaming,CWE-264,0.0044567345310347894,1.0,0.0,0.0
VulBERTa-local,bigvul-e21bdfb9c758ac411012ad84f83d26d3f7dd69fb-855,original,CWE-264,0.004510643075775311,1.0,0.0,0.0
VulBERTa-local,bigvul-e21bdfb9c758ac411012ad84f83d26d3f7dd69fb-855,safe_dead_code_carrier,CWE-264,0.0035362643613093825,1.0,0.0,0.0
VulBERTa-local,bigvul-e248db02fbab2ee9162940bc19f087fd7d96cb9d-1187,blank_line_expansion,CWE-119,0.007003054066284098,1.0,0.0,0.0
VulBERTa-local,bigvul-e248db02fbab2ee9162940bc19f087fd7d96cb9d-1187,brace_line_shift,CWE-119,0.007003054066284098,1.0,0.0,0.0
VulBERTa-local,bigvul-e248db02fbab2ee9162940bc19f087fd7d96cb9d-1187,code_normalization_abstraction,CWE-119,0.00497479910831744,1.0,0.0,0.0
VulBERTa-local,bigvul-e248db02fbab2ee9162940bc19f087fd7d96cb9d-1187,comment_banner,CWE-119,0.007003054066284098,1.0,0.0,0.0
VulBERTa-local,bigvul-e248db02fbab2ee9162940bc19f087fd7d96cb9d-1187,control_flow_rewrite,CWE-119,0.007003054066284098,1.0,0.0,0.0
VulBERTa-local,bigvul-e248db02fbab2ee9162940bc19f087fd7d96cb9d-1187,dead_branch_after_opening_brace,CWE-119,0.007344445565574342,1.0,0.0,0.0
VulBERTa-local,bigvul-e248db02fbab2ee9162940bc19f087fd7d96cb9d-1187,identifier_renaming,CWE-119,0.004808897609535845,1.0,0.0,0.0
VulBERTa-local,bigvul-e248db02fbab2ee9162940bc19f087fd7d96cb9d-1187,original,CWE-119,0.007003054066284098,1.0,0.0,0.0
VulBERTa-local,bigvul-e248db02fbab2ee9162940bc19f087fd7d96cb9d-1187,safe_dead_code_carrier,CWE-119,0.007493219641162674,1.0,0.0,0.0
VulBERTa-local,bigvul-e89cfcb9090e8c98129ae9160c513f504db74599-1448,blank_line_expansion,CWE-20,0.012812984586339393,1.0,0.0,0.0
VulBERTa-local,bigvul-e89cfcb9090e8c98129ae9160c513f504db74599-1448,brace_line_shift,CWE-20,0.012812984586339393,1.0,0.0,0.0
VulBERTa-local,bigvul-e89cfcb9090e8c98129ae9160c513f504db74599-1448,code_normalization_abstraction,CWE-20,0.012812984586339393,1.0,0.0,0.0
VulBERTa-local,bigvul-e89cfcb9090e8c98129ae9160c513f504db74599-1448,comment_banner,CWE-20,0.012812984586339393,1.0,0.0,0.0
VulBERTa-local,bigvul-e89cfcb9090e8c98129ae9160c513f504db74599-1448,control_flow_rewrite,CWE-20,0.012812984586339393,1.0,0.0,0.0
VulBERTa-local,bigvul-e89cfcb9090e8c98129ae9160c513f504db74599-1448,dead_branch_after_opening_brace,CWE-20,0.023641802325386152,1.0,0.0,0.0
VulBERTa-local,bigvul-e89cfcb9090e8c98129ae9160c513f504db74599-1448,identifier_renaming,CWE-20,0.012812984586339393,1.0,0.0,0.0
VulBERTa-local,bigvul-e89cfcb9090e8c98129ae9160c513f504db74599-1448,original,CWE-20,0.012812984586339393,1.0,0.0,0.0
VulBERTa-local,bigvul-e89cfcb9090e8c98129ae9160c513f504db74599-1448,safe_dead_code_carrier,CWE-20,0.022653318226379726,1.0,0.0,0.0
VulBERTa-local,bigvul-e9372a1bfd3588a80fcf49aa07321f0971dd6091-1128,blank_line_expansion,unknown,-0.005959126749860655,0.0,0.0,0.0
VulBERTa-local,bigvul-e9372a1bfd3588a80fcf49aa07321f0971dd6091-1128,brace_line_shift,unknown,-0.005959126749860655,0.0,0.0,0.0
VulBERTa-local,bigvul-e9372a1bfd3588a80fcf49aa07321f0971dd6091-1128,code_normalization_abstraction,unknown,-0.0071089990484674015,0.0,0.0,0.0
VulBERTa-local,bigvul-e9372a1bfd3588a80fcf49aa07321f0971dd6091-1128,comment_banner,unknown,-0.005959126749860655,0.0,0.0,0.0
VulBERTa-local,bigvul-e9372a1bfd3588a80fcf49aa07321f0971dd6091-1128,control_flow_rewrite,unknown,-0.005959126749860655,0.0,0.0,0.0
VulBERTa-local,bigvul-e9372a1bfd3588a80fcf49aa07321f0971dd6091-1128,dead_branch_after_opening_brace,unknown,-0.005116258161698917,0.0,0.0,0.0
VulBERTa-local,bigvul-e9372a1bfd3588a80fcf49aa07321f0971dd6091-1128,identifier_renaming,unknown,-0.005959126749860655,0.0,0.0,0.0
VulBERTa-local,bigvul-e9372a1bfd3588a80fcf49aa07321f0971dd6091-1128,original,unknown,-0.005959126749860655,0.0,0.0,0.0
VulBERTa-local,bigvul-e9372a1bfd3588a80fcf49aa07321f0971dd6091-1128,safe_dead_code_carrier,unknown,-0.004463978585636297,0.0,0.0,0.0
VulBERTa-local,bigvul-e9372a1bfd3588a80fcf49aa07321f0971dd6091-1892,blank_line_expansion,unknown,-0.0020723880721469357,0.0,0.0,0.0
VulBERTa-local,bigvul-e9372a1bfd3588a80fcf49aa07321f0971dd6091-1892,brace_line_shift,unknown,-0.0020723880721469357,0.0,0.0,0.0
VulBERTa-local,bigvul-e9372a1bfd3588a80fcf49aa07321f0971dd6091-1892,code_normalization_abstraction,unknown,-0.002893167468753788,0.0,0.0,0.0
VulBERTa-local,bigvul-e9372a1bfd3588a80fcf49aa07321f0971dd6091-1892,comment_banner,unknown,-0.0020723880721469357,0.0,0.0,0.0
VulBERTa-local,bigvul-e9372a1bfd3588a80fcf49aa07321f0971dd6091-1892,control_flow_rewrite,unknown,-0.0020723880721469357,0.0,0.0,0.0
VulBERTa-local,bigvul-e9372a1bfd3588a80fcf49aa07321f0971dd6091-1892,dead_branch_after_opening_brace,unknown,-0.0019377331056148472,0.0,0.0,0.0
VulBERTa-local,bigvul-e9372a1bfd3588a80fcf49aa07321f0971dd6091-1892,identifier_renaming,unknown,-0.003438769803824293,0.0,0.0,0.0
VulBERTa-local,bigvul-e9372a1bfd3588a80fcf49aa07321f0971dd6091-1892,original,unknown,-0.0020723880721469357,0.0,0.0,0.0
VulBERTa-local,bigvul-e9372a1bfd3588a80fcf49aa07321f0971dd6091-1892,safe_dead_code_carrier,unknown,-0.0017800125284710422,0.0,0.0,0.0
VulBERTa-local,bigvul-eaf2e8bce3855d362e53034bd83f0e3aff8714e4-1860,blank_line_expansion,unknown,0.048219571387867255,1.0,0.0,0.0
VulBERTa-local,bigvul-eaf2e8bce3855d362e53034bd83f0e3aff8714e4-1860,brace_line_shift,unknown,0.048219571387867255,1.0,0.0,0.0
VulBERTa-local,bigvul-eaf2e8bce3855d362e53034bd83f0e3aff8714e4-1860,code_normalization_abstraction,unknown,0.048219571387867255,1.0,0.0,0.0
VulBERTa-local,bigvul-eaf2e8bce3855d362e53034bd83f0e3aff8714e4-1860,comment_banner,unknown,0.048219571387867255,1.0,0.0,0.0
VulBERTa-local,bigvul-eaf2e8bce3855d362e53034bd83f0e3aff8714e4-1860,control_flow_rewrite,unknown,0.048219571387867255,1.0,0.0,0.0
VulBERTa-local,bigvul-eaf2e8bce3855d362e53034bd83f0e3aff8714e4-1860,dead_branch_after_opening_brace,unknown,0.04865955394044935,1.0,0.0,0.0
VulBERTa-local,bigvul-eaf2e8bce3855d362e53034bd83f0e3aff8714e4-1860,identifier_renaming,unknown,0.048219571387867255,1.0,0.0,0.0
VulBERTa-local,bigvul-eaf2e8bce3855d362e53034bd83f0e3aff8714e4-1860,original,unknown,0.048219571387867255,1.0,0.0,0.0
VulBERTa-local,bigvul-eaf2e8bce3855d362e53034bd83f0e3aff8714e4-1860,safe_dead_code_carrier,unknown,0.0491145546900445,1.0,0.0,0.0
VulBERTa-local,bigvul-edc7d3035883ddca8413e4fe7689aa2e579ef04a-2146,blank_line_expansion,CWE-125,0.0019566863066418083,1.0,0.0,0.0
VulBERTa-local,bigvul-edc7d3035883ddca8413e4fe7689aa2e579ef04a-2146,brace_line_shift,CWE-125,0.0019566863066418083,1.0,0.0,0.0
VulBERTa-local,bigvul-edc7d3035883ddca8413e4fe7689aa2e579ef04a-2146,code_normalization_abstraction,CWE-125,0.0019566863066418083,1.0,0.0,0.0
VulBERTa-local,bigvul-edc7d3035883ddca8413e4fe7689aa2e579ef04a-2146,comment_banner,CWE-125,0.0019566863066418083,1.0,0.0,0.0
VulBERTa-local,bigvul-edc7d3035883ddca8413e4fe7689aa2e579ef04a-2146,control_flow_rewrite,CWE-125,0.0019566863066418083,1.0,0.0,0.0
VulBERTa-local,bigvul-edc7d3035883ddca8413e4fe7689aa2e579ef04a-2146,dead_branch_after_opening_brace,CWE-125,0.0012968538451412215,1.0,0.0,0.0
VulBERTa-local,bigvul-edc7d3035883ddca8413e4fe7689aa2e579ef04a-2146,identifier_renaming,CWE-125,0.0019566863066418083,1.0,0.0,0.0
VulBERTa-local,bigvul-edc7d3035883ddca8413e4fe7689aa2e579ef04a-2146,original,CWE-125,0.0019566863066418083,1.0,0.0,0.0
VulBERTa-local,bigvul-edc7d3035883ddca8413e4fe7689aa2e579ef04a-2146,safe_dead_code_carrier,CWE-125,0.0010375212079115625,1.0,0.0,0.0
VulBERTa-local,bigvul-edd4a76eb4747bd19ed122df46fa46b452c12a0d-1890,blank_line_expansion,CWE-189,-0.014203454022236883,0.0,0.0,0.0
VulBERTa-local,bigvul-edd4a76eb4747bd19ed122df46fa46b452c12a0d-1890,brace_line_shift,CWE-189,-0.014203454022236883,0.0,0.0,0.0
VulBERTa-local,bigvul-edd4a76eb4747bd19ed122df46fa46b452c12a0d-1890,code_normalization_abstraction,CWE-189,-0.008854969943843605,0.0,0.0,0.0
VulBERTa-local,bigvul-edd4a76eb4747bd19ed122df46fa46b452c12a0d-1890,comment_banner,CWE-189,-0.014203454022236883,0.0,0.0,0.0
VulBERTa-local,bigvul-edd4a76eb4747bd19ed122df46fa46b452c12a0d-1890,control_flow_rewrite,CWE-189,-0.014203454022236883,0.0,0.0,0.0
VulBERTa-local,bigvul-edd4a76eb4747bd19ed122df46fa46b452c12a0d-1890,dead_branch_after_opening_brace,CWE-189,-0.013242424298052113,0.0,0.0,0.0
VulBERTa-local,bigvul-edd4a76eb4747bd19ed122df46fa46b452c12a0d-1890,identifier_renaming,CWE-189,-0.024275136394871943,0.0,0.0,0.0
VulBERTa-local,bigvul-edd4a76eb4747bd19ed122df46fa46b452c12a0d-1890,original,CWE-189,-0.014203454022236883,0.0,0.0,0.0
VulBERTa-local,bigvul-edd4a76eb4747bd19ed122df46fa46b452c12a0d-1890,safe_dead_code_carrier,CWE-189,-0.012687652388482407,0.0,0.0,0.0
VulBERTa-local,bigvul-eea3300239f0b53e172a320eb8de59d0bea65f27-1319,blank_line_expansion,CWE-200,0.13434505110488448,1.0,0.0,0.0
VulBERTa-local,bigvul-eea3300239f0b53e172a320eb8de59d0bea65f27-1319,brace_line_shift,CWE-200,0.13434505110488448,1.0,0.0,0.0
VulBERTa-local,bigvul-eea3300239f0b53e172a320eb8de59d0bea65f27-1319,code_normalization_abstraction,CWE-200,0.13447039211766532,1.0,0.0,0.0
VulBERTa-local,bigvul-eea3300239f0b53e172a320eb8de59d0bea65f27-1319,comment_banner,CWE-200,0.13434505110488448,1.0,0.0,0.0
VulBERTa-local,bigvul-eea3300239f0b53e172a320eb8de59d0bea65f27-1319,control_flow_rewrite,CWE-200,0.13434505110488448,1.0,0.0,0.0
VulBERTa-local,bigvul-eea3300239f0b53e172a320eb8de59d0bea65f27-1319,dead_branch_after_opening_brace,CWE-200,0.14237341374914048,1.0,0.0,0.0
VulBERTa-local,bigvul-eea3300239f0b53e172a320eb8de59d0bea65f27-1319,identifier_renaming,CWE-200,0.13434505110488448,1.0,0.0,0.0
VulBERTa-local,bigvul-eea3300239f0b53e172a320eb8de59d0bea65f27-1319,original,CWE-200,0.13434505110488448,1.0,0.0,0.0
VulBERTa-local,bigvul-eea3300239f0b53e172a320eb8de59d0bea65f27-1319,safe_dead_code_carrier,CWE-200,0.14719726996585147,1.0,0.0,0.0
VulBERTa-local,bigvul-ef85b67385436ddc1998f45f1d6a210f935b3388-2254,blank_line_expansion,CWE-388,-0.034990827099730115,0.0,0.0,0.0
VulBERTa-local,bigvul-ef85b67385436ddc1998f45f1d6a210f935b3388-2254,brace_line_shift,CWE-388,-0.034990827099730115,0.0,0.0,0.0
VulBERTa-local,bigvul-ef85b67385436ddc1998f45f1d6a210f935b3388-2254,code_normalization_abstraction,CWE-388,-0.034990827099730115,0.0,0.0,0.0
VulBERTa-local,bigvul-ef85b67385436ddc1998f45f1d6a210f935b3388-2254,comment_banner,CWE-388,-0.034990827099730115,0.0,0.0,0.0
VulBERTa-local,bigvul-ef85b67385436ddc1998f45f1d6a210f935b3388-2254,control_flow_rewrite,CWE-388,-0.034990827099730115,0.0,0.0,0.0
VulBERTa-local,bigvul-ef85b67385436ddc1998f45f1d6a210f935b3388-2254,dead_branch_after_opening_brace,CWE-388,-0.03556765035324322,0.0,0.0,0.0
VulBERTa-local,bigvul-ef85b67385436ddc1998f45f1d6a210f935b3388-2254,identifier_renaming,CWE-388,-0.034990827099730115,0.0,0.0,0.0
VulBERTa-local,bigvul-ef85b67385436ddc1998f45f1d6a210f935b3388-2254,original,CWE-388,-0.034990827099730115,0.0,0.0,0.0
VulBERTa-local,bigvul-ef85b67385436ddc1998f45f1d6a210f935b3388-2254,safe_dead_code_carrier,CWE-388,-0.03592318081953938,0.0,0.0,0.0
VulBERTa-local,bigvul-f597300439e62f5e921f0d7b1e880b5c1a1f1607-1839,blank_line_expansion,CWE-416,-0.00017700622407934574,0.0,0.0,0.0
VulBERTa-local,bigvul-f597300439e62f5e921f0d7b1e880b5c1a1f1607-1839,brace_line_shift,CWE-416,-0.00017700622407934574,0.0,0.0,0.0
VulBERTa-local,bigvul-f597300439e62f5e921f0d7b1e880b5c1a1f1607-1839,code_normalization_abstraction,CWE-416,-0.00017700622407934574,0.0,0.0,0.0
VulBERTa-local,bigvul-f597300439e62f5e921f0d7b1e880b5c1a1f1607-1839,comment_banner,CWE-416,-0.00017700622407934574,0.0,0.0,0.0
VulBERTa-local,bigvul-f597300439e62f5e921f0d7b1e880b5c1a1f1607-1839,control_flow_rewrite,CWE-416,-0.00017700622407934574,0.0,0.0,0.0
VulBERTa-local,bigvul-f597300439e62f5e921f0d7b1e880b5c1a1f1607-1839,dead_branch_after_opening_brace,CWE-416,-0.00015974555739151075,0.0,0.0,0.0
VulBERTa-local,bigvul-f597300439e62f5e921f0d7b1e880b5c1a1f1607-1839,identifier_renaming,CWE-416,-0.0004978006756364284,0.0,0.0,0.0
VulBERTa-local,bigvul-f597300439e62f5e921f0d7b1e880b5c1a1f1607-1839,original,CWE-416,-0.00017700622407934574,0.0,0.0,0.0
VulBERTa-local,bigvul-f597300439e62f5e921f0d7b1e880b5c1a1f1607-1839,safe_dead_code_carrier,CWE-416,-0.00014627919764242936,0.0,0.0,0.0
VulBERTa-local,bigvul-fc80ab45621bd966f70594c0b7393ec005a94007-2360,blank_line_expansion,CWE-772,-0.006505839416283021,0.0,0.0,0.0
VulBERTa-local,bigvul-fc80ab45621bd966f70594c0b7393ec005a94007-2360,brace_line_shift,CWE-772,-0.006505839416283021,0.0,0.0,0.0
VulBERTa-local,bigvul-fc80ab45621bd966f70594c0b7393ec005a94007-2360,code_normalization_abstraction,CWE-772,-0.006322217892734461,0.0,0.0,0.0
VulBERTa-local,bigvul-fc80ab45621bd966f70594c0b7393ec005a94007-2360,comment_banner,CWE-772,-0.006505839416283021,0.0,0.0,0.0
VulBERTa-local,bigvul-fc80ab45621bd966f70594c0b7393ec005a94007-2360,control_flow_rewrite,CWE-772,-0.006505839416283021,0.0,0.0,0.0
VulBERTa-local,bigvul-fc80ab45621bd966f70594c0b7393ec005a94007-2360,dead_branch_after_opening_brace,CWE-772,-0.0060011418122669635,0.0,0.0,0.0
VulBERTa-local,bigvul-fc80ab45621bd966f70594c0b7393ec005a94007-2360,identifier_renaming,CWE-772,-0.0178863324495796,0.0,0.0,0.0
VulBERTa-local,bigvul-fc80ab45621bd966f70594c0b7393ec005a94007-2360,original,CWE-772,-0.006505839416283021,0.0,0.0,0.0
VulBERTa-local,bigvul-fc80ab45621bd966f70594c0b7393ec005a94007-2360,safe_dead_code_carrier,CWE-772,-0.005802969720159368,0.0,0.0,0.0
LineVul-local,bigvul-04839626ed859623901ebd3a5fd483982186b59d-100,blank_line_expansion,CWE-119,0.2368436081638048,1.0,0.0,0.0
LineVul-local,bigvul-04839626ed859623901ebd3a5fd483982186b59d-100,brace_line_shift,CWE-119,0.2368436081638048,1.0,0.0,0.0
LineVul-local,bigvul-04839626ed859623901ebd3a5fd483982186b59d-100,code_normalization_abstraction,CWE-119,0.2368436081638048,1.0,0.0,0.0
LineVul-local,bigvul-04839626ed859623901ebd3a5fd483982186b59d-100,comment_banner,CWE-119,0.2368436081638048,1.0,0.0,0.0
LineVul-local,bigvul-04839626ed859623901ebd3a5fd483982186b59d-100,control_flow_rewrite,CWE-119,0.2368436081638048,1.0,0.0,0.0
LineVul-local,bigvul-04839626ed859623901ebd3a5fd483982186b59d-100,dead_branch_after_opening_brace,CWE-119,0.2368436081638048,1.0,0.0,0.0
LineVul-local,bigvul-04839626ed859623901ebd3a5fd483982186b59d-100,identifier_renaming,CWE-119,0.2368436081638048,1.0,0.0,0.0
LineVul-local,bigvul-04839626ed859623901ebd3a5fd483982186b59d-100,original,CWE-119,0.2368436081638048,1.0,0.0,0.0
LineVul-local,bigvul-04839626ed859623901ebd3a5fd483982186b59d-100,safe_dead_code_carrier,CWE-119,0.2368436081638048,1.0,0.0,0.0
LineVul-local,bigvul-04839626ed859623901ebd3a5fd483982186b59d-595,blank_line_expansion,CWE-119,0.16964207671852916,1.0,0.0,0.0
LineVul-local,bigvul-04839626ed859623901ebd3a5fd483982186b59d-595,brace_line_shift,CWE-119,0.16964207671852916,1.0,0.0,0.0
LineVul-local,bigvul-04839626ed859623901ebd3a5fd483982186b59d-595,code_normalization_abstraction,CWE-119,0.16964207671852916,1.0,0.0,0.0
LineVul-local,bigvul-04839626ed859623901ebd3a5fd483982186b59d-595,comment_banner,CWE-119,0.16964207671852916,1.0,0.0,0.0
LineVul-local,bigvul-04839626ed859623901ebd3a5fd483982186b59d-595,control_flow_rewrite,CWE-119,0.16964207671852916,1.0,0.0,0.0
LineVul-local,bigvul-04839626ed859623901ebd3a5fd483982186b59d-595,dead_branch_after_opening_brace,CWE-119,0.16964207671852916,1.0,0.0,0.0
LineVul-local,bigvul-04839626ed859623901ebd3a5fd483982186b59d-595,identifier_renaming,CWE-119,0.16964207671852916,1.0,0.0,0.0
LineVul-local,bigvul-04839626ed859623901ebd3a5fd483982186b59d-595,original,CWE-119,0.16964207671852916,1.0,0.0,0.0
LineVul-local,bigvul-04839626ed859623901ebd3a5fd483982186b59d-595,safe_dead_code_carrier,CWE-119,0.16964207671852916,1.0,0.0,0.0
LineVul-local,bigvul-04aaacb936a08d70862d6d9d7e8354721ae46be8-2882,blank_line_expansion,CWE-200,0.0,0.0,1.0,0.0
LineVul-local,bigvul-04aaacb936a08d70862d6d9d7e8354721ae46be8-2882,brace_line_shift,CWE-200,0.0,0.0,1.0,0.0
LineVul-local,bigvul-04aaacb936a08d70862d6d9d7e8354721ae46be8-2882,code_normalization_abstraction,CWE-200,0.0,0.0,1.0,0.0
LineVul-local,bigvul-04aaacb936a08d70862d6d9d7e8354721ae46be8-2882,comment_banner,CWE-200,0.0,0.0,1.0,0.0
LineVul-local,bigvul-04aaacb936a08d70862d6d9d7e8354721ae46be8-2882,control_flow_rewrite,CWE-200,0.0,0.0,1.0,0.0
LineVul-local,bigvul-04aaacb936a08d70862d6d9d7e8354721ae46be8-2882,dead_branch_after_opening_brace,CWE-200,0.0,0.0,1.0,0.0
LineVul-local,bigvul-04aaacb936a08d70862d6d9d7e8354721ae46be8-2882,identifier_renaming,CWE-200,0.0,0.0,1.0,0.0
LineVul-local,bigvul-04aaacb936a08d70862d6d9d7e8354721ae46be8-2882,original,CWE-200,0.0,0.0,1.0,0.0
LineVul-local,bigvul-04aaacb936a08d70862d6d9d7e8354721ae46be8-2882,safe_dead_code_carrier,CWE-200,0.0,0.0,1.0,0.0
LineVul-local,bigvul-0558f33c06bb910e2879e355192227a8e8f0219d-1421,blank_line_expansion,unknown,0.0,0.0,1.0,0.0
LineVul-local,bigvul-0558f33c06bb910e2879e355192227a8e8f0219d-1421,brace_line_shift,unknown,0.0,0.0,1.0,0.0
LineVul-local,bigvul-0558f33c06bb910e2879e355192227a8e8f0219d-1421,code_normalization_abstraction,unknown,0.0,0.0,1.0,0.0
LineVul-local,bigvul-0558f33c06bb910e2879e355192227a8e8f0219d-1421,comment_banner,unknown,0.0,0.0,1.0,0.0
LineVul-local,bigvul-0558f33c06bb910e2879e355192227a8e8f0219d-1421,control_flow_rewrite,unknown,0.0,0.0,1.0,0.0
LineVul-local,bigvul-0558f33c06bb910e2879e355192227a8e8f0219d-1421,dead_branch_after_opening_brace,unknown,0.0,0.0,1.0,0.0
LineVul-local,bigvul-0558f33c06bb910e2879e355192227a8e8f0219d-1421,identifier_renaming,unknown,0.0,0.0,1.0,0.0
LineVul-local,bigvul-0558f33c06bb910e2879e355192227a8e8f0219d-1421,original,unknown,0.0,0.0,1.0,0.0
LineVul-local,bigvul-0558f33c06bb910e2879e355192227a8e8f0219d-1421,safe_dead_code_carrier,unknown,0.0,0.0,1.0,0.0
LineVul-local,bigvul-0a38f71865b63025dce4de1f8cca71979c48d14d-2034,blank_line_expansion,CWE-119,0.0,0.0,1.0,0.0
LineVul-local,bigvul-0a38f71865b63025dce4de1f8cca71979c48d14d-2034,brace_line_shift,CWE-119,0.0,0.0,1.0,0.0
LineVul-local,bigvul-0a38f71865b63025dce4de1f8cca71979c48d14d-2034,code_normalization_abstraction,CWE-119,0.0,0.0,1.0,0.0
LineVul-local,bigvul-0a38f71865b63025dce4de1f8cca71979c48d14d-2034,comment_banner,CWE-119,0.0,0.0,1.0,0.0
LineVul-local,bigvul-0a38f71865b63025dce4de1f8cca71979c48d14d-2034,control_flow_rewrite,CWE-119,0.0,0.0,1.0,0.0
LineVul-local,bigvul-0a38f71865b63025dce4de1f8cca71979c48d14d-2034,dead_branch_after_opening_brace,CWE-119,0.0,0.0,1.0,0.0
LineVul-local,bigvul-0a38f71865b63025dce4de1f8cca71979c48d14d-2034,identifier_renaming,CWE-119,0.0,0.0,1.0,0.0
LineVul-local,bigvul-0a38f71865b63025dce4de1f8cca71979c48d14d-2034,original,CWE-119,0.0,0.0,1.0,0.0
LineVul-local,bigvul-0a38f71865b63025dce4de1f8cca71979c48d14d-2034,safe_dead_code_carrier,CWE-119,0.0,0.0,1.0,0.0
LineVul-local,bigvul-0bd1a6ddb5fb23dfea3e72d60e5e8df4cf5826bc-1777,blank_line_expansion,CWE-264,0.0,0.0,1.0,0.0
LineVul-local,bigvul-0bd1a6ddb5fb23dfea3e72d60e5e8df4cf5826bc-1777,brace_line_shift,CWE-264,0.0,0.0,1.0,0.0
LineVul-local,bigvul-0bd1a6ddb5fb23dfea3e72d60e5e8df4cf5826bc-1777,code_normalization_abstraction,CWE-264,0.0,0.0,1.0,0.0
LineVul-local,bigvul-0bd1a6ddb5fb23dfea3e72d60e5e8df4cf5826bc-1777,comment_banner,CWE-264,0.0,0.0,1.0,0.0
LineVul-local,bigvul-0bd1a6ddb5fb23dfea3e72d60e5e8df4cf5826bc-1777,control_flow_rewrite,CWE-264,0.0,0.0,1.0,0.0
LineVul-local,bigvul-0bd1a6ddb5fb23dfea3e72d60e5e8df4cf5826bc-1777,dead_branch_after_opening_brace,CWE-264,0.0,0.0,1.0,0.0
LineVul-local,bigvul-0bd1a6ddb5fb23dfea3e72d60e5e8df4cf5826bc-1777,identifier_renaming,CWE-264,0.0,0.0,1.0,0.0
LineVul-local,bigvul-0bd1a6ddb5fb23dfea3e72d60e5e8df4cf5826bc-1777,original,CWE-264,0.0,0.0,1.0,0.0
LineVul-local,bigvul-0bd1a6ddb5fb23dfea3e72d60e5e8df4cf5826bc-1777,safe_dead_code_carrier,CWE-264,0.0,0.0,1.0,0.0
LineVul-local,bigvul-0bfc96cb77224736dfa35c3c555d37b3646ef35e-2152,blank_line_expansion,CWE-264,0.0,0.0,1.0,0.0
LineVul-local,bigvul-0bfc96cb77224736dfa35c3c555d37b3646ef35e-2152,brace_line_shift,CWE-264,0.0,0.0,1.0,0.0
LineVul-local,bigvul-0bfc96cb77224736dfa35c3c555d37b3646ef35e-2152,code_normalization_abstraction,CWE-264,0.0,0.0,1.0,0.0
LineVul-local,bigvul-0bfc96cb77224736dfa35c3c555d37b3646ef35e-2152,comment_banner,CWE-264,0.0,0.0,1.0,0.0
LineVul-local,bigvul-0bfc96cb77224736dfa35c3c555d37b3646ef35e-2152,control_flow_rewrite,CWE-264,0.0,0.0,1.0,0.0
LineVul-local,bigvul-0bfc96cb77224736dfa35c3c555d37b3646ef35e-2152,dead_branch_after_opening_brace,CWE-264,0.0,0.0,1.0,0.0
LineVul-local,bigvul-0bfc96cb77224736dfa35c3c555d37b3646ef35e-2152,identifier_renaming,CWE-264,0.0,0.0,1.0,0.0
LineVul-local,bigvul-0bfc96cb77224736dfa35c3c555d37b3646ef35e-2152,original,CWE-264,0.0,0.0,1.0,0.0
LineVul-local,bigvul-0bfc96cb77224736dfa35c3c555d37b3646ef35e-2152,safe_dead_code_carrier,CWE-264,0.0,0.0,1.0,0.0
LineVul-local,bigvul-0da8b8b801f9276359262f1ef8274c7812d3dfda?w=1-1398,blank_line_expansion,CWE-190,0.0,0.0,1.0,0.0
LineVul-local,bigvul-0da8b8b801f9276359262f1ef8274c7812d3dfda?w=1-1398,brace_line_shift,CWE-190,0.0,0.0,1.0,0.0
LineVul-local,bigvul-0da8b8b801f9276359262f1ef8274c7812d3dfda?w=1-1398,code_normalization_abstraction,CWE-190,0.0,0.0,1.0,0.0
LineVul-local,bigvul-0da8b8b801f9276359262f1ef8274c7812d3dfda?w=1-1398,comment_banner,CWE-190,0.0,0.0,1.0,0.0
LineVul-local,bigvul-0da8b8b801f9276359262f1ef8274c7812d3dfda?w=1-1398,control_flow_rewrite,CWE-190,0.0,0.0,1.0,0.0
LineVul-local,bigvul-0da8b8b801f9276359262f1ef8274c7812d3dfda?w=1-1398,dead_branch_after_opening_brace,CWE-190,0.0,0.0,1.0,0.0
LineVul-local,bigvul-0da8b8b801f9276359262f1ef8274c7812d3dfda?w=1-1398,identifier_renaming,CWE-190,0.0,0.0,1.0,0.0
LineVul-local,bigvul-0da8b8b801f9276359262f1ef8274c7812d3dfda?w=1-1398,original,CWE-190,0.0,0.0,1.0,0.0
LineVul-local,bigvul-0da8b8b801f9276359262f1ef8274c7812d3dfda?w=1-1398,safe_dead_code_carrier,CWE-190,0.0,0.0,1.0,0.0
LineVul-local,bigvul-14f2111f9cec919a450115ce4914f228effca58e-383,blank_line_expansion,CWE-281,0.0,0.0,1.0,0.0
LineVul-local,bigvul-14f2111f9cec919a450115ce4914f228effca58e-383,brace_line_shift,CWE-281,0.0,0.0,1.0,0.0
LineVul-local,bigvul-14f2111f9cec919a450115ce4914f228effca58e-383,code_normalization_abstraction,CWE-281,0.0,0.0,1.0,0.0
LineVul-local,bigvul-14f2111f9cec919a450115ce4914f228effca58e-383,comment_banner,CWE-281,0.0,0.0,1.0,0.0
LineVul-local,bigvul-14f2111f9cec919a450115ce4914f228effca58e-383,control_flow_rewrite,CWE-281,0.0,0.0,1.0,0.0
LineVul-local,bigvul-14f2111f9cec919a450115ce4914f228effca58e-383,dead_branch_after_opening_brace,CWE-281,0.0,0.0,1.0,0.0
LineVul-local,bigvul-14f2111f9cec919a450115ce4914f228effca58e-383,identifier_renaming,CWE-281,0.0,0.0,1.0,0.0
LineVul-local,bigvul-14f2111f9cec919a450115ce4914f228effca58e-383,original,CWE-281,0.0,0.0,1.0,0.0
LineVul-local,bigvul-14f2111f9cec919a450115ce4914f228effca58e-383,safe_dead_code_carrier,CWE-281,0.0,0.0,1.0,0.0
LineVul-local,bigvul-19190765882e272a6a2162c89acdb29110f7e3cf-511,blank_line_expansion,unknown,0.0,0.0,1.0,0.0
LineVul-local,bigvul-19190765882e272a6a2162c89acdb29110f7e3cf-511,brace_line_shift,unknown,0.0,0.0,1.0,0.0
LineVul-local,bigvul-19190765882e272a6a2162c89acdb29110f7e3cf-511,code_normalization_abstraction,unknown,0.0,0.0,1.0,0.0
LineVul-local,bigvul-19190765882e272a6a2162c89acdb29110f7e3cf-511,comment_banner,unknown,0.0,0.0,1.0,0.0
LineVul-local,bigvul-19190765882e272a6a2162c89acdb29110f7e3cf-511,control_flow_rewrite,unknown,0.0,0.0,1.0,0.0
LineVul-local,bigvul-19190765882e272a6a2162c89acdb29110f7e3cf-511,dead_branch_after_opening_brace,unknown,0.0,0.0,1.0,0.0
LineVul-local,bigvul-19190765882e272a6a2162c89acdb29110f7e3cf-511,identifier_renaming,unknown,0.0,0.0,1.0,0.0
LineVul-local,bigvul-19190765882e272a6a2162c89acdb29110f7e3cf-511,original,unknown,0.0,0.0,1.0,0.0
LineVul-local,bigvul-19190765882e272a6a2162c89acdb29110f7e3cf-511,safe_dead_code_carrier,unknown,0.0,0.0,1.0,0.0
LineVul-local,bigvul-19190765882e272a6a2162c89acdb29110f7e3cf-556,blank_line_expansion,unknown,0.0,0.0,1.0,0.0
LineVul-local,bigvul-19190765882e272a6a2162c89acdb29110f7e3cf-556,brace_line_shift,unknown,0.0,0.0,1.0,0.0
LineVul-local,bigvul-19190765882e272a6a2162c89acdb29110f7e3cf-556,code_normalization_abstraction,unknown,0.0,0.0,1.0,0.0
LineVul-local,bigvul-19190765882e272a6a2162c89acdb29110f7e3cf-556,comment_banner,unknown,0.0,0.0,1.0,0.0
LineVul-local,bigvul-19190765882e272a6a2162c89acdb29110f7e3cf-556,control_flow_rewrite,unknown,0.0,0.0,1.0,0.0
LineVul-local,bigvul-19190765882e272a6a2162c89acdb29110f7e3cf-556,dead_branch_after_opening_brace,unknown,0.0,0.0,1.0,0.0
LineVul-local,bigvul-19190765882e272a6a2162c89acdb29110f7e3cf-556,identifier_renaming,unknown,0.0,0.0,1.0,0.0
LineVul-local,bigvul-19190765882e272a6a2162c89acdb29110f7e3cf-556,original,unknown,0.0,0.0,1.0,0.0
LineVul-local,bigvul-19190765882e272a6a2162c89acdb29110f7e3cf-556,safe_dead_code_carrier,unknown,0.0,0.0,1.0,0.0
LineVul-local,bigvul-1dcd10aceabbc03bf571ea32b892c522cbe923de-1555,blank_line_expansion,CWE-125,0.0,0.0,1.0,0.0
LineVul-local,bigvul-1dcd10aceabbc03bf571ea32b892c522cbe923de-1555,brace_line_shift,CWE-125,0.0,0.0,1.0,0.0
LineVul-local,bigvul-1dcd10aceabbc03bf571ea32b892c522cbe923de-1555,code_normalization_abstraction,CWE-125,0.0,0.0,1.0,0.0
LineVul-local,bigvul-1dcd10aceabbc03bf571ea32b892c522cbe923de-1555,comment_banner,CWE-125,0.0,0.0,1.0,0.0
LineVul-local,bigvul-1dcd10aceabbc03bf571ea32b892c522cbe923de-1555,control_flow_rewrite,CWE-125,0.0,0.0,1.0,0.0
LineVul-local,bigvul-1dcd10aceabbc03bf571ea32b892c522cbe923de-1555,dead_branch_after_opening_brace,CWE-125,0.0,0.0,1.0,0.0
LineVul-local,bigvul-1dcd10aceabbc03bf571ea32b892c522cbe923de-1555,identifier_renaming,CWE-125,0.0,0.0,1.0,0.0
LineVul-local,bigvul-1dcd10aceabbc03bf571ea32b892c522cbe923de-1555,original,CWE-125,0.0,0.0,1.0,0.0
LineVul-local,bigvul-1dcd10aceabbc03bf571ea32b892c522cbe923de-1555,safe_dead_code_carrier,CWE-125,0.0,0.0,1.0,0.0
LineVul-local,bigvul-2ac4c6f7b2b2af20c0e2b0ba05367e454cd11b33-241,blank_line_expansion,CWE-400,0.0,0.0,1.0,0.0
LineVul-local,bigvul-2ac4c6f7b2b2af20c0e2b0ba05367e454cd11b33-241,brace_line_shift,CWE-400,0.0,0.0,1.0,0.0
LineVul-local,bigvul-2ac4c6f7b2b2af20c0e2b0ba05367e454cd11b33-241,code_normalization_abstraction,CWE-400,0.0,0.0,1.0,0.0
LineVul-local,bigvul-2ac4c6f7b2b2af20c0e2b0ba05367e454cd11b33-241,comment_banner,CWE-400,0.0,0.0,1.0,0.0
LineVul-local,bigvul-2ac4c6f7b2b2af20c0e2b0ba05367e454cd11b33-241,control_flow_rewrite,CWE-400,0.0,0.0,1.0,0.0
LineVul-local,bigvul-2ac4c6f7b2b2af20c0e2b0ba05367e454cd11b33-241,dead_branch_after_opening_brace,CWE-400,0.0,0.0,1.0,0.0
LineVul-local,bigvul-2ac4c6f7b2b2af20c0e2b0ba05367e454cd11b33-241,identifier_renaming,CWE-400,0.0,0.0,1.0,0.0
LineVul-local,bigvul-2ac4c6f7b2b2af20c0e2b0ba05367e454cd11b33-241,original,CWE-400,0.0,0.0,1.0,0.0
LineVul-local,bigvul-2ac4c6f7b2b2af20c0e2b0ba05367e454cd11b33-241,safe_dead_code_carrier,CWE-400,0.0,0.0,1.0,0.0
LineVul-local,bigvul-3119b232c9c453c98d8fa8b6ae4e37ba18117cd4-2315,blank_line_expansion,CWE-476,0.0,0.0,1.0,0.0
LineVul-local,bigvul-3119b232c9c453c98d8fa8b6ae4e37ba18117cd4-2315,brace_line_shift,CWE-476,0.0,0.0,1.0,0.0
LineVul-local,bigvul-3119b232c9c453c98d8fa8b6ae4e37ba18117cd4-2315,code_normalization_abstraction,CWE-476,0.0,0.0,1.0,0.0
LineVul-local,bigvul-3119b232c9c453c98d8fa8b6ae4e37ba18117cd4-2315,comment_banner,CWE-476,0.0,0.0,1.0,0.0
LineVul-local,bigvul-3119b232c9c453c98d8fa8b6ae4e37ba18117cd4-2315,control_flow_rewrite,CWE-476,0.0,0.0,1.0,0.0
LineVul-local,bigvul-3119b232c9c453c98d8fa8b6ae4e37ba18117cd4-2315,dead_branch_after_opening_brace,CWE-476,0.0,0.0,1.0,0.0
LineVul-local,bigvul-3119b232c9c453c98d8fa8b6ae4e37ba18117cd4-2315,identifier_renaming,CWE-476,0.0,0.0,1.0,0.0
LineVul-local,bigvul-3119b232c9c453c98d8fa8b6ae4e37ba18117cd4-2315,original,CWE-476,0.0,0.0,1.0,0.0
LineVul-local,bigvul-3119b232c9c453c98d8fa8b6ae4e37ba18117cd4-2315,safe_dead_code_carrier,CWE-476,0.0,0.0,1.0,0.0
LineVul-local,bigvul-34cec721d39c76be1e0a600829a7b17bdfb832b6-1759,blank_line_expansion,CWE-835,0.0,0.0,1.0,0.0
LineVul-local,bigvul-34cec721d39c76be1e0a600829a7b17bdfb832b6-1759,brace_line_shift,CWE-835,0.0,0.0,1.0,0.0
LineVul-local,bigvul-34cec721d39c76be1e0a600829a7b17bdfb832b6-1759,code_normalization_abstraction,CWE-835,0.0,0.0,1.0,0.0
LineVul-local,bigvul-34cec721d39c76be1e0a600829a7b17bdfb832b6-1759,comment_banner,CWE-835,0.0,0.0,1.0,0.0
LineVul-local,bigvul-34cec721d39c76be1e0a600829a7b17bdfb832b6-1759,control_flow_rewrite,CWE-835,0.0,0.0,1.0,0.0
LineVul-local,bigvul-34cec721d39c76be1e0a600829a7b17bdfb832b6-1759,dead_branch_after_opening_brace,CWE-835,0.0,0.0,1.0,0.0
LineVul-local,bigvul-34cec721d39c76be1e0a600829a7b17bdfb832b6-1759,identifier_renaming,CWE-835,0.0,0.0,1.0,0.0
LineVul-local,bigvul-34cec721d39c76be1e0a600829a7b17bdfb832b6-1759,original,CWE-835,0.0,0.0,1.0,0.0
LineVul-local,bigvul-34cec721d39c76be1e0a600829a7b17bdfb832b6-1759,safe_dead_code_carrier,CWE-835,0.0,0.0,1.0,0.0
LineVul-local,bigvul-363b02dab09b3226f3bd1420dad9c72b79a42a76-820,blank_line_expansion,CWE-20,0.0,0.0,1.0,0.0
LineVul-local,bigvul-363b02dab09b3226f3bd1420dad9c72b79a42a76-820,brace_line_shift,CWE-20,0.0,0.0,1.0,0.0
LineVul-local,bigvul-363b02dab09b3226f3bd1420dad9c72b79a42a76-820,code_normalization_abstraction,CWE-20,0.0,0.0,1.0,0.0
LineVul-local,bigvul-363b02dab09b3226f3bd1420dad9c72b79a42a76-820,comment_banner,CWE-20,0.0,0.0,1.0,0.0
LineVul-local,bigvul-363b02dab09b3226f3bd1420dad9c72b79a42a76-820,control_flow_rewrite,CWE-20,0.0,0.0,1.0,0.0
LineVul-local,bigvul-363b02dab09b3226f3bd1420dad9c72b79a42a76-820,dead_branch_after_opening_brace,CWE-20,0.0,0.0,1.0,0.0
LineVul-local,bigvul-363b02dab09b3226f3bd1420dad9c72b79a42a76-820,identifier_renaming,CWE-20,0.0,0.0,1.0,0.0
LineVul-local,bigvul-363b02dab09b3226f3bd1420dad9c72b79a42a76-820,original,CWE-20,0.0,0.0,1.0,0.0
LineVul-local,bigvul-363b02dab09b3226f3bd1420dad9c72b79a42a76-820,safe_dead_code_carrier,CWE-20,0.0,0.0,1.0,0.0
LineVul-local,bigvul-37c88107679d36c419572732b4af6e18bb2f7dce-482,blank_line_expansion,CWE-20,0.0,0.0,1.0,0.0
LineVul-local,bigvul-37c88107679d36c419572732b4af6e18bb2f7dce-482,brace_line_shift,CWE-20,0.0,0.0,1.0,0.0
LineVul-local,bigvul-37c88107679d36c419572732b4af6e18bb2f7dce-482,code_normalization_abstraction,CWE-20,0.0,0.0,1.0,0.0
LineVul-local,bigvul-37c88107679d36c419572732b4af6e18bb2f7dce-482,comment_banner,CWE-20,0.0,0.0,1.0,0.0
LineVul-local,bigvul-37c88107679d36c419572732b4af6e18bb2f7dce-482,control_flow_rewrite,CWE-20,0.0,0.0,1.0,0.0
LineVul-local,bigvul-37c88107679d36c419572732b4af6e18bb2f7dce-482,dead_branch_after_opening_brace,CWE-20,0.0,0.0,1.0,0.0
LineVul-local,bigvul-37c88107679d36c419572732b4af6e18bb2f7dce-482,identifier_renaming,CWE-20,0.0,0.0,1.0,0.0
LineVul-local,bigvul-37c88107679d36c419572732b4af6e18bb2f7dce-482,original,CWE-20,0.0,0.0,1.0,0.0
LineVul-local,bigvul-37c88107679d36c419572732b4af6e18bb2f7dce-482,safe_dead_code_carrier,CWE-20,0.0,0.0,1.0,0.0
LineVul-local,bigvul-3984ef0b72831da8b3ece4745cac4f8575b19098-318,blank_line_expansion,CWE-320,0.0,0.0,1.0,0.0
LineVul-local,bigvul-3984ef0b72831da8b3ece4745cac4f8575b19098-318,brace_line_shift,CWE-320,0.0,0.0,1.0,0.0
LineVul-local,bigvul-3984ef0b72831da8b3ece4745cac4f8575b19098-318,code_normalization_abstraction,CWE-320,0.0,0.0,1.0,0.0
LineVul-local,bigvul-3984ef0b72831da8b3ece4745cac4f8575b19098-318,comment_banner,CWE-320,0.0,0.0,1.0,0.0
LineVul-local,bigvul-3984ef0b72831da8b3ece4745cac4f8575b19098-318,control_flow_rewrite,CWE-320,0.0,0.0,1.0,0.0
LineVul-local,bigvul-3984ef0b72831da8b3ece4745cac4f8575b19098-318,dead_branch_after_opening_brace,CWE-320,0.0,0.0,1.0,0.0
LineVul-local,bigvul-3984ef0b72831da8b3ece4745cac4f8575b19098-318,identifier_renaming,CWE-320,0.0,0.0,1.0,0.0
LineVul-local,bigvul-3984ef0b72831da8b3ece4745cac4f8575b19098-318,original,CWE-320,0.0,0.0,1.0,0.0
LineVul-local,bigvul-3984ef0b72831da8b3ece4745cac4f8575b19098-318,safe_dead_code_carrier,CWE-320,0.0,0.0,1.0,0.0
LineVul-local,bigvul-3b0d77670a0613f409110817455d2137576b485a-1263,blank_line_expansion,CWE-399,0.389356908418258,1.0,0.0,0.0
LineVul-local,bigvul-3b0d77670a0613f409110817455d2137576b485a-1263,brace_line_shift,CWE-399,0.3786617144075619,1.0,0.0,0.0
LineVul-local,bigvul-3b0d77670a0613f409110817455d2137576b485a-1263,code_normalization_abstraction,CWE-399,0.389356908418258,1.0,0.0,0.0
LineVul-local,bigvul-3b0d77670a0613f409110817455d2137576b485a-1263,comment_banner,CWE-399,0.389356908418258,1.0,0.0,0.0
LineVul-local,bigvul-3b0d77670a0613f409110817455d2137576b485a-1263,control_flow_rewrite,CWE-399,0.389356908418258,1.0,0.0,0.0
LineVul-local,bigvul-3b0d77670a0613f409110817455d2137576b485a-1263,dead_branch_after_opening_brace,CWE-399,0.389356908418258,1.0,0.0,0.0
LineVul-local,bigvul-3b0d77670a0613f409110817455d2137576b485a-1263,identifier_renaming,CWE-399,0.389356908418258,1.0,0.0,0.0
LineVul-local,bigvul-3b0d77670a0613f409110817455d2137576b485a-1263,original,CWE-399,0.389356908418258,1.0,0.0,0.0
LineVul-local,bigvul-3b0d77670a0613f409110817455d2137576b485a-1263,safe_dead_code_carrier,CWE-399,0.389356908418258,1.0,0.0,0.0
LineVul-local,bigvul-3c8e4852477d5b1e2da877808c998dc57db9460f-2802,blank_line_expansion,CWE-20,0.0,0.0,1.0,0.0
LineVul-local,bigvul-3c8e4852477d5b1e2da877808c998dc57db9460f-2802,brace_line_shift,CWE-20,0.0,0.0,1.0,0.0
LineVul-local,bigvul-3c8e4852477d5b1e2da877808c998dc57db9460f-2802,code_normalization_abstraction,CWE-20,0.0,0.0,1.0,0.0
LineVul-local,bigvul-3c8e4852477d5b1e2da877808c998dc57db9460f-2802,comment_banner,CWE-20,0.0,0.0,1.0,0.0
LineVul-local,bigvul-3c8e4852477d5b1e2da877808c998dc57db9460f-2802,control_flow_rewrite,CWE-20,0.0,0.0,1.0,0.0
LineVul-local,bigvul-3c8e4852477d5b1e2da877808c998dc57db9460f-2802,dead_branch_after_opening_brace,CWE-20,0.0,0.0,1.0,0.0
LineVul-local,bigvul-3c8e4852477d5b1e2da877808c998dc57db9460f-2802,identifier_renaming,CWE-20,0.0,0.0,1.0,0.0
LineVul-local,bigvul-3c8e4852477d5b1e2da877808c998dc57db9460f-2802,original,CWE-20,0.0,0.0,1.0,0.0
LineVul-local,bigvul-3c8e4852477d5b1e2da877808c998dc57db9460f-2802,safe_dead_code_carrier,CWE-20,0.0,0.0,1.0,0.0
LineVul-local,bigvul-3e5dae3b38fdb566fb2b7183e810b82eb3ce6f21-1147,blank_line_expansion,unknown,0.0,0.0,1.0,0.0
LineVul-local,bigvul-3e5dae3b38fdb566fb2b7183e810b82eb3ce6f21-1147,brace_line_shift,unknown,0.0,0.0,1.0,0.0
LineVul-local,bigvul-3e5dae3b38fdb566fb2b7183e810b82eb3ce6f21-1147,code_normalization_abstraction,unknown,0.0,0.0,1.0,0.0
LineVul-local,bigvul-3e5dae3b38fdb566fb2b7183e810b82eb3ce6f21-1147,comment_banner,unknown,0.0,0.0,1.0,0.0
LineVul-local,bigvul-3e5dae3b38fdb566fb2b7183e810b82eb3ce6f21-1147,control_flow_rewrite,unknown,0.0,0.0,1.0,0.0
LineVul-local,bigvul-3e5dae3b38fdb566fb2b7183e810b82eb3ce6f21-1147,dead_branch_after_opening_brace,unknown,0.0,0.0,1.0,0.0
LineVul-local,bigvul-3e5dae3b38fdb566fb2b7183e810b82eb3ce6f21-1147,identifier_renaming,unknown,0.0,0.0,1.0,0.0
LineVul-local,bigvul-3e5dae3b38fdb566fb2b7183e810b82eb3ce6f21-1147,original,unknown,0.0,0.0,1.0,0.0
LineVul-local,bigvul-3e5dae3b38fdb566fb2b7183e810b82eb3ce6f21-1147,safe_dead_code_carrier,unknown,0.0,0.0,1.0,0.0
LineVul-local,bigvul-42073d54c53a496be40ae84152bbfe2c923ac7bc-2217,blank_line_expansion,CWE-125,0.0,0.0,1.0,0.0
LineVul-local,bigvul-42073d54c53a496be40ae84152bbfe2c923ac7bc-2217,brace_line_shift,CWE-125,0.0,0.0,1.0,0.0
LineVul-local,bigvul-42073d54c53a496be40ae84152bbfe2c923ac7bc-2217,code_normalization_abstraction,CWE-125,0.0,0.0,1.0,0.0
LineVul-local,bigvul-42073d54c53a496be40ae84152bbfe2c923ac7bc-2217,comment_banner,CWE-125,0.0,0.0,1.0,0.0
LineVul-local,bigvul-42073d54c53a496be40ae84152bbfe2c923ac7bc-2217,control_flow_rewrite,CWE-125,0.0,0.0,1.0,0.0
LineVul-local,bigvul-42073d54c53a496be40ae84152bbfe2c923ac7bc-2217,dead_branch_after_opening_brace,CWE-125,0.0,0.0,1.0,0.0
LineVul-local,bigvul-42073d54c53a496be40ae84152bbfe2c923ac7bc-2217,identifier_renaming,CWE-125,0.0,0.0,1.0,0.0
LineVul-local,bigvul-42073d54c53a496be40ae84152bbfe2c923ac7bc-2217,original,CWE-125,0.0,0.0,1.0,0.0
LineVul-local,bigvul-42073d54c53a496be40ae84152bbfe2c923ac7bc-2217,safe_dead_code_carrier,CWE-125,0.0,0.0,1.0,0.0
LineVul-local,bigvul-45d901b56f578a74b19ba0d10fa5c4c467f19303-1338,blank_line_expansion,CWE-20,0.0,0.0,1.0,0.0
LineVul-local,bigvul-45d901b56f578a74b19ba0d10fa5c4c467f19303-1338,brace_line_shift,CWE-20,0.0,0.0,1.0,0.0
LineVul-local,bigvul-45d901b56f578a74b19ba0d10fa5c4c467f19303-1338,code_normalization_abstraction,CWE-20,0.0,0.0,1.0,0.0
LineVul-local,bigvul-45d901b56f578a74b19ba0d10fa5c4c467f19303-1338,comment_banner,CWE-20,0.0,0.0,1.0,0.0
LineVul-local,bigvul-45d901b56f578a74b19ba0d10fa5c4c467f19303-1338,control_flow_rewrite,CWE-20,0.0,0.0,1.0,0.0
LineVul-local,bigvul-45d901b56f578a74b19ba0d10fa5c4c467f19303-1338,dead_branch_after_opening_brace,CWE-20,0.0,0.0,1.0,0.0
LineVul-local,bigvul-45d901b56f578a74b19ba0d10fa5c4c467f19303-1338,identifier_renaming,CWE-20,0.0,0.0,1.0,0.0
LineVul-local,bigvul-45d901b56f578a74b19ba0d10fa5c4c467f19303-1338,original,CWE-20,0.0,0.0,1.0,0.0
LineVul-local,bigvul-45d901b56f578a74b19ba0d10fa5c4c467f19303-1338,safe_dead_code_carrier,CWE-20,0.0,0.0,1.0,0.0
LineVul-local,bigvul-472271b153c5dc53c28beac55480a8d8434b2d5c-1650,blank_line_expansion,CWE-284,0.0,0.0,1.0,0.0
LineVul-local,bigvul-472271b153c5dc53c28beac55480a8d8434b2d5c-1650,brace_line_shift,CWE-284,0.0,0.0,1.0,0.0
LineVul-local,bigvul-472271b153c5dc53c28beac55480a8d8434b2d5c-1650,code_normalization_abstraction,CWE-284,0.0,0.0,1.0,0.0
LineVul-local,bigvul-472271b153c5dc53c28beac55480a8d8434b2d5c-1650,comment_banner,CWE-284,0.0,0.0,1.0,0.0
LineVul-local,bigvul-472271b153c5dc53c28beac55480a8d8434b2d5c-1650,control_flow_rewrite,CWE-284,0.0,0.0,1.0,0.0
LineVul-local,bigvul-472271b153c5dc53c28beac55480a8d8434b2d5c-1650,dead_branch_after_opening_brace,CWE-284,0.0,0.0,1.0,0.0
LineVul-local,bigvul-472271b153c5dc53c28beac55480a8d8434b2d5c-1650,identifier_renaming,CWE-284,0.0,0.0,1.0,0.0
LineVul-local,bigvul-472271b153c5dc53c28beac55480a8d8434b2d5c-1650,original,CWE-284,0.0,0.0,1.0,0.0
LineVul-local,bigvul-472271b153c5dc53c28beac55480a8d8434b2d5c-1650,safe_dead_code_carrier,CWE-284,0.0,0.0,1.0,0.0
LineVul-local,bigvul-497de07d89c1410d76a15bec2bb41f24a2a89f31-1071,blank_line_expansion,unknown,0.0,0.0,1.0,0.0
LineVul-local,bigvul-497de07d89c1410d76a15bec2bb41f24a2a89f31-1071,brace_line_shift,unknown,0.0,0.0,1.0,0.0
LineVul-local,bigvul-497de07d89c1410d76a15bec2bb41f24a2a89f31-1071,code_normalization_abstraction,unknown,0.0,0.0,1.0,0.0
LineVul-local,bigvul-497de07d89c1410d76a15bec2bb41f24a2a89f31-1071,comment_banner,unknown,0.0,0.0,1.0,0.0
LineVul-local,bigvul-497de07d89c1410d76a15bec2bb41f24a2a89f31-1071,control_flow_rewrite,unknown,0.0,0.0,1.0,0.0
LineVul-local,bigvul-497de07d89c1410d76a15bec2bb41f24a2a89f31-1071,dead_branch_after_opening_brace,unknown,0.0,0.0,1.0,0.0
LineVul-local,bigvul-497de07d89c1410d76a15bec2bb41f24a2a89f31-1071,identifier_renaming,unknown,0.0,0.0,1.0,0.0
LineVul-local,bigvul-497de07d89c1410d76a15bec2bb41f24a2a89f31-1071,original,unknown,0.0,0.0,1.0,0.0
LineVul-local,bigvul-497de07d89c1410d76a15bec2bb41f24a2a89f31-1071,safe_dead_code_carrier,unknown,0.0,0.0,1.0,0.0
LineVul-local,bigvul-49d31c2f389acfe83417083e1208422b4091cd9e-883,blank_line_expansion,CWE-362,0.0,0.0,1.0,0.0
LineVul-local,bigvul-49d31c2f389acfe83417083e1208422b4091cd9e-883,brace_line_shift,CWE-362,0.0,0.0,1.0,0.0
LineVul-local,bigvul-49d31c2f389acfe83417083e1208422b4091cd9e-883,code_normalization_abstraction,CWE-362,0.0,0.0,1.0,0.0
LineVul-local,bigvul-49d31c2f389acfe83417083e1208422b4091cd9e-883,comment_banner,CWE-362,0.0,0.0,1.0,0.0
LineVul-local,bigvul-49d31c2f389acfe83417083e1208422b4091cd9e-883,control_flow_rewrite,CWE-362,0.0,0.0,1.0,0.0
LineVul-local,bigvul-49d31c2f389acfe83417083e1208422b4091cd9e-883,dead_branch_after_opening_brace,CWE-362,0.0,0.0,1.0,0.0
LineVul-local,bigvul-49d31c2f389acfe83417083e1208422b4091cd9e-883,identifier_renaming,CWE-362,0.0,0.0,1.0,0.0
LineVul-local,bigvul-49d31c2f389acfe83417083e1208422b4091cd9e-883,original,CWE-362,0.0,0.0,1.0,0.0
LineVul-local,bigvul-49d31c2f389acfe83417083e1208422b4091cd9e-883,safe_dead_code_carrier,CWE-362,0.0,0.0,1.0,0.0
LineVul-local,bigvul-51dfe5e3b332bcea02fb4d4c7493ae841106dd9b-1694,blank_line_expansion,unknown,0.1310951519479036,1.0,0.0,1.0
LineVul-local,bigvul-51dfe5e3b332bcea02fb4d4c7493ae841106dd9b-1694,brace_line_shift,unknown,0.5562000931236599,1.0,0.0,1.0
LineVul-local,bigvul-51dfe5e3b332bcea02fb4d4c7493ae841106dd9b-1694,code_normalization_abstraction,unknown,0.1310951519479036,1.0,0.0,1.0
LineVul-local,bigvul-51dfe5e3b332bcea02fb4d4c7493ae841106dd9b-1694,comment_banner,unknown,0.1310951519479036,1.0,0.0,1.0
LineVul-local,bigvul-51dfe5e3b332bcea02fb4d4c7493ae841106dd9b-1694,control_flow_rewrite,unknown,0.1310951519479036,1.0,0.0,1.0
LineVul-local,bigvul-51dfe5e3b332bcea02fb4d4c7493ae841106dd9b-1694,dead_branch_after_opening_brace,unknown,0.22128625703256877,1.0,0.0,1.0
LineVul-local,bigvul-51dfe5e3b332bcea02fb4d4c7493ae841106dd9b-1694,identifier_renaming,unknown,0.1310951519479036,1.0,0.0,1.0
LineVul-local,bigvul-51dfe5e3b332bcea02fb4d4c7493ae841106dd9b-1694,original,unknown,0.1310951519479036,1.0,0.0,1.0
LineVul-local,bigvul-51dfe5e3b332bcea02fb4d4c7493ae841106dd9b-1694,safe_dead_code_carrier,unknown,0.22491669262872982,1.0,0.0,1.0
LineVul-local,bigvul-53262b5285efbbfdbbcc17fbf5200890f1ee295c-1417,blank_line_expansion,CWE-94,0.0,0.0,1.0,0.0
LineVul-local,bigvul-53262b5285efbbfdbbcc17fbf5200890f1ee295c-1417,brace_line_shift,CWE-94,0.0,0.0,1.0,0.0
LineVul-local,bigvul-53262b5285efbbfdbbcc17fbf5200890f1ee295c-1417,code_normalization_abstraction,CWE-94,0.0,0.0,1.0,0.0
LineVul-local,bigvul-53262b5285efbbfdbbcc17fbf5200890f1ee295c-1417,comment_banner,CWE-94,0.0,0.0,1.0,0.0
LineVul-local,bigvul-53262b5285efbbfdbbcc17fbf5200890f1ee295c-1417,control_flow_rewrite,CWE-94,0.0,0.0,1.0,0.0
LineVul-local,bigvul-53262b5285efbbfdbbcc17fbf5200890f1ee295c-1417,dead_branch_after_opening_brace,CWE-94,0.0,0.0,1.0,0.0
LineVul-local,bigvul-53262b5285efbbfdbbcc17fbf5200890f1ee295c-1417,identifier_renaming,CWE-94,0.0,0.0,1.0,0.0
LineVul-local,bigvul-53262b5285efbbfdbbcc17fbf5200890f1ee295c-1417,original,CWE-94,0.0,0.0,1.0,0.0
LineVul-local,bigvul-53262b5285efbbfdbbcc17fbf5200890f1ee295c-1417,safe_dead_code_carrier,CWE-94,0.0,0.0,1.0,0.0
LineVul-local,bigvul-5443b57cc54f2e46b35246637be26a69e9f493e1-85,blank_line_expansion,unknown,0.0,0.0,1.0,0.0
LineVul-local,bigvul-5443b57cc54f2e46b35246637be26a69e9f493e1-85,brace_line_shift,unknown,0.0,0.0,1.0,0.0
LineVul-local,bigvul-5443b57cc54f2e46b35246637be26a69e9f493e1-85,code_normalization_abstraction,unknown,0.0,0.0,1.0,0.0
LineVul-local,bigvul-5443b57cc54f2e46b35246637be26a69e9f493e1-85,comment_banner,unknown,0.0,0.0,1.0,0.0
LineVul-local,bigvul-5443b57cc54f2e46b35246637be26a69e9f493e1-85,control_flow_rewrite,unknown,0.0,0.0,1.0,0.0
LineVul-local,bigvul-5443b57cc54f2e46b35246637be26a69e9f493e1-85,dead_branch_after_opening_brace,unknown,0.0,0.0,1.0,0.0
LineVul-local,bigvul-5443b57cc54f2e46b35246637be26a69e9f493e1-85,identifier_renaming,unknown,0.0,0.0,1.0,0.0
LineVul-local,bigvul-5443b57cc54f2e46b35246637be26a69e9f493e1-85,original,unknown,0.0,0.0,1.0,0.0
LineVul-local,bigvul-5443b57cc54f2e46b35246637be26a69e9f493e1-85,safe_dead_code_carrier,unknown,0.0,0.0,1.0,0.0
LineVul-local,bigvul-54d83fc74aa9ec72794373cb47432c5f7fb1a309-131,blank_line_expansion,CWE-119,0.0,0.0,1.0,0.0
LineVul-local,bigvul-54d83fc74aa9ec72794373cb47432c5f7fb1a309-131,brace_line_shift,CWE-119,0.0,0.0,1.0,0.0
LineVul-local,bigvul-54d83fc74aa9ec72794373cb47432c5f7fb1a309-131,code_normalization_abstraction,CWE-119,0.0,0.0,1.0,0.0
LineVul-local,bigvul-54d83fc74aa9ec72794373cb47432c5f7fb1a309-131,comment_banner,CWE-119,0.0,0.0,1.0,0.0
LineVul-local,bigvul-54d83fc74aa9ec72794373cb47432c5f7fb1a309-131,control_flow_rewrite,CWE-119,0.0,0.0,1.0,0.0
LineVul-local,bigvul-54d83fc74aa9ec72794373cb47432c5f7fb1a309-131,dead_branch_after_opening_brace,CWE-119,0.0,0.0,1.0,0.0
LineVul-local,bigvul-54d83fc74aa9ec72794373cb47432c5f7fb1a309-131,identifier_renaming,CWE-119,0.0,0.0,1.0,0.0
LineVul-local,bigvul-54d83fc74aa9ec72794373cb47432c5f7fb1a309-131,original,CWE-119,0.0,0.0,1.0,0.0
LineVul-local,bigvul-54d83fc74aa9ec72794373cb47432c5f7fb1a309-131,safe_dead_code_carrier,CWE-119,0.0,0.0,1.0,0.0
LineVul-local,bigvul-550fd08c2cebad61c548def135f67aba284c6162-1549,blank_line_expansion,CWE-264,0.0,0.0,1.0,0.0
LineVul-local,bigvul-550fd08c2cebad61c548def135f67aba284c6162-1549,brace_line_shift,CWE-264,0.0,0.0,1.0,0.0
LineVul-local,bigvul-550fd08c2cebad61c548def135f67aba284c6162-1549,code_normalization_abstraction,CWE-264,0.0,0.0,1.0,0.0
LineVul-local,bigvul-550fd08c2cebad61c548def135f67aba284c6162-1549,comment_banner,CWE-264,0.0,0.0,1.0,0.0
LineVul-local,bigvul-550fd08c2cebad61c548def135f67aba284c6162-1549,control_flow_rewrite,CWE-264,0.0,0.0,1.0,0.0
LineVul-local,bigvul-550fd08c2cebad61c548def135f67aba284c6162-1549,dead_branch_after_opening_brace,CWE-264,0.0,0.0,1.0,0.0
LineVul-local,bigvul-550fd08c2cebad61c548def135f67aba284c6162-1549,identifier_renaming,CWE-264,0.0,0.0,1.0,0.0
LineVul-local,bigvul-550fd08c2cebad61c548def135f67aba284c6162-1549,original,CWE-264,0.0,0.0,1.0,0.0
LineVul-local,bigvul-550fd08c2cebad61c548def135f67aba284c6162-1549,safe_dead_code_carrier,CWE-264,0.0,0.0,1.0,0.0
LineVul-local,bigvul-592fd47a6245508b79fe6ac819fe6d3b2c1289be-1885,blank_line_expansion,CWE-59,0.0,0.0,1.0,0.0
LineVul-local,bigvul-592fd47a6245508b79fe6ac819fe6d3b2c1289be-1885,brace_line_shift,CWE-59,0.0,0.0,1.0,0.0
LineVul-local,bigvul-592fd47a6245508b79fe6ac819fe6d3b2c1289be-1885,code_normalization_abstraction,CWE-59,0.0,0.0,1.0,0.0
LineVul-local,bigvul-592fd47a6245508b79fe6ac819fe6d3b2c1289be-1885,comment_banner,CWE-59,0.0,0.0,1.0,0.0
LineVul-local,bigvul-592fd47a6245508b79fe6ac819fe6d3b2c1289be-1885,control_flow_rewrite,CWE-59,0.0,0.0,1.0,0.0
LineVul-local,bigvul-592fd47a6245508b79fe6ac819fe6d3b2c1289be-1885,dead_branch_after_opening_brace,CWE-59,0.0,0.0,1.0,0.0
LineVul-local,bigvul-592fd47a6245508b79fe6ac819fe6d3b2c1289be-1885,identifier_renaming,CWE-59,0.0,0.0,1.0,0.0
LineVul-local,bigvul-592fd47a6245508b79fe6ac819fe6d3b2c1289be-1885,original,CWE-59,0.0,0.0,1.0,0.0
LineVul-local,bigvul-592fd47a6245508b79fe6ac819fe6d3b2c1289be-1885,safe_dead_code_carrier,CWE-59,0.0,0.0,1.0,0.0
LineVul-local,bigvul-5a15b72a270b514cd442872221a788a303bdaa88-1521,blank_line_expansion,unknown,0.08576138616876372,1.0,0.0,0.0
LineVul-local,bigvul-5a15b72a270b514cd442872221a788a303bdaa88-1521,brace_line_shift,unknown,0.0,0.0,1.0,0.0
LineVul-local,bigvul-5a15b72a270b514cd442872221a788a303bdaa88-1521,code_normalization_abstraction,unknown,0.08576138616876372,1.0,0.0,0.0
LineVul-local,bigvul-5a15b72a270b514cd442872221a788a303bdaa88-1521,comment_banner,unknown,0.08576138616876372,1.0,0.0,0.0
LineVul-local,bigvul-5a15b72a270b514cd442872221a788a303bdaa88-1521,control_flow_rewrite,unknown,0.08576138616876372,1.0,0.0,0.0
LineVul-local,bigvul-5a15b72a270b514cd442872221a788a303bdaa88-1521,dead_branch_after_opening_brace,unknown,0.08576138616876372,1.0,0.0,0.0
LineVul-local,bigvul-5a15b72a270b514cd442872221a788a303bdaa88-1521,identifier_renaming,unknown,0.08576138616876372,1.0,0.0,0.0
LineVul-local,bigvul-5a15b72a270b514cd442872221a788a303bdaa88-1521,original,unknown,0.08576138616876372,1.0,0.0,0.0
LineVul-local,bigvul-5a15b72a270b514cd442872221a788a303bdaa88-1521,safe_dead_code_carrier,unknown,0.08576138616876372,1.0,0.0,0.0
LineVul-local,bigvul-5a9753fca56f0eeb9f61e342b2fccffc364f9426-2519,blank_line_expansion,CWE-119,0.0,0.0,1.0,0.0
LineVul-local,bigvul-5a9753fca56f0eeb9f61e342b2fccffc364f9426-2519,brace_line_shift,CWE-119,0.0,0.0,1.0,0.0
LineVul-local,bigvul-5a9753fca56f0eeb9f61e342b2fccffc364f9426-2519,code_normalization_abstraction,CWE-119,0.0,0.0,1.0,0.0
LineVul-local,bigvul-5a9753fca56f0eeb9f61e342b2fccffc364f9426-2519,comment_banner,CWE-119,0.0,0.0,1.0,0.0
LineVul-local,bigvul-5a9753fca56f0eeb9f61e342b2fccffc364f9426-2519,control_flow_rewrite,CWE-119,0.0,0.0,1.0,0.0
LineVul-local,bigvul-5a9753fca56f0eeb9f61e342b2fccffc364f9426-2519,dead_branch_after_opening_brace,CWE-119,0.0,0.0,1.0,0.0
LineVul-local,bigvul-5a9753fca56f0eeb9f61e342b2fccffc364f9426-2519,identifier_renaming,CWE-119,0.0,0.0,1.0,0.0
LineVul-local,bigvul-5a9753fca56f0eeb9f61e342b2fccffc364f9426-2519,original,CWE-119,0.0,0.0,1.0,0.0
LineVul-local,bigvul-5a9753fca56f0eeb9f61e342b2fccffc364f9426-2519,safe_dead_code_carrier,CWE-119,0.0,0.0,1.0,0.0
LineVul-local,bigvul-5a9753fca56f0eeb9f61e342b2fccffc364f9426-2783,blank_line_expansion,CWE-119,0.0,0.0,1.0,0.0
LineVul-local,bigvul-5a9753fca56f0eeb9f61e342b2fccffc364f9426-2783,brace_line_shift,CWE-119,-0.016071892047645142,0.0,0.0,0.0
LineVul-local,bigvul-5a9753fca56f0eeb9f61e342b2fccffc364f9426-2783,code_normalization_abstraction,CWE-119,0.0,0.0,1.0,0.0
LineVul-local,bigvul-5a9753fca56f0eeb9f61e342b2fccffc364f9426-2783,comment_banner,CWE-119,0.0,0.0,1.0,0.0
LineVul-local,bigvul-5a9753fca56f0eeb9f61e342b2fccffc364f9426-2783,control_flow_rewrite,CWE-119,0.0,0.0,1.0,0.0
LineVul-local,bigvul-5a9753fca56f0eeb9f61e342b2fccffc364f9426-2783,dead_branch_after_opening_brace,CWE-119,0.0,0.0,1.0,0.0
LineVul-local,bigvul-5a9753fca56f0eeb9f61e342b2fccffc364f9426-2783,identifier_renaming,CWE-119,0.0,0.0,1.0,0.0
LineVul-local,bigvul-5a9753fca56f0eeb9f61e342b2fccffc364f9426-2783,original,CWE-119,0.0,0.0,1.0,0.0
LineVul-local,bigvul-5a9753fca56f0eeb9f61e342b2fccffc364f9426-2783,safe_dead_code_carrier,CWE-119,0.0,0.0,1.0,0.0
LineVul-local,bigvul-5a9753fca56f0eeb9f61e342b2fccffc364f9426-83,blank_line_expansion,CWE-119,0.0,0.0,1.0,0.0
LineVul-local,bigvul-5a9753fca56f0eeb9f61e342b2fccffc364f9426-83,brace_line_shift,CWE-119,0.0,0.0,1.0,0.0
LineVul-local,bigvul-5a9753fca56f0eeb9f61e342b2fccffc364f9426-83,code_normalization_abstraction,CWE-119,0.0,0.0,1.0,0.0
LineVul-local,bigvul-5a9753fca56f0eeb9f61e342b2fccffc364f9426-83,comment_banner,CWE-119,0.0,0.0,1.0,0.0
LineVul-local,bigvul-5a9753fca56f0eeb9f61e342b2fccffc364f9426-83,control_flow_rewrite,CWE-119,0.0,0.0,1.0,0.0
LineVul-local,bigvul-5a9753fca56f0eeb9f61e342b2fccffc364f9426-83,dead_branch_after_opening_brace,CWE-119,0.0,0.0,1.0,0.0
LineVul-local,bigvul-5a9753fca56f0eeb9f61e342b2fccffc364f9426-83,identifier_renaming,CWE-119,0.0,0.0,1.0,0.0
LineVul-local,bigvul-5a9753fca56f0eeb9f61e342b2fccffc364f9426-83,original,CWE-119,0.0,0.0,1.0,0.0
LineVul-local,bigvul-5a9753fca56f0eeb9f61e342b2fccffc364f9426-83,safe_dead_code_carrier,CWE-119,0.0,0.0,1.0,0.0
LineVul-local,bigvul-5b998565255a504887c6d2e90d11001a00c9d6da-1633,blank_line_expansion,CWE-399,0.0,0.0,1.0,0.0
LineVul-local,bigvul-5b998565255a504887c6d2e90d11001a00c9d6da-1633,brace_line_shift,CWE-399,0.0,0.0,1.0,0.0
LineVul-local,bigvul-5b998565255a504887c6d2e90d11001a00c9d6da-1633,code_normalization_abstraction,CWE-399,0.0,0.0,1.0,0.0
LineVul-local,bigvul-5b998565255a504887c6d2e90d11001a00c9d6da-1633,comment_banner,CWE-399,0.0,0.0,1.0,0.0
LineVul-local,bigvul-5b998565255a504887c6d2e90d11001a00c9d6da-1633,control_flow_rewrite,CWE-399,0.0,0.0,1.0,0.0
LineVul-local,bigvul-5b998565255a504887c6d2e90d11001a00c9d6da-1633,dead_branch_after_opening_brace,CWE-399,0.0,0.0,1.0,0.0
LineVul-local,bigvul-5b998565255a504887c6d2e90d11001a00c9d6da-1633,identifier_renaming,CWE-399,0.0,0.0,1.0,0.0
LineVul-local,bigvul-5b998565255a504887c6d2e90d11001a00c9d6da-1633,original,CWE-399,0.0,0.0,1.0,0.0
LineVul-local,bigvul-5b998565255a504887c6d2e90d11001a00c9d6da-1633,safe_dead_code_carrier,CWE-399,0.0,0.0,1.0,0.0
LineVul-local,bigvul-5bb223676defeba9c44a5ce42460c86e24561e73-393,blank_line_expansion,CWE-362,0.4458726154432424,1.0,0.0,0.0
LineVul-local,bigvul-5bb223676defeba9c44a5ce42460c86e24561e73-393,brace_line_shift,CWE-362,0.43517742143254634,1.0,0.0,0.0
LineVul-local,bigvul-5bb223676defeba9c44a5ce42460c86e24561e73-393,code_normalization_abstraction,CWE-362,0.4458726154432424,1.0,0.0,0.0
LineVul-local,bigvul-5bb223676defeba9c44a5ce42460c86e24561e73-393,comment_banner,CWE-362,0.4458726154432424,1.0,0.0,0.0
LineVul-local,bigvul-5bb223676defeba9c44a5ce42460c86e24561e73-393,control_flow_rewrite,CWE-362,0.4458726154432424,1.0,0.0,0.0
LineVul-local,bigvul-5bb223676defeba9c44a5ce42460c86e24561e73-393,dead_branch_after_opening_brace,CWE-362,0.4458726154432424,1.0,0.0,0.0
LineVul-local,bigvul-5bb223676defeba9c44a5ce42460c86e24561e73-393,identifier_renaming,CWE-362,0.4458726154432424,1.0,0.0,0.0
LineVul-local,bigvul-5bb223676defeba9c44a5ce42460c86e24561e73-393,original,CWE-362,0.4458726154432424,1.0,0.0,0.0
LineVul-local,bigvul-5bb223676defeba9c44a5ce42460c86e24561e73-393,safe_dead_code_carrier,CWE-362,0.4458726154432424,1.0,0.0,0.0
LineVul-local,bigvul-5d340a5ca6e420a70297cdbdf777333f18bfdab7-918,blank_line_expansion,CWE-125,0.0,0.0,1.0,0.0
LineVul-local,bigvul-5d340a5ca6e420a70297cdbdf777333f18bfdab7-918,brace_line_shift,CWE-125,0.0,0.0,1.0,0.0
LineVul-local,bigvul-5d340a5ca6e420a70297cdbdf777333f18bfdab7-918,code_normalization_abstraction,CWE-125,0.0,0.0,1.0,0.0
LineVul-local,bigvul-5d340a5ca6e420a70297cdbdf777333f18bfdab7-918,comment_banner,CWE-125,0.0,0.0,1.0,0.0
LineVul-local,bigvul-5d340a5ca6e420a70297cdbdf777333f18bfdab7-918,control_flow_rewrite,CWE-125,0.0,0.0,1.0,0.0
LineVul-local,bigvul-5d340a5ca6e420a70297cdbdf777333f18bfdab7-918,dead_branch_after_opening_brace,CWE-125,0.0,0.0,1.0,0.0
LineVul-local,bigvul-5d340a5ca6e420a70297cdbdf777333f18bfdab7-918,identifier_renaming,CWE-125,0.0,0.0,1.0,0.0
LineVul-local,bigvul-5d340a5ca6e420a70297cdbdf777333f18bfdab7-918,original,CWE-125,0.0,0.0,1.0,0.0
LineVul-local,bigvul-5d340a5ca6e420a70297cdbdf777333f18bfdab7-918,safe_dead_code_carrier,CWE-125,0.0,0.0,1.0,0.0
LineVul-local,bigvul-648cbc15a6830523b3a4eb78d674f059bd2a7ce9-348,blank_line_expansion,unknown,0.0,0.0,1.0,0.0
LineVul-local,bigvul-648cbc15a6830523b3a4eb78d674f059bd2a7ce9-348,brace_line_shift,unknown,0.0,0.0,1.0,0.0
LineVul-local,bigvul-648cbc15a6830523b3a4eb78d674f059bd2a7ce9-348,code_normalization_abstraction,unknown,0.0,0.0,1.0,0.0
LineVul-local,bigvul-648cbc15a6830523b3a4eb78d674f059bd2a7ce9-348,comment_banner,unknown,0.0,0.0,1.0,0.0
LineVul-local,bigvul-648cbc15a6830523b3a4eb78d674f059bd2a7ce9-348,control_flow_rewrite,unknown,0.0,0.0,1.0,0.0
LineVul-local,bigvul-648cbc15a6830523b3a4eb78d674f059bd2a7ce9-348,dead_branch_after_opening_brace,unknown,0.0,0.0,1.0,0.0
LineVul-local,bigvul-648cbc15a6830523b3a4eb78d674f059bd2a7ce9-348,identifier_renaming,unknown,0.0,0.0,1.0,0.0
LineVul-local,bigvul-648cbc15a6830523b3a4eb78d674f059bd2a7ce9-348,original,unknown,0.0,0.0,1.0,0.0
LineVul-local,bigvul-648cbc15a6830523b3a4eb78d674f059bd2a7ce9-348,safe_dead_code_carrier,unknown,0.0,0.0,1.0,0.0
LineVul-local,bigvul-6a60f01228557982e6508c5919cc21fcfddf110b-2477,blank_line_expansion,CWE-264,0.0,0.0,1.0,0.0
LineVul-local,bigvul-6a60f01228557982e6508c5919cc21fcfddf110b-2477,brace_line_shift,CWE-264,0.0,0.0,1.0,0.0
LineVul-local,bigvul-6a60f01228557982e6508c5919cc21fcfddf110b-2477,code_normalization_abstraction,CWE-264,0.0,0.0,1.0,0.0
LineVul-local,bigvul-6a60f01228557982e6508c5919cc21fcfddf110b-2477,comment_banner,CWE-264,0.0,0.0,1.0,0.0
LineVul-local,bigvul-6a60f01228557982e6508c5919cc21fcfddf110b-2477,control_flow_rewrite,CWE-264,0.0,0.0,1.0,0.0
LineVul-local,bigvul-6a60f01228557982e6508c5919cc21fcfddf110b-2477,dead_branch_after_opening_brace,CWE-264,0.0,0.0,1.0,0.0
LineVul-local,bigvul-6a60f01228557982e6508c5919cc21fcfddf110b-2477,identifier_renaming,CWE-264,0.0,0.0,1.0,0.0
LineVul-local,bigvul-6a60f01228557982e6508c5919cc21fcfddf110b-2477,original,CWE-264,0.0,0.0,1.0,0.0
LineVul-local,bigvul-6a60f01228557982e6508c5919cc21fcfddf110b-2477,safe_dead_code_carrier,CWE-264,0.0,0.0,1.0,0.0
LineVul-local,bigvul-6a7063ae61cf031630b48bdcdb09863ffc199962-913,blank_line_expansion,CWE-416,0.0,0.0,1.0,0.0
LineVul-local,bigvul-6a7063ae61cf031630b48bdcdb09863ffc199962-913,brace_line_shift,CWE-416,0.0,0.0,1.0,0.0
LineVul-local,bigvul-6a7063ae61cf031630b48bdcdb09863ffc199962-913,code_normalization_abstraction,CWE-416,0.0,0.0,1.0,0.0
LineVul-local,bigvul-6a7063ae61cf031630b48bdcdb09863ffc199962-913,comment_banner,CWE-416,0.0,0.0,1.0,0.0
LineVul-local,bigvul-6a7063ae61cf031630b48bdcdb09863ffc199962-913,control_flow_rewrite,CWE-416,0.0,0.0,1.0,0.0
LineVul-local,bigvul-6a7063ae61cf031630b48bdcdb09863ffc199962-913,dead_branch_after_opening_brace,CWE-416,0.0,0.0,1.0,0.0
LineVul-local,bigvul-6a7063ae61cf031630b48bdcdb09863ffc199962-913,identifier_renaming,CWE-416,0.0,0.0,1.0,0.0
LineVul-local,bigvul-6a7063ae61cf031630b48bdcdb09863ffc199962-913,original,CWE-416,0.0,0.0,1.0,0.0
LineVul-local,bigvul-6a7063ae61cf031630b48bdcdb09863ffc199962-913,safe_dead_code_carrier,CWE-416,0.0,0.0,1.0,0.0
LineVul-local,bigvul-6b6bff054d569a77973f2140c0e86366e6168a6c-2681,blank_line_expansion,CWE-20,0.0,0.0,1.0,0.0
LineVul-local,bigvul-6b6bff054d569a77973f2140c0e86366e6168a6c-2681,brace_line_shift,CWE-20,0.0,0.0,1.0,0.0
LineVul-local,bigvul-6b6bff054d569a77973f2140c0e86366e6168a6c-2681,code_normalization_abstraction,CWE-20,0.0,0.0,1.0,0.0
LineVul-local,bigvul-6b6bff054d569a77973f2140c0e86366e6168a6c-2681,comment_banner,CWE-20,0.0,0.0,1.0,0.0
LineVul-local,bigvul-6b6bff054d569a77973f2140c0e86366e6168a6c-2681,control_flow_rewrite,CWE-20,0.0,0.0,1.0,0.0
LineVul-local,bigvul-6b6bff054d569a77973f2140c0e86366e6168a6c-2681,dead_branch_after_opening_brace,CWE-20,0.0,0.0,1.0,0.0
LineVul-local,bigvul-6b6bff054d569a77973f2140c0e86366e6168a6c-2681,identifier_renaming,CWE-20,0.0,0.0,1.0,0.0
LineVul-local,bigvul-6b6bff054d569a77973f2140c0e86366e6168a6c-2681,original,CWE-20,0.0,0.0,1.0,0.0
LineVul-local,bigvul-6b6bff054d569a77973f2140c0e86366e6168a6c-2681,safe_dead_code_carrier,CWE-20,0.0,0.0,1.0,0.0
LineVul-local,bigvul-6d9425ec7badda912555d46ea7abcfab81fdd9b9-2117,blank_line_expansion,CWE-399,0.0,0.0,1.0,0.0
LineVul-local,bigvul-6d9425ec7badda912555d46ea7abcfab81fdd9b9-2117,brace_line_shift,CWE-399,0.0,0.0,1.0,0.0
LineVul-local,bigvul-6d9425ec7badda912555d46ea7abcfab81fdd9b9-2117,code_normalization_abstraction,CWE-399,0.0,0.0,1.0,0.0
LineVul-local,bigvul-6d9425ec7badda912555d46ea7abcfab81fdd9b9-2117,comment_banner,CWE-399,0.0,0.0,1.0,0.0
LineVul-local,bigvul-6d9425ec7badda912555d46ea7abcfab81fdd9b9-2117,control_flow_rewrite,CWE-399,0.0,0.0,1.0,0.0
LineVul-local,bigvul-6d9425ec7badda912555d46ea7abcfab81fdd9b9-2117,dead_branch_after_opening_brace,CWE-399,0.0,0.0,1.0,0.0
LineVul-local,bigvul-6d9425ec7badda912555d46ea7abcfab81fdd9b9-2117,identifier_renaming,CWE-399,0.0,0.0,1.0,0.0
LineVul-local,bigvul-6d9425ec7badda912555d46ea7abcfab81fdd9b9-2117,original,CWE-399,0.0,0.0,1.0,0.0
LineVul-local,bigvul-6d9425ec7badda912555d46ea7abcfab81fdd9b9-2117,safe_dead_code_carrier,CWE-399,0.0,0.0,1.0,0.0
LineVul-local,bigvul-6f737ddfadb596d7d4a993f7ed2141ffd664a81c-117,blank_line_expansion,CWE-399,0.0,0.0,1.0,0.0
LineVul-local,bigvul-6f737ddfadb596d7d4a993f7ed2141ffd664a81c-117,brace_line_shift,CWE-399,0.0,0.0,1.0,0.0
LineVul-local,bigvul-6f737ddfadb596d7d4a993f7ed2141ffd664a81c-117,code_normalization_abstraction,CWE-399,0.0,0.0,1.0,0.0
LineVul-local,bigvul-6f737ddfadb596d7d4a993f7ed2141ffd664a81c-117,comment_banner,CWE-399,0.0,0.0,1.0,0.0
LineVul-local,bigvul-6f737ddfadb596d7d4a993f7ed2141ffd664a81c-117,control_flow_rewrite,CWE-399,0.0,0.0,1.0,0.0
LineVul-local,bigvul-6f737ddfadb596d7d4a993f7ed2141ffd664a81c-117,dead_branch_after_opening_brace,CWE-399,0.0,0.0,1.0,0.0
LineVul-local,bigvul-6f737ddfadb596d7d4a993f7ed2141ffd664a81c-117,identifier_renaming,CWE-399,0.0,0.0,1.0,0.0
LineVul-local,bigvul-6f737ddfadb596d7d4a993f7ed2141ffd664a81c-117,original,CWE-399,0.0,0.0,1.0,0.0
LineVul-local,bigvul-6f737ddfadb596d7d4a993f7ed2141ffd664a81c-117,safe_dead_code_carrier,CWE-399,0.0,0.0,1.0,0.0
LineVul-local,bigvul-7394cf6f43d7a86630d3eb1c728fd63c621b5530-391,blank_line_expansion,unknown,0.0,0.0,1.0,0.0
LineVul-local,bigvul-7394cf6f43d7a86630d3eb1c728fd63c621b5530-391,brace_line_shift,unknown,0.0,0.0,1.0,0.0
LineVul-local,bigvul-7394cf6f43d7a86630d3eb1c728fd63c621b5530-391,code_normalization_abstraction,unknown,0.0,0.0,1.0,0.0
LineVul-local,bigvul-7394cf6f43d7a86630d3eb1c728fd63c621b5530-391,comment_banner,unknown,0.0,0.0,1.0,0.0
LineVul-local,bigvul-7394cf6f43d7a86630d3eb1c728fd63c621b5530-391,control_flow_rewrite,unknown,0.0,0.0,1.0,0.0
LineVul-local,bigvul-7394cf6f43d7a86630d3eb1c728fd63c621b5530-391,dead_branch_after_opening_brace,unknown,0.0,0.0,1.0,0.0
LineVul-local,bigvul-7394cf6f43d7a86630d3eb1c728fd63c621b5530-391,identifier_renaming,unknown,0.0,0.0,1.0,0.0
LineVul-local,bigvul-7394cf6f43d7a86630d3eb1c728fd63c621b5530-391,original,unknown,0.0,0.0,1.0,0.0
LineVul-local,bigvul-7394cf6f43d7a86630d3eb1c728fd63c621b5530-391,safe_dead_code_carrier,unknown,0.0,0.0,1.0,0.0
LineVul-local,bigvul-778500563a9f7ceba996937dc886bd8cde29b42b-1875,blank_line_expansion,CWE-125,0.0,0.0,1.0,0.0
LineVul-local,bigvul-778500563a9f7ceba996937dc886bd8cde29b42b-1875,brace_line_shift,CWE-125,0.0,0.0,1.0,0.0
LineVul-local,bigvul-778500563a9f7ceba996937dc886bd8cde29b42b-1875,code_normalization_abstraction,CWE-125,0.0,0.0,1.0,0.0
LineVul-local,bigvul-778500563a9f7ceba996937dc886bd8cde29b42b-1875,comment_banner,CWE-125,0.0,0.0,1.0,0.0
LineVul-local,bigvul-778500563a9f7ceba996937dc886bd8cde29b42b-1875,control_flow_rewrite,CWE-125,0.0,0.0,1.0,0.0
LineVul-local,bigvul-778500563a9f7ceba996937dc886bd8cde29b42b-1875,dead_branch_after_opening_brace,CWE-125,0.0,0.0,1.0,0.0
LineVul-local,bigvul-778500563a9f7ceba996937dc886bd8cde29b42b-1875,identifier_renaming,CWE-125,0.0,0.0,1.0,0.0
LineVul-local,bigvul-778500563a9f7ceba996937dc886bd8cde29b42b-1875,original,CWE-125,0.0,0.0,1.0,0.0
LineVul-local,bigvul-778500563a9f7ceba996937dc886bd8cde29b42b-1875,safe_dead_code_carrier,CWE-125,0.0,0.0,1.0,0.0
LineVul-local,bigvul-78d89fe556cb5dabbc47b4967cdf55e607e29580-2724,blank_line_expansion,CWE-119,0.0,0.0,1.0,0.0
LineVul-local,bigvul-78d89fe556cb5dabbc47b4967cdf55e607e29580-2724,brace_line_shift,CWE-119,0.0,0.0,1.0,0.0
LineVul-local,bigvul-78d89fe556cb5dabbc47b4967cdf55e607e29580-2724,code_normalization_abstraction,CWE-119,0.0,0.0,1.0,0.0
LineVul-local,bigvul-78d89fe556cb5dabbc47b4967cdf55e607e29580-2724,comment_banner,CWE-119,0.0,0.0,1.0,0.0
LineVul-local,bigvul-78d89fe556cb5dabbc47b4967cdf55e607e29580-2724,control_flow_rewrite,CWE-119,0.0,0.0,1.0,0.0
LineVul-local,bigvul-78d89fe556cb5dabbc47b4967cdf55e607e29580-2724,dead_branch_after_opening_brace,CWE-119,0.0,0.0,1.0,0.0
LineVul-local,bigvul-78d89fe556cb5dabbc47b4967cdf55e607e29580-2724,identifier_renaming,CWE-119,0.0,0.0,1.0,0.0
LineVul-local,bigvul-78d89fe556cb5dabbc47b4967cdf55e607e29580-2724,original,CWE-119,0.0,0.0,1.0,0.0
LineVul-local,bigvul-78d89fe556cb5dabbc47b4967cdf55e607e29580-2724,safe_dead_code_carrier,CWE-119,0.0,0.0,1.0,0.0
LineVul-local,bigvul-7ed47b7d142ec99ad6880bbbec51e9f12b3af74c-2002,blank_line_expansion,unknown,0.0,0.0,1.0,0.0
LineVul-local,bigvul-7ed47b7d142ec99ad6880bbbec51e9f12b3af74c-2002,brace_line_shift,unknown,0.0,0.0,1.0,0.0
LineVul-local,bigvul-7ed47b7d142ec99ad6880bbbec51e9f12b3af74c-2002,code_normalization_abstraction,unknown,0.0,0.0,1.0,0.0
LineVul-local,bigvul-7ed47b7d142ec99ad6880bbbec51e9f12b3af74c-2002,comment_banner,unknown,0.0,0.0,1.0,0.0
LineVul-local,bigvul-7ed47b7d142ec99ad6880bbbec51e9f12b3af74c-2002,control_flow_rewrite,unknown,0.0,0.0,1.0,0.0
LineVul-local,bigvul-7ed47b7d142ec99ad6880bbbec51e9f12b3af74c-2002,dead_branch_after_opening_brace,unknown,0.0,0.0,1.0,0.0
LineVul-local,bigvul-7ed47b7d142ec99ad6880bbbec51e9f12b3af74c-2002,identifier_renaming,unknown,0.0,0.0,1.0,0.0
LineVul-local,bigvul-7ed47b7d142ec99ad6880bbbec51e9f12b3af74c-2002,original,unknown,0.0,0.0,1.0,0.0
LineVul-local,bigvul-7ed47b7d142ec99ad6880bbbec51e9f12b3af74c-2002,safe_dead_code_carrier,unknown,0.0,0.0,1.0,0.0
LineVul-local,bigvul-802ecdb9cee0d66fe546bdf24e98150f8f716ad8-2301,blank_line_expansion,CWE-119,0.0012259112455206278,1.0,0.0,0.0
LineVul-local,bigvul-802ecdb9cee0d66fe546bdf24e98150f8f716ad8-2301,brace_line_shift,CWE-119,0.0,0.0,1.0,0.0
LineVul-local,bigvul-802ecdb9cee0d66fe546bdf24e98150f8f716ad8-2301,code_normalization_abstraction,CWE-119,0.0012259112455206278,1.0,0.0,0.0
LineVul-local,bigvul-802ecdb9cee0d66fe546bdf24e98150f8f716ad8-2301,comment_banner,CWE-119,0.0012259112455206278,1.0,0.0,0.0
LineVul-local,bigvul-802ecdb9cee0d66fe546bdf24e98150f8f716ad8-2301,control_flow_rewrite,CWE-119,0.0012259112455206278,1.0,0.0,0.0
LineVul-local,bigvul-802ecdb9cee0d66fe546bdf24e98150f8f716ad8-2301,dead_branch_after_opening_brace,CWE-119,0.0012259112455206278,1.0,0.0,0.0
LineVul-local,bigvul-802ecdb9cee0d66fe546bdf24e98150f8f716ad8-2301,identifier_renaming,CWE-119,0.020327735523789747,1.0,0.0,0.0
LineVul-local,bigvul-802ecdb9cee0d66fe546bdf24e98150f8f716ad8-2301,original,CWE-119,0.0012259112455206278,1.0,0.0,0.0
LineVul-local,bigvul-802ecdb9cee0d66fe546bdf24e98150f8f716ad8-2301,safe_dead_code_carrier,CWE-119,0.0012259112455206278,1.0,0.0,0.0
LineVul-local,bigvul-84ca1ee18bbc32f3cb035d071e8271e064dfd4d7-1210,blank_line_expansion,CWE-416,0.0,0.0,1.0,0.0
LineVul-local,bigvul-84ca1ee18bbc32f3cb035d071e8271e064dfd4d7-1210,brace_line_shift,CWE-416,0.0,0.0,1.0,0.0
LineVul-local,bigvul-84ca1ee18bbc32f3cb035d071e8271e064dfd4d7-1210,code_normalization_abstraction,CWE-416,0.0,0.0,1.0,0.0
LineVul-local,bigvul-84ca1ee18bbc32f3cb035d071e8271e064dfd4d7-1210,comment_banner,CWE-416,0.0,0.0,1.0,0.0
LineVul-local,bigvul-84ca1ee18bbc32f3cb035d071e8271e064dfd4d7-1210,control_flow_rewrite,CWE-416,0.0,0.0,1.0,0.0
LineVul-local,bigvul-84ca1ee18bbc32f3cb035d071e8271e064dfd4d7-1210,dead_branch_after_opening_brace,CWE-416,0.0,0.0,1.0,0.0
LineVul-local,bigvul-84ca1ee18bbc32f3cb035d071e8271e064dfd4d7-1210,identifier_renaming,CWE-416,0.0,0.0,1.0,0.0
LineVul-local,bigvul-84ca1ee18bbc32f3cb035d071e8271e064dfd4d7-1210,original,CWE-416,0.0,0.0,1.0,0.0
LineVul-local,bigvul-84ca1ee18bbc32f3cb035d071e8271e064dfd4d7-1210,safe_dead_code_carrier,CWE-416,0.0,0.0,1.0,0.0
LineVul-local,bigvul-864e2e22fcd0cba3f5e67680ccabd0302dfda45d-680,blank_line_expansion,CWE-264,0.0,0.0,1.0,0.0
LineVul-local,bigvul-864e2e22fcd0cba3f5e67680ccabd0302dfda45d-680,brace_line_shift,CWE-264,0.0,0.0,1.0,0.0
LineVul-local,bigvul-864e2e22fcd0cba3f5e67680ccabd0302dfda45d-680,code_normalization_abstraction,CWE-264,0.0,0.0,1.0,0.0
LineVul-local,bigvul-864e2e22fcd0cba3f5e67680ccabd0302dfda45d-680,comment_banner,CWE-264,0.0,0.0,1.0,0.0
LineVul-local,bigvul-864e2e22fcd0cba3f5e67680ccabd0302dfda45d-680,control_flow_rewrite,CWE-264,0.0,0.0,1.0,0.0
LineVul-local,bigvul-864e2e22fcd0cba3f5e67680ccabd0302dfda45d-680,dead_branch_after_opening_brace,CWE-264,0.0,0.0,1.0,0.0
LineVul-local,bigvul-864e2e22fcd0cba3f5e67680ccabd0302dfda45d-680,identifier_renaming,CWE-264,0.0,0.0,1.0,0.0
LineVul-local,bigvul-864e2e22fcd0cba3f5e67680ccabd0302dfda45d-680,original,CWE-264,0.0,0.0,1.0,0.0
LineVul-local,bigvul-864e2e22fcd0cba3f5e67680ccabd0302dfda45d-680,safe_dead_code_carrier,CWE-264,0.0,0.0,1.0,0.0
LineVul-local,bigvul-8c95ab0b50f8a257514f9647929267e62b1e611d-327,blank_line_expansion,unknown,0.014087646246986996,1.0,0.0,0.0
LineVul-local,bigvul-8c95ab0b50f8a257514f9647929267e62b1e611d-327,brace_line_shift,unknown,-0.015893551498815328,0.0,0.0,0.0
LineVul-local,bigvul-8c95ab0b50f8a257514f9647929267e62b1e611d-327,code_normalization_abstraction,unknown,0.014087646246986996,1.0,0.0,0.0
LineVul-local,bigvul-8c95ab0b50f8a257514f9647929267e62b1e611d-327,comment_banner,unknown,0.014087646246986996,1.0,0.0,0.0
LineVul-local,bigvul-8c95ab0b50f8a257514f9647929267e62b1e611d-327,control_flow_rewrite,unknown,0.014087646246986996,1.0,0.0,0.0
LineVul-local,bigvul-8c95ab0b50f8a257514f9647929267e62b1e611d-327,dead_branch_after_opening_brace,unknown,0.014087646246986996,1.0,0.0,0.0
LineVul-local,bigvul-8c95ab0b50f8a257514f9647929267e62b1e611d-327,identifier_renaming,unknown,0.014087646246986996,1.0,0.0,0.0
LineVul-local,bigvul-8c95ab0b50f8a257514f9647929267e62b1e611d-327,original,unknown,0.014087646246986996,1.0,0.0,0.0
LineVul-local,bigvul-8c95ab0b50f8a257514f9647929267e62b1e611d-327,safe_dead_code_carrier,unknown,0.014087646246986996,1.0,0.0,0.0
LineVul-local,bigvul-8cfe2463cec6835c7b0b73dcb2ab2edaf035e3f9-603,blank_line_expansion,CWE-416,0.0,0.0,1.0,0.0
LineVul-local,bigvul-8cfe2463cec6835c7b0b73dcb2ab2edaf035e3f9-603,brace_line_shift,CWE-416,0.0,0.0,1.0,0.0
LineVul-local,bigvul-8cfe2463cec6835c7b0b73dcb2ab2edaf035e3f9-603,code_normalization_abstraction,CWE-416,0.0,0.0,1.0,0.0
LineVul-local,bigvul-8cfe2463cec6835c7b0b73dcb2ab2edaf035e3f9-603,comment_banner,CWE-416,0.0,0.0,1.0,0.0
LineVul-local,bigvul-8cfe2463cec6835c7b0b73dcb2ab2edaf035e3f9-603,control_flow_rewrite,CWE-416,0.0,0.0,1.0,0.0
LineVul-local,bigvul-8cfe2463cec6835c7b0b73dcb2ab2edaf035e3f9-603,dead_branch_after_opening_brace,CWE-416,0.0,0.0,1.0,0.0
LineVul-local,bigvul-8cfe2463cec6835c7b0b73dcb2ab2edaf035e3f9-603,identifier_renaming,CWE-416,0.0,0.0,1.0,0.0
LineVul-local,bigvul-8cfe2463cec6835c7b0b73dcb2ab2edaf035e3f9-603,original,CWE-416,0.0,0.0,1.0,0.0
LineVul-local,bigvul-8cfe2463cec6835c7b0b73dcb2ab2edaf035e3f9-603,safe_dead_code_carrier,CWE-416,0.0,0.0,1.0,0.0
LineVul-local,bigvul-8e76d0404b7f664ee6719fd98f0483f0ac4669d6-95,blank_line_expansion,CWE-200,0.0,0.0,1.0,0.0
LineVul-local,bigvul-8e76d0404b7f664ee6719fd98f0483f0ac4669d6-95,brace_line_shift,CWE-200,0.0,0.0,1.0,0.0
LineVul-local,bigvul-8e76d0404b7f664ee6719fd98f0483f0ac4669d6-95,code_normalization_abstraction,CWE-200,0.0,0.0,1.0,0.0
LineVul-local,bigvul-8e76d0404b7f664ee6719fd98f0483f0ac4669d6-95,comment_banner,CWE-200,0.0,0.0,1.0,0.0
LineVul-local,bigvul-8e76d0404b7f664ee6719fd98f0483f0ac4669d6-95,control_flow_rewrite,CWE-200,0.0,0.0,1.0,0.0
LineVul-local,bigvul-8e76d0404b7f664ee6719fd98f0483f0ac4669d6-95,dead_branch_after_opening_brace,CWE-200,0.0,0.0,1.0,0.0
LineVul-local,bigvul-8e76d0404b7f664ee6719fd98f0483f0ac4669d6-95,identifier_renaming,CWE-200,0.0,0.0,1.0,0.0
LineVul-local,bigvul-8e76d0404b7f664ee6719fd98f0483f0ac4669d6-95,original,CWE-200,0.0,0.0,1.0,0.0
LineVul-local,bigvul-8e76d0404b7f664ee6719fd98f0483f0ac4669d6-95,safe_dead_code_carrier,CWE-200,0.0,0.0,1.0,0.0
LineVul-local,bigvul-91f2fa59e8ed80dfbf400add0164ee0e508e412a-1900,blank_line_expansion,CWE-119,0.0,0.0,1.0,0.0
LineVul-local,bigvul-91f2fa59e8ed80dfbf400add0164ee0e508e412a-1900,brace_line_shift,CWE-119,0.0,0.0,1.0,0.0
LineVul-local,bigvul-91f2fa59e8ed80dfbf400add0164ee0e508e412a-1900,code_normalization_abstraction,CWE-119,0.0,0.0,1.0,0.0
LineVul-local,bigvul-91f2fa59e8ed80dfbf400add0164ee0e508e412a-1900,comment_banner,CWE-119,0.0,0.0,1.0,0.0
LineVul-local,bigvul-91f2fa59e8ed80dfbf400add0164ee0e508e412a-1900,control_flow_rewrite,CWE-119,0.0,0.0,1.0,0.0
LineVul-local,bigvul-91f2fa59e8ed80dfbf400add0164ee0e508e412a-1900,dead_branch_after_opening_brace,CWE-119,0.0,0.0,1.0,0.0
LineVul-local,bigvul-91f2fa59e8ed80dfbf400add0164ee0e508e412a-1900,identifier_renaming,CWE-119,0.0,0.0,1.0,0.0
LineVul-local,bigvul-91f2fa59e8ed80dfbf400add0164ee0e508e412a-1900,original,CWE-119,0.0,0.0,1.0,0.0
LineVul-local,bigvul-91f2fa59e8ed80dfbf400add0164ee0e508e412a-1900,safe_dead_code_carrier,CWE-119,0.0,0.0,1.0,0.0
LineVul-local,bigvul-94e01571507835ff59dd8ce2a0b56a4b566965a4-660,blank_line_expansion,CWE-119,0.0,0.0,1.0,0.0
LineVul-local,bigvul-94e01571507835ff59dd8ce2a0b56a4b566965a4-660,brace_line_shift,CWE-119,0.0,0.0,1.0,0.0
LineVul-local,bigvul-94e01571507835ff59dd8ce2a0b56a4b566965a4-660,code_normalization_abstraction,CWE-119,0.0,0.0,1.0,0.0
LineVul-local,bigvul-94e01571507835ff59dd8ce2a0b56a4b566965a4-660,comment_banner,CWE-119,0.0,0.0,1.0,0.0
LineVul-local,bigvul-94e01571507835ff59dd8ce2a0b56a4b566965a4-660,control_flow_rewrite,CWE-119,0.0,0.0,1.0,0.0
LineVul-local,bigvul-94e01571507835ff59dd8ce2a0b56a4b566965a4-660,dead_branch_after_opening_brace,CWE-119,0.0,0.0,1.0,0.0
LineVul-local,bigvul-94e01571507835ff59dd8ce2a0b56a4b566965a4-660,identifier_renaming,CWE-119,0.0,0.0,1.0,0.0
LineVul-local,bigvul-94e01571507835ff59dd8ce2a0b56a4b566965a4-660,original,CWE-119,0.0,0.0,1.0,0.0
LineVul-local,bigvul-94e01571507835ff59dd8ce2a0b56a4b566965a4-660,safe_dead_code_carrier,CWE-119,0.0,0.0,1.0,0.0
LineVul-local,bigvul-9f64916da20eea67121d544698676295bbb105a7-509,blank_line_expansion,CWE-125,0.0,0.0,1.0,0.0
LineVul-local,bigvul-9f64916da20eea67121d544698676295bbb105a7-509,brace_line_shift,CWE-125,0.0,0.0,1.0,0.0
LineVul-local,bigvul-9f64916da20eea67121d544698676295bbb105a7-509,code_normalization_abstraction,CWE-125,0.0,0.0,1.0,0.0
LineVul-local,bigvul-9f64916da20eea67121d544698676295bbb105a7-509,comment_banner,CWE-125,0.0,0.0,1.0,0.0
LineVul-local,bigvul-9f64916da20eea67121d544698676295bbb105a7-509,control_flow_rewrite,CWE-125,0.0,0.0,1.0,0.0
LineVul-local,bigvul-9f64916da20eea67121d544698676295bbb105a7-509,dead_branch_after_opening_brace,CWE-125,0.0,0.0,1.0,0.0
LineVul-local,bigvul-9f64916da20eea67121d544698676295bbb105a7-509,identifier_renaming,CWE-125,0.0,0.0,1.0,0.0
LineVul-local,bigvul-9f64916da20eea67121d544698676295bbb105a7-509,original,CWE-125,0.0,0.0,1.0,0.0
LineVul-local,bigvul-9f64916da20eea67121d544698676295bbb105a7-509,safe_dead_code_carrier,CWE-125,0.0,0.0,1.0,0.0
LineVul-local,bigvul-a1098f81c252b317ad34ea978aea2bc47760b215-1178,blank_line_expansion,CWE-119,0.0,0.0,1.0,0.0
LineVul-local,bigvul-a1098f81c252b317ad34ea978aea2bc47760b215-1178,brace_line_shift,CWE-119,0.0,0.0,1.0,0.0
LineVul-local,bigvul-a1098f81c252b317ad34ea978aea2bc47760b215-1178,code_normalization_abstraction,CWE-119,0.0,0.0,1.0,0.0
LineVul-local,bigvul-a1098f81c252b317ad34ea978aea2bc47760b215-1178,comment_banner,CWE-119,0.0,0.0,1.0,0.0
LineVul-local,bigvul-a1098f81c252b317ad34ea978aea2bc47760b215-1178,control_flow_rewrite,CWE-119,0.0,0.0,1.0,0.0
LineVul-local,bigvul-a1098f81c252b317ad34ea978aea2bc47760b215-1178,dead_branch_after_opening_brace,CWE-119,0.0,0.0,1.0,0.0
LineVul-local,bigvul-a1098f81c252b317ad34ea978aea2bc47760b215-1178,identifier_renaming,CWE-119,0.0,0.0,1.0,0.0
LineVul-local,bigvul-a1098f81c252b317ad34ea978aea2bc47760b215-1178,original,CWE-119,0.0,0.0,1.0,0.0
LineVul-local,bigvul-a1098f81c252b317ad34ea978aea2bc47760b215-1178,safe_dead_code_carrier,CWE-119,0.0,0.0,1.0,0.0
LineVul-local,bigvul-a151041807a7e3c702c5f935a742368333aa69d4-1931,blank_line_expansion,unknown,0.0,0.0,1.0,0.0
LineVul-local,bigvul-a151041807a7e3c702c5f935a742368333aa69d4-1931,brace_line_shift,unknown,0.0,0.0,1.0,0.0
LineVul-local,bigvul-a151041807a7e3c702c5f935a742368333aa69d4-1931,code_normalization_abstraction,unknown,0.0,0.0,1.0,0.0
LineVul-local,bigvul-a151041807a7e3c702c5f935a742368333aa69d4-1931,comment_banner,unknown,0.0,0.0,1.0,0.0
LineVul-local,bigvul-a151041807a7e3c702c5f935a742368333aa69d4-1931,control_flow_rewrite,unknown,0.0,0.0,1.0,0.0
LineVul-local,bigvul-a151041807a7e3c702c5f935a742368333aa69d4-1931,dead_branch_after_opening_brace,unknown,0.0,0.0,1.0,0.0
LineVul-local,bigvul-a151041807a7e3c702c5f935a742368333aa69d4-1931,identifier_renaming,unknown,0.0,0.0,1.0,0.0
LineVul-local,bigvul-a151041807a7e3c702c5f935a742368333aa69d4-1931,original,unknown,0.0,0.0,1.0,0.0
LineVul-local,bigvul-a151041807a7e3c702c5f935a742368333aa69d4-1931,safe_dead_code_carrier,unknown,0.0,0.0,1.0,0.0
LineVul-local,bigvul-a30f64b4ae13255535a4947616fce484c54207df-815,blank_line_expansion,CWE-20,0.0,0.0,1.0,0.0
LineVul-local,bigvul-a30f64b4ae13255535a4947616fce484c54207df-815,brace_line_shift,CWE-20,0.0,0.0,1.0,0.0
LineVul-local,bigvul-a30f64b4ae13255535a4947616fce484c54207df-815,code_normalization_abstraction,CWE-20,0.0,0.0,1.0,0.0
LineVul-local,bigvul-a30f64b4ae13255535a4947616fce484c54207df-815,comment_banner,CWE-20,0.0,0.0,1.0,0.0
LineVul-local,bigvul-a30f64b4ae13255535a4947616fce484c54207df-815,control_flow_rewrite,CWE-20,0.0,0.0,1.0,0.0
LineVul-local,bigvul-a30f64b4ae13255535a4947616fce484c54207df-815,dead_branch_after_opening_brace,CWE-20,0.0,0.0,1.0,0.0
LineVul-local,bigvul-a30f64b4ae13255535a4947616fce484c54207df-815,identifier_renaming,CWE-20,0.0,0.0,1.0,0.0
LineVul-local,bigvul-a30f64b4ae13255535a4947616fce484c54207df-815,original,CWE-20,0.0,0.0,1.0,0.0
LineVul-local,bigvul-a30f64b4ae13255535a4947616fce484c54207df-815,safe_dead_code_carrier,CWE-20,0.0,0.0,1.0,0.0
LineVul-local,bigvul-a8b0ca17b80e92faab46ee7179ba9e99ccb61233-525,blank_line_expansion,CWE-399,0.0,0.0,1.0,0.0
LineVul-local,bigvul-a8b0ca17b80e92faab46ee7179ba9e99ccb61233-525,brace_line_shift,CWE-399,0.0,0.0,1.0,0.0
LineVul-local,bigvul-a8b0ca17b80e92faab46ee7179ba9e99ccb61233-525,code_normalization_abstraction,CWE-399,0.0,0.0,1.0,0.0
LineVul-local,bigvul-a8b0ca17b80e92faab46ee7179ba9e99ccb61233-525,comment_banner,CWE-399,0.0,0.0,1.0,0.0
LineVul-local,bigvul-a8b0ca17b80e92faab46ee7179ba9e99ccb61233-525,control_flow_rewrite,CWE-399,0.0,0.0,1.0,0.0
LineVul-local,bigvul-a8b0ca17b80e92faab46ee7179ba9e99ccb61233-525,dead_branch_after_opening_brace,CWE-399,0.0,0.0,1.0,0.0
LineVul-local,bigvul-a8b0ca17b80e92faab46ee7179ba9e99ccb61233-525,identifier_renaming,CWE-399,0.0,0.0,1.0,0.0
LineVul-local,bigvul-a8b0ca17b80e92faab46ee7179ba9e99ccb61233-525,original,CWE-399,0.0,0.0,1.0,0.0
LineVul-local,bigvul-a8b0ca17b80e92faab46ee7179ba9e99ccb61233-525,safe_dead_code_carrier,CWE-399,0.0,0.0,1.0,0.0
LineVul-local,bigvul-ab906da53ff2a68c6fd6d1fa73f2b7c7bf0bc636-1442,blank_line_expansion,CWE-125,0.0,0.0,1.0,0.0
LineVul-local,bigvul-ab906da53ff2a68c6fd6d1fa73f2b7c7bf0bc636-1442,brace_line_shift,CWE-125,0.0,0.0,1.0,0.0
LineVul-local,bigvul-ab906da53ff2a68c6fd6d1fa73f2b7c7bf0bc636-1442,code_normalization_abstraction,CWE-125,0.0,0.0,1.0,0.0
LineVul-local,bigvul-ab906da53ff2a68c6fd6d1fa73f2b7c7bf0bc636-1442,comment_banner,CWE-125,0.0,0.0,1.0,0.0
LineVul-local,bigvul-ab906da53ff2a68c6fd6d1fa73f2b7c7bf0bc636-1442,control_flow_rewrite,CWE-125,0.0,0.0,1.0,0.0
LineVul-local,bigvul-ab906da53ff2a68c6fd6d1fa73f2b7c7bf0bc636-1442,dead_branch_after_opening_brace,CWE-125,0.0,0.0,1.0,0.0
LineVul-local,bigvul-ab906da53ff2a68c6fd6d1fa73f2b7c7bf0bc636-1442,identifier_renaming,CWE-125,0.0,0.0,1.0,0.0
LineVul-local,bigvul-ab906da53ff2a68c6fd6d1fa73f2b7c7bf0bc636-1442,original,CWE-125,0.0,0.0,1.0,0.0
LineVul-local,bigvul-ab906da53ff2a68c6fd6d1fa73f2b7c7bf0bc636-1442,safe_dead_code_carrier,CWE-125,0.0,0.0,1.0,0.0
LineVul-local,bigvul-ac23b02ecb741e5de60f5235ea443790c88a0b80-1713,blank_line_expansion,CWE-20,0.0,0.0,1.0,0.0
LineVul-local,bigvul-ac23b02ecb741e5de60f5235ea443790c88a0b80-1713,brace_line_shift,CWE-20,0.0,0.0,1.0,0.0
LineVul-local,bigvul-ac23b02ecb741e5de60f5235ea443790c88a0b80-1713,code_normalization_abstraction,CWE-20,0.0,0.0,1.0,0.0
LineVul-local,bigvul-ac23b02ecb741e5de60f5235ea443790c88a0b80-1713,comment_banner,CWE-20,0.0,0.0,1.0,0.0
LineVul-local,bigvul-ac23b02ecb741e5de60f5235ea443790c88a0b80-1713,control_flow_rewrite,CWE-20,0.0,0.0,1.0,0.0
LineVul-local,bigvul-ac23b02ecb741e5de60f5235ea443790c88a0b80-1713,dead_branch_after_opening_brace,CWE-20,0.0,0.0,1.0,0.0
LineVul-local,bigvul-ac23b02ecb741e5de60f5235ea443790c88a0b80-1713,identifier_renaming,CWE-20,0.0,0.0,1.0,0.0
LineVul-local,bigvul-ac23b02ecb741e5de60f5235ea443790c88a0b80-1713,original,CWE-20,0.0,0.0,1.0,0.0
LineVul-local,bigvul-ac23b02ecb741e5de60f5235ea443790c88a0b80-1713,safe_dead_code_carrier,CWE-20,0.0,0.0,1.0,0.0
LineVul-local,bigvul-ac8bd041b81e46e4e4fcd5021aaa5499703952e6-2748,blank_line_expansion,CWE-287,0.0,0.0,1.0,0.0
LineVul-local,bigvul-ac8bd041b81e46e4e4fcd5021aaa5499703952e6-2748,brace_line_shift,CWE-287,0.0,0.0,1.0,0.0
LineVul-local,bigvul-ac8bd041b81e46e4e4fcd5021aaa5499703952e6-2748,code_normalization_abstraction,CWE-287,0.0,0.0,1.0,0.0
LineVul-local,bigvul-ac8bd041b81e46e4e4fcd5021aaa5499703952e6-2748,comment_banner,CWE-287,0.0,0.0,1.0,0.0
LineVul-local,bigvul-ac8bd041b81e46e4e4fcd5021aaa5499703952e6-2748,control_flow_rewrite,CWE-287,0.0,0.0,1.0,0.0
LineVul-local,bigvul-ac8bd041b81e46e4e4fcd5021aaa5499703952e6-2748,dead_branch_after_opening_brace,CWE-287,0.0,0.0,1.0,0.0
LineVul-local,bigvul-ac8bd041b81e46e4e4fcd5021aaa5499703952e6-2748,identifier_renaming,CWE-287,0.0,0.0,1.0,0.0
LineVul-local,bigvul-ac8bd041b81e46e4e4fcd5021aaa5499703952e6-2748,original,CWE-287,0.0,0.0,1.0,0.0
LineVul-local,bigvul-ac8bd041b81e46e4e4fcd5021aaa5499703952e6-2748,safe_dead_code_carrier,CWE-287,0.0,0.0,1.0,0.0
LineVul-local,bigvul-adca986a53b31b6da4cb22f8e755f6856daea89a-2137,blank_line_expansion,CWE-20,0.08598680792297841,1.0,0.0,0.0
LineVul-local,bigvul-adca986a53b31b6da4cb22f8e755f6856daea89a-2137,brace_line_shift,CWE-20,0.08598680792297841,1.0,0.0,0.0
LineVul-local,bigvul-adca986a53b31b6da4cb22f8e755f6856daea89a-2137,code_normalization_abstraction,CWE-20,0.08598680792297841,1.0,0.0,0.0
LineVul-local,bigvul-adca986a53b31b6da4cb22f8e755f6856daea89a-2137,comment_banner,CWE-20,0.08598680792297841,1.0,0.0,0.0
LineVul-local,bigvul-adca986a53b31b6da4cb22f8e755f6856daea89a-2137,control_flow_rewrite,CWE-20,0.08598680792297841,1.0,0.0,0.0
LineVul-local,bigvul-adca986a53b31b6da4cb22f8e755f6856daea89a-2137,dead_branch_after_opening_brace,CWE-20,0.08598680792297841,1.0,0.0,0.0
LineVul-local,bigvul-adca986a53b31b6da4cb22f8e755f6856daea89a-2137,identifier_renaming,CWE-20,0.08598680792297841,1.0,0.0,0.0
LineVul-local,bigvul-adca986a53b31b6da4cb22f8e755f6856daea89a-2137,original,CWE-20,0.08598680792297841,1.0,0.0,0.0
LineVul-local,bigvul-adca986a53b31b6da4cb22f8e755f6856daea89a-2137,safe_dead_code_carrier,CWE-20,0.08598680792297841,1.0,0.0,0.0
LineVul-local,bigvul-b4c01141e5367f247b84dcaf6aefbb4e741842b8-483,blank_line_expansion,CWE-399,0.0,0.0,1.0,0.0
LineVul-local,bigvul-b4c01141e5367f247b84dcaf6aefbb4e741842b8-483,brace_line_shift,CWE-399,0.0,0.0,1.0,0.0
LineVul-local,bigvul-b4c01141e5367f247b84dcaf6aefbb4e741842b8-483,code_normalization_abstraction,CWE-399,0.0,0.0,1.0,0.0
LineVul-local,bigvul-b4c01141e5367f247b84dcaf6aefbb4e741842b8-483,comment_banner,CWE-399,0.0,0.0,1.0,0.0
LineVul-local,bigvul-b4c01141e5367f247b84dcaf6aefbb4e741842b8-483,control_flow_rewrite,CWE-399,0.0,0.0,1.0,0.0
LineVul-local,bigvul-b4c01141e5367f247b84dcaf6aefbb4e741842b8-483,dead_branch_after_opening_brace,CWE-399,0.0,0.0,1.0,0.0
LineVul-local,bigvul-b4c01141e5367f247b84dcaf6aefbb4e741842b8-483,identifier_renaming,CWE-399,0.0,0.0,1.0,0.0
LineVul-local,bigvul-b4c01141e5367f247b84dcaf6aefbb4e741842b8-483,original,CWE-399,0.0,0.0,1.0,0.0
LineVul-local,bigvul-b4c01141e5367f247b84dcaf6aefbb4e741842b8-483,safe_dead_code_carrier,CWE-399,0.0,0.0,1.0,0.0
LineVul-local,bigvul-b589096f907052b3a4da2b9ccc9b0e2e888dfc18-5,blank_line_expansion,CWE-119,0.0,0.0,1.0,0.0
LineVul-local,bigvul-b589096f907052b3a4da2b9ccc9b0e2e888dfc18-5,brace_line_shift,CWE-119,0.0,0.0,1.0,0.0
LineVul-local,bigvul-b589096f907052b3a4da2b9ccc9b0e2e888dfc18-5,code_normalization_abstraction,CWE-119,0.0,0.0,1.0,0.0
LineVul-local,bigvul-b589096f907052b3a4da2b9ccc9b0e2e888dfc18-5,comment_banner,CWE-119,0.0,0.0,1.0,0.0
LineVul-local,bigvul-b589096f907052b3a4da2b9ccc9b0e2e888dfc18-5,control_flow_rewrite,CWE-119,0.0,0.0,1.0,0.0
LineVul-local,bigvul-b589096f907052b3a4da2b9ccc9b0e2e888dfc18-5,dead_branch_after_opening_brace,CWE-119,0.0,0.0,1.0,0.0
LineVul-local,bigvul-b589096f907052b3a4da2b9ccc9b0e2e888dfc18-5,identifier_renaming,CWE-119,0.0,0.0,1.0,0.0
LineVul-local,bigvul-b589096f907052b3a4da2b9ccc9b0e2e888dfc18-5,original,CWE-119,0.0,0.0,1.0,0.0
LineVul-local,bigvul-b589096f907052b3a4da2b9ccc9b0e2e888dfc18-5,safe_dead_code_carrier,CWE-119,0.0,0.0,1.0,0.0
LineVul-local,bigvul-b61d35eaccc0a7ddeff8a1c3abfcd0a43ccf210b-775,blank_line_expansion,CWE-476,0.0,0.0,1.0,0.0
LineVul-local,bigvul-b61d35eaccc0a7ddeff8a1c3abfcd0a43ccf210b-775,brace_line_shift,CWE-476,0.0,0.0,1.0,0.0
LineVul-local,bigvul-b61d35eaccc0a7ddeff8a1c3abfcd0a43ccf210b-775,code_normalization_abstraction,CWE-476,0.0,0.0,1.0,0.0
LineVul-local,bigvul-b61d35eaccc0a7ddeff8a1c3abfcd0a43ccf210b-775,comment_banner,CWE-476,0.0,0.0,1.0,0.0
LineVul-local,bigvul-b61d35eaccc0a7ddeff8a1c3abfcd0a43ccf210b-775,control_flow_rewrite,CWE-476,0.0,0.0,1.0,0.0
LineVul-local,bigvul-b61d35eaccc0a7ddeff8a1c3abfcd0a43ccf210b-775,dead_branch_after_opening_brace,CWE-476,0.0,0.0,1.0,0.0
LineVul-local,bigvul-b61d35eaccc0a7ddeff8a1c3abfcd0a43ccf210b-775,identifier_renaming,CWE-476,0.0,0.0,1.0,0.0
LineVul-local,bigvul-b61d35eaccc0a7ddeff8a1c3abfcd0a43ccf210b-775,original,CWE-476,0.0,0.0,1.0,0.0
LineVul-local,bigvul-b61d35eaccc0a7ddeff8a1c3abfcd0a43ccf210b-775,safe_dead_code_carrier,CWE-476,0.0,0.0,1.0,0.0
LineVul-local,bigvul-b944f670bb7a8a919daac497a4ea0536c954c201-2892,blank_line_expansion,CWE-20,0.0,0.0,1.0,0.0
LineVul-local,bigvul-b944f670bb7a8a919daac497a4ea0536c954c201-2892,brace_line_shift,CWE-20,0.0,0.0,1.0,0.0
LineVul-local,bigvul-b944f670bb7a8a919daac497a4ea0536c954c201-2892,code_normalization_abstraction,CWE-20,0.0,0.0,1.0,0.0
LineVul-local,bigvul-b944f670bb7a8a919daac497a4ea0536c954c201-2892,comment_banner,CWE-20,0.0,0.0,1.0,0.0
LineVul-local,bigvul-b944f670bb7a8a919daac497a4ea0536c954c201-2892,control_flow_rewrite,CWE-20,0.0,0.0,1.0,0.0
LineVul-local,bigvul-b944f670bb7a8a919daac497a4ea0536c954c201-2892,dead_branch_after_opening_brace,CWE-20,0.0,0.0,1.0,0.0
LineVul-local,bigvul-b944f670bb7a8a919daac497a4ea0536c954c201-2892,identifier_renaming,CWE-20,0.0,0.0,1.0,0.0
LineVul-local,bigvul-b944f670bb7a8a919daac497a4ea0536c954c201-2892,original,CWE-20,0.0,0.0,1.0,0.0
LineVul-local,bigvul-b944f670bb7a8a919daac497a4ea0536c954c201-2892,safe_dead_code_carrier,CWE-20,0.0,0.0,1.0,0.0
LineVul-local,bigvul-ba3021b2c79b2fa9114f92790a99deb27a65b728-2670,blank_line_expansion,CWE-200,0.0,0.0,1.0,0.0
LineVul-local,bigvul-ba3021b2c79b2fa9114f92790a99deb27a65b728-2670,brace_line_shift,CWE-200,0.0,0.0,1.0,0.0
LineVul-local,bigvul-ba3021b2c79b2fa9114f92790a99deb27a65b728-2670,code_normalization_abstraction,CWE-200,0.0,0.0,1.0,0.0
LineVul-local,bigvul-ba3021b2c79b2fa9114f92790a99deb27a65b728-2670,comment_banner,CWE-200,0.0,0.0,1.0,0.0
LineVul-local,bigvul-ba3021b2c79b2fa9114f92790a99deb27a65b728-2670,control_flow_rewrite,CWE-200,0.0,0.0,1.0,0.0
LineVul-local,bigvul-ba3021b2c79b2fa9114f92790a99deb27a65b728-2670,dead_branch_after_opening_brace,CWE-200,0.0,0.0,1.0,0.0
LineVul-local,bigvul-ba3021b2c79b2fa9114f92790a99deb27a65b728-2670,identifier_renaming,CWE-200,0.0,0.0,1.0,0.0
LineVul-local,bigvul-ba3021b2c79b2fa9114f92790a99deb27a65b728-2670,original,CWE-200,0.0,0.0,1.0,0.0
LineVul-local,bigvul-ba3021b2c79b2fa9114f92790a99deb27a65b728-2670,safe_dead_code_carrier,CWE-200,0.0,0.0,1.0,0.0
LineVul-local,bigvul-bb4a21e98656fe2c7d98ba2163e6defe9a630e2b-2788,blank_line_expansion,CWE-264,0.0,0.0,1.0,0.0
LineVul-local,bigvul-bb4a21e98656fe2c7d98ba2163e6defe9a630e2b-2788,brace_line_shift,CWE-264,0.0,0.0,1.0,0.0
LineVul-local,bigvul-bb4a21e98656fe2c7d98ba2163e6defe9a630e2b-2788,code_normalization_abstraction,CWE-264,0.0,0.0,1.0,0.0
LineVul-local,bigvul-bb4a21e98656fe2c7d98ba2163e6defe9a630e2b-2788,comment_banner,CWE-264,0.0,0.0,1.0,0.0
LineVul-local,bigvul-bb4a21e98656fe2c7d98ba2163e6defe9a630e2b-2788,control_flow_rewrite,CWE-264,0.0,0.0,1.0,0.0
LineVul-local,bigvul-bb4a21e98656fe2c7d98ba2163e6defe9a630e2b-2788,dead_branch_after_opening_brace,CWE-264,0.0,0.0,1.0,0.0
LineVul-local,bigvul-bb4a21e98656fe2c7d98ba2163e6defe9a630e2b-2788,identifier_renaming,CWE-264,0.0,0.0,1.0,0.0
LineVul-local,bigvul-bb4a21e98656fe2c7d98ba2163e6defe9a630e2b-2788,original,CWE-264,0.0,0.0,1.0,0.0
LineVul-local,bigvul-bb4a21e98656fe2c7d98ba2163e6defe9a630e2b-2788,safe_dead_code_carrier,CWE-264,0.0,0.0,1.0,0.0
LineVul-local,bigvul-bceb03fd2be95097a7b409ea59914f332fb6bc86-655,blank_line_expansion,CWE-125,0.0,0.0,1.0,0.0
LineVul-local,bigvul-bceb03fd2be95097a7b409ea59914f332fb6bc86-655,brace_line_shift,CWE-125,0.0,0.0,1.0,0.0
LineVul-local,bigvul-bceb03fd2be95097a7b409ea59914f332fb6bc86-655,code_normalization_abstraction,CWE-125,0.0,0.0,1.0,0.0
LineVul-local,bigvul-bceb03fd2be95097a7b409ea59914f332fb6bc86-655,comment_banner,CWE-125,0.0,0.0,1.0,0.0
LineVul-local,bigvul-bceb03fd2be95097a7b409ea59914f332fb6bc86-655,control_flow_rewrite,CWE-125,0.0,0.0,1.0,0.0
LineVul-local,bigvul-bceb03fd2be95097a7b409ea59914f332fb6bc86-655,dead_branch_after_opening_brace,CWE-125,0.0,0.0,1.0,0.0
LineVul-local,bigvul-bceb03fd2be95097a7b409ea59914f332fb6bc86-655,identifier_renaming,CWE-125,0.0,0.0,1.0,0.0
LineVul-local,bigvul-bceb03fd2be95097a7b409ea59914f332fb6bc86-655,original,CWE-125,0.0,0.0,1.0,0.0
LineVul-local,bigvul-bceb03fd2be95097a7b409ea59914f332fb6bc86-655,safe_dead_code_carrier,CWE-125,0.0,0.0,1.0,0.0
LineVul-local,bigvul-bd1bab05083d80464fea854bf4b5c49aaf1b8401-2075,blank_line_expansion,CWE-119,0.0,0.0,1.0,0.0
LineVul-local,bigvul-bd1bab05083d80464fea854bf4b5c49aaf1b8401-2075,brace_line_shift,CWE-119,0.0,0.0,1.0,0.0
LineVul-local,bigvul-bd1bab05083d80464fea854bf4b5c49aaf1b8401-2075,code_normalization_abstraction,CWE-119,0.0,0.0,1.0,0.0
LineVul-local,bigvul-bd1bab05083d80464fea854bf4b5c49aaf1b8401-2075,comment_banner,CWE-119,0.0,0.0,1.0,0.0
LineVul-local,bigvul-bd1bab05083d80464fea854bf4b5c49aaf1b8401-2075,control_flow_rewrite,CWE-119,0.0,0.0,1.0,0.0
LineVul-local,bigvul-bd1bab05083d80464fea854bf4b5c49aaf1b8401-2075,dead_branch_after_opening_brace,CWE-119,0.0,0.0,1.0,0.0
LineVul-local,bigvul-bd1bab05083d80464fea854bf4b5c49aaf1b8401-2075,identifier_renaming,CWE-119,0.0,0.0,1.0,0.0
LineVul-local,bigvul-bd1bab05083d80464fea854bf4b5c49aaf1b8401-2075,original,CWE-119,0.0,0.0,1.0,0.0
LineVul-local,bigvul-bd1bab05083d80464fea854bf4b5c49aaf1b8401-2075,safe_dead_code_carrier,CWE-119,0.0,0.0,1.0,0.0
LineVul-local,bigvul-be0726d33cb8f411945884664924bed3cb8c70ee-2661,blank_line_expansion,CWE-19,0.0,0.0,1.0,0.0
LineVul-local,bigvul-be0726d33cb8f411945884664924bed3cb8c70ee-2661,brace_line_shift,CWE-19,0.0,0.0,1.0,0.0
LineVul-local,bigvul-be0726d33cb8f411945884664924bed3cb8c70ee-2661,code_normalization_abstraction,CWE-19,0.0,0.0,1.0,0.0
LineVul-local,bigvul-be0726d33cb8f411945884664924bed3cb8c70ee-2661,comment_banner,CWE-19,0.0,0.0,1.0,0.0
LineVul-local,bigvul-be0726d33cb8f411945884664924bed3cb8c70ee-2661,control_flow_rewrite,CWE-19,0.0,0.0,1.0,0.0
LineVul-local,bigvul-be0726d33cb8f411945884664924bed3cb8c70ee-2661,dead_branch_after_opening_brace,CWE-19,0.0,0.0,1.0,0.0
LineVul-local,bigvul-be0726d33cb8f411945884664924bed3cb8c70ee-2661,identifier_renaming,CWE-19,0.0,0.0,1.0,0.0
LineVul-local,bigvul-be0726d33cb8f411945884664924bed3cb8c70ee-2661,original,CWE-19,0.0,0.0,1.0,0.0
LineVul-local,bigvul-be0726d33cb8f411945884664924bed3cb8c70ee-2661,safe_dead_code_carrier,CWE-19,0.0,0.0,1.0,0.0
LineVul-local,bigvul-c03aa9f6e1f938618e6db2e23afef0574efeeb65-533,blank_line_expansion,CWE-399,0.0,0.0,1.0,0.0
LineVul-local,bigvul-c03aa9f6e1f938618e6db2e23afef0574efeeb65-533,brace_line_shift,CWE-399,0.0,0.0,1.0,0.0
LineVul-local,bigvul-c03aa9f6e1f938618e6db2e23afef0574efeeb65-533,code_normalization_abstraction,CWE-399,0.0,0.0,1.0,0.0
LineVul-local,bigvul-c03aa9f6e1f938618e6db2e23afef0574efeeb65-533,comment_banner,CWE-399,0.0,0.0,1.0,0.0
LineVul-local,bigvul-c03aa9f6e1f938618e6db2e23afef0574efeeb65-533,control_flow_rewrite,CWE-399,0.0,0.0,1.0,0.0
LineVul-local,bigvul-c03aa9f6e1f938618e6db2e23afef0574efeeb65-533,dead_branch_after_opening_brace,CWE-399,0.0,0.0,1.0,0.0
LineVul-local,bigvul-c03aa9f6e1f938618e6db2e23afef0574efeeb65-533,identifier_renaming,CWE-399,0.0,0.0,1.0,0.0
LineVul-local,bigvul-c03aa9f6e1f938618e6db2e23afef0574efeeb65-533,original,CWE-399,0.0,0.0,1.0,0.0
LineVul-local,bigvul-c03aa9f6e1f938618e6db2e23afef0574efeeb65-533,safe_dead_code_carrier,CWE-399,0.0,0.0,1.0,0.0
LineVul-local,bigvul-c0c8978849ac57e4ecd613ddc8ff7852a2054734-1529,blank_line_expansion,CWE-732,0.0,0.0,1.0,0.0
LineVul-local,bigvul-c0c8978849ac57e4ecd613ddc8ff7852a2054734-1529,brace_line_shift,CWE-732,0.0,0.0,1.0,0.0
LineVul-local,bigvul-c0c8978849ac57e4ecd613ddc8ff7852a2054734-1529,code_normalization_abstraction,CWE-732,0.0,0.0,1.0,0.0
LineVul-local,bigvul-c0c8978849ac57e4ecd613ddc8ff7852a2054734-1529,comment_banner,CWE-732,0.0,0.0,1.0,0.0
LineVul-local,bigvul-c0c8978849ac57e4ecd613ddc8ff7852a2054734-1529,control_flow_rewrite,CWE-732,0.0,0.0,1.0,0.0
LineVul-local,bigvul-c0c8978849ac57e4ecd613ddc8ff7852a2054734-1529,dead_branch_after_opening_brace,CWE-732,0.0,0.0,1.0,0.0
LineVul-local,bigvul-c0c8978849ac57e4ecd613ddc8ff7852a2054734-1529,identifier_renaming,CWE-732,0.0,0.0,1.0,0.0
LineVul-local,bigvul-c0c8978849ac57e4ecd613ddc8ff7852a2054734-1529,original,CWE-732,0.0,0.0,1.0,0.0
LineVul-local,bigvul-c0c8978849ac57e4ecd613ddc8ff7852a2054734-1529,safe_dead_code_carrier,CWE-732,0.0,0.0,1.0,0.0
LineVul-local,bigvul-c0c8978849ac57e4ecd613ddc8ff7852a2054734-2390,blank_line_expansion,CWE-732,0.0,0.0,1.0,0.0
LineVul-local,bigvul-c0c8978849ac57e4ecd613ddc8ff7852a2054734-2390,brace_line_shift,CWE-732,0.0,0.0,1.0,0.0
LineVul-local,bigvul-c0c8978849ac57e4ecd613ddc8ff7852a2054734-2390,code_normalization_abstraction,CWE-732,0.0,0.0,1.0,0.0
LineVul-local,bigvul-c0c8978849ac57e4ecd613ddc8ff7852a2054734-2390,comment_banner,CWE-732,0.0,0.0,1.0,0.0
LineVul-local,bigvul-c0c8978849ac57e4ecd613ddc8ff7852a2054734-2390,control_flow_rewrite,CWE-732,0.0,0.0,1.0,0.0
LineVul-local,bigvul-c0c8978849ac57e4ecd613ddc8ff7852a2054734-2390,dead_branch_after_opening_brace,CWE-732,0.0,0.0,1.0,0.0
LineVul-local,bigvul-c0c8978849ac57e4ecd613ddc8ff7852a2054734-2390,identifier_renaming,CWE-732,0.0,0.0,1.0,0.0
LineVul-local,bigvul-c0c8978849ac57e4ecd613ddc8ff7852a2054734-2390,original,CWE-732,0.0,0.0,1.0,0.0
LineVul-local,bigvul-c0c8978849ac57e4ecd613ddc8ff7852a2054734-2390,safe_dead_code_carrier,CWE-732,0.0,0.0,1.0,0.0
LineVul-local,bigvul-c25b198675380f713a56649c857b4367601d4a3d-2581,blank_line_expansion,CWE-200,0.068198687315291,1.0,0.0,0.0
LineVul-local,bigvul-c25b198675380f713a56649c857b4367601d4a3d-2581,brace_line_shift,CWE-200,0.0,0.0,1.0,0.0
LineVul-local,bigvul-c25b198675380f713a56649c857b4367601d4a3d-2581,code_normalization_abstraction,CWE-200,0.068198687315291,1.0,0.0,0.0
LineVul-local,bigvul-c25b198675380f713a56649c857b4367601d4a3d-2581,comment_banner,CWE-200,0.068198687315291,1.0,0.0,0.0
LineVul-local,bigvul-c25b198675380f713a56649c857b4367601d4a3d-2581,control_flow_rewrite,CWE-200,0.068198687315291,1.0,0.0,0.0
LineVul-local,bigvul-c25b198675380f713a56649c857b4367601d4a3d-2581,dead_branch_after_opening_brace,CWE-200,0.068198687315291,1.0,0.0,0.0
LineVul-local,bigvul-c25b198675380f713a56649c857b4367601d4a3d-2581,identifier_renaming,CWE-200,0.068198687315291,1.0,0.0,0.0
LineVul-local,bigvul-c25b198675380f713a56649c857b4367601d4a3d-2581,original,CWE-200,0.068198687315291,1.0,0.0,0.0
LineVul-local,bigvul-c25b198675380f713a56649c857b4367601d4a3d-2581,safe_dead_code_carrier,CWE-200,0.068198687315291,1.0,0.0,0.0
LineVul-local,bigvul-c55aee1bf0e6b6feec8b2927b43f7a09a6d5f754-1241,blank_line_expansion,unknown,0.0,0.0,1.0,0.0
LineVul-local,bigvul-c55aee1bf0e6b6feec8b2927b43f7a09a6d5f754-1241,brace_line_shift,unknown,0.0,0.0,1.0,0.0
LineVul-local,bigvul-c55aee1bf0e6b6feec8b2927b43f7a09a6d5f754-1241,code_normalization_abstraction,unknown,0.0,0.0,1.0,0.0
LineVul-local,bigvul-c55aee1bf0e6b6feec8b2927b43f7a09a6d5f754-1241,comment_banner,unknown,0.0,0.0,1.0,0.0
LineVul-local,bigvul-c55aee1bf0e6b6feec8b2927b43f7a09a6d5f754-1241,control_flow_rewrite,unknown,0.0,0.0,1.0,0.0
LineVul-local,bigvul-c55aee1bf0e6b6feec8b2927b43f7a09a6d5f754-1241,dead_branch_after_opening_brace,unknown,0.0,0.0,1.0,0.0
LineVul-local,bigvul-c55aee1bf0e6b6feec8b2927b43f7a09a6d5f754-1241,identifier_renaming,unknown,0.0,0.0,1.0,0.0
LineVul-local,bigvul-c55aee1bf0e6b6feec8b2927b43f7a09a6d5f754-1241,original,unknown,0.0,0.0,1.0,0.0
LineVul-local,bigvul-c55aee1bf0e6b6feec8b2927b43f7a09a6d5f754-1241,safe_dead_code_carrier,unknown,0.0,0.0,1.0,0.0
LineVul-local,bigvul-c8f0723d2b4520bdd6b9eb7c3e7976de726d7ff7-1748,blank_line_expansion,CWE-119,0.0,0.0,1.0,0.0
LineVul-local,bigvul-c8f0723d2b4520bdd6b9eb7c3e7976de726d7ff7-1748,brace_line_shift,CWE-119,0.0,0.0,1.0,0.0
LineVul-local,bigvul-c8f0723d2b4520bdd6b9eb7c3e7976de726d7ff7-1748,code_normalization_abstraction,CWE-119,0.0,0.0,1.0,0.0
LineVul-local,bigvul-c8f0723d2b4520bdd6b9eb7c3e7976de726d7ff7-1748,comment_banner,CWE-119,0.0,0.0,1.0,0.0
LineVul-local,bigvul-c8f0723d2b4520bdd6b9eb7c3e7976de726d7ff7-1748,control_flow_rewrite,CWE-119,0.0,0.0,1.0,0.0
LineVul-local,bigvul-c8f0723d2b4520bdd6b9eb7c3e7976de726d7ff7-1748,dead_branch_after_opening_brace,CWE-119,0.0,0.0,1.0,0.0
LineVul-local,bigvul-c8f0723d2b4520bdd6b9eb7c3e7976de726d7ff7-1748,identifier_renaming,CWE-119,0.0,0.0,1.0,0.0
LineVul-local,bigvul-c8f0723d2b4520bdd6b9eb7c3e7976de726d7ff7-1748,original,CWE-119,0.0,0.0,1.0,0.0
LineVul-local,bigvul-c8f0723d2b4520bdd6b9eb7c3e7976de726d7ff7-1748,safe_dead_code_carrier,CWE-119,0.0,0.0,1.0,0.0
LineVul-local,bigvul-c94f9e854228e0ea00e1de8769d8d3f7cab84a55-123,blank_line_expansion,unknown,0.0,0.0,1.0,0.0
LineVul-local,bigvul-c94f9e854228e0ea00e1de8769d8d3f7cab84a55-123,brace_line_shift,unknown,0.0,0.0,1.0,0.0
LineVul-local,bigvul-c94f9e854228e0ea00e1de8769d8d3f7cab84a55-123,code_normalization_abstraction,unknown,0.0,0.0,1.0,0.0
LineVul-local,bigvul-c94f9e854228e0ea00e1de8769d8d3f7cab84a55-123,comment_banner,unknown,0.0,0.0,1.0,0.0
LineVul-local,bigvul-c94f9e854228e0ea00e1de8769d8d3f7cab84a55-123,control_flow_rewrite,unknown,0.0,0.0,1.0,0.0
LineVul-local,bigvul-c94f9e854228e0ea00e1de8769d8d3f7cab84a55-123,dead_branch_after_opening_brace,unknown,0.0,0.0,1.0,0.0
LineVul-local,bigvul-c94f9e854228e0ea00e1de8769d8d3f7cab84a55-123,identifier_renaming,unknown,0.0,0.0,1.0,0.0
LineVul-local,bigvul-c94f9e854228e0ea00e1de8769d8d3f7cab84a55-123,original,unknown,0.0,0.0,1.0,0.0
LineVul-local,bigvul-c94f9e854228e0ea00e1de8769d8d3f7cab84a55-123,safe_dead_code_carrier,unknown,0.0,0.0,1.0,0.0
LineVul-local,bigvul-c995d4fe5e96f4d6d4a88b7867279b08e72d2579-2230,blank_line_expansion,CWE-119,0.0,0.0,1.0,0.0
LineVul-local,bigvul-c995d4fe5e96f4d6d4a88b7867279b08e72d2579-2230,brace_line_shift,CWE-119,0.0,0.0,1.0,0.0
LineVul-local,bigvul-c995d4fe5e96f4d6d4a88b7867279b08e72d2579-2230,code_normalization_abstraction,CWE-119,0.0,0.0,1.0,0.0
LineVul-local,bigvul-c995d4fe5e96f4d6d4a88b7867279b08e72d2579-2230,comment_banner,CWE-119,0.0,0.0,1.0,0.0
LineVul-local,bigvul-c995d4fe5e96f4d6d4a88b7867279b08e72d2579-2230,control_flow_rewrite,CWE-119,0.0,0.0,1.0,0.0
LineVul-local,bigvul-c995d4fe5e96f4d6d4a88b7867279b08e72d2579-2230,dead_branch_after_opening_brace,CWE-119,0.0,0.0,1.0,0.0
LineVul-local,bigvul-c995d4fe5e96f4d6d4a88b7867279b08e72d2579-2230,identifier_renaming,CWE-119,0.0,0.0,1.0,0.0
LineVul-local,bigvul-c995d4fe5e96f4d6d4a88b7867279b08e72d2579-2230,original,CWE-119,0.0,0.0,1.0,0.0
LineVul-local,bigvul-c995d4fe5e96f4d6d4a88b7867279b08e72d2579-2230,safe_dead_code_carrier,CWE-119,0.0,0.0,1.0,0.0
LineVul-local,bigvul-cd0bd79d6ebdb72183e6f0833673464cc10b3600-28,blank_line_expansion,unknown,0.0,0.0,1.0,0.0
LineVul-local,bigvul-cd0bd79d6ebdb72183e6f0833673464cc10b3600-28,brace_line_shift,unknown,0.0,0.0,1.0,0.0
LineVul-local,bigvul-cd0bd79d6ebdb72183e6f0833673464cc10b3600-28,code_normalization_abstraction,unknown,0.0,0.0,1.0,0.0
LineVul-local,bigvul-cd0bd79d6ebdb72183e6f0833673464cc10b3600-28,comment_banner,unknown,0.0,0.0,1.0,0.0
LineVul-local,bigvul-cd0bd79d6ebdb72183e6f0833673464cc10b3600-28,control_flow_rewrite,unknown,0.0,0.0,1.0,0.0
LineVul-local,bigvul-cd0bd79d6ebdb72183e6f0833673464cc10b3600-28,dead_branch_after_opening_brace,unknown,0.0,0.0,1.0,0.0
LineVul-local,bigvul-cd0bd79d6ebdb72183e6f0833673464cc10b3600-28,identifier_renaming,unknown,0.0,0.0,1.0,0.0
LineVul-local,bigvul-cd0bd79d6ebdb72183e6f0833673464cc10b3600-28,original,unknown,0.0,0.0,1.0,0.0
LineVul-local,bigvul-cd0bd79d6ebdb72183e6f0833673464cc10b3600-28,safe_dead_code_carrier,unknown,0.0,0.0,1.0,0.0
LineVul-local,bigvul-d0947db40187f4708c58e64cbd6013faf9eddeed-2221,blank_line_expansion,CWE-119,0.0,0.0,1.0,0.0
LineVul-local,bigvul-d0947db40187f4708c58e64cbd6013faf9eddeed-2221,brace_line_shift,CWE-119,0.0,0.0,1.0,0.0
LineVul-local,bigvul-d0947db40187f4708c58e64cbd6013faf9eddeed-2221,code_normalization_abstraction,CWE-119,0.0,0.0,1.0,0.0
LineVul-local,bigvul-d0947db40187f4708c58e64cbd6013faf9eddeed-2221,comment_banner,CWE-119,0.0,0.0,1.0,0.0
LineVul-local,bigvul-d0947db40187f4708c58e64cbd6013faf9eddeed-2221,control_flow_rewrite,CWE-119,0.0,0.0,1.0,0.0
LineVul-local,bigvul-d0947db40187f4708c58e64cbd6013faf9eddeed-2221,dead_branch_after_opening_brace,CWE-119,0.0,0.0,1.0,0.0
LineVul-local,bigvul-d0947db40187f4708c58e64cbd6013faf9eddeed-2221,identifier_renaming,CWE-119,0.0,0.0,1.0,0.0
LineVul-local,bigvul-d0947db40187f4708c58e64cbd6013faf9eddeed-2221,original,CWE-119,0.0,0.0,1.0,0.0
LineVul-local,bigvul-d0947db40187f4708c58e64cbd6013faf9eddeed-2221,safe_dead_code_carrier,CWE-119,0.0,0.0,1.0,0.0
LineVul-local,bigvul-d27468a832d5316884bd02f459cbf493697fd7e1-992,blank_line_expansion,CWE-254,0.0,0.0,1.0,0.0
LineVul-local,bigvul-d27468a832d5316884bd02f459cbf493697fd7e1-992,brace_line_shift,CWE-254,0.0,0.0,1.0,0.0
LineVul-local,bigvul-d27468a832d5316884bd02f459cbf493697fd7e1-992,code_normalization_abstraction,CWE-254,0.0,0.0,1.0,0.0
LineVul-local,bigvul-d27468a832d5316884bd02f459cbf493697fd7e1-992,comment_banner,CWE-254,0.0,0.0,1.0,0.0
LineVul-local,bigvul-d27468a832d5316884bd02f459cbf493697fd7e1-992,control_flow_rewrite,CWE-254,0.0,0.0,1.0,0.0
LineVul-local,bigvul-d27468a832d5316884bd02f459cbf493697fd7e1-992,dead_branch_after_opening_brace,CWE-254,0.0,0.0,1.0,0.0
LineVul-local,bigvul-d27468a832d5316884bd02f459cbf493697fd7e1-992,identifier_renaming,CWE-254,0.0,0.0,1.0,0.0
LineVul-local,bigvul-d27468a832d5316884bd02f459cbf493697fd7e1-992,original,CWE-254,0.0,0.0,1.0,0.0
LineVul-local,bigvul-d27468a832d5316884bd02f459cbf493697fd7e1-992,safe_dead_code_carrier,CWE-254,0.0,0.0,1.0,0.0
LineVul-local,bigvul-d42b2388f7f8e0332c846675133acea151fc557a-219,blank_line_expansion,CWE-190,0.0,0.0,1.0,0.0
LineVul-local,bigvul-d42b2388f7f8e0332c846675133acea151fc557a-219,brace_line_shift,CWE-190,0.0,0.0,1.0,0.0
LineVul-local,bigvul-d42b2388f7f8e0332c846675133acea151fc557a-219,code_normalization_abstraction,CWE-190,0.0,0.0,1.0,0.0
LineVul-local,bigvul-d42b2388f7f8e0332c846675133acea151fc557a-219,comment_banner,CWE-190,0.0,0.0,1.0,0.0
LineVul-local,bigvul-d42b2388f7f8e0332c846675133acea151fc557a-219,control_flow_rewrite,CWE-190,0.0,0.0,1.0,0.0
LineVul-local,bigvul-d42b2388f7f8e0332c846675133acea151fc557a-219,dead_branch_after_opening_brace,CWE-190,0.0,0.0,1.0,0.0
LineVul-local,bigvul-d42b2388f7f8e0332c846675133acea151fc557a-219,identifier_renaming,CWE-190,0.0,0.0,1.0,0.0
LineVul-local,bigvul-d42b2388f7f8e0332c846675133acea151fc557a-219,original,CWE-190,0.0,0.0,1.0,0.0
LineVul-local,bigvul-d42b2388f7f8e0332c846675133acea151fc557a-219,safe_dead_code_carrier,CWE-190,0.0,0.0,1.0,0.0
LineVul-local,bigvul-d42b2388f7f8e0332c846675133acea151fc557a-839,blank_line_expansion,CWE-190,0.0,0.0,1.0,0.0
LineVul-local,bigvul-d42b2388f7f8e0332c846675133acea151fc557a-839,brace_line_shift,CWE-190,0.0,0.0,1.0,0.0
LineVul-local,bigvul-d42b2388f7f8e0332c846675133acea151fc557a-839,code_normalization_abstraction,CWE-190,0.0,0.0,1.0,0.0
LineVul-local,bigvul-d42b2388f7f8e0332c846675133acea151fc557a-839,comment_banner,CWE-190,0.0,0.0,1.0,0.0
LineVul-local,bigvul-d42b2388f7f8e0332c846675133acea151fc557a-839,control_flow_rewrite,CWE-190,0.0,0.0,1.0,0.0
LineVul-local,bigvul-d42b2388f7f8e0332c846675133acea151fc557a-839,dead_branch_after_opening_brace,CWE-190,0.0,0.0,1.0,0.0
LineVul-local,bigvul-d42b2388f7f8e0332c846675133acea151fc557a-839,identifier_renaming,CWE-190,0.0,0.0,1.0,0.0
LineVul-local,bigvul-d42b2388f7f8e0332c846675133acea151fc557a-839,original,CWE-190,0.0,0.0,1.0,0.0
LineVul-local,bigvul-d42b2388f7f8e0332c846675133acea151fc557a-839,safe_dead_code_carrier,CWE-190,0.0,0.0,1.0,0.0
LineVul-local,bigvul-d63a3c5729df59f183e9e110d5d8385d17caaad0-1769,blank_line_expansion,CWE-416,0.0,0.0,1.0,0.0
LineVul-local,bigvul-d63a3c5729df59f183e9e110d5d8385d17caaad0-1769,brace_line_shift,CWE-416,0.0,0.0,1.0,0.0
LineVul-local,bigvul-d63a3c5729df59f183e9e110d5d8385d17caaad0-1769,code_normalization_abstraction,CWE-416,0.0,0.0,1.0,0.0
LineVul-local,bigvul-d63a3c5729df59f183e9e110d5d8385d17caaad0-1769,comment_banner,CWE-416,0.0,0.0,1.0,0.0
LineVul-local,bigvul-d63a3c5729df59f183e9e110d5d8385d17caaad0-1769,control_flow_rewrite,CWE-416,0.0,0.0,1.0,0.0
LineVul-local,bigvul-d63a3c5729df59f183e9e110d5d8385d17caaad0-1769,dead_branch_after_opening_brace,CWE-416,0.0,0.0,1.0,0.0
LineVul-local,bigvul-d63a3c5729df59f183e9e110d5d8385d17caaad0-1769,identifier_renaming,CWE-416,0.0,0.0,1.0,0.0
LineVul-local,bigvul-d63a3c5729df59f183e9e110d5d8385d17caaad0-1769,original,CWE-416,0.0,0.0,1.0,0.0
LineVul-local,bigvul-d63a3c5729df59f183e9e110d5d8385d17caaad0-1769,safe_dead_code_carrier,CWE-416,0.0,0.0,1.0,0.0
LineVul-local,bigvul-e21bdfb9c758ac411012ad84f83d26d3f7dd69fb-855,blank_line_expansion,CWE-264,0.0,0.0,1.0,0.0
LineVul-local,bigvul-e21bdfb9c758ac411012ad84f83d26d3f7dd69fb-855,brace_line_shift,CWE-264,0.0,0.0,1.0,0.0
LineVul-local,bigvul-e21bdfb9c758ac411012ad84f83d26d3f7dd69fb-855,code_normalization_abstraction,CWE-264,0.0,0.0,1.0,0.0
LineVul-local,bigvul-e21bdfb9c758ac411012ad84f83d26d3f7dd69fb-855,comment_banner,CWE-264,0.0,0.0,1.0,0.0
LineVul-local,bigvul-e21bdfb9c758ac411012ad84f83d26d3f7dd69fb-855,control_flow_rewrite,CWE-264,0.0,0.0,1.0,0.0
LineVul-local,bigvul-e21bdfb9c758ac411012ad84f83d26d3f7dd69fb-855,dead_branch_after_opening_brace,CWE-264,0.0,0.0,1.0,0.0
LineVul-local,bigvul-e21bdfb9c758ac411012ad84f83d26d3f7dd69fb-855,identifier_renaming,CWE-264,0.0,0.0,1.0,0.0
LineVul-local,bigvul-e21bdfb9c758ac411012ad84f83d26d3f7dd69fb-855,original,CWE-264,0.0,0.0,1.0,0.0
LineVul-local,bigvul-e21bdfb9c758ac411012ad84f83d26d3f7dd69fb-855,safe_dead_code_carrier,CWE-264,0.0,0.0,1.0,0.0
LineVul-local,bigvul-e248db02fbab2ee9162940bc19f087fd7d96cb9d-1187,blank_line_expansion,CWE-119,0.0,0.0,1.0,0.0
LineVul-local,bigvul-e248db02fbab2ee9162940bc19f087fd7d96cb9d-1187,brace_line_shift,CWE-119,0.0,0.0,1.0,0.0
LineVul-local,bigvul-e248db02fbab2ee9162940bc19f087fd7d96cb9d-1187,code_normalization_abstraction,CWE-119,0.0,0.0,1.0,0.0
LineVul-local,bigvul-e248db02fbab2ee9162940bc19f087fd7d96cb9d-1187,comment_banner,CWE-119,0.0,0.0,1.0,0.0
LineVul-local,bigvul-e248db02fbab2ee9162940bc19f087fd7d96cb9d-1187,control_flow_rewrite,CWE-119,0.0,0.0,1.0,0.0
LineVul-local,bigvul-e248db02fbab2ee9162940bc19f087fd7d96cb9d-1187,dead_branch_after_opening_brace,CWE-119,0.0,0.0,1.0,0.0
LineVul-local,bigvul-e248db02fbab2ee9162940bc19f087fd7d96cb9d-1187,identifier_renaming,CWE-119,0.0,0.0,1.0,0.0
LineVul-local,bigvul-e248db02fbab2ee9162940bc19f087fd7d96cb9d-1187,original,CWE-119,0.0,0.0,1.0,0.0
LineVul-local,bigvul-e248db02fbab2ee9162940bc19f087fd7d96cb9d-1187,safe_dead_code_carrier,CWE-119,0.0,0.0,1.0,0.0
LineVul-local,bigvul-e89cfcb9090e8c98129ae9160c513f504db74599-1448,blank_line_expansion,CWE-20,0.0,0.0,1.0,0.0
LineVul-local,bigvul-e89cfcb9090e8c98129ae9160c513f504db74599-1448,brace_line_shift,CWE-20,0.0,0.0,1.0,0.0
LineVul-local,bigvul-e89cfcb9090e8c98129ae9160c513f504db74599-1448,code_normalization_abstraction,CWE-20,0.0,0.0,1.0,0.0
LineVul-local,bigvul-e89cfcb9090e8c98129ae9160c513f504db74599-1448,comment_banner,CWE-20,0.0,0.0,1.0,0.0
LineVul-local,bigvul-e89cfcb9090e8c98129ae9160c513f504db74599-1448,control_flow_rewrite,CWE-20,0.0,0.0,1.0,0.0
LineVul-local,bigvul-e89cfcb9090e8c98129ae9160c513f504db74599-1448,dead_branch_after_opening_brace,CWE-20,0.0,0.0,1.0,0.0
LineVul-local,bigvul-e89cfcb9090e8c98129ae9160c513f504db74599-1448,identifier_renaming,CWE-20,0.0,0.0,1.0,0.0
LineVul-local,bigvul-e89cfcb9090e8c98129ae9160c513f504db74599-1448,original,CWE-20,0.0,0.0,1.0,0.0
LineVul-local,bigvul-e89cfcb9090e8c98129ae9160c513f504db74599-1448,safe_dead_code_carrier,CWE-20,0.0,0.0,1.0,0.0
LineVul-local,bigvul-e9372a1bfd3588a80fcf49aa07321f0971dd6091-1128,blank_line_expansion,unknown,0.0,0.0,1.0,0.0
LineVul-local,bigvul-e9372a1bfd3588a80fcf49aa07321f0971dd6091-1128,brace_line_shift,unknown,0.0,0.0,1.0,0.0
LineVul-local,bigvul-e9372a1bfd3588a80fcf49aa07321f0971dd6091-1128,code_normalization_abstraction,unknown,0.0,0.0,1.0,0.0
LineVul-local,bigvul-e9372a1bfd3588a80fcf49aa07321f0971dd6091-1128,comment_banner,unknown,0.0,0.0,1.0,0.0
LineVul-local,bigvul-e9372a1bfd3588a80fcf49aa07321f0971dd6091-1128,control_flow_rewrite,unknown,0.0,0.0,1.0,0.0
LineVul-local,bigvul-e9372a1bfd3588a80fcf49aa07321f0971dd6091-1128,dead_branch_after_opening_brace,unknown,0.0,0.0,1.0,0.0
LineVul-local,bigvul-e9372a1bfd3588a80fcf49aa07321f0971dd6091-1128,identifier_renaming,unknown,0.0,0.0,1.0,0.0
LineVul-local,bigvul-e9372a1bfd3588a80fcf49aa07321f0971dd6091-1128,original,unknown,0.0,0.0,1.0,0.0
LineVul-local,bigvul-e9372a1bfd3588a80fcf49aa07321f0971dd6091-1128,safe_dead_code_carrier,unknown,0.0,0.0,1.0,0.0
LineVul-local,bigvul-e9372a1bfd3588a80fcf49aa07321f0971dd6091-1892,blank_line_expansion,unknown,0.0,0.0,1.0,0.0
LineVul-local,bigvul-e9372a1bfd3588a80fcf49aa07321f0971dd6091-1892,brace_line_shift,unknown,0.0,0.0,1.0,0.0
LineVul-local,bigvul-e9372a1bfd3588a80fcf49aa07321f0971dd6091-1892,code_normalization_abstraction,unknown,0.0,0.0,1.0,0.0
LineVul-local,bigvul-e9372a1bfd3588a80fcf49aa07321f0971dd6091-1892,comment_banner,unknown,0.0,0.0,1.0,0.0
LineVul-local,bigvul-e9372a1bfd3588a80fcf49aa07321f0971dd6091-1892,control_flow_rewrite,unknown,0.0,0.0,1.0,0.0
LineVul-local,bigvul-e9372a1bfd3588a80fcf49aa07321f0971dd6091-1892,dead_branch_after_opening_brace,unknown,0.0,0.0,1.0,0.0
LineVul-local,bigvul-e9372a1bfd3588a80fcf49aa07321f0971dd6091-1892,identifier_renaming,unknown,0.0,0.0,1.0,0.0
LineVul-local,bigvul-e9372a1bfd3588a80fcf49aa07321f0971dd6091-1892,original,unknown,0.0,0.0,1.0,0.0
LineVul-local,bigvul-e9372a1bfd3588a80fcf49aa07321f0971dd6091-1892,safe_dead_code_carrier,unknown,0.0,0.0,1.0,0.0
LineVul-local,bigvul-eaf2e8bce3855d362e53034bd83f0e3aff8714e4-1860,blank_line_expansion,unknown,0.0,0.0,1.0,0.0
LineVul-local,bigvul-eaf2e8bce3855d362e53034bd83f0e3aff8714e4-1860,brace_line_shift,unknown,0.0,0.0,1.0,0.0
LineVul-local,bigvul-eaf2e8bce3855d362e53034bd83f0e3aff8714e4-1860,code_normalization_abstraction,unknown,0.0,0.0,1.0,0.0
LineVul-local,bigvul-eaf2e8bce3855d362e53034bd83f0e3aff8714e4-1860,comment_banner,unknown,0.0,0.0,1.0,0.0
LineVul-local,bigvul-eaf2e8bce3855d362e53034bd83f0e3aff8714e4-1860,control_flow_rewrite,unknown,0.0,0.0,1.0,0.0
LineVul-local,bigvul-eaf2e8bce3855d362e53034bd83f0e3aff8714e4-1860,dead_branch_after_opening_brace,unknown,0.0,0.0,1.0,0.0
LineVul-local,bigvul-eaf2e8bce3855d362e53034bd83f0e3aff8714e4-1860,identifier_renaming,unknown,0.0,0.0,1.0,0.0
LineVul-local,bigvul-eaf2e8bce3855d362e53034bd83f0e3aff8714e4-1860,original,unknown,0.0,0.0,1.0,0.0
LineVul-local,bigvul-eaf2e8bce3855d362e53034bd83f0e3aff8714e4-1860,safe_dead_code_carrier,unknown,0.0,0.0,1.0,0.0
LineVul-local,bigvul-edc7d3035883ddca8413e4fe7689aa2e579ef04a-2146,blank_line_expansion,CWE-125,0.0,0.0,1.0,0.0
LineVul-local,bigvul-edc7d3035883ddca8413e4fe7689aa2e579ef04a-2146,brace_line_shift,CWE-125,0.0,0.0,1.0,0.0
LineVul-local,bigvul-edc7d3035883ddca8413e4fe7689aa2e579ef04a-2146,code_normalization_abstraction,CWE-125,0.0,0.0,1.0,0.0
LineVul-local,bigvul-edc7d3035883ddca8413e4fe7689aa2e579ef04a-2146,comment_banner,CWE-125,0.0,0.0,1.0,0.0
LineVul-local,bigvul-edc7d3035883ddca8413e4fe7689aa2e579ef04a-2146,control_flow_rewrite,CWE-125,0.0,0.0,1.0,0.0
LineVul-local,bigvul-edc7d3035883ddca8413e4fe7689aa2e579ef04a-2146,dead_branch_after_opening_brace,CWE-125,0.0,0.0,1.0,0.0
LineVul-local,bigvul-edc7d3035883ddca8413e4fe7689aa2e579ef04a-2146,identifier_renaming,CWE-125,0.0,0.0,1.0,0.0
LineVul-local,bigvul-edc7d3035883ddca8413e4fe7689aa2e579ef04a-2146,original,CWE-125,0.0,0.0,1.0,0.0
LineVul-local,bigvul-edc7d3035883ddca8413e4fe7689aa2e579ef04a-2146,safe_dead_code_carrier,CWE-125,0.0,0.0,1.0,0.0
LineVul-local,bigvul-edd4a76eb4747bd19ed122df46fa46b452c12a0d-1890,blank_line_expansion,CWE-189,0.0,0.0,1.0,0.0
LineVul-local,bigvul-edd4a76eb4747bd19ed122df46fa46b452c12a0d-1890,brace_line_shift,CWE-189,0.0,0.0,1.0,0.0
LineVul-local,bigvul-edd4a76eb4747bd19ed122df46fa46b452c12a0d-1890,code_normalization_abstraction,CWE-189,0.0,0.0,1.0,0.0
LineVul-local,bigvul-edd4a76eb4747bd19ed122df46fa46b452c12a0d-1890,comment_banner,CWE-189,0.0,0.0,1.0,0.0
LineVul-local,bigvul-edd4a76eb4747bd19ed122df46fa46b452c12a0d-1890,control_flow_rewrite,CWE-189,0.0,0.0,1.0,0.0
LineVul-local,bigvul-edd4a76eb4747bd19ed122df46fa46b452c12a0d-1890,dead_branch_after_opening_brace,CWE-189,0.0,0.0,1.0,0.0
LineVul-local,bigvul-edd4a76eb4747bd19ed122df46fa46b452c12a0d-1890,identifier_renaming,CWE-189,0.0,0.0,1.0,0.0
LineVul-local,bigvul-edd4a76eb4747bd19ed122df46fa46b452c12a0d-1890,original,CWE-189,0.0,0.0,1.0,0.0
LineVul-local,bigvul-edd4a76eb4747bd19ed122df46fa46b452c12a0d-1890,safe_dead_code_carrier,CWE-189,0.0,0.0,1.0,0.0
LineVul-local,bigvul-eea3300239f0b53e172a320eb8de59d0bea65f27-1319,blank_line_expansion,CWE-200,0.2788728002348946,1.0,0.0,0.0
LineVul-local,bigvul-eea3300239f0b53e172a320eb8de59d0bea65f27-1319,brace_line_shift,CWE-200,0.2788728002348946,1.0,0.0,0.0
LineVul-local,bigvul-eea3300239f0b53e172a320eb8de59d0bea65f27-1319,code_normalization_abstraction,CWE-200,0.2788728002348946,1.0,0.0,0.0
LineVul-local,bigvul-eea3300239f0b53e172a320eb8de59d0bea65f27-1319,comment_banner,CWE-200,0.2788728002348946,1.0,0.0,0.0
LineVul-local,bigvul-eea3300239f0b53e172a320eb8de59d0bea65f27-1319,control_flow_rewrite,CWE-200,0.2788728002348946,1.0,0.0,0.0
LineVul-local,bigvul-eea3300239f0b53e172a320eb8de59d0bea65f27-1319,dead_branch_after_opening_brace,CWE-200,0.2788728002348946,1.0,0.0,0.0
LineVul-local,bigvul-eea3300239f0b53e172a320eb8de59d0bea65f27-1319,identifier_renaming,CWE-200,0.2788728002348946,1.0,0.0,0.0
LineVul-local,bigvul-eea3300239f0b53e172a320eb8de59d0bea65f27-1319,original,CWE-200,0.2788728002348946,1.0,0.0,0.0
LineVul-local,bigvul-eea3300239f0b53e172a320eb8de59d0bea65f27-1319,safe_dead_code_carrier,CWE-200,0.2788728002348946,1.0,0.0,0.0
LineVul-local,bigvul-ef85b67385436ddc1998f45f1d6a210f935b3388-2254,blank_line_expansion,CWE-388,-0.0052273221552887605,0.0,0.0,0.0
LineVul-local,bigvul-ef85b67385436ddc1998f45f1d6a210f935b3388-2254,brace_line_shift,CWE-388,-0.0052273221552887605,0.0,0.0,0.0
LineVul-local,bigvul-ef85b67385436ddc1998f45f1d6a210f935b3388-2254,code_normalization_abstraction,CWE-388,-0.0052273221552887605,0.0,0.0,0.0
LineVul-local,bigvul-ef85b67385436ddc1998f45f1d6a210f935b3388-2254,comment_banner,CWE-388,-0.0052273221552887605,0.0,0.0,0.0
LineVul-local,bigvul-ef85b67385436ddc1998f45f1d6a210f935b3388-2254,control_flow_rewrite,CWE-388,-0.0052273221552887605,0.0,0.0,0.0
LineVul-local,bigvul-ef85b67385436ddc1998f45f1d6a210f935b3388-2254,dead_branch_after_opening_brace,CWE-388,-0.0052273221552887605,0.0,0.0,0.0
LineVul-local,bigvul-ef85b67385436ddc1998f45f1d6a210f935b3388-2254,identifier_renaming,CWE-388,-0.0052273221552887605,0.0,0.0,0.0
LineVul-local,bigvul-ef85b67385436ddc1998f45f1d6a210f935b3388-2254,original,CWE-388,-0.0052273221552887605,0.0,0.0,0.0
LineVul-local,bigvul-ef85b67385436ddc1998f45f1d6a210f935b3388-2254,safe_dead_code_carrier,CWE-388,-0.0052273221552887605,0.0,0.0,0.0
LineVul-local,bigvul-f597300439e62f5e921f0d7b1e880b5c1a1f1607-1839,blank_line_expansion,CWE-416,0.0,0.0,1.0,0.0
LineVul-local,bigvul-f597300439e62f5e921f0d7b1e880b5c1a1f1607-1839,brace_line_shift,CWE-416,0.0,0.0,1.0,0.0
LineVul-local,bigvul-f597300439e62f5e921f0d7b1e880b5c1a1f1607-1839,code_normalization_abstraction,CWE-416,0.0,0.0,1.0,0.0
LineVul-local,bigvul-f597300439e62f5e921f0d7b1e880b5c1a1f1607-1839,comment_banner,CWE-416,0.0,0.0,1.0,0.0
LineVul-local,bigvul-f597300439e62f5e921f0d7b1e880b5c1a1f1607-1839,control_flow_rewrite,CWE-416,0.0,0.0,1.0,0.0
LineVul-local,bigvul-f597300439e62f5e921f0d7b1e880b5c1a1f1607-1839,dead_branch_after_opening_brace,CWE-416,0.0,0.0,1.0,0.0
LineVul-local,bigvul-f597300439e62f5e921f0d7b1e880b5c1a1f1607-1839,identifier_renaming,CWE-416,0.0,0.0,1.0,0.0
LineVul-local,bigvul-f597300439e62f5e921f0d7b1e880b5c1a1f1607-1839,original,CWE-416,0.0,0.0,1.0,0.0
LineVul-local,bigvul-f597300439e62f5e921f0d7b1e880b5c1a1f1607-1839,safe_dead_code_carrier,CWE-416,0.0,0.0,1.0,0.0
LineVul-local,bigvul-fc80ab45621bd966f70594c0b7393ec005a94007-2360,blank_line_expansion,CWE-772,0.0,0.0,1.0,0.0
LineVul-local,bigvul-fc80ab45621bd966f70594c0b7393ec005a94007-2360,brace_line_shift,CWE-772,0.0,0.0,1.0,0.0
LineVul-local,bigvul-fc80ab45621bd966f70594c0b7393ec005a94007-2360,code_normalization_abstraction,CWE-772,0.0,0.0,1.0,0.0
LineVul-local,bigvul-fc80ab45621bd966f70594c0b7393ec005a94007-2360,comment_banner,CWE-772,0.0,0.0,1.0,0.0
LineVul-local,bigvul-fc80ab45621bd966f70594c0b7393ec005a94007-2360,control_flow_rewrite,CWE-772,0.0,0.0,1.0,0.0
LineVul-local,bigvul-fc80ab45621bd966f70594c0b7393ec005a94007-2360,dead_branch_after_opening_brace,CWE-772,0.0,0.0,1.0,0.0
LineVul-local,bigvul-fc80ab45621bd966f70594c0b7393ec005a94007-2360,identifier_renaming,CWE-772,0.0,0.0,1.0,0.0
LineVul-local,bigvul-fc80ab45621bd966f70594c0b7393ec005a94007-2360,original,CWE-772,0.0,0.0,1.0,0.0
LineVul-local,bigvul-fc80ab45621bd966f70594c0b7393ec005a94007-2360,safe_dead_code_carrier,CWE-772,0.0,0.0,1.0,0.0
ReGVD-structural-local,bigvul-04839626ed859623901ebd3a5fd483982186b59d-100,blank_line_expansion,CWE-119,-0.5011355636739361,0.0,0.0,0.0
ReGVD-structural-local,bigvul-04839626ed859623901ebd3a5fd483982186b59d-100,brace_line_shift,CWE-119,-0.5149952689540878,0.0,0.0,0.0
ReGVD-structural-local,bigvul-04839626ed859623901ebd3a5fd483982186b59d-100,code_normalization_abstraction,CWE-119,-0.4767087442850916,0.0,0.0,0.0
ReGVD-structural-local,bigvul-04839626ed859623901ebd3a5fd483982186b59d-100,comment_banner,CWE-119,-0.3371360657034942,0.0,0.0,0.0
ReGVD-structural-local,bigvul-04839626ed859623901ebd3a5fd483982186b59d-100,control_flow_rewrite,CWE-119,-0.5149952689540878,0.0,0.0,0.0
ReGVD-structural-local,bigvul-04839626ed859623901ebd3a5fd483982186b59d-100,dead_branch_after_opening_brace,CWE-119,-0.21121117163327474,0.0,0.0,0.0
ReGVD-structural-local,bigvul-04839626ed859623901ebd3a5fd483982186b59d-100,identifier_renaming,CWE-119,-0.5149952689540878,0.0,0.0,0.0
ReGVD-structural-local,bigvul-04839626ed859623901ebd3a5fd483982186b59d-100,original,CWE-119,-0.5149952689540878,0.0,0.0,0.0
ReGVD-structural-local,bigvul-04839626ed859623901ebd3a5fd483982186b59d-100,safe_dead_code_carrier,CWE-119,-0.25417420710492467,0.0,0.0,0.0
ReGVD-structural-local,bigvul-04839626ed859623901ebd3a5fd483982186b59d-595,blank_line_expansion,CWE-119,0.04427678976842586,1.0,0.0,0.0
ReGVD-structural-local,bigvul-04839626ed859623901ebd3a5fd483982186b59d-595,brace_line_shift,CWE-119,0.058580398966720626,1.0,0.0,0.0
ReGVD-structural-local,bigvul-04839626ed859623901ebd3a5fd483982186b59d-595,code_normalization_abstraction,CWE-119,0.0664697565586741,1.0,0.0,0.0
ReGVD-structural-local,bigvul-04839626ed859623901ebd3a5fd483982186b59d-595,comment_banner,CWE-119,-0.012709104541984262,0.0,0.0,0.0
ReGVD-structural-local,bigvul-04839626ed859623901ebd3a5fd483982186b59d-595,control_flow_rewrite,CWE-119,0.058580398966720626,1.0,0.0,0.0
ReGVD-structural-local,bigvul-04839626ed859623901ebd3a5fd483982186b59d-595,dead_branch_after_opening_brace,CWE-119,-0.01983826024368074,0.0,0.0,0.0
ReGVD-structural-local,bigvul-04839626ed859623901ebd3a5fd483982186b59d-595,identifier_renaming,CWE-119,0.058580398966720626,1.0,0.0,0.0
ReGVD-structural-local,bigvul-04839626ed859623901ebd3a5fd483982186b59d-595,original,CWE-119,0.058580398966720626,1.0,0.0,0.0
ReGVD-structural-local,bigvul-04839626ed859623901ebd3a5fd483982186b59d-595,safe_dead_code_carrier,CWE-119,-0.04476813942358293,0.0,0.0,0.0
ReGVD-structural-local,bigvul-04aaacb936a08d70862d6d9d7e8354721ae46be8-2882,blank_line_expansion,CWE-200,-0.008289099460017657,0.0,0.0,0.0
ReGVD-structural-local,bigvul-04aaacb936a08d70862d6d9d7e8354721ae46be8-2882,brace_line_shift,CWE-200,0.007867140143086981,1.0,0.0,0.0
ReGVD-structural-local,bigvul-04aaacb936a08d70862d6d9d7e8354721ae46be8-2882,code_normalization_abstraction,CWE-200,-0.008412219647723762,0.0,0.0,0.0
ReGVD-structural-local,bigvul-04aaacb936a08d70862d6d9d7e8354721ae46be8-2882,comment_banner,CWE-200,0.006106877722621196,1.0,0.0,0.0
ReGVD-structural-local,bigvul-04aaacb936a08d70862d6d9d7e8354721ae46be8-2882,control_flow_rewrite,CWE-200,-0.008412219647723762,0.0,0.0,0.0
ReGVD-structural-local,bigvul-04aaacb936a08d70862d6d9d7e8354721ae46be8-2882,dead_branch_after_opening_brace,CWE-200,0.005831783126875378,1.0,0.0,0.0
ReGVD-structural-local,bigvul-04aaacb936a08d70862d6d9d7e8354721ae46be8-2882,identifier_renaming,CWE-200,-0.008412219647723762,0.0,0.0,0.0
ReGVD-structural-local,bigvul-04aaacb936a08d70862d6d9d7e8354721ae46be8-2882,original,CWE-200,-0.008412219647723762,0.0,0.0,0.0
ReGVD-structural-local,bigvul-04aaacb936a08d70862d6d9d7e8354721ae46be8-2882,safe_dead_code_carrier,CWE-200,0.04623408813829649,1.0,0.0,0.0
ReGVD-structural-local,bigvul-0558f33c06bb910e2879e355192227a8e8f0219d-1421,blank_line_expansion,unknown,-0.061018336136952234,0.0,0.0,0.0
ReGVD-structural-local,bigvul-0558f33c06bb910e2879e355192227a8e8f0219d-1421,brace_line_shift,unknown,-0.06442630631825386,0.0,0.0,0.0
ReGVD-structural-local,bigvul-0558f33c06bb910e2879e355192227a8e8f0219d-1421,code_normalization_abstraction,unknown,-0.02829000917243696,0.0,0.0,0.0
ReGVD-structural-local,bigvul-0558f33c06bb910e2879e355192227a8e8f0219d-1421,comment_banner,unknown,0.09035854844434393,1.0,0.0,0.0
ReGVD-structural-local,bigvul-0558f33c06bb910e2879e355192227a8e8f0219d-1421,control_flow_rewrite,unknown,-0.06442630631825386,0.0,0.0,0.0
ReGVD-structural-local,bigvul-0558f33c06bb910e2879e355192227a8e8f0219d-1421,dead_branch_after_opening_brace,unknown,-0.0579012994046873,0.0,0.0,0.0
ReGVD-structural-local,bigvul-0558f33c06bb910e2879e355192227a8e8f0219d-1421,identifier_renaming,unknown,-0.07813580215507909,0.0,0.0,0.0
ReGVD-structural-local,bigvul-0558f33c06bb910e2879e355192227a8e8f0219d-1421,original,unknown,-0.06442630631825386,0.0,0.0,0.0
ReGVD-structural-local,bigvul-0558f33c06bb910e2879e355192227a8e8f0219d-1421,safe_dead_code_carrier,unknown,-0.007938177890580322,0.0,0.0,0.0
ReGVD-structural-local,bigvul-0a38f71865b63025dce4de1f8cca71979c48d14d-2034,blank_line_expansion,CWE-119,-0.2367116838225743,0.0,0.0,0.0
ReGVD-structural-local,bigvul-0a38f71865b63025dce4de1f8cca71979c48d14d-2034,brace_line_shift,CWE-119,-0.19496564325717436,0.0,0.0,0.0
ReGVD-structural-local,bigvul-0a38f71865b63025dce4de1f8cca71979c48d14d-2034,code_normalization_abstraction,CWE-119,-0.2322319028332307,0.0,0.0,0.0
ReGVD-structural-local,bigvul-0a38f71865b63025dce4de1f8cca71979c48d14d-2034,comment_banner,CWE-119,-0.13031218611488676,0.0,0.0,0.0
ReGVD-structural-local,bigvul-0a38f71865b63025dce4de1f8cca71979c48d14d-2034,control_flow_rewrite,CWE-119,-0.2322319028332307,0.0,0.0,0.0
ReGVD-structural-local,bigvul-0a38f71865b63025dce4de1f8cca71979c48d14d-2034,dead_branch_after_opening_brace,CWE-119,-0.021179983939248193,0.0,0.0,0.0
ReGVD-structural-local,bigvul-0a38f71865b63025dce4de1f8cca71979c48d14d-2034,identifier_renaming,CWE-119,-0.2322319028332307,0.0,0.0,0.0
ReGVD-structural-local,bigvul-0a38f71865b63025dce4de1f8cca71979c48d14d-2034,original,CWE-119,-0.2322319028332307,0.0,0.0,0.0
ReGVD-structural-local,bigvul-0a38f71865b63025dce4de1f8cca71979c48d14d-2034,safe_dead_code_carrier,CWE-119,-0.034432057429180984,0.0,0.0,0.0
ReGVD-structural-local,bigvul-0bd1a6ddb5fb23dfea3e72d60e5e8df4cf5826bc-1777,blank_line_expansion,CWE-264,0.08583402962894549,1.0,0.0,0.0
ReGVD-structural-local,bigvul-0bd1a6ddb5fb23dfea3e72d60e5e8df4cf5826bc-1777,brace_line_shift,CWE-264,0.0717406647356636,1.0,0.0,0.0
ReGVD-structural-local,bigvul-0bd1a6ddb5fb23dfea3e72d60e5e8df4cf5826bc-1777,code_normalization_abstraction,CWE-264,0.03651489844770922,1.0,0.0,0.0
ReGVD-structural-local,bigvul-0bd1a6ddb5fb23dfea3e72d60e5e8df4cf5826bc-1777,comment_banner,CWE-264,0.033843060915357936,1.0,0.0,0.0
ReGVD-structural-local,bigvul-0bd1a6ddb5fb23dfea3e72d60e5e8df4cf5826bc-1777,control_flow_rewrite,CWE-264,0.08766464488375458,1.0,0.0,0.0
ReGVD-structural-local,bigvul-0bd1a6ddb5fb23dfea3e72d60e5e8df4cf5826bc-1777,dead_branch_after_opening_brace,CWE-264,0.008211244052878597,1.0,0.0,0.0
ReGVD-structural-local,bigvul-0bd1a6ddb5fb23dfea3e72d60e5e8df4cf5826bc-1777,identifier_renaming,CWE-264,0.08234256038063581,1.0,0.0,0.0
ReGVD-structural-local,bigvul-0bd1a6ddb5fb23dfea3e72d60e5e8df4cf5826bc-1777,original,CWE-264,0.08766464488375458,1.0,0.0,0.0
ReGVD-structural-local,bigvul-0bd1a6ddb5fb23dfea3e72d60e5e8df4cf5826bc-1777,safe_dead_code_carrier,CWE-264,-0.027901136186113118,0.0,0.0,0.0
ReGVD-structural-local,bigvul-0bfc96cb77224736dfa35c3c555d37b3646ef35e-2152,blank_line_expansion,CWE-264,-0.12050777455599215,0.0,0.0,0.0
ReGVD-structural-local,bigvul-0bfc96cb77224736dfa35c3c555d37b3646ef35e-2152,brace_line_shift,CWE-264,-0.12696886036208233,0.0,0.0,0.0
ReGVD-structural-local,bigvul-0bfc96cb77224736dfa35c3c555d37b3646ef35e-2152,code_normalization_abstraction,CWE-264,-0.10667228920535793,0.0,0.0,0.0
ReGVD-structural-local,bigvul-0bfc96cb77224736dfa35c3c555d37b3646ef35e-2152,comment_banner,CWE-264,-0.06298627648448546,0.0,0.0,0.0
ReGVD-structural-local,bigvul-0bfc96cb77224736dfa35c3c555d37b3646ef35e-2152,control_flow_rewrite,CWE-264,-0.12177898823415567,0.0,0.0,0.0
ReGVD-structural-local,bigvul-0bfc96cb77224736dfa35c3c555d37b3646ef35e-2152,dead_branch_after_opening_brace,CWE-264,-0.054832469889242785,0.0,0.0,0.0
ReGVD-structural-local,bigvul-0bfc96cb77224736dfa35c3c555d37b3646ef35e-2152,identifier_renaming,CWE-264,-0.09378704950418887,0.0,0.0,0.0
ReGVD-structural-local,bigvul-0bfc96cb77224736dfa35c3c555d37b3646ef35e-2152,original,CWE-264,-0.12177898823415567,0.0,0.0,0.0
ReGVD-structural-local,bigvul-0bfc96cb77224736dfa35c3c555d37b3646ef35e-2152,safe_dead_code_carrier,CWE-264,-0.07134919786376476,0.0,0.0,0.0
ReGVD-structural-local,bigvul-0da8b8b801f9276359262f1ef8274c7812d3dfda?w=1-1398,blank_line_expansion,CWE-190,0.0,0.0,1.0,0.0
ReGVD-structural-local,bigvul-0da8b8b801f9276359262f1ef8274c7812d3dfda?w=1-1398,brace_line_shift,CWE-190,0.0,0.0,1.0,0.0
ReGVD-structural-local,bigvul-0da8b8b801f9276359262f1ef8274c7812d3dfda?w=1-1398,code_normalization_abstraction,CWE-190,0.0,0.0,1.0,0.0
ReGVD-structural-local,bigvul-0da8b8b801f9276359262f1ef8274c7812d3dfda?w=1-1398,comment_banner,CWE-190,0.0,0.0,1.0,0.0
ReGVD-structural-local,bigvul-0da8b8b801f9276359262f1ef8274c7812d3dfda?w=1-1398,control_flow_rewrite,CWE-190,0.0,0.0,1.0,0.0
ReGVD-structural-local,bigvul-0da8b8b801f9276359262f1ef8274c7812d3dfda?w=1-1398,dead_branch_after_opening_brace,CWE-190,0.0,0.0,1.0,0.0
ReGVD-structural-local,bigvul-0da8b8b801f9276359262f1ef8274c7812d3dfda?w=1-1398,identifier_renaming,CWE-190,0.0,0.0,1.0,0.0
ReGVD-structural-local,bigvul-0da8b8b801f9276359262f1ef8274c7812d3dfda?w=1-1398,original,CWE-190,0.0,0.0,1.0,0.0
ReGVD-structural-local,bigvul-0da8b8b801f9276359262f1ef8274c7812d3dfda?w=1-1398,safe_dead_code_carrier,CWE-190,0.0,0.0,1.0,0.0
ReGVD-structural-local,bigvul-14f2111f9cec919a450115ce4914f228effca58e-383,blank_line_expansion,CWE-281,-0.035826902454418275,0.0,0.0,0.0
ReGVD-structural-local,bigvul-14f2111f9cec919a450115ce4914f228effca58e-383,brace_line_shift,CWE-281,-0.026026043345631078,0.0,0.0,0.0
ReGVD-structural-local,bigvul-14f2111f9cec919a450115ce4914f228effca58e-383,code_normalization_abstraction,CWE-281,-0.035826902454418275,0.0,0.0,0.0
ReGVD-structural-local,bigvul-14f2111f9cec919a450115ce4914f228effca58e-383,comment_banner,CWE-281,-0.006908264487249294,0.0,0.0,0.0
ReGVD-structural-local,bigvul-14f2111f9cec919a450115ce4914f228effca58e-383,control_flow_rewrite,CWE-281,-0.035826902454418275,0.0,0.0,0.0
ReGVD-structural-local,bigvul-14f2111f9cec919a450115ce4914f228effca58e-383,dead_branch_after_opening_brace,CWE-281,-0.013659540202743514,0.0,0.0,0.0
ReGVD-structural-local,bigvul-14f2111f9cec919a450115ce4914f228effca58e-383,identifier_renaming,CWE-281,-0.025654306527891635,0.0,0.0,0.0
ReGVD-structural-local,bigvul-14f2111f9cec919a450115ce4914f228effca58e-383,original,CWE-281,-0.035826902454418275,0.0,0.0,0.0
ReGVD-structural-local,bigvul-14f2111f9cec919a450115ce4914f228effca58e-383,safe_dead_code_carrier,CWE-281,-0.022566044237479987,0.0,0.0,0.0
ReGVD-structural-local,bigvul-19190765882e272a6a2162c89acdb29110f7e3cf-511,blank_line_expansion,unknown,-0.38668638729750254,0.0,0.0,0.0
ReGVD-structural-local,bigvul-19190765882e272a6a2162c89acdb29110f7e3cf-511,brace_line_shift,unknown,-0.2504676626291198,0.0,0.0,0.0
ReGVD-structural-local,bigvul-19190765882e272a6a2162c89acdb29110f7e3cf-511,code_normalization_abstraction,unknown,-0.39889593231411424,0.0,0.0,0.0
ReGVD-structural-local,bigvul-19190765882e272a6a2162c89acdb29110f7e3cf-511,comment_banner,unknown,-0.15296635055096353,0.0,0.0,0.0
ReGVD-structural-local,bigvul-19190765882e272a6a2162c89acdb29110f7e3cf-511,control_flow_rewrite,unknown,-0.38668638729750254,0.0,0.0,0.0
ReGVD-structural-local,bigvul-19190765882e272a6a2162c89acdb29110f7e3cf-511,dead_branch_after_opening_brace,unknown,-0.07743832217329338,0.0,0.0,0.0
ReGVD-structural-local,bigvul-19190765882e272a6a2162c89acdb29110f7e3cf-511,identifier_renaming,unknown,-0.38668638729750254,0.0,0.0,0.0
ReGVD-structural-local,bigvul-19190765882e272a6a2162c89acdb29110f7e3cf-511,original,unknown,-0.38668638729750254,0.0,0.0,0.0
ReGVD-structural-local,bigvul-19190765882e272a6a2162c89acdb29110f7e3cf-511,safe_dead_code_carrier,unknown,0.021413075280372285,1.0,0.0,0.0
ReGVD-structural-local,bigvul-19190765882e272a6a2162c89acdb29110f7e3cf-556,blank_line_expansion,unknown,-0.3205651259081443,0.0,0.0,0.0
ReGVD-structural-local,bigvul-19190765882e272a6a2162c89acdb29110f7e3cf-556,brace_line_shift,unknown,-0.2509326443606174,0.0,0.0,0.0
ReGVD-structural-local,bigvul-19190765882e272a6a2162c89acdb29110f7e3cf-556,code_normalization_abstraction,unknown,-0.3205651259081443,0.0,0.0,0.0
ReGVD-structural-local,bigvul-19190765882e272a6a2162c89acdb29110f7e3cf-556,comment_banner,unknown,-0.13750414673729067,0.0,0.0,0.0
ReGVD-structural-local,bigvul-19190765882e272a6a2162c89acdb29110f7e3cf-556,control_flow_rewrite,unknown,-0.3205651259081443,0.0,0.0,0.0
ReGVD-structural-local,bigvul-19190765882e272a6a2162c89acdb29110f7e3cf-556,dead_branch_after_opening_brace,unknown,-0.08670783745324684,0.0,0.0,0.0
ReGVD-structural-local,bigvul-19190765882e272a6a2162c89acdb29110f7e3cf-556,identifier_renaming,unknown,-0.3205651259081443,0.0,0.0,0.0
ReGVD-structural-local,bigvul-19190765882e272a6a2162c89acdb29110f7e3cf-556,original,unknown,-0.3205651259081443,0.0,0.0,0.0
ReGVD-structural-local,bigvul-19190765882e272a6a2162c89acdb29110f7e3cf-556,safe_dead_code_carrier,unknown,-0.08444172816631795,0.0,0.0,0.0
ReGVD-structural-local,bigvul-1dcd10aceabbc03bf571ea32b892c522cbe923de-1555,blank_line_expansion,CWE-125,0.0035807961198097704,1.0,0.0,0.0
ReGVD-structural-local,bigvul-1dcd10aceabbc03bf571ea32b892c522cbe923de-1555,brace_line_shift,CWE-125,-0.00399867858749825,0.0,0.0,0.0
ReGVD-structural-local,bigvul-1dcd10aceabbc03bf571ea32b892c522cbe923de-1555,code_normalization_abstraction,CWE-125,0.0035807961198097704,1.0,0.0,0.0
ReGVD-structural-local,bigvul-1dcd10aceabbc03bf571ea32b892c522cbe923de-1555,comment_banner,CWE-125,-0.02554854454733313,0.0,0.0,0.0
ReGVD-structural-local,bigvul-1dcd10aceabbc03bf571ea32b892c522cbe923de-1555,control_flow_rewrite,CWE-125,0.0035807961198097704,1.0,0.0,0.0
ReGVD-structural-local,bigvul-1dcd10aceabbc03bf571ea32b892c522cbe923de-1555,dead_branch_after_opening_brace,CWE-125,0.0028561190212996745,1.0,0.0,0.0
ReGVD-structural-local,bigvul-1dcd10aceabbc03bf571ea32b892c522cbe923de-1555,identifier_renaming,CWE-125,-0.0006303654742906284,0.0,0.0,0.0
ReGVD-structural-local,bigvul-1dcd10aceabbc03bf571ea32b892c522cbe923de-1555,original,CWE-125,0.0035807961198097704,1.0,0.0,0.0
ReGVD-structural-local,bigvul-1dcd10aceabbc03bf571ea32b892c522cbe923de-1555,safe_dead_code_carrier,CWE-125,0.019306309014967216,1.0,0.0,0.0
ReGVD-structural-local,bigvul-2ac4c6f7b2b2af20c0e2b0ba05367e454cd11b33-241,blank_line_expansion,CWE-400,0.030570762007948726,1.0,0.0,0.0
ReGVD-structural-local,bigvul-2ac4c6f7b2b2af20c0e2b0ba05367e454cd11b33-241,brace_line_shift,CWE-400,0.030570762007948726,1.0,0.0,0.0
ReGVD-structural-local,bigvul-2ac4c6f7b2b2af20c0e2b0ba05367e454cd11b33-241,code_normalization_abstraction,CWE-400,0.030570762007948726,1.0,0.0,0.0
ReGVD-structural-local,bigvul-2ac4c6f7b2b2af20c0e2b0ba05367e454cd11b33-241,comment_banner,CWE-400,0.012459958239385227,1.0,0.0,0.0
ReGVD-structural-local,bigvul-2ac4c6f7b2b2af20c0e2b0ba05367e454cd11b33-241,control_flow_rewrite,CWE-400,0.030570762007948726,1.0,0.0,0.0
ReGVD-structural-local,bigvul-2ac4c6f7b2b2af20c0e2b0ba05367e454cd11b33-241,dead_branch_after_opening_brace,CWE-400,-0.010003894182544493,0.0,0.0,0.0
ReGVD-structural-local,bigvul-2ac4c6f7b2b2af20c0e2b0ba05367e454cd11b33-241,identifier_renaming,CWE-400,0.016989608773287035,1.0,0.0,0.0
ReGVD-structural-local,bigvul-2ac4c6f7b2b2af20c0e2b0ba05367e454cd11b33-241,original,CWE-400,0.030570762007948726,1.0,0.0,0.0
ReGVD-structural-local,bigvul-2ac4c6f7b2b2af20c0e2b0ba05367e454cd11b33-241,safe_dead_code_carrier,CWE-400,0.005220310368909908,1.0,0.0,0.0
ReGVD-structural-local,bigvul-3119b232c9c453c98d8fa8b6ae4e37ba18117cd4-2315,blank_line_expansion,CWE-476,0.0,0.0,1.0,0.0
ReGVD-structural-local,bigvul-3119b232c9c453c98d8fa8b6ae4e37ba18117cd4-2315,brace_line_shift,CWE-476,0.004325339084067126,1.0,0.0,0.0
ReGVD-structural-local,bigvul-3119b232c9c453c98d8fa8b6ae4e37ba18117cd4-2315,code_normalization_abstraction,CWE-476,-0.0014392769661148996,0.0,0.0,0.0
ReGVD-structural-local,bigvul-3119b232c9c453c98d8fa8b6ae4e37ba18117cd4-2315,comment_banner,CWE-476,-0.0041943364221282975,0.0,0.0,0.0
ReGVD-structural-local,bigvul-3119b232c9c453c98d8fa8b6ae4e37ba18117cd4-2315,control_flow_rewrite,CWE-476,0.0007839157111075856,1.0,0.0,0.0
ReGVD-structural-local,bigvul-3119b232c9c453c98d8fa8b6ae4e37ba18117cd4-2315,dead_branch_after_opening_brace,CWE-476,0.002745527597751929,1.0,0.0,0.0
ReGVD-structural-local,bigvul-3119b232c9c453c98d8fa8b6ae4e37ba18117cd4-2315,identifier_renaming,CWE-476,0.0007839157111075856,1.0,0.0,0.0
ReGVD-structural-local,bigvul-3119b232c9c453c98d8fa8b6ae4e37ba18117cd4-2315,original,CWE-476,0.0007839157111075856,1.0,0.0,0.0
ReGVD-structural-local,bigvul-3119b232c9c453c98d8fa8b6ae4e37ba18117cd4-2315,safe_dead_code_carrier,CWE-476,0.0,0.0,1.0,0.0
ReGVD-structural-local,bigvul-34cec721d39c76be1e0a600829a7b17bdfb832b6-1759,blank_line_expansion,CWE-835,0.0,0.0,1.0,0.0
ReGVD-structural-local,bigvul-34cec721d39c76be1e0a600829a7b17bdfb832b6-1759,brace_line_shift,CWE-835,0.0,0.0,1.0,0.0
ReGVD-structural-local,bigvul-34cec721d39c76be1e0a600829a7b17bdfb832b6-1759,code_normalization_abstraction,CWE-835,0.0,0.0,1.0,0.0
ReGVD-structural-local,bigvul-34cec721d39c76be1e0a600829a7b17bdfb832b6-1759,comment_banner,CWE-835,-0.0007809168335812799,0.0,0.0,0.0
ReGVD-structural-local,bigvul-34cec721d39c76be1e0a600829a7b17bdfb832b6-1759,control_flow_rewrite,CWE-835,0.0,0.0,1.0,0.0
ReGVD-structural-local,bigvul-34cec721d39c76be1e0a600829a7b17bdfb832b6-1759,dead_branch_after_opening_brace,CWE-835,0.009246308480198029,1.0,0.0,0.0
ReGVD-structural-local,bigvul-34cec721d39c76be1e0a600829a7b17bdfb832b6-1759,identifier_renaming,CWE-835,0.0,0.0,1.0,0.0
ReGVD-structural-local,bigvul-34cec721d39c76be1e0a600829a7b17bdfb832b6-1759,original,CWE-835,0.0,0.0,1.0,0.0
ReGVD-structural-local,bigvul-34cec721d39c76be1e0a600829a7b17bdfb832b6-1759,safe_dead_code_carrier,CWE-835,0.007668392736096208,1.0,0.0,0.0
ReGVD-structural-local,bigvul-363b02dab09b3226f3bd1420dad9c72b79a42a76-820,blank_line_expansion,CWE-20,0.004654223427616566,1.0,0.0,0.0
ReGVD-structural-local,bigvul-363b02dab09b3226f3bd1420dad9c72b79a42a76-820,brace_line_shift,CWE-20,0.004654223427616566,1.0,0.0,0.0
ReGVD-structural-local,bigvul-363b02dab09b3226f3bd1420dad9c72b79a42a76-820,code_normalization_abstraction,CWE-20,0.004654223427616566,1.0,0.0,0.0
ReGVD-structural-local,bigvul-363b02dab09b3226f3bd1420dad9c72b79a42a76-820,comment_banner,CWE-20,-0.009108876902428953,0.0,0.0,0.0
ReGVD-structural-local,bigvul-363b02dab09b3226f3bd1420dad9c72b79a42a76-820,control_flow_rewrite,CWE-20,0.004654223427616566,1.0,0.0,0.0
ReGVD-structural-local,bigvul-363b02dab09b3226f3bd1420dad9c72b79a42a76-820,dead_branch_after_opening_brace,CWE-20,0.03095649561357805,1.0,0.0,0.0
ReGVD-structural-local,bigvul-363b02dab09b3226f3bd1420dad9c72b79a42a76-820,identifier_renaming,CWE-20,0.003118308427911276,1.0,0.0,0.0
ReGVD-structural-local,bigvul-363b02dab09b3226f3bd1420dad9c72b79a42a76-820,original,CWE-20,0.004654223427616566,1.0,0.0,0.0
ReGVD-structural-local,bigvul-363b02dab09b3226f3bd1420dad9c72b79a42a76-820,safe_dead_code_carrier,CWE-20,0.011580591415725316,1.0,0.0,0.0
ReGVD-structural-local,bigvul-37c88107679d36c419572732b4af6e18bb2f7dce-482,blank_line_expansion,CWE-20,0.001214712988145128,1.0,0.0,0.0
ReGVD-structural-local,bigvul-37c88107679d36c419572732b4af6e18bb2f7dce-482,brace_line_shift,CWE-20,0.010061927207919541,1.0,0.0,0.0
ReGVD-structural-local,bigvul-37c88107679d36c419572732b4af6e18bb2f7dce-482,code_normalization_abstraction,CWE-20,0.010061927207919541,1.0,0.0,0.0
ReGVD-structural-local,bigvul-37c88107679d36c419572732b4af6e18bb2f7dce-482,comment_banner,CWE-20,0.009039273011963556,1.0,0.0,0.0
ReGVD-structural-local,bigvul-37c88107679d36c419572732b4af6e18bb2f7dce-482,control_flow_rewrite,CWE-20,0.010061927207919541,1.0,0.0,0.0
ReGVD-structural-local,bigvul-37c88107679d36c419572732b4af6e18bb2f7dce-482,dead_branch_after_opening_brace,CWE-20,-0.036041494911937755,0.0,0.0,0.0
ReGVD-structural-local,bigvul-37c88107679d36c419572732b4af6e18bb2f7dce-482,identifier_renaming,CWE-20,0.010061927207919541,1.0,0.0,0.0
ReGVD-structural-local,bigvul-37c88107679d36c419572732b4af6e18bb2f7dce-482,original,CWE-20,0.010061927207919541,1.0,0.0,0.0
ReGVD-structural-local,bigvul-37c88107679d36c419572732b4af6e18bb2f7dce-482,safe_dead_code_carrier,CWE-20,-0.0024881125187127817,0.0,0.0,0.0
ReGVD-structural-local,bigvul-3984ef0b72831da8b3ece4745cac4f8575b19098-318,blank_line_expansion,CWE-320,-0.006070310573188631,0.0,0.0,0.0
ReGVD-structural-local,bigvul-3984ef0b72831da8b3ece4745cac4f8575b19098-318,brace_line_shift,CWE-320,-0.004594927724434539,0.0,0.0,0.0
ReGVD-structural-local,bigvul-3984ef0b72831da8b3ece4745cac4f8575b19098-318,code_normalization_abstraction,CWE-320,-0.03879334225816039,0.0,0.0,0.0
ReGVD-structural-local,bigvul-3984ef0b72831da8b3ece4745cac4f8575b19098-318,comment_banner,CWE-320,0.07471794393153486,1.0,0.0,0.0
ReGVD-structural-local,bigvul-3984ef0b72831da8b3ece4745cac4f8575b19098-318,control_flow_rewrite,CWE-320,-0.004594927724434539,0.0,0.0,0.0
ReGVD-structural-local,bigvul-3984ef0b72831da8b3ece4745cac4f8575b19098-318,dead_branch_after_opening_brace,CWE-320,0.08223380474166658,1.0,0.0,0.0
ReGVD-structural-local,bigvul-3984ef0b72831da8b3ece4745cac4f8575b19098-318,identifier_renaming,CWE-320,0.018040518287944785,1.0,0.0,0.0
ReGVD-structural-local,bigvul-3984ef0b72831da8b3ece4745cac4f8575b19098-318,original,CWE-320,-0.004594927724434539,0.0,0.0,0.0
ReGVD-structural-local,bigvul-3984ef0b72831da8b3ece4745cac4f8575b19098-318,safe_dead_code_carrier,CWE-320,0.03039384757149166,1.0,0.0,0.0
ReGVD-structural-local,bigvul-3b0d77670a0613f409110817455d2137576b485a-1263,blank_line_expansion,CWE-399,-0.25526033715419394,0.0,0.0,0.0
ReGVD-structural-local,bigvul-3b0d77670a0613f409110817455d2137576b485a-1263,brace_line_shift,CWE-399,-0.2534652446761948,0.0,0.0,0.0
ReGVD-structural-local,bigvul-3b0d77670a0613f409110817455d2137576b485a-1263,code_normalization_abstraction,CWE-399,-0.26132507937992056,0.0,0.0,0.0
ReGVD-structural-local,bigvul-3b0d77670a0613f409110817455d2137576b485a-1263,comment_banner,CWE-399,-0.2654540238707769,0.0,0.0,0.0
ReGVD-structural-local,bigvul-3b0d77670a0613f409110817455d2137576b485a-1263,control_flow_rewrite,CWE-399,-0.25526033715419394,0.0,0.0,0.0
ReGVD-structural-local,bigvul-3b0d77670a0613f409110817455d2137576b485a-1263,dead_branch_after_opening_brace,CWE-399,-0.19870367628034646,0.0,0.0,0.0
ReGVD-structural-local,bigvul-3b0d77670a0613f409110817455d2137576b485a-1263,identifier_renaming,CWE-399,-0.25526033715419394,0.0,0.0,0.0
ReGVD-structural-local,bigvul-3b0d77670a0613f409110817455d2137576b485a-1263,original,CWE-399,-0.25526033715419394,0.0,0.0,0.0
ReGVD-structural-local,bigvul-3b0d77670a0613f409110817455d2137576b485a-1263,safe_dead_code_carrier,CWE-399,-0.24253490065609834,0.0,0.0,0.0
ReGVD-structural-local,bigvul-3c8e4852477d5b1e2da877808c998dc57db9460f-2802,blank_line_expansion,CWE-20,-0.04027081425420975,0.0,0.0,0.0
ReGVD-structural-local,bigvul-3c8e4852477d5b1e2da877808c998dc57db9460f-2802,brace_line_shift,CWE-20,-0.01984179891630239,0.0,0.0,0.0
ReGVD-structural-local,bigvul-3c8e4852477d5b1e2da877808c998dc57db9460f-2802,code_normalization_abstraction,CWE-20,-0.04029888462443765,0.0,0.0,0.0
ReGVD-structural-local,bigvul-3c8e4852477d5b1e2da877808c998dc57db9460f-2802,comment_banner,CWE-20,-0.018303650596516507,0.0,0.0,0.0
ReGVD-structural-local,bigvul-3c8e4852477d5b1e2da877808c998dc57db9460f-2802,control_flow_rewrite,CWE-20,-0.04029888462443765,0.0,0.0,0.0
ReGVD-structural-local,bigvul-3c8e4852477d5b1e2da877808c998dc57db9460f-2802,dead_branch_after_opening_brace,CWE-20,-0.001579846943697616,0.0,0.0,0.0
ReGVD-structural-local,bigvul-3c8e4852477d5b1e2da877808c998dc57db9460f-2802,identifier_renaming,CWE-20,-0.04029888462443765,0.0,0.0,0.0
ReGVD-structural-local,bigvul-3c8e4852477d5b1e2da877808c998dc57db9460f-2802,original,CWE-20,-0.04029888462443765,0.0,0.0,0.0
ReGVD-structural-local,bigvul-3c8e4852477d5b1e2da877808c998dc57db9460f-2802,safe_dead_code_carrier,CWE-20,-0.01817804753318958,0.0,0.0,0.0
ReGVD-structural-local,bigvul-3e5dae3b38fdb566fb2b7183e810b82eb3ce6f21-1147,blank_line_expansion,unknown,-0.12781125294376136,0.0,0.0,0.0
ReGVD-structural-local,bigvul-3e5dae3b38fdb566fb2b7183e810b82eb3ce6f21-1147,brace_line_shift,unknown,-0.15909972262817274,0.0,0.0,0.0
ReGVD-structural-local,bigvul-3e5dae3b38fdb566fb2b7183e810b82eb3ce6f21-1147,code_normalization_abstraction,unknown,-0.13170367619524284,0.0,0.0,0.0
ReGVD-structural-local,bigvul-3e5dae3b38fdb566fb2b7183e810b82eb3ce6f21-1147,comment_banner,unknown,-0.1431441153703917,0.0,0.0,0.0
ReGVD-structural-local,bigvul-3e5dae3b38fdb566fb2b7183e810b82eb3ce6f21-1147,control_flow_rewrite,unknown,-0.13170367619524284,0.0,0.0,0.0
ReGVD-structural-local,bigvul-3e5dae3b38fdb566fb2b7183e810b82eb3ce6f21-1147,dead_branch_after_opening_brace,unknown,0.05208148115919642,1.0,0.0,0.0
ReGVD-structural-local,bigvul-3e5dae3b38fdb566fb2b7183e810b82eb3ce6f21-1147,identifier_renaming,unknown,-0.13170367619524284,0.0,0.0,0.0
ReGVD-structural-local,bigvul-3e5dae3b38fdb566fb2b7183e810b82eb3ce6f21-1147,original,unknown,-0.13170367619524284,0.0,0.0,0.0
ReGVD-structural-local,bigvul-3e5dae3b38fdb566fb2b7183e810b82eb3ce6f21-1147,safe_dead_code_carrier,unknown,0.11414147979590566,1.0,0.0,0.0
ReGVD-structural-local,bigvul-42073d54c53a496be40ae84152bbfe2c923ac7bc-2217,blank_line_expansion,CWE-125,-0.005516837623125714,0.0,0.0,0.0
ReGVD-structural-local,bigvul-42073d54c53a496be40ae84152bbfe2c923ac7bc-2217,brace_line_shift,CWE-125,-0.005516837623125714,0.0,0.0,0.0
ReGVD-structural-local,bigvul-42073d54c53a496be40ae84152bbfe2c923ac7bc-2217,code_normalization_abstraction,CWE-125,-0.004898843547421539,0.0,0.0,0.0
ReGVD-structural-local,bigvul-42073d54c53a496be40ae84152bbfe2c923ac7bc-2217,comment_banner,CWE-125,-0.00237855581524693,0.0,0.0,0.0
ReGVD-structural-local,bigvul-42073d54c53a496be40ae84152bbfe2c923ac7bc-2217,control_flow_rewrite,CWE-125,-0.005516837623125714,0.0,0.0,0.0
ReGVD-structural-local,bigvul-42073d54c53a496be40ae84152bbfe2c923ac7bc-2217,dead_branch_after_opening_brace,CWE-125,-0.01014619210694645,0.0,0.0,0.0
ReGVD-structural-local,bigvul-42073d54c53a496be40ae84152bbfe2c923ac7bc-2217,identifier_renaming,CWE-125,-0.005516837623125714,0.0,0.0,0.0
ReGVD-structural-local,bigvul-42073d54c53a496be40ae84152bbfe2c923ac7bc-2217,original,CWE-125,-0.005516837623125714,0.0,0.0,0.0
ReGVD-structural-local,bigvul-42073d54c53a496be40ae84152bbfe2c923ac7bc-2217,safe_dead_code_carrier,CWE-125,-0.002180214572247041,0.0,0.0,0.0
ReGVD-structural-local,bigvul-45d901b56f578a74b19ba0d10fa5c4c467f19303-1338,blank_line_expansion,CWE-20,-0.010569906848442057,0.0,0.0,0.0
ReGVD-structural-local,bigvul-45d901b56f578a74b19ba0d10fa5c4c467f19303-1338,brace_line_shift,CWE-20,0.0046871689510431525,1.0,0.0,0.0
ReGVD-structural-local,bigvul-45d901b56f578a74b19ba0d10fa5c4c467f19303-1338,code_normalization_abstraction,CWE-20,-0.0032404191781654212,0.0,0.0,0.0
ReGVD-structural-local,bigvul-45d901b56f578a74b19ba0d10fa5c4c467f19303-1338,comment_banner,CWE-20,0.0014572428631327017,1.0,0.0,0.0
ReGVD-structural-local,bigvul-45d901b56f578a74b19ba0d10fa5c4c467f19303-1338,control_flow_rewrite,CWE-20,-0.0032404191781654212,0.0,0.0,0.0
ReGVD-structural-local,bigvul-45d901b56f578a74b19ba0d10fa5c4c467f19303-1338,dead_branch_after_opening_brace,CWE-20,-0.005851684443182015,0.0,0.0,0.0
ReGVD-structural-local,bigvul-45d901b56f578a74b19ba0d10fa5c4c467f19303-1338,identifier_renaming,CWE-20,0.026723273664305658,1.0,0.0,0.0
ReGVD-structural-local,bigvul-45d901b56f578a74b19ba0d10fa5c4c467f19303-1338,original,CWE-20,-0.0032404191781654212,0.0,0.0,0.0
ReGVD-structural-local,bigvul-45d901b56f578a74b19ba0d10fa5c4c467f19303-1338,safe_dead_code_carrier,CWE-20,-0.02104775387192742,0.0,0.0,0.0
ReGVD-structural-local,bigvul-472271b153c5dc53c28beac55480a8d8434b2d5c-1650,blank_line_expansion,CWE-284,-0.0013674495683989596,0.0,0.0,0.0
ReGVD-structural-local,bigvul-472271b153c5dc53c28beac55480a8d8434b2d5c-1650,brace_line_shift,CWE-284,-0.006923005123954606,0.0,0.0,0.0
ReGVD-structural-local,bigvul-472271b153c5dc53c28beac55480a8d8434b2d5c-1650,code_normalization_abstraction,CWE-284,-0.006923005123954606,0.0,0.0,0.0
ReGVD-structural-local,bigvul-472271b153c5dc53c28beac55480a8d8434b2d5c-1650,comment_banner,CWE-284,-0.010050319506586858,0.0,0.0,0.0
ReGVD-structural-local,bigvul-472271b153c5dc53c28beac55480a8d8434b2d5c-1650,control_flow_rewrite,CWE-284,-0.006923005123954606,0.0,0.0,0.0
ReGVD-structural-local,bigvul-472271b153c5dc53c28beac55480a8d8434b2d5c-1650,dead_branch_after_opening_brace,CWE-284,0.005643985878135749,1.0,0.0,0.0
ReGVD-structural-local,bigvul-472271b153c5dc53c28beac55480a8d8434b2d5c-1650,identifier_renaming,CWE-284,0.012386536779009916,1.0,0.0,0.0
ReGVD-structural-local,bigvul-472271b153c5dc53c28beac55480a8d8434b2d5c-1650,original,CWE-284,-0.006923005123954606,0.0,0.0,0.0
ReGVD-structural-local,bigvul-472271b153c5dc53c28beac55480a8d8434b2d5c-1650,safe_dead_code_carrier,CWE-284,0.008975169734359079,1.0,0.0,0.0
ReGVD-structural-local,bigvul-497de07d89c1410d76a15bec2bb41f24a2a89f31-1071,blank_line_expansion,unknown,-0.1019888208139117,0.0,0.0,0.0
ReGVD-structural-local,bigvul-497de07d89c1410d76a15bec2bb41f24a2a89f31-1071,brace_line_shift,unknown,-0.1047424084413815,0.0,0.0,0.0
ReGVD-structural-local,bigvul-497de07d89c1410d76a15bec2bb41f24a2a89f31-1071,code_normalization_abstraction,unknown,-0.10832958910904855,0.0,0.0,0.0
ReGVD-structural-local,bigvul-497de07d89c1410d76a15bec2bb41f24a2a89f31-1071,comment_banner,unknown,-0.001741910947774039,0.0,0.0,0.0
ReGVD-structural-local,bigvul-497de07d89c1410d76a15bec2bb41f24a2a89f31-1071,control_flow_rewrite,unknown,-0.1047424084413815,0.0,0.0,0.0
ReGVD-structural-local,bigvul-497de07d89c1410d76a15bec2bb41f24a2a89f31-1071,dead_branch_after_opening_brace,unknown,-0.017279678982184965,0.0,0.0,0.0
ReGVD-structural-local,bigvul-497de07d89c1410d76a15bec2bb41f24a2a89f31-1071,identifier_renaming,unknown,-0.09554050618782117,0.0,0.0,0.0
ReGVD-structural-local,bigvul-497de07d89c1410d76a15bec2bb41f24a2a89f31-1071,original,unknown,-0.1047424084413815,0.0,0.0,0.0
ReGVD-structural-local,bigvul-497de07d89c1410d76a15bec2bb41f24a2a89f31-1071,safe_dead_code_carrier,unknown,7.00601182579974e-05,1.0,0.0,0.0
ReGVD-structural-local,bigvul-49d31c2f389acfe83417083e1208422b4091cd9e-883,blank_line_expansion,CWE-362,0.0011123729717054665,1.0,0.0,0.0
ReGVD-structural-local,bigvul-49d31c2f389acfe83417083e1208422b4091cd9e-883,brace_line_shift,CWE-362,-0.007828206642666202,0.0,0.0,0.0
ReGVD-structural-local,bigvul-49d31c2f389acfe83417083e1208422b4091cd9e-883,code_normalization_abstraction,CWE-362,0.007040368309384204,1.0,0.0,0.0
ReGVD-structural-local,bigvul-49d31c2f389acfe83417083e1208422b4091cd9e-883,comment_banner,CWE-362,-0.0038566348470716605,0.0,0.0,0.0
ReGVD-structural-local,bigvul-49d31c2f389acfe83417083e1208422b4091cd9e-883,control_flow_rewrite,CWE-362,-0.007828206642666202,0.0,0.0,0.0
ReGVD-structural-local,bigvul-49d31c2f389acfe83417083e1208422b4091cd9e-883,dead_branch_after_opening_brace,CWE-362,-0.012201929514952803,0.0,0.0,0.0
ReGVD-structural-local,bigvul-49d31c2f389acfe83417083e1208422b4091cd9e-883,identifier_renaming,CWE-362,0.008205526522994444,1.0,0.0,0.0
ReGVD-structural-local,bigvul-49d31c2f389acfe83417083e1208422b4091cd9e-883,original,CWE-362,-0.007828206642666202,0.0,0.0,0.0
ReGVD-structural-local,bigvul-49d31c2f389acfe83417083e1208422b4091cd9e-883,safe_dead_code_carrier,CWE-362,-0.009716285146260661,0.0,0.0,0.0
ReGVD-structural-local,bigvul-51dfe5e3b332bcea02fb4d4c7493ae841106dd9b-1694,blank_line_expansion,unknown,-0.2032148894445901,0.0,0.0,0.0
ReGVD-structural-local,bigvul-51dfe5e3b332bcea02fb4d4c7493ae841106dd9b-1694,brace_line_shift,unknown,-0.24425170251928402,0.0,0.0,0.0
ReGVD-structural-local,bigvul-51dfe5e3b332bcea02fb4d4c7493ae841106dd9b-1694,code_normalization_abstraction,unknown,-0.19094999355110642,0.0,0.0,0.0
ReGVD-structural-local,bigvul-51dfe5e3b332bcea02fb4d4c7493ae841106dd9b-1694,comment_banner,unknown,-0.1968723741158238,0.0,0.0,0.0
ReGVD-structural-local,bigvul-51dfe5e3b332bcea02fb4d4c7493ae841106dd9b-1694,control_flow_rewrite,unknown,-0.19094999355110642,0.0,0.0,0.0
ReGVD-structural-local,bigvul-51dfe5e3b332bcea02fb4d4c7493ae841106dd9b-1694,dead_branch_after_opening_brace,unknown,-0.24725244924341178,0.0,0.0,0.0
ReGVD-structural-local,bigvul-51dfe5e3b332bcea02fb4d4c7493ae841106dd9b-1694,identifier_renaming,unknown,-0.19094999355110642,0.0,0.0,0.0
ReGVD-structural-local,bigvul-51dfe5e3b332bcea02fb4d4c7493ae841106dd9b-1694,original,unknown,-0.19094999355110642,0.0,0.0,0.0
ReGVD-structural-local,bigvul-51dfe5e3b332bcea02fb4d4c7493ae841106dd9b-1694,safe_dead_code_carrier,unknown,-0.35560168776811496,0.0,0.0,0.0
ReGVD-structural-local,bigvul-53262b5285efbbfdbbcc17fbf5200890f1ee295c-1417,blank_line_expansion,CWE-94,0.020217962011813473,1.0,0.0,0.0
ReGVD-structural-local,bigvul-53262b5285efbbfdbbcc17fbf5200890f1ee295c-1417,brace_line_shift,CWE-94,-0.030601252630315157,0.0,0.0,0.0
ReGVD-structural-local,bigvul-53262b5285efbbfdbbcc17fbf5200890f1ee295c-1417,code_normalization_abstraction,CWE-94,0.020217962011813473,1.0,0.0,0.0
ReGVD-structural-local,bigvul-53262b5285efbbfdbbcc17fbf5200890f1ee295c-1417,comment_banner,CWE-94,0.0016725699274225403,1.0,0.0,0.0
ReGVD-structural-local,bigvul-53262b5285efbbfdbbcc17fbf5200890f1ee295c-1417,control_flow_rewrite,CWE-94,0.020217962011813473,1.0,0.0,0.0
ReGVD-structural-local,bigvul-53262b5285efbbfdbbcc17fbf5200890f1ee295c-1417,dead_branch_after_opening_brace,CWE-94,0.002217581343512076,1.0,0.0,0.0
ReGVD-structural-local,bigvul-53262b5285efbbfdbbcc17fbf5200890f1ee295c-1417,identifier_renaming,CWE-94,0.020217962011813473,1.0,0.0,0.0
ReGVD-structural-local,bigvul-53262b5285efbbfdbbcc17fbf5200890f1ee295c-1417,original,CWE-94,0.020217962011813473,1.0,0.0,0.0
ReGVD-structural-local,bigvul-53262b5285efbbfdbbcc17fbf5200890f1ee295c-1417,safe_dead_code_carrier,CWE-94,-0.003747950504942976,0.0,0.0,0.0
ReGVD-structural-local,bigvul-5443b57cc54f2e46b35246637be26a69e9f493e1-85,blank_line_expansion,unknown,0.04031671875916132,1.0,0.0,0.0
ReGVD-structural-local,bigvul-5443b57cc54f2e46b35246637be26a69e9f493e1-85,brace_line_shift,unknown,0.03087565086794075,1.0,0.0,0.0
ReGVD-structural-local,bigvul-5443b57cc54f2e46b35246637be26a69e9f493e1-85,code_normalization_abstraction,unknown,0.04272823341507803,1.0,0.0,0.0
ReGVD-structural-local,bigvul-5443b57cc54f2e46b35246637be26a69e9f493e1-85,comment_banner,unknown,0.027341207516040522,1.0,0.0,0.0
ReGVD-structural-local,bigvul-5443b57cc54f2e46b35246637be26a69e9f493e1-85,control_flow_rewrite,unknown,0.04272823341507803,1.0,0.0,0.0
ReGVD-structural-local,bigvul-5443b57cc54f2e46b35246637be26a69e9f493e1-85,dead_branch_after_opening_brace,unknown,0.03362698514276696,1.0,0.0,0.0
ReGVD-structural-local,bigvul-5443b57cc54f2e46b35246637be26a69e9f493e1-85,identifier_renaming,unknown,0.04272823341507803,1.0,0.0,0.0
ReGVD-structural-local,bigvul-5443b57cc54f2e46b35246637be26a69e9f493e1-85,original,unknown,0.04272823341507803,1.0,0.0,0.0
ReGVD-structural-local,bigvul-5443b57cc54f2e46b35246637be26a69e9f493e1-85,safe_dead_code_carrier,unknown,-0.005269259712730512,0.0,0.0,0.0
ReGVD-structural-local,bigvul-54d83fc74aa9ec72794373cb47432c5f7fb1a309-131,blank_line_expansion,CWE-119,0.05640492268994168,1.0,0.0,0.0
ReGVD-structural-local,bigvul-54d83fc74aa9ec72794373cb47432c5f7fb1a309-131,brace_line_shift,CWE-119,0.059709147598320966,1.0,0.0,0.0
ReGVD-structural-local,bigvul-54d83fc74aa9ec72794373cb47432c5f7fb1a309-131,code_normalization_abstraction,CWE-119,0.05640492268994168,1.0,0.0,0.0
ReGVD-structural-local,bigvul-54d83fc74aa9ec72794373cb47432c5f7fb1a309-131,comment_banner,CWE-119,-0.05195268126092856,0.0,0.0,0.0
ReGVD-structural-local,bigvul-54d83fc74aa9ec72794373cb47432c5f7fb1a309-131,control_flow_rewrite,CWE-119,0.05640492268994168,1.0,0.0,0.0
ReGVD-structural-local,bigvul-54d83fc74aa9ec72794373cb47432c5f7fb1a309-131,dead_branch_after_opening_brace,CWE-119,0.010876524225368778,1.0,0.0,0.0
ReGVD-structural-local,bigvul-54d83fc74aa9ec72794373cb47432c5f7fb1a309-131,identifier_renaming,CWE-119,0.05640492268994168,1.0,0.0,0.0
ReGVD-structural-local,bigvul-54d83fc74aa9ec72794373cb47432c5f7fb1a309-131,original,CWE-119,0.05640492268994168,1.0,0.0,0.0
ReGVD-structural-local,bigvul-54d83fc74aa9ec72794373cb47432c5f7fb1a309-131,safe_dead_code_carrier,CWE-119,-0.01175462360528795,0.0,0.0,0.0
ReGVD-structural-local,bigvul-550fd08c2cebad61c548def135f67aba284c6162-1549,blank_line_expansion,CWE-264,-0.03751228212611435,0.0,0.0,0.0
ReGVD-structural-local,bigvul-550fd08c2cebad61c548def135f67aba284c6162-1549,brace_line_shift,CWE-264,-0.033658161097212536,0.0,0.0,0.0
ReGVD-structural-local,bigvul-550fd08c2cebad61c548def135f67aba284c6162-1549,code_normalization_abstraction,CWE-264,-0.04877633767152867,0.0,0.0,0.0
ReGVD-structural-local,bigvul-550fd08c2cebad61c548def135f67aba284c6162-1549,comment_banner,CWE-264,-0.1454981855874795,0.0,0.0,0.0
ReGVD-structural-local,bigvul-550fd08c2cebad61c548def135f67aba284c6162-1549,control_flow_rewrite,CWE-264,-0.04877633767152867,0.0,0.0,0.0
ReGVD-structural-local,bigvul-550fd08c2cebad61c548def135f67aba284c6162-1549,dead_branch_after_opening_brace,CWE-264,0.012579269231000445,1.0,0.0,0.0
ReGVD-structural-local,bigvul-550fd08c2cebad61c548def135f67aba284c6162-1549,identifier_renaming,CWE-264,-0.04877633767152867,0.0,0.0,0.0
ReGVD-structural-local,bigvul-550fd08c2cebad61c548def135f67aba284c6162-1549,original,CWE-264,-0.04877633767152867,0.0,0.0,0.0
ReGVD-structural-local,bigvul-550fd08c2cebad61c548def135f67aba284c6162-1549,safe_dead_code_carrier,CWE-264,0.09718686957938755,1.0,0.0,0.0
ReGVD-structural-local,bigvul-592fd47a6245508b79fe6ac819fe6d3b2c1289be-1885,blank_line_expansion,CWE-59,-0.004523899374300477,0.0,0.0,0.0
ReGVD-structural-local,bigvul-592fd47a6245508b79fe6ac819fe6d3b2c1289be-1885,brace_line_shift,CWE-59,-0.0006079471532635106,0.0,0.0,0.0
ReGVD-structural-local,bigvul-592fd47a6245508b79fe6ac819fe6d3b2c1289be-1885,code_normalization_abstraction,CWE-59,-0.007698606384691387,0.0,0.0,0.0
ReGVD-structural-local,bigvul-592fd47a6245508b79fe6ac819fe6d3b2c1289be-1885,comment_banner,CWE-59,-0.003157850923833583,0.0,0.0,0.0
ReGVD-structural-local,bigvul-592fd47a6245508b79fe6ac819fe6d3b2c1289be-1885,control_flow_rewrite,CWE-59,-0.0006079471532635106,0.0,0.0,0.0
ReGVD-structural-local,bigvul-592fd47a6245508b79fe6ac819fe6d3b2c1289be-1885,dead_branch_after_opening_brace,CWE-59,-0.025022287256502684,0.0,0.0,0.0
ReGVD-structural-local,bigvul-592fd47a6245508b79fe6ac819fe6d3b2c1289be-1885,identifier_renaming,CWE-59,-0.0012905153152231175,0.0,0.0,0.0
ReGVD-structural-local,bigvul-592fd47a6245508b79fe6ac819fe6d3b2c1289be-1885,original,CWE-59,-0.0006079471532635106,0.0,0.0,0.0
ReGVD-structural-local,bigvul-592fd47a6245508b79fe6ac819fe6d3b2c1289be-1885,safe_dead_code_carrier,CWE-59,0.0007722565603343057,1.0,0.0,0.0
ReGVD-structural-local,bigvul-5a15b72a270b514cd442872221a788a303bdaa88-1521,blank_line_expansion,unknown,0.08307789965698187,1.0,0.0,0.0
ReGVD-structural-local,bigvul-5a15b72a270b514cd442872221a788a303bdaa88-1521,brace_line_shift,unknown,0.09336687234305313,1.0,0.0,0.0
ReGVD-structural-local,bigvul-5a15b72a270b514cd442872221a788a303bdaa88-1521,code_normalization_abstraction,unknown,0.1001877675529142,1.0,0.0,0.0
ReGVD-structural-local,bigvul-5a15b72a270b514cd442872221a788a303bdaa88-1521,comment_banner,unknown,0.08372924587152253,1.0,0.0,0.0
ReGVD-structural-local,bigvul-5a15b72a270b514cd442872221a788a303bdaa88-1521,control_flow_rewrite,unknown,0.1001877675529142,1.0,0.0,0.0
ReGVD-structural-local,bigvul-5a15b72a270b514cd442872221a788a303bdaa88-1521,dead_branch_after_opening_brace,unknown,-0.09014249711116895,0.0,0.0,0.0
ReGVD-structural-local,bigvul-5a15b72a270b514cd442872221a788a303bdaa88-1521,identifier_renaming,unknown,0.1001877675529142,1.0,0.0,0.0
ReGVD-structural-local,bigvul-5a15b72a270b514cd442872221a788a303bdaa88-1521,original,unknown,0.1001877675529142,1.0,0.0,0.0
ReGVD-structural-local,bigvul-5a15b72a270b514cd442872221a788a303bdaa88-1521,safe_dead_code_carrier,unknown,-0.04193673892661498,0.0,0.0,0.0
ReGVD-structural-local,bigvul-5a9753fca56f0eeb9f61e342b2fccffc364f9426-2519,blank_line_expansion,CWE-119,0.003762559501652718,1.0,0.0,0.0
ReGVD-structural-local,bigvul-5a9753fca56f0eeb9f61e342b2fccffc364f9426-2519,brace_line_shift,CWE-119,-0.011100916198598265,0.0,0.0,0.0
ReGVD-structural-local,bigvul-5a9753fca56f0eeb9f61e342b2fccffc364f9426-2519,code_normalization_abstraction,CWE-119,0.007458671694081986,1.0,0.0,0.0
ReGVD-structural-local,bigvul-5a9753fca56f0eeb9f61e342b2fccffc364f9426-2519,comment_banner,CWE-119,0.04265147045025969,1.0,0.0,0.0
ReGVD-structural-local,bigvul-5a9753fca56f0eeb9f61e342b2fccffc364f9426-2519,control_flow_rewrite,CWE-119,0.007458671694081986,1.0,0.0,0.0
ReGVD-structural-local,bigvul-5a9753fca56f0eeb9f61e342b2fccffc364f9426-2519,dead_branch_after_opening_brace,CWE-119,0.07507370265308028,1.0,0.0,0.0
ReGVD-structural-local,bigvul-5a9753fca56f0eeb9f61e342b2fccffc364f9426-2519,identifier_renaming,CWE-119,0.007458671694081986,1.0,0.0,0.0
ReGVD-structural-local,bigvul-5a9753fca56f0eeb9f61e342b2fccffc364f9426-2519,original,CWE-119,0.007458671694081986,1.0,0.0,0.0
ReGVD-structural-local,bigvul-5a9753fca56f0eeb9f61e342b2fccffc364f9426-2519,safe_dead_code_carrier,CWE-119,-0.011484603918303637,0.0,0.0,0.0
ReGVD-structural-local,bigvul-5a9753fca56f0eeb9f61e342b2fccffc364f9426-2783,blank_line_expansion,CWE-119,-0.08904308045997278,0.0,0.0,0.0
ReGVD-structural-local,bigvul-5a9753fca56f0eeb9f61e342b2fccffc364f9426-2783,brace_line_shift,CWE-119,-0.05229701595550351,0.0,0.0,0.0
ReGVD-structural-local,bigvul-5a9753fca56f0eeb9f61e342b2fccffc364f9426-2783,code_normalization_abstraction,CWE-119,-0.09074905695688618,0.0,0.0,0.0
ReGVD-structural-local,bigvul-5a9753fca56f0eeb9f61e342b2fccffc364f9426-2783,comment_banner,CWE-119,0.039914247460823726,1.0,0.0,0.0
ReGVD-structural-local,bigvul-5a9753fca56f0eeb9f61e342b2fccffc364f9426-2783,control_flow_rewrite,CWE-119,-0.09074905695688618,0.0,0.0,0.0
ReGVD-structural-local,bigvul-5a9753fca56f0eeb9f61e342b2fccffc364f9426-2783,dead_branch_after_opening_brace,CWE-119,-0.01317124020088567,0.0,0.0,0.0
ReGVD-structural-local,bigvul-5a9753fca56f0eeb9f61e342b2fccffc364f9426-2783,identifier_renaming,CWE-119,-0.050438810067890416,0.0,0.0,0.0
ReGVD-structural-local,bigvul-5a9753fca56f0eeb9f61e342b2fccffc364f9426-2783,original,CWE-119,-0.09074905695688618,0.0,0.0,0.0
ReGVD-structural-local,bigvul-5a9753fca56f0eeb9f61e342b2fccffc364f9426-2783,safe_dead_code_carrier,CWE-119,0.02645015528633532,1.0,0.0,0.0
ReGVD-structural-local,bigvul-5a9753fca56f0eeb9f61e342b2fccffc364f9426-83,blank_line_expansion,CWE-119,-0.007886116806594234,0.0,0.0,0.0
ReGVD-structural-local,bigvul-5a9753fca56f0eeb9f61e342b2fccffc364f9426-83,brace_line_shift,CWE-119,-0.033943611190260625,0.0,0.0,0.0
ReGVD-structural-local,bigvul-5a9753fca56f0eeb9f61e342b2fccffc364f9426-83,code_normalization_abstraction,CWE-119,-0.020878558845447814,0.0,0.0,0.0
ReGVD-structural-local,bigvul-5a9753fca56f0eeb9f61e342b2fccffc364f9426-83,comment_banner,CWE-119,-0.03721464708669847,0.0,0.0,0.0
ReGVD-structural-local,bigvul-5a9753fca56f0eeb9f61e342b2fccffc364f9426-83,control_flow_rewrite,CWE-119,-0.0063101612191637235,0.0,0.0,0.0
ReGVD-structural-local,bigvul-5a9753fca56f0eeb9f61e342b2fccffc364f9426-83,dead_branch_after_opening_brace,CWE-119,-0.013904932443658091,0.0,0.0,0.0
ReGVD-structural-local,bigvul-5a9753fca56f0eeb9f61e342b2fccffc364f9426-83,identifier_renaming,CWE-119,-0.0013812646528319483,0.0,0.0,0.0
ReGVD-structural-local,bigvul-5a9753fca56f0eeb9f61e342b2fccffc364f9426-83,original,CWE-119,-0.0063101612191637235,0.0,0.0,0.0
ReGVD-structural-local,bigvul-5a9753fca56f0eeb9f61e342b2fccffc364f9426-83,safe_dead_code_carrier,CWE-119,0.006786154590670168,1.0,0.0,0.0
ReGVD-structural-local,bigvul-5b998565255a504887c6d2e90d11001a00c9d6da-1633,blank_line_expansion,CWE-399,-0.1534121298562341,0.0,0.0,0.0
ReGVD-structural-local,bigvul-5b998565255a504887c6d2e90d11001a00c9d6da-1633,brace_line_shift,CWE-399,-0.1262527937678657,0.0,0.0,0.0
ReGVD-structural-local,bigvul-5b998565255a504887c6d2e90d11001a00c9d6da-1633,code_normalization_abstraction,CWE-399,-0.1534121298562341,0.0,0.0,0.0
ReGVD-structural-local,bigvul-5b998565255a504887c6d2e90d11001a00c9d6da-1633,comment_banner,CWE-399,-0.20577520168352742,0.0,0.0,0.0
ReGVD-structural-local,bigvul-5b998565255a504887c6d2e90d11001a00c9d6da-1633,control_flow_rewrite,CWE-399,-0.1534121298562341,0.0,0.0,0.0
ReGVD-structural-local,bigvul-5b998565255a504887c6d2e90d11001a00c9d6da-1633,dead_branch_after_opening_brace,CWE-399,-0.03851124414528628,0.0,0.0,0.0
ReGVD-structural-local,bigvul-5b998565255a504887c6d2e90d11001a00c9d6da-1633,identifier_renaming,CWE-399,-0.1534121298562341,0.0,0.0,0.0
ReGVD-structural-local,bigvul-5b998565255a504887c6d2e90d11001a00c9d6da-1633,original,CWE-399,-0.1534121298562341,0.0,0.0,0.0
ReGVD-structural-local,bigvul-5b998565255a504887c6d2e90d11001a00c9d6da-1633,safe_dead_code_carrier,CWE-399,-0.14793179892926256,0.0,0.0,0.0
ReGVD-structural-local,bigvul-5bb223676defeba9c44a5ce42460c86e24561e73-393,blank_line_expansion,CWE-362,-0.36756022064184574,0.0,0.0,0.0
ReGVD-structural-local,bigvul-5bb223676defeba9c44a5ce42460c86e24561e73-393,brace_line_shift,CWE-362,-0.38643025895721506,0.0,0.0,0.0
ReGVD-structural-local,bigvul-5bb223676defeba9c44a5ce42460c86e24561e73-393,code_normalization_abstraction,CWE-362,-0.36756022064184574,0.0,0.0,0.0
ReGVD-structural-local,bigvul-5bb223676defeba9c44a5ce42460c86e24561e73-393,comment_banner,CWE-362,-0.32631207117309763,0.0,0.0,0.0
ReGVD-structural-local,bigvul-5bb223676defeba9c44a5ce42460c86e24561e73-393,control_flow_rewrite,CWE-362,-0.36756022064184574,0.0,0.0,0.0
ReGVD-structural-local,bigvul-5bb223676defeba9c44a5ce42460c86e24561e73-393,dead_branch_after_opening_brace,CWE-362,-0.247273581235202,0.0,0.0,0.0
ReGVD-structural-local,bigvul-5bb223676defeba9c44a5ce42460c86e24561e73-393,identifier_renaming,CWE-362,-0.36756022064184574,0.0,0.0,0.0
ReGVD-structural-local,bigvul-5bb223676defeba9c44a5ce42460c86e24561e73-393,original,CWE-362,-0.36756022064184574,0.0,0.0,0.0
ReGVD-structural-local,bigvul-5bb223676defeba9c44a5ce42460c86e24561e73-393,safe_dead_code_carrier,CWE-362,-0.24023940791353848,0.0,0.0,0.0
ReGVD-structural-local,bigvul-5d340a5ca6e420a70297cdbdf777333f18bfdab7-918,blank_line_expansion,CWE-125,-0.07764504418268536,0.0,0.0,0.0
ReGVD-structural-local,bigvul-5d340a5ca6e420a70297cdbdf777333f18bfdab7-918,brace_line_shift,CWE-125,-0.07878279381624503,0.0,0.0,0.0
ReGVD-structural-local,bigvul-5d340a5ca6e420a70297cdbdf777333f18bfdab7-918,code_normalization_abstraction,CWE-125,-0.08570391097079683,0.0,0.0,0.0
ReGVD-structural-local,bigvul-5d340a5ca6e420a70297cdbdf777333f18bfdab7-918,comment_banner,CWE-125,-0.09187198875172142,0.0,0.0,0.0
ReGVD-structural-local,bigvul-5d340a5ca6e420a70297cdbdf777333f18bfdab7-918,control_flow_rewrite,CWE-125,-0.07764504418268536,0.0,0.0,0.0
ReGVD-structural-local,bigvul-5d340a5ca6e420a70297cdbdf777333f18bfdab7-918,dead_branch_after_opening_brace,CWE-125,-0.08684328600947977,0.0,0.0,0.0
ReGVD-structural-local,bigvul-5d340a5ca6e420a70297cdbdf777333f18bfdab7-918,identifier_renaming,CWE-125,-0.0382245610562012,0.0,0.0,0.0
ReGVD-structural-local,bigvul-5d340a5ca6e420a70297cdbdf777333f18bfdab7-918,original,CWE-125,-0.07764504418268536,0.0,0.0,0.0
ReGVD-structural-local,bigvul-5d340a5ca6e420a70297cdbdf777333f18bfdab7-918,safe_dead_code_carrier,CWE-125,-0.028511014533602108,0.0,0.0,0.0
ReGVD-structural-local,bigvul-648cbc15a6830523b3a4eb78d674f059bd2a7ce9-348,blank_line_expansion,unknown,0.012337853131454413,1.0,0.0,0.0
ReGVD-structural-local,bigvul-648cbc15a6830523b3a4eb78d674f059bd2a7ce9-348,brace_line_shift,unknown,0.012070493046313413,1.0,0.0,0.0
ReGVD-structural-local,bigvul-648cbc15a6830523b3a4eb78d674f059bd2a7ce9-348,code_normalization_abstraction,unknown,0.012337853131454413,1.0,0.0,0.0
ReGVD-structural-local,bigvul-648cbc15a6830523b3a4eb78d674f059bd2a7ce9-348,comment_banner,unknown,0.010112225996142754,1.0,0.0,0.0
ReGVD-structural-local,bigvul-648cbc15a6830523b3a4eb78d674f059bd2a7ce9-348,control_flow_rewrite,unknown,0.012337853131454413,1.0,0.0,0.0
ReGVD-structural-local,bigvul-648cbc15a6830523b3a4eb78d674f059bd2a7ce9-348,dead_branch_after_opening_brace,unknown,0.010198484743774994,1.0,0.0,0.0
ReGVD-structural-local,bigvul-648cbc15a6830523b3a4eb78d674f059bd2a7ce9-348,identifier_renaming,unknown,0.013869390910027257,1.0,0.0,0.0
ReGVD-structural-local,bigvul-648cbc15a6830523b3a4eb78d674f059bd2a7ce9-348,original,unknown,0.012337853131454413,1.0,0.0,0.0
ReGVD-structural-local,bigvul-648cbc15a6830523b3a4eb78d674f059bd2a7ce9-348,safe_dead_code_carrier,unknown,-0.01335318362563459,0.0,0.0,0.0
ReGVD-structural-local,bigvul-6a60f01228557982e6508c5919cc21fcfddf110b-2477,blank_line_expansion,CWE-264,-0.015110523069937376,0.0,0.0,0.0
ReGVD-structural-local,bigvul-6a60f01228557982e6508c5919cc21fcfddf110b-2477,brace_line_shift,CWE-264,-0.008408832250206832,0.0,0.0,0.0
ReGVD-structural-local,bigvul-6a60f01228557982e6508c5919cc21fcfddf110b-2477,code_normalization_abstraction,CWE-264,-0.012098710277727465,0.0,0.0,0.0
ReGVD-structural-local,bigvul-6a60f01228557982e6508c5919cc21fcfddf110b-2477,comment_banner,CWE-264,-0.03179512576242799,0.0,0.0,0.0
ReGVD-structural-local,bigvul-6a60f01228557982e6508c5919cc21fcfddf110b-2477,control_flow_rewrite,CWE-264,-0.012098710277727465,0.0,0.0,0.0
ReGVD-structural-local,bigvul-6a60f01228557982e6508c5919cc21fcfddf110b-2477,dead_branch_after_opening_brace,CWE-264,-0.0383314588183265,0.0,0.0,0.0
ReGVD-structural-local,bigvul-6a60f01228557982e6508c5919cc21fcfddf110b-2477,identifier_renaming,CWE-264,-0.012098710277727465,0.0,0.0,0.0
ReGVD-structural-local,bigvul-6a60f01228557982e6508c5919cc21fcfddf110b-2477,original,CWE-264,-0.012098710277727465,0.0,0.0,0.0
ReGVD-structural-local,bigvul-6a60f01228557982e6508c5919cc21fcfddf110b-2477,safe_dead_code_carrier,CWE-264,-0.031881145290484025,0.0,0.0,0.0
ReGVD-structural-local,bigvul-6a7063ae61cf031630b48bdcdb09863ffc199962-913,blank_line_expansion,CWE-416,0.08118938041142304,1.0,0.0,0.0
ReGVD-structural-local,bigvul-6a7063ae61cf031630b48bdcdb09863ffc199962-913,brace_line_shift,CWE-416,0.07192441523813631,1.0,0.0,0.0
ReGVD-structural-local,bigvul-6a7063ae61cf031630b48bdcdb09863ffc199962-913,code_normalization_abstraction,CWE-416,0.08118938041142304,1.0,0.0,0.0
ReGVD-structural-local,bigvul-6a7063ae61cf031630b48bdcdb09863ffc199962-913,comment_banner,CWE-416,0.0025228697463436367,1.0,0.0,0.0
ReGVD-structural-local,bigvul-6a7063ae61cf031630b48bdcdb09863ffc199962-913,control_flow_rewrite,CWE-416,0.08118938041142304,1.0,0.0,0.0
ReGVD-structural-local,bigvul-6a7063ae61cf031630b48bdcdb09863ffc199962-913,dead_branch_after_opening_brace,CWE-416,0.08393544754229265,1.0,0.0,0.0
ReGVD-structural-local,bigvul-6a7063ae61cf031630b48bdcdb09863ffc199962-913,identifier_renaming,CWE-416,0.08118938041142304,1.0,0.0,0.0
ReGVD-structural-local,bigvul-6a7063ae61cf031630b48bdcdb09863ffc199962-913,original,CWE-416,0.08118938041142304,1.0,0.0,0.0
ReGVD-structural-local,bigvul-6a7063ae61cf031630b48bdcdb09863ffc199962-913,safe_dead_code_carrier,CWE-416,-0.0342507817038874,0.0,0.0,0.0
ReGVD-structural-local,bigvul-6b6bff054d569a77973f2140c0e86366e6168a6c-2681,blank_line_expansion,CWE-20,0.0,0.0,1.0,0.0
ReGVD-structural-local,bigvul-6b6bff054d569a77973f2140c0e86366e6168a6c-2681,brace_line_shift,CWE-20,0.0,0.0,1.0,0.0
ReGVD-structural-local,bigvul-6b6bff054d569a77973f2140c0e86366e6168a6c-2681,code_normalization_abstraction,CWE-20,0.0,0.0,1.0,0.0
ReGVD-structural-local,bigvul-6b6bff054d569a77973f2140c0e86366e6168a6c-2681,comment_banner,CWE-20,0.0,0.0,1.0,0.0
ReGVD-structural-local,bigvul-6b6bff054d569a77973f2140c0e86366e6168a6c-2681,control_flow_rewrite,CWE-20,0.0,0.0,1.0,0.0
ReGVD-structural-local,bigvul-6b6bff054d569a77973f2140c0e86366e6168a6c-2681,dead_branch_after_opening_brace,CWE-20,0.0,0.0,1.0,0.0
ReGVD-structural-local,bigvul-6b6bff054d569a77973f2140c0e86366e6168a6c-2681,identifier_renaming,CWE-20,0.0,0.0,1.0,0.0
ReGVD-structural-local,bigvul-6b6bff054d569a77973f2140c0e86366e6168a6c-2681,original,CWE-20,0.0,0.0,1.0,0.0
ReGVD-structural-local,bigvul-6b6bff054d569a77973f2140c0e86366e6168a6c-2681,safe_dead_code_carrier,CWE-20,0.0,0.0,1.0,0.0
ReGVD-structural-local,bigvul-6d9425ec7badda912555d46ea7abcfab81fdd9b9-2117,blank_line_expansion,CWE-399,0.008112628680471301,1.0,0.0,0.0
ReGVD-structural-local,bigvul-6d9425ec7badda912555d46ea7abcfab81fdd9b9-2117,brace_line_shift,CWE-399,0.0062490122723045105,1.0,0.0,0.0
ReGVD-structural-local,bigvul-6d9425ec7badda912555d46ea7abcfab81fdd9b9-2117,code_normalization_abstraction,CWE-399,0.008584172008967383,1.0,0.0,0.0
ReGVD-structural-local,bigvul-6d9425ec7badda912555d46ea7abcfab81fdd9b9-2117,comment_banner,CWE-399,-0.01938299146352057,0.0,0.0,0.0
ReGVD-structural-local,bigvul-6d9425ec7badda912555d46ea7abcfab81fdd9b9-2117,control_flow_rewrite,CWE-399,0.008584172008967383,1.0,0.0,0.0
ReGVD-structural-local,bigvul-6d9425ec7badda912555d46ea7abcfab81fdd9b9-2117,dead_branch_after_opening_brace,CWE-399,0.00021043302985035428,1.0,0.0,0.0
ReGVD-structural-local,bigvul-6d9425ec7badda912555d46ea7abcfab81fdd9b9-2117,identifier_renaming,CWE-399,0.008584172008967383,1.0,0.0,0.0
ReGVD-structural-local,bigvul-6d9425ec7badda912555d46ea7abcfab81fdd9b9-2117,original,CWE-399,0.008584172008967383,1.0,0.0,0.0
ReGVD-structural-local,bigvul-6d9425ec7badda912555d46ea7abcfab81fdd9b9-2117,safe_dead_code_carrier,CWE-399,0.009172251455832225,1.0,0.0,0.0
ReGVD-structural-local,bigvul-6f737ddfadb596d7d4a993f7ed2141ffd664a81c-117,blank_line_expansion,CWE-399,0.009696789778317616,1.0,0.0,0.0
ReGVD-structural-local,bigvul-6f737ddfadb596d7d4a993f7ed2141ffd664a81c-117,brace_line_shift,CWE-399,0.009696789778317616,1.0,0.0,0.0
ReGVD-structural-local,bigvul-6f737ddfadb596d7d4a993f7ed2141ffd664a81c-117,code_normalization_abstraction,CWE-399,0.006320485274650012,1.0,0.0,0.0
ReGVD-structural-local,bigvul-6f737ddfadb596d7d4a993f7ed2141ffd664a81c-117,comment_banner,CWE-399,0.008166007712783585,1.0,0.0,0.0
ReGVD-structural-local,bigvul-6f737ddfadb596d7d4a993f7ed2141ffd664a81c-117,control_flow_rewrite,CWE-399,0.009696789778317616,1.0,0.0,0.0
ReGVD-structural-local,bigvul-6f737ddfadb596d7d4a993f7ed2141ffd664a81c-117,dead_branch_after_opening_brace,CWE-399,0.019899506105599984,1.0,0.0,0.0
ReGVD-structural-local,bigvul-6f737ddfadb596d7d4a993f7ed2141ffd664a81c-117,identifier_renaming,CWE-399,0.003320333500558048,1.0,0.0,0.0
ReGVD-structural-local,bigvul-6f737ddfadb596d7d4a993f7ed2141ffd664a81c-117,original,CWE-399,0.009696789778317616,1.0,0.0,0.0
ReGVD-structural-local,bigvul-6f737ddfadb596d7d4a993f7ed2141ffd664a81c-117,safe_dead_code_carrier,CWE-399,-0.009865479372196506,0.0,0.0,0.0
ReGVD-structural-local,bigvul-7394cf6f43d7a86630d3eb1c728fd63c621b5530-391,blank_line_expansion,unknown,0.005039900065014702,1.0,0.0,0.0
ReGVD-structural-local,bigvul-7394cf6f43d7a86630d3eb1c728fd63c621b5530-391,brace_line_shift,unknown,0.0,0.0,1.0,0.0
ReGVD-structural-local,bigvul-7394cf6f43d7a86630d3eb1c728fd63c621b5530-391,code_normalization_abstraction,unknown,0.005039900065014702,1.0,0.0,0.0
ReGVD-structural-local,bigvul-7394cf6f43d7a86630d3eb1c728fd63c621b5530-391,comment_banner,unknown,0.005798510014502656,1.0,0.0,0.0
ReGVD-structural-local,bigvul-7394cf6f43d7a86630d3eb1c728fd63c621b5530-391,control_flow_rewrite,unknown,0.005039900065014702,1.0,0.0,0.0
ReGVD-structural-local,bigvul-7394cf6f43d7a86630d3eb1c728fd63c621b5530-391,dead_branch_after_opening_brace,unknown,0.0,0.0,1.0,0.0
ReGVD-structural-local,bigvul-7394cf6f43d7a86630d3eb1c728fd63c621b5530-391,identifier_renaming,unknown,0.005039900065014702,1.0,0.0,0.0
ReGVD-structural-local,bigvul-7394cf6f43d7a86630d3eb1c728fd63c621b5530-391,original,unknown,0.005039900065014702,1.0,0.0,0.0
ReGVD-structural-local,bigvul-7394cf6f43d7a86630d3eb1c728fd63c621b5530-391,safe_dead_code_carrier,unknown,0.004749865838884537,1.0,0.0,0.0
ReGVD-structural-local,bigvul-778500563a9f7ceba996937dc886bd8cde29b42b-1875,blank_line_expansion,CWE-125,-0.07815798737265545,0.0,0.0,0.0
ReGVD-structural-local,bigvul-778500563a9f7ceba996937dc886bd8cde29b42b-1875,brace_line_shift,CWE-125,-0.07815798737265545,0.0,0.0,0.0
ReGVD-structural-local,bigvul-778500563a9f7ceba996937dc886bd8cde29b42b-1875,code_normalization_abstraction,CWE-125,-0.06798336719354536,0.0,0.0,0.0
ReGVD-structural-local,bigvul-778500563a9f7ceba996937dc886bd8cde29b42b-1875,comment_banner,CWE-125,-0.04684047145157766,0.0,0.0,0.0
ReGVD-structural-local,bigvul-778500563a9f7ceba996937dc886bd8cde29b42b-1875,control_flow_rewrite,CWE-125,-0.07815798737265545,0.0,0.0,0.0
ReGVD-structural-local,bigvul-778500563a9f7ceba996937dc886bd8cde29b42b-1875,dead_branch_after_opening_brace,CWE-125,-0.0683347107075174,0.0,0.0,0.0
ReGVD-structural-local,bigvul-778500563a9f7ceba996937dc886bd8cde29b42b-1875,identifier_renaming,CWE-125,-0.03352252738901618,0.0,0.0,0.0
ReGVD-structural-local,bigvul-778500563a9f7ceba996937dc886bd8cde29b42b-1875,original,CWE-125,-0.07815798737265545,0.0,0.0,0.0
ReGVD-structural-local,bigvul-778500563a9f7ceba996937dc886bd8cde29b42b-1875,safe_dead_code_carrier,CWE-125,-0.033652540425559985,0.0,0.0,0.0
ReGVD-structural-local,bigvul-78d89fe556cb5dabbc47b4967cdf55e607e29580-2724,blank_line_expansion,CWE-119,-0.0015602944691972542,0.0,0.0,0.0
ReGVD-structural-local,bigvul-78d89fe556cb5dabbc47b4967cdf55e607e29580-2724,brace_line_shift,CWE-119,-0.015861492881310613,0.0,0.0,0.0
ReGVD-structural-local,bigvul-78d89fe556cb5dabbc47b4967cdf55e607e29580-2724,code_normalization_abstraction,CWE-119,0.0020412150898616588,1.0,0.0,0.0
ReGVD-structural-local,bigvul-78d89fe556cb5dabbc47b4967cdf55e607e29580-2724,comment_banner,CWE-119,0.01661281307976703,1.0,0.0,0.0
ReGVD-structural-local,bigvul-78d89fe556cb5dabbc47b4967cdf55e607e29580-2724,control_flow_rewrite,CWE-119,-0.0015602944691972542,0.0,0.0,0.0
ReGVD-structural-local,bigvul-78d89fe556cb5dabbc47b4967cdf55e607e29580-2724,dead_branch_after_opening_brace,CWE-119,0.023401990984734777,1.0,0.0,0.0
ReGVD-structural-local,bigvul-78d89fe556cb5dabbc47b4967cdf55e607e29580-2724,identifier_renaming,CWE-119,-0.0015602944691972542,0.0,0.0,0.0
ReGVD-structural-local,bigvul-78d89fe556cb5dabbc47b4967cdf55e607e29580-2724,original,CWE-119,-0.0015602944691972542,0.0,0.0,0.0
ReGVD-structural-local,bigvul-78d89fe556cb5dabbc47b4967cdf55e607e29580-2724,safe_dead_code_carrier,CWE-119,-0.04107869771691719,0.0,0.0,0.0
ReGVD-structural-local,bigvul-7ed47b7d142ec99ad6880bbbec51e9f12b3af74c-2002,blank_line_expansion,unknown,0.02374551412786652,1.0,0.0,0.0
ReGVD-structural-local,bigvul-7ed47b7d142ec99ad6880bbbec51e9f12b3af74c-2002,brace_line_shift,unknown,0.02374551412786652,1.0,0.0,0.0
ReGVD-structural-local,bigvul-7ed47b7d142ec99ad6880bbbec51e9f12b3af74c-2002,code_normalization_abstraction,unknown,-0.0035833209070708083,0.0,0.0,0.0
ReGVD-structural-local,bigvul-7ed47b7d142ec99ad6880bbbec51e9f12b3af74c-2002,comment_banner,unknown,-0.031206052767315695,0.0,0.0,0.0
ReGVD-structural-local,bigvul-7ed47b7d142ec99ad6880bbbec51e9f12b3af74c-2002,control_flow_rewrite,unknown,0.02374551412786652,1.0,0.0,0.0
ReGVD-structural-local,bigvul-7ed47b7d142ec99ad6880bbbec51e9f12b3af74c-2002,dead_branch_after_opening_brace,unknown,0.03448571896052255,1.0,0.0,0.0
ReGVD-structural-local,bigvul-7ed47b7d142ec99ad6880bbbec51e9f12b3af74c-2002,identifier_renaming,unknown,0.022806032866153125,1.0,0.0,0.0
ReGVD-structural-local,bigvul-7ed47b7d142ec99ad6880bbbec51e9f12b3af74c-2002,original,unknown,0.02374551412786652,1.0,0.0,0.0
ReGVD-structural-local,bigvul-7ed47b7d142ec99ad6880bbbec51e9f12b3af74c-2002,safe_dead_code_carrier,unknown,-0.048488641431220336,0.0,0.0,0.0
ReGVD-structural-local,bigvul-802ecdb9cee0d66fe546bdf24e98150f8f716ad8-2301,blank_line_expansion,CWE-119,-0.3128635409489327,0.0,0.0,0.0
ReGVD-structural-local,bigvul-802ecdb9cee0d66fe546bdf24e98150f8f716ad8-2301,brace_line_shift,CWE-119,-0.19652803550021752,0.0,0.0,0.0
ReGVD-structural-local,bigvul-802ecdb9cee0d66fe546bdf24e98150f8f716ad8-2301,code_normalization_abstraction,CWE-119,-0.3128635409489327,0.0,0.0,0.0
ReGVD-structural-local,bigvul-802ecdb9cee0d66fe546bdf24e98150f8f716ad8-2301,comment_banner,CWE-119,-0.05964432210304571,0.0,0.0,0.0
ReGVD-structural-local,bigvul-802ecdb9cee0d66fe546bdf24e98150f8f716ad8-2301,control_flow_rewrite,CWE-119,-0.3128635409489327,0.0,0.0,0.0
ReGVD-structural-local,bigvul-802ecdb9cee0d66fe546bdf24e98150f8f716ad8-2301,dead_branch_after_opening_brace,CWE-119,-0.03999981184079349,0.0,0.0,0.0
ReGVD-structural-local,bigvul-802ecdb9cee0d66fe546bdf24e98150f8f716ad8-2301,identifier_renaming,CWE-119,-0.26130940552770643,0.0,0.0,0.0
ReGVD-structural-local,bigvul-802ecdb9cee0d66fe546bdf24e98150f8f716ad8-2301,original,CWE-119,-0.3128635409489327,0.0,0.0,0.0
ReGVD-structural-local,bigvul-802ecdb9cee0d66fe546bdf24e98150f8f716ad8-2301,safe_dead_code_carrier,CWE-119,-0.037603073052772995,0.0,0.0,0.0
ReGVD-structural-local,bigvul-84ca1ee18bbc32f3cb035d071e8271e064dfd4d7-1210,blank_line_expansion,CWE-416,0.014485750027765532,1.0,0.0,0.0
ReGVD-structural-local,bigvul-84ca1ee18bbc32f3cb035d071e8271e064dfd4d7-1210,brace_line_shift,CWE-416,-0.03985565459960427,0.0,0.0,0.0
ReGVD-structural-local,bigvul-84ca1ee18bbc32f3cb035d071e8271e064dfd4d7-1210,code_normalization_abstraction,CWE-416,0.007666125746886743,1.0,0.0,0.0
ReGVD-structural-local,bigvul-84ca1ee18bbc32f3cb035d071e8271e064dfd4d7-1210,comment_banner,CWE-416,0.008223941208036878,1.0,0.0,0.0
ReGVD-structural-local,bigvul-84ca1ee18bbc32f3cb035d071e8271e064dfd4d7-1210,control_flow_rewrite,CWE-416,0.007666125746886743,1.0,0.0,0.0
ReGVD-structural-local,bigvul-84ca1ee18bbc32f3cb035d071e8271e064dfd4d7-1210,dead_branch_after_opening_brace,CWE-416,-0.029051015581376016,0.0,0.0,0.0
ReGVD-structural-local,bigvul-84ca1ee18bbc32f3cb035d071e8271e064dfd4d7-1210,identifier_renaming,CWE-416,-0.0011275915672520065,0.0,0.0,0.0
ReGVD-structural-local,bigvul-84ca1ee18bbc32f3cb035d071e8271e064dfd4d7-1210,original,CWE-416,0.007666125746886743,1.0,0.0,0.0
ReGVD-structural-local,bigvul-84ca1ee18bbc32f3cb035d071e8271e064dfd4d7-1210,safe_dead_code_carrier,CWE-416,-0.0339267774074698,0.0,0.0,0.0
ReGVD-structural-local,bigvul-864e2e22fcd0cba3f5e67680ccabd0302dfda45d-680,blank_line_expansion,CWE-264,-0.00753095269654902,0.0,0.0,0.0
ReGVD-structural-local,bigvul-864e2e22fcd0cba3f5e67680ccabd0302dfda45d-680,brace_line_shift,CWE-264,-0.01005417419818233,0.0,0.0,0.0
ReGVD-structural-local,bigvul-864e2e22fcd0cba3f5e67680ccabd0302dfda45d-680,code_normalization_abstraction,CWE-264,-0.001748989545713342,0.0,0.0,0.0
ReGVD-structural-local,bigvul-864e2e22fcd0cba3f5e67680ccabd0302dfda45d-680,comment_banner,CWE-264,-0.01138504255409245,0.0,0.0,0.0
ReGVD-structural-local,bigvul-864e2e22fcd0cba3f5e67680ccabd0302dfda45d-680,control_flow_rewrite,CWE-264,-0.00753095269654902,0.0,0.0,0.0
ReGVD-structural-local,bigvul-864e2e22fcd0cba3f5e67680ccabd0302dfda45d-680,dead_branch_after_opening_brace,CWE-264,0.0029381328685841313,1.0,0.0,0.0
ReGVD-structural-local,bigvul-864e2e22fcd0cba3f5e67680ccabd0302dfda45d-680,identifier_renaming,CWE-264,-0.011514711951385426,0.0,0.0,0.0
ReGVD-structural-local,bigvul-864e2e22fcd0cba3f5e67680ccabd0302dfda45d-680,original,CWE-264,-0.00753095269654902,0.0,0.0,0.0
ReGVD-structural-local,bigvul-864e2e22fcd0cba3f5e67680ccabd0302dfda45d-680,safe_dead_code_carrier,CWE-264,-0.024447663285182553,0.0,0.0,0.0
ReGVD-structural-local,bigvul-8c95ab0b50f8a257514f9647929267e62b1e611d-327,blank_line_expansion,unknown,-0.01913664378241553,0.0,0.0,0.0
ReGVD-structural-local,bigvul-8c95ab0b50f8a257514f9647929267e62b1e611d-327,brace_line_shift,unknown,-0.007883279588370373,0.0,0.0,0.0
ReGVD-structural-local,bigvul-8c95ab0b50f8a257514f9647929267e62b1e611d-327,code_normalization_abstraction,unknown,-0.019994340960541923,0.0,0.0,0.0
ReGVD-structural-local,bigvul-8c95ab0b50f8a257514f9647929267e62b1e611d-327,comment_banner,unknown,-0.028534187362499353,0.0,0.0,0.0
ReGVD-structural-local,bigvul-8c95ab0b50f8a257514f9647929267e62b1e611d-327,control_flow_rewrite,unknown,-0.01913664378241553,0.0,0.0,0.0
ReGVD-structural-local,bigvul-8c95ab0b50f8a257514f9647929267e62b1e611d-327,dead_branch_after_opening_brace,unknown,-0.019187557724450077,0.0,0.0,0.0
ReGVD-structural-local,bigvul-8c95ab0b50f8a257514f9647929267e62b1e611d-327,identifier_renaming,unknown,-0.014173109190555089,0.0,0.0,0.0
ReGVD-structural-local,bigvul-8c95ab0b50f8a257514f9647929267e62b1e611d-327,original,unknown,-0.01913664378241553,0.0,0.0,0.0
ReGVD-structural-local,bigvul-8c95ab0b50f8a257514f9647929267e62b1e611d-327,safe_dead_code_carrier,unknown,0.0030116377395883465,1.0,0.0,0.0
ReGVD-structural-local,bigvul-8cfe2463cec6835c7b0b73dcb2ab2edaf035e3f9-603,blank_line_expansion,CWE-416,0.13764659974821836,1.0,0.0,0.0
ReGVD-structural-local,bigvul-8cfe2463cec6835c7b0b73dcb2ab2edaf035e3f9-603,brace_line_shift,CWE-416,0.13616493132843188,1.0,0.0,0.0
ReGVD-structural-local,bigvul-8cfe2463cec6835c7b0b73dcb2ab2edaf035e3f9-603,code_normalization_abstraction,CWE-416,0.13375733370000026,1.0,0.0,0.0
ReGVD-structural-local,bigvul-8cfe2463cec6835c7b0b73dcb2ab2edaf035e3f9-603,comment_banner,CWE-416,-0.026492381510549223,0.0,0.0,0.0
ReGVD-structural-local,bigvul-8cfe2463cec6835c7b0b73dcb2ab2edaf035e3f9-603,control_flow_rewrite,CWE-416,0.13375733370000026,1.0,0.0,0.0
ReGVD-structural-local,bigvul-8cfe2463cec6835c7b0b73dcb2ab2edaf035e3f9-603,dead_branch_after_opening_brace,CWE-416,0.0038457304012642357,1.0,0.0,0.0
ReGVD-structural-local,bigvul-8cfe2463cec6835c7b0b73dcb2ab2edaf035e3f9-603,identifier_renaming,CWE-416,0.13375733370000026,1.0,0.0,0.0
ReGVD-structural-local,bigvul-8cfe2463cec6835c7b0b73dcb2ab2edaf035e3f9-603,original,CWE-416,0.13375733370000026,1.0,0.0,0.0
ReGVD-structural-local,bigvul-8cfe2463cec6835c7b0b73dcb2ab2edaf035e3f9-603,safe_dead_code_carrier,CWE-416,0.08153943756095527,1.0,0.0,0.0
ReGVD-structural-local,bigvul-8e76d0404b7f664ee6719fd98f0483f0ac4669d6-95,blank_line_expansion,CWE-200,0.025002169185126655,1.0,0.0,0.0
ReGVD-structural-local,bigvul-8e76d0404b7f664ee6719fd98f0483f0ac4669d6-95,brace_line_shift,CWE-200,0.03416797141960137,1.0,0.0,0.0
ReGVD-structural-local,bigvul-8e76d0404b7f664ee6719fd98f0483f0ac4669d6-95,code_normalization_abstraction,CWE-200,0.03416797141960137,1.0,0.0,0.0
ReGVD-structural-local,bigvul-8e76d0404b7f664ee6719fd98f0483f0ac4669d6-95,comment_banner,CWE-200,0.04443137557732446,1.0,0.0,0.0
ReGVD-structural-local,bigvul-8e76d0404b7f664ee6719fd98f0483f0ac4669d6-95,control_flow_rewrite,CWE-200,0.03416797141960137,1.0,0.0,0.0
ReGVD-structural-local,bigvul-8e76d0404b7f664ee6719fd98f0483f0ac4669d6-95,dead_branch_after_opening_brace,CWE-200,0.12306086827530771,1.0,0.0,0.0
ReGVD-structural-local,bigvul-8e76d0404b7f664ee6719fd98f0483f0ac4669d6-95,identifier_renaming,CWE-200,0.03416797141960137,1.0,0.0,0.0
ReGVD-structural-local,bigvul-8e76d0404b7f664ee6719fd98f0483f0ac4669d6-95,original,CWE-200,0.03416797141960137,1.0,0.0,0.0
ReGVD-structural-local,bigvul-8e76d0404b7f664ee6719fd98f0483f0ac4669d6-95,safe_dead_code_carrier,CWE-200,0.04293718710907274,1.0,0.0,0.0
ReGVD-structural-local,bigvul-91f2fa59e8ed80dfbf400add0164ee0e508e412a-1900,blank_line_expansion,CWE-119,-0.06759707326528391,0.0,0.0,0.0
ReGVD-structural-local,bigvul-91f2fa59e8ed80dfbf400add0164ee0e508e412a-1900,brace_line_shift,CWE-119,-0.06759707326528391,0.0,0.0,0.0
ReGVD-structural-local,bigvul-91f2fa59e8ed80dfbf400add0164ee0e508e412a-1900,code_normalization_abstraction,CWE-119,-0.06613057987379051,0.0,0.0,0.0
ReGVD-structural-local,bigvul-91f2fa59e8ed80dfbf400add0164ee0e508e412a-1900,comment_banner,CWE-119,-0.03588123270364202,0.0,0.0,0.0
ReGVD-structural-local,bigvul-91f2fa59e8ed80dfbf400add0164ee0e508e412a-1900,control_flow_rewrite,CWE-119,-0.06759707326528391,0.0,0.0,0.0
ReGVD-structural-local,bigvul-91f2fa59e8ed80dfbf400add0164ee0e508e412a-1900,dead_branch_after_opening_brace,CWE-119,-0.05800097540714966,0.0,0.0,0.0
ReGVD-structural-local,bigvul-91f2fa59e8ed80dfbf400add0164ee0e508e412a-1900,identifier_renaming,CWE-119,-0.05502030199368141,0.0,0.0,0.0
ReGVD-structural-local,bigvul-91f2fa59e8ed80dfbf400add0164ee0e508e412a-1900,original,CWE-119,-0.06759707326528391,0.0,0.0,0.0
ReGVD-structural-local,bigvul-91f2fa59e8ed80dfbf400add0164ee0e508e412a-1900,safe_dead_code_carrier,CWE-119,-0.054127284246432816,0.0,0.0,0.0
ReGVD-structural-local,bigvul-94e01571507835ff59dd8ce2a0b56a4b566965a4-660,blank_line_expansion,CWE-119,0.020078820244556206,1.0,0.0,0.0
ReGVD-structural-local,bigvul-94e01571507835ff59dd8ce2a0b56a4b566965a4-660,brace_line_shift,CWE-119,0.020078820244556206,1.0,0.0,0.0
ReGVD-structural-local,bigvul-94e01571507835ff59dd8ce2a0b56a4b566965a4-660,code_normalization_abstraction,CWE-119,0.01452326468900067,1.0,0.0,0.0
ReGVD-structural-local,bigvul-94e01571507835ff59dd8ce2a0b56a4b566965a4-660,comment_banner,CWE-119,0.018333873897733,1.0,0.0,0.0
ReGVD-structural-local,bigvul-94e01571507835ff59dd8ce2a0b56a4b566965a4-660,control_flow_rewrite,CWE-119,0.020078820244556206,1.0,0.0,0.0
ReGVD-structural-local,bigvul-94e01571507835ff59dd8ce2a0b56a4b566965a4-660,dead_branch_after_opening_brace,CWE-119,0.02299310633194701,1.0,0.0,0.0
ReGVD-structural-local,bigvul-94e01571507835ff59dd8ce2a0b56a4b566965a4-660,identifier_renaming,CWE-119,0.003569584546268212,1.0,0.0,0.0
ReGVD-structural-local,bigvul-94e01571507835ff59dd8ce2a0b56a4b566965a4-660,original,CWE-119,0.020078820244556206,1.0,0.0,0.0
ReGVD-structural-local,bigvul-94e01571507835ff59dd8ce2a0b56a4b566965a4-660,safe_dead_code_carrier,CWE-119,0.05542476461435192,1.0,0.0,0.0
ReGVD-structural-local,bigvul-9f64916da20eea67121d544698676295bbb105a7-509,blank_line_expansion,CWE-125,-0.030024845416134482,0.0,0.0,0.0
ReGVD-structural-local,bigvul-9f64916da20eea67121d544698676295bbb105a7-509,brace_line_shift,CWE-125,-0.02863026761684273,0.0,0.0,0.0
ReGVD-structural-local,bigvul-9f64916da20eea67121d544698676295bbb105a7-509,code_normalization_abstraction,CWE-125,-0.0308332777885148,0.0,0.0,0.0
ReGVD-structural-local,bigvul-9f64916da20eea67121d544698676295bbb105a7-509,comment_banner,CWE-125,-0.0069679713048508285,0.0,0.0,0.0
ReGVD-structural-local,bigvul-9f64916da20eea67121d544698676295bbb105a7-509,control_flow_rewrite,CWE-125,-0.02863026761684273,0.0,0.0,0.0
ReGVD-structural-local,bigvul-9f64916da20eea67121d544698676295bbb105a7-509,dead_branch_after_opening_brace,CWE-125,-0.01687351843950552,0.0,0.0,0.0
ReGVD-structural-local,bigvul-9f64916da20eea67121d544698676295bbb105a7-509,identifier_renaming,CWE-125,-0.010495923628177084,0.0,0.0,0.0
ReGVD-structural-local,bigvul-9f64916da20eea67121d544698676295bbb105a7-509,original,CWE-125,-0.02863026761684273,0.0,0.0,0.0
ReGVD-structural-local,bigvul-9f64916da20eea67121d544698676295bbb105a7-509,safe_dead_code_carrier,CWE-125,-9.536188874448293e-05,0.0,0.0,0.0
ReGVD-structural-local,bigvul-a1098f81c252b317ad34ea978aea2bc47760b215-1178,blank_line_expansion,CWE-119,-0.01482632351541635,0.0,0.0,0.0
ReGVD-structural-local,bigvul-a1098f81c252b317ad34ea978aea2bc47760b215-1178,brace_line_shift,CWE-119,-0.007337192911682333,0.0,0.0,0.0
ReGVD-structural-local,bigvul-a1098f81c252b317ad34ea978aea2bc47760b215-1178,code_normalization_abstraction,CWE-119,-0.007337192911682333,0.0,0.0,0.0
ReGVD-structural-local,bigvul-a1098f81c252b317ad34ea978aea2bc47760b215-1178,comment_banner,CWE-119,0.0026777236785938685,1.0,0.0,0.0
ReGVD-structural-local,bigvul-a1098f81c252b317ad34ea978aea2bc47760b215-1178,control_flow_rewrite,CWE-119,-0.007337192911682333,0.0,0.0,0.0
ReGVD-structural-local,bigvul-a1098f81c252b317ad34ea978aea2bc47760b215-1178,dead_branch_after_opening_brace,CWE-119,0.003837725853055196,1.0,0.0,0.0
ReGVD-structural-local,bigvul-a1098f81c252b317ad34ea978aea2bc47760b215-1178,identifier_renaming,CWE-119,-0.007455693410094111,0.0,0.0,0.0
ReGVD-structural-local,bigvul-a1098f81c252b317ad34ea978aea2bc47760b215-1178,original,CWE-119,-0.007337192911682333,0.0,0.0,0.0
ReGVD-structural-local,bigvul-a1098f81c252b317ad34ea978aea2bc47760b215-1178,safe_dead_code_carrier,CWE-119,-0.005977544893336684,0.0,0.0,0.0
ReGVD-structural-local,bigvul-a151041807a7e3c702c5f935a742368333aa69d4-1931,blank_line_expansion,unknown,-0.012741303971678442,0.0,0.0,0.0
ReGVD-structural-local,bigvul-a151041807a7e3c702c5f935a742368333aa69d4-1931,brace_line_shift,unknown,-0.009177735326907244,0.0,0.0,0.0
ReGVD-structural-local,bigvul-a151041807a7e3c702c5f935a742368333aa69d4-1931,code_normalization_abstraction,unknown,-0.01424965264828676,0.0,0.0,0.0
ReGVD-structural-local,bigvul-a151041807a7e3c702c5f935a742368333aa69d4-1931,comment_banner,unknown,-0.0012154464318959168,0.0,0.0,0.0
ReGVD-structural-local,bigvul-a151041807a7e3c702c5f935a742368333aa69d4-1931,control_flow_rewrite,unknown,-0.01424965264828676,0.0,0.0,0.0
ReGVD-structural-local,bigvul-a151041807a7e3c702c5f935a742368333aa69d4-1931,dead_branch_after_opening_brace,unknown,0.011468042561839809,1.0,0.0,0.0
ReGVD-structural-local,bigvul-a151041807a7e3c702c5f935a742368333aa69d4-1931,identifier_renaming,unknown,-0.01424965264828676,0.0,0.0,0.0
ReGVD-structural-local,bigvul-a151041807a7e3c702c5f935a742368333aa69d4-1931,original,unknown,-0.01424965264828676,0.0,0.0,0.0
ReGVD-structural-local,bigvul-a151041807a7e3c702c5f935a742368333aa69d4-1931,safe_dead_code_carrier,unknown,0.007976121401741976,1.0,0.0,0.0
ReGVD-structural-local,bigvul-a30f64b4ae13255535a4947616fce484c54207df-815,blank_line_expansion,CWE-20,-0.012489150562477125,0.0,0.0,0.0
ReGVD-structural-local,bigvul-a30f64b4ae13255535a4947616fce484c54207df-815,brace_line_shift,CWE-20,-0.016790221071796396,0.0,0.0,0.0
ReGVD-structural-local,bigvul-a30f64b4ae13255535a4947616fce484c54207df-815,code_normalization_abstraction,CWE-20,0.00813804994818701,1.0,0.0,0.0
ReGVD-structural-local,bigvul-a30f64b4ae13255535a4947616fce484c54207df-815,comment_banner,CWE-20,0.032760526676215984,1.0,0.0,0.0
ReGVD-structural-local,bigvul-a30f64b4ae13255535a4947616fce484c54207df-815,control_flow_rewrite,CWE-20,-0.012489150562477125,0.0,0.0,0.0
ReGVD-structural-local,bigvul-a30f64b4ae13255535a4947616fce484c54207df-815,dead_branch_after_opening_brace,CWE-20,0.014091360109553863,1.0,0.0,0.0
ReGVD-structural-local,bigvul-a30f64b4ae13255535a4947616fce484c54207df-815,identifier_renaming,CWE-20,-0.00500186689892812,0.0,0.0,0.0
ReGVD-structural-local,bigvul-a30f64b4ae13255535a4947616fce484c54207df-815,original,CWE-20,-0.012489150562477125,0.0,0.0,0.0
ReGVD-structural-local,bigvul-a30f64b4ae13255535a4947616fce484c54207df-815,safe_dead_code_carrier,CWE-20,0.0037450008205345275,1.0,0.0,0.0
ReGVD-structural-local,bigvul-a8b0ca17b80e92faab46ee7179ba9e99ccb61233-525,blank_line_expansion,CWE-399,-0.015203563263628872,0.0,0.0,0.0
ReGVD-structural-local,bigvul-a8b0ca17b80e92faab46ee7179ba9e99ccb61233-525,brace_line_shift,CWE-399,-0.015203563263628872,0.0,0.0,0.0
ReGVD-structural-local,bigvul-a8b0ca17b80e92faab46ee7179ba9e99ccb61233-525,code_normalization_abstraction,CWE-399,-0.010617247324983259,0.0,0.0,0.0
ReGVD-structural-local,bigvul-a8b0ca17b80e92faab46ee7179ba9e99ccb61233-525,comment_banner,CWE-399,-0.014105144854258345,0.0,0.0,0.0
ReGVD-structural-local,bigvul-a8b0ca17b80e92faab46ee7179ba9e99ccb61233-525,control_flow_rewrite,CWE-399,-0.015203563263628872,0.0,0.0,0.0
ReGVD-structural-local,bigvul-a8b0ca17b80e92faab46ee7179ba9e99ccb61233-525,dead_branch_after_opening_brace,CWE-399,-0.011536442469380959,0.0,0.0,0.0
ReGVD-structural-local,bigvul-a8b0ca17b80e92faab46ee7179ba9e99ccb61233-525,identifier_renaming,CWE-399,-0.016141711446229556,0.0,0.0,0.0
ReGVD-structural-local,bigvul-a8b0ca17b80e92faab46ee7179ba9e99ccb61233-525,original,CWE-399,-0.015203563263628872,0.0,0.0,0.0
ReGVD-structural-local,bigvul-a8b0ca17b80e92faab46ee7179ba9e99ccb61233-525,safe_dead_code_carrier,CWE-399,-0.003698915100930955,0.0,0.0,0.0
ReGVD-structural-local,bigvul-ab906da53ff2a68c6fd6d1fa73f2b7c7bf0bc636-1442,blank_line_expansion,CWE-125,0.0,0.0,1.0,0.0
ReGVD-structural-local,bigvul-ab906da53ff2a68c6fd6d1fa73f2b7c7bf0bc636-1442,brace_line_shift,CWE-125,0.0,0.0,1.0,0.0
ReGVD-structural-local,bigvul-ab906da53ff2a68c6fd6d1fa73f2b7c7bf0bc636-1442,code_normalization_abstraction,CWE-125,0.0,0.0,1.0,0.0
ReGVD-structural-local,bigvul-ab906da53ff2a68c6fd6d1fa73f2b7c7bf0bc636-1442,comment_banner,CWE-125,0.0,0.0,1.0,0.0
ReGVD-structural-local,bigvul-ab906da53ff2a68c6fd6d1fa73f2b7c7bf0bc636-1442,control_flow_rewrite,CWE-125,0.0,0.0,1.0,0.0
ReGVD-structural-local,bigvul-ab906da53ff2a68c6fd6d1fa73f2b7c7bf0bc636-1442,dead_branch_after_opening_brace,CWE-125,0.0,0.0,1.0,0.0
ReGVD-structural-local,bigvul-ab906da53ff2a68c6fd6d1fa73f2b7c7bf0bc636-1442,identifier_renaming,CWE-125,0.0,0.0,1.0,0.0
ReGVD-structural-local,bigvul-ab906da53ff2a68c6fd6d1fa73f2b7c7bf0bc636-1442,original,CWE-125,0.0,0.0,1.0,0.0
ReGVD-structural-local,bigvul-ab906da53ff2a68c6fd6d1fa73f2b7c7bf0bc636-1442,safe_dead_code_carrier,CWE-125,0.0,0.0,1.0,0.0
ReGVD-structural-local,bigvul-ac23b02ecb741e5de60f5235ea443790c88a0b80-1713,blank_line_expansion,CWE-20,-0.01316966118468399,0.0,0.0,0.0
ReGVD-structural-local,bigvul-ac23b02ecb741e5de60f5235ea443790c88a0b80-1713,brace_line_shift,CWE-20,-0.01316966118468399,0.0,0.0,0.0
ReGVD-structural-local,bigvul-ac23b02ecb741e5de60f5235ea443790c88a0b80-1713,code_normalization_abstraction,CWE-20,-0.01316966118468399,0.0,0.0,0.0
ReGVD-structural-local,bigvul-ac23b02ecb741e5de60f5235ea443790c88a0b80-1713,comment_banner,CWE-20,-0.016831369098025628,0.0,0.0,0.0
ReGVD-structural-local,bigvul-ac23b02ecb741e5de60f5235ea443790c88a0b80-1713,control_flow_rewrite,CWE-20,-0.01316966118468399,0.0,0.0,0.0
ReGVD-structural-local,bigvul-ac23b02ecb741e5de60f5235ea443790c88a0b80-1713,dead_branch_after_opening_brace,CWE-20,-0.013298227342977142,0.0,0.0,0.0
ReGVD-structural-local,bigvul-ac23b02ecb741e5de60f5235ea443790c88a0b80-1713,identifier_renaming,CWE-20,-0.012014978031141266,0.0,0.0,0.0
ReGVD-structural-local,bigvul-ac23b02ecb741e5de60f5235ea443790c88a0b80-1713,original,CWE-20,-0.01316966118468399,0.0,0.0,0.0
ReGVD-structural-local,bigvul-ac23b02ecb741e5de60f5235ea443790c88a0b80-1713,safe_dead_code_carrier,CWE-20,-0.020273529610993102,0.0,0.0,0.0
ReGVD-structural-local,bigvul-ac8bd041b81e46e4e4fcd5021aaa5499703952e6-2748,blank_line_expansion,CWE-287,-0.008855053787226563,0.0,0.0,0.0
ReGVD-structural-local,bigvul-ac8bd041b81e46e4e4fcd5021aaa5499703952e6-2748,brace_line_shift,CWE-287,0.02251585752251467,1.0,0.0,0.0
ReGVD-structural-local,bigvul-ac8bd041b81e46e4e4fcd5021aaa5499703952e6-2748,code_normalization_abstraction,CWE-287,-0.007088224125986531,0.0,0.0,0.0
ReGVD-structural-local,bigvul-ac8bd041b81e46e4e4fcd5021aaa5499703952e6-2748,comment_banner,CWE-287,-0.0040627245201173,0.0,0.0,0.0
ReGVD-structural-local,bigvul-ac8bd041b81e46e4e4fcd5021aaa5499703952e6-2748,control_flow_rewrite,CWE-287,-0.007088224125986531,0.0,0.0,0.0
ReGVD-structural-local,bigvul-ac8bd041b81e46e4e4fcd5021aaa5499703952e6-2748,dead_branch_after_opening_brace,CWE-287,-0.008367771877328511,0.0,0.0,0.0
ReGVD-structural-local,bigvul-ac8bd041b81e46e4e4fcd5021aaa5499703952e6-2748,identifier_renaming,CWE-287,-0.008706057217123198,0.0,0.0,0.0
ReGVD-structural-local,bigvul-ac8bd041b81e46e4e4fcd5021aaa5499703952e6-2748,original,CWE-287,-0.007088224125986531,0.0,0.0,0.0
ReGVD-structural-local,bigvul-ac8bd041b81e46e4e4fcd5021aaa5499703952e6-2748,safe_dead_code_carrier,CWE-287,-0.009892770380032223,0.0,0.0,0.0
ReGVD-structural-local,bigvul-adca986a53b31b6da4cb22f8e755f6856daea89a-2137,blank_line_expansion,CWE-20,-0.17148508336873663,0.0,0.0,0.0
ReGVD-structural-local,bigvul-adca986a53b31b6da4cb22f8e755f6856daea89a-2137,brace_line_shift,CWE-20,-0.18702426123729893,0.0,0.0,0.0
ReGVD-structural-local,bigvul-adca986a53b31b6da4cb22f8e755f6856daea89a-2137,code_normalization_abstraction,CWE-20,-0.18702426123729893,0.0,0.0,0.0
ReGVD-structural-local,bigvul-adca986a53b31b6da4cb22f8e755f6856daea89a-2137,comment_banner,CWE-20,0.06907440938975357,1.0,0.0,0.0
ReGVD-structural-local,bigvul-adca986a53b31b6da4cb22f8e755f6856daea89a-2137,control_flow_rewrite,CWE-20,-0.18702426123729893,0.0,0.0,0.0
ReGVD-structural-local,bigvul-adca986a53b31b6da4cb22f8e755f6856daea89a-2137,dead_branch_after_opening_brace,CWE-20,-0.06425866484137888,0.0,0.0,0.0
ReGVD-structural-local,bigvul-adca986a53b31b6da4cb22f8e755f6856daea89a-2137,identifier_renaming,CWE-20,-0.18702426123729893,0.0,0.0,0.0
ReGVD-structural-local,bigvul-adca986a53b31b6da4cb22f8e755f6856daea89a-2137,original,CWE-20,-0.18702426123729893,0.0,0.0,0.0
ReGVD-structural-local,bigvul-adca986a53b31b6da4cb22f8e755f6856daea89a-2137,safe_dead_code_carrier,CWE-20,-0.06737348745656002,0.0,0.0,0.0
ReGVD-structural-local,bigvul-b4c01141e5367f247b84dcaf6aefbb4e741842b8-483,blank_line_expansion,CWE-399,0.0,0.0,1.0,0.0
ReGVD-structural-local,bigvul-b4c01141e5367f247b84dcaf6aefbb4e741842b8-483,brace_line_shift,CWE-399,0.0,0.0,1.0,0.0
ReGVD-structural-local,bigvul-b4c01141e5367f247b84dcaf6aefbb4e741842b8-483,code_normalization_abstraction,CWE-399,0.0,0.0,1.0,0.0
ReGVD-structural-local,bigvul-b4c01141e5367f247b84dcaf6aefbb4e741842b8-483,comment_banner,CWE-399,0.0,0.0,1.0,0.0
ReGVD-structural-local,bigvul-b4c01141e5367f247b84dcaf6aefbb4e741842b8-483,control_flow_rewrite,CWE-399,0.0,0.0,1.0,0.0
ReGVD-structural-local,bigvul-b4c01141e5367f247b84dcaf6aefbb4e741842b8-483,dead_branch_after_opening_brace,CWE-399,0.0,0.0,1.0,0.0
ReGVD-structural-local,bigvul-b4c01141e5367f247b84dcaf6aefbb4e741842b8-483,identifier_renaming,CWE-399,0.0,0.0,1.0,0.0
ReGVD-structural-local,bigvul-b4c01141e5367f247b84dcaf6aefbb4e741842b8-483,original,CWE-399,0.0,0.0,1.0,0.0
ReGVD-structural-local,bigvul-b4c01141e5367f247b84dcaf6aefbb4e741842b8-483,safe_dead_code_carrier,CWE-399,0.0,0.0,1.0,0.0
ReGVD-structural-local,bigvul-b589096f907052b3a4da2b9ccc9b0e2e888dfc18-5,blank_line_expansion,CWE-119,-0.006759234274253623,0.0,0.0,0.0
ReGVD-structural-local,bigvul-b589096f907052b3a4da2b9ccc9b0e2e888dfc18-5,brace_line_shift,CWE-119,-0.006759234274253623,0.0,0.0,0.0
ReGVD-structural-local,bigvul-b589096f907052b3a4da2b9ccc9b0e2e888dfc18-5,code_normalization_abstraction,CWE-119,-0.006759234274253623,0.0,0.0,0.0
ReGVD-structural-local,bigvul-b589096f907052b3a4da2b9ccc9b0e2e888dfc18-5,comment_banner,CWE-119,-0.0016130600996032696,0.0,0.0,0.0
ReGVD-structural-local,bigvul-b589096f907052b3a4da2b9ccc9b0e2e888dfc18-5,control_flow_rewrite,CWE-119,-0.006759234274253623,0.0,0.0,0.0
ReGVD-structural-local,bigvul-b589096f907052b3a4da2b9ccc9b0e2e888dfc18-5,dead_branch_after_opening_brace,CWE-119,0.0016867743530110668,1.0,0.0,0.0
ReGVD-structural-local,bigvul-b589096f907052b3a4da2b9ccc9b0e2e888dfc18-5,identifier_renaming,CWE-119,-0.00533394967377171,0.0,0.0,0.0
ReGVD-structural-local,bigvul-b589096f907052b3a4da2b9ccc9b0e2e888dfc18-5,original,CWE-119,-0.006759234274253623,0.0,0.0,0.0
ReGVD-structural-local,bigvul-b589096f907052b3a4da2b9ccc9b0e2e888dfc18-5,safe_dead_code_carrier,CWE-119,-0.01251565734672272,0.0,0.0,0.0
ReGVD-structural-local,bigvul-b61d35eaccc0a7ddeff8a1c3abfcd0a43ccf210b-775,blank_line_expansion,CWE-476,0.0,0.0,1.0,0.0
ReGVD-structural-local,bigvul-b61d35eaccc0a7ddeff8a1c3abfcd0a43ccf210b-775,brace_line_shift,CWE-476,0.0,0.0,1.0,0.0
ReGVD-structural-local,bigvul-b61d35eaccc0a7ddeff8a1c3abfcd0a43ccf210b-775,code_normalization_abstraction,CWE-476,0.0,0.0,1.0,0.0
ReGVD-structural-local,bigvul-b61d35eaccc0a7ddeff8a1c3abfcd0a43ccf210b-775,comment_banner,CWE-476,0.0,0.0,1.0,0.0
ReGVD-structural-local,bigvul-b61d35eaccc0a7ddeff8a1c3abfcd0a43ccf210b-775,control_flow_rewrite,CWE-476,0.0,0.0,1.0,0.0
ReGVD-structural-local,bigvul-b61d35eaccc0a7ddeff8a1c3abfcd0a43ccf210b-775,dead_branch_after_opening_brace,CWE-476,0.0,0.0,1.0,0.0
ReGVD-structural-local,bigvul-b61d35eaccc0a7ddeff8a1c3abfcd0a43ccf210b-775,identifier_renaming,CWE-476,0.0,0.0,1.0,0.0
ReGVD-structural-local,bigvul-b61d35eaccc0a7ddeff8a1c3abfcd0a43ccf210b-775,original,CWE-476,0.0,0.0,1.0,0.0
ReGVD-structural-local,bigvul-b61d35eaccc0a7ddeff8a1c3abfcd0a43ccf210b-775,safe_dead_code_carrier,CWE-476,0.0,0.0,1.0,0.0
ReGVD-structural-local,bigvul-b944f670bb7a8a919daac497a4ea0536c954c201-2892,blank_line_expansion,CWE-20,-0.0038195446319422843,0.0,0.0,0.0
ReGVD-structural-local,bigvul-b944f670bb7a8a919daac497a4ea0536c954c201-2892,brace_line_shift,CWE-20,-0.010473264270727811,0.0,0.0,0.0
ReGVD-structural-local,bigvul-b944f670bb7a8a919daac497a4ea0536c954c201-2892,code_normalization_abstraction,CWE-20,0.002845901837269127,1.0,0.0,0.0
ReGVD-structural-local,bigvul-b944f670bb7a8a919daac497a4ea0536c954c201-2892,comment_banner,CWE-20,0.01137844286114087,1.0,0.0,0.0
ReGVD-structural-local,bigvul-b944f670bb7a8a919daac497a4ea0536c954c201-2892,control_flow_rewrite,CWE-20,-0.010473264270727811,0.0,0.0,0.0
ReGVD-structural-local,bigvul-b944f670bb7a8a919daac497a4ea0536c954c201-2892,dead_branch_after_opening_brace,CWE-20,0.014977404897450364,1.0,0.0,0.0
ReGVD-structural-local,bigvul-b944f670bb7a8a919daac497a4ea0536c954c201-2892,identifier_renaming,CWE-20,-0.010473264270727811,0.0,0.0,0.0
ReGVD-structural-local,bigvul-b944f670bb7a8a919daac497a4ea0536c954c201-2892,original,CWE-20,-0.010473264270727811,0.0,0.0,0.0
ReGVD-structural-local,bigvul-b944f670bb7a8a919daac497a4ea0536c954c201-2892,safe_dead_code_carrier,CWE-20,0.001935701869171691,1.0,0.0,0.0
ReGVD-structural-local,bigvul-ba3021b2c79b2fa9114f92790a99deb27a65b728-2670,blank_line_expansion,CWE-200,-0.006152137829652848,0.0,0.0,0.0
ReGVD-structural-local,bigvul-ba3021b2c79b2fa9114f92790a99deb27a65b728-2670,brace_line_shift,CWE-200,0.002416390899113219,1.0,0.0,0.0
ReGVD-structural-local,bigvul-ba3021b2c79b2fa9114f92790a99deb27a65b728-2670,code_normalization_abstraction,CWE-200,0.008800845286263903,1.0,0.0,0.0
ReGVD-structural-local,bigvul-ba3021b2c79b2fa9114f92790a99deb27a65b728-2670,comment_banner,CWE-200,-0.04735276755415424,0.0,0.0,0.0
ReGVD-structural-local,bigvul-ba3021b2c79b2fa9114f92790a99deb27a65b728-2670,control_flow_rewrite,CWE-200,0.002416390899113219,1.0,0.0,0.0
ReGVD-structural-local,bigvul-ba3021b2c79b2fa9114f92790a99deb27a65b728-2670,dead_branch_after_opening_brace,CWE-200,0.017655700904333993,1.0,0.0,0.0
ReGVD-structural-local,bigvul-ba3021b2c79b2fa9114f92790a99deb27a65b728-2670,identifier_renaming,CWE-200,-0.006605236667349523,0.0,0.0,0.0
ReGVD-structural-local,bigvul-ba3021b2c79b2fa9114f92790a99deb27a65b728-2670,original,CWE-200,0.002416390899113219,1.0,0.0,0.0
ReGVD-structural-local,bigvul-ba3021b2c79b2fa9114f92790a99deb27a65b728-2670,safe_dead_code_carrier,CWE-200,-0.00890404646197751,0.0,0.0,0.0
ReGVD-structural-local,bigvul-bb4a21e98656fe2c7d98ba2163e6defe9a630e2b-2788,blank_line_expansion,CWE-264,0.010104078928145688,1.0,0.0,0.0
ReGVD-structural-local,bigvul-bb4a21e98656fe2c7d98ba2163e6defe9a630e2b-2788,brace_line_shift,CWE-264,0.01116984716877728,1.0,0.0,0.0
ReGVD-structural-local,bigvul-bb4a21e98656fe2c7d98ba2163e6defe9a630e2b-2788,code_normalization_abstraction,CWE-264,0.01116984716877728,1.0,0.0,0.0
ReGVD-structural-local,bigvul-bb4a21e98656fe2c7d98ba2163e6defe9a630e2b-2788,comment_banner,CWE-264,0.059596297432171486,1.0,0.0,0.0
ReGVD-structural-local,bigvul-bb4a21e98656fe2c7d98ba2163e6defe9a630e2b-2788,control_flow_rewrite,CWE-264,0.01116984716877728,1.0,0.0,0.0
ReGVD-structural-local,bigvul-bb4a21e98656fe2c7d98ba2163e6defe9a630e2b-2788,dead_branch_after_opening_brace,CWE-264,-0.019656467461494687,0.0,0.0,0.0
ReGVD-structural-local,bigvul-bb4a21e98656fe2c7d98ba2163e6defe9a630e2b-2788,identifier_renaming,CWE-264,0.013138123602435214,1.0,0.0,0.0
ReGVD-structural-local,bigvul-bb4a21e98656fe2c7d98ba2163e6defe9a630e2b-2788,original,CWE-264,0.01116984716877728,1.0,0.0,0.0
ReGVD-structural-local,bigvul-bb4a21e98656fe2c7d98ba2163e6defe9a630e2b-2788,safe_dead_code_carrier,CWE-264,-0.004137603676339419,0.0,0.0,0.0
ReGVD-structural-local,bigvul-bceb03fd2be95097a7b409ea59914f332fb6bc86-655,blank_line_expansion,CWE-125,0.0,0.0,1.0,0.0
ReGVD-structural-local,bigvul-bceb03fd2be95097a7b409ea59914f332fb6bc86-655,brace_line_shift,CWE-125,0.0,0.0,1.0,0.0
ReGVD-structural-local,bigvul-bceb03fd2be95097a7b409ea59914f332fb6bc86-655,code_normalization_abstraction,CWE-125,0.0,0.0,1.0,0.0
ReGVD-structural-local,bigvul-bceb03fd2be95097a7b409ea59914f332fb6bc86-655,comment_banner,CWE-125,0.0,0.0,1.0,0.0
ReGVD-structural-local,bigvul-bceb03fd2be95097a7b409ea59914f332fb6bc86-655,control_flow_rewrite,CWE-125,0.0,0.0,1.0,0.0
ReGVD-structural-local,bigvul-bceb03fd2be95097a7b409ea59914f332fb6bc86-655,dead_branch_after_opening_brace,CWE-125,0.0,0.0,1.0,0.0
ReGVD-structural-local,bigvul-bceb03fd2be95097a7b409ea59914f332fb6bc86-655,identifier_renaming,CWE-125,0.0,0.0,1.0,0.0
ReGVD-structural-local,bigvul-bceb03fd2be95097a7b409ea59914f332fb6bc86-655,original,CWE-125,0.0,0.0,1.0,0.0
ReGVD-structural-local,bigvul-bceb03fd2be95097a7b409ea59914f332fb6bc86-655,safe_dead_code_carrier,CWE-125,0.0,0.0,1.0,0.0
ReGVD-structural-local,bigvul-bd1bab05083d80464fea854bf4b5c49aaf1b8401-2075,blank_line_expansion,CWE-119,0.07522469814283761,1.0,0.0,0.0
ReGVD-structural-local,bigvul-bd1bab05083d80464fea854bf4b5c49aaf1b8401-2075,brace_line_shift,CWE-119,0.04175777451547663,1.0,0.0,0.0
ReGVD-structural-local,bigvul-bd1bab05083d80464fea854bf4b5c49aaf1b8401-2075,code_normalization_abstraction,CWE-119,0.007647173673099084,1.0,0.0,0.0
ReGVD-structural-local,bigvul-bd1bab05083d80464fea854bf4b5c49aaf1b8401-2075,comment_banner,CWE-119,0.028293994588763693,1.0,0.0,0.0
ReGVD-structural-local,bigvul-bd1bab05083d80464fea854bf4b5c49aaf1b8401-2075,control_flow_rewrite,CWE-119,0.07522469814283761,1.0,0.0,0.0
ReGVD-structural-local,bigvul-bd1bab05083d80464fea854bf4b5c49aaf1b8401-2075,dead_branch_after_opening_brace,CWE-119,0.05080236891578904,1.0,0.0,0.0
ReGVD-structural-local,bigvul-bd1bab05083d80464fea854bf4b5c49aaf1b8401-2075,identifier_renaming,CWE-119,0.07430648461214939,1.0,0.0,0.0
ReGVD-structural-local,bigvul-bd1bab05083d80464fea854bf4b5c49aaf1b8401-2075,original,CWE-119,0.07522469814283761,1.0,0.0,0.0
ReGVD-structural-local,bigvul-bd1bab05083d80464fea854bf4b5c49aaf1b8401-2075,safe_dead_code_carrier,CWE-119,0.033526587687519926,1.0,0.0,0.0
ReGVD-structural-local,bigvul-be0726d33cb8f411945884664924bed3cb8c70ee-2661,blank_line_expansion,CWE-19,0.02385884655402437,1.0,0.0,0.0
ReGVD-structural-local,bigvul-be0726d33cb8f411945884664924bed3cb8c70ee-2661,brace_line_shift,CWE-19,0.02385884655402437,1.0,0.0,0.0
ReGVD-structural-local,bigvul-be0726d33cb8f411945884664924bed3cb8c70ee-2661,code_normalization_abstraction,CWE-19,0.02005060878753573,1.0,0.0,0.0
ReGVD-structural-local,bigvul-be0726d33cb8f411945884664924bed3cb8c70ee-2661,comment_banner,CWE-19,0.019899068245750495,1.0,0.0,0.0
ReGVD-structural-local,bigvul-be0726d33cb8f411945884664924bed3cb8c70ee-2661,control_flow_rewrite,CWE-19,0.02385884655402437,1.0,0.0,0.0
ReGVD-structural-local,bigvul-be0726d33cb8f411945884664924bed3cb8c70ee-2661,dead_branch_after_opening_brace,CWE-19,-0.006949785472004755,0.0,0.0,0.0
ReGVD-structural-local,bigvul-be0726d33cb8f411945884664924bed3cb8c70ee-2661,identifier_renaming,CWE-19,0.016829154823707393,1.0,0.0,0.0
ReGVD-structural-local,bigvul-be0726d33cb8f411945884664924bed3cb8c70ee-2661,original,CWE-19,0.02385884655402437,1.0,0.0,0.0
ReGVD-structural-local,bigvul-be0726d33cb8f411945884664924bed3cb8c70ee-2661,safe_dead_code_carrier,CWE-19,0.025646129299978226,1.0,0.0,0.0
ReGVD-structural-local,bigvul-c03aa9f6e1f938618e6db2e23afef0574efeeb65-533,blank_line_expansion,CWE-399,-0.004147049031538452,0.0,0.0,0.0
ReGVD-structural-local,bigvul-c03aa9f6e1f938618e6db2e23afef0574efeeb65-533,brace_line_shift,CWE-399,-0.004147049031538452,0.0,0.0,0.0
ReGVD-structural-local,bigvul-c03aa9f6e1f938618e6db2e23afef0574efeeb65-533,code_normalization_abstraction,CWE-399,-0.004147049031538452,0.0,0.0,0.0
ReGVD-structural-local,bigvul-c03aa9f6e1f938618e6db2e23afef0574efeeb65-533,comment_banner,CWE-399,-0.0027922839230100083,0.0,0.0,0.0
ReGVD-structural-local,bigvul-c03aa9f6e1f938618e6db2e23afef0574efeeb65-533,control_flow_rewrite,CWE-399,-0.004147049031538452,0.0,0.0,0.0
ReGVD-structural-local,bigvul-c03aa9f6e1f938618e6db2e23afef0574efeeb65-533,dead_branch_after_opening_brace,CWE-399,-0.005853573974828885,0.0,0.0,0.0
ReGVD-structural-local,bigvul-c03aa9f6e1f938618e6db2e23afef0574efeeb65-533,identifier_renaming,CWE-399,-0.0012922452847359822,0.0,0.0,0.0
ReGVD-structural-local,bigvul-c03aa9f6e1f938618e6db2e23afef0574efeeb65-533,original,CWE-399,-0.004147049031538452,0.0,0.0,0.0
ReGVD-structural-local,bigvul-c03aa9f6e1f938618e6db2e23afef0574efeeb65-533,safe_dead_code_carrier,CWE-399,-0.009975146634920662,0.0,0.0,0.0
ReGVD-structural-local,bigvul-c0c8978849ac57e4ecd613ddc8ff7852a2054734-1529,blank_line_expansion,CWE-732,0.0332843525446585,1.0,0.0,0.0
ReGVD-structural-local,bigvul-c0c8978849ac57e4ecd613ddc8ff7852a2054734-1529,brace_line_shift,CWE-732,0.03663602229357893,1.0,0.0,0.0
ReGVD-structural-local,bigvul-c0c8978849ac57e4ecd613ddc8ff7852a2054734-1529,code_normalization_abstraction,CWE-732,0.035805375901684366,1.0,0.0,0.0
ReGVD-structural-local,bigvul-c0c8978849ac57e4ecd613ddc8ff7852a2054734-1529,comment_banner,CWE-732,-0.019918295522553364,0.0,0.0,0.0
ReGVD-structural-local,bigvul-c0c8978849ac57e4ecd613ddc8ff7852a2054734-1529,control_flow_rewrite,CWE-732,0.035805375901684366,1.0,0.0,0.0
ReGVD-structural-local,bigvul-c0c8978849ac57e4ecd613ddc8ff7852a2054734-1529,dead_branch_after_opening_brace,CWE-732,-0.0011020848349479473,0.0,0.0,0.0
ReGVD-structural-local,bigvul-c0c8978849ac57e4ecd613ddc8ff7852a2054734-1529,identifier_renaming,CWE-732,0.035805375901684366,1.0,0.0,0.0
ReGVD-structural-local,bigvul-c0c8978849ac57e4ecd613ddc8ff7852a2054734-1529,original,CWE-732,0.035805375901684366,1.0,0.0,0.0
ReGVD-structural-local,bigvul-c0c8978849ac57e4ecd613ddc8ff7852a2054734-1529,safe_dead_code_carrier,CWE-732,0.026953055567723816,1.0,0.0,0.0
ReGVD-structural-local,bigvul-c0c8978849ac57e4ecd613ddc8ff7852a2054734-2390,blank_line_expansion,CWE-732,-0.020604736679780467,0.0,0.0,0.0
ReGVD-structural-local,bigvul-c0c8978849ac57e4ecd613ddc8ff7852a2054734-2390,brace_line_shift,CWE-732,-0.02736751938481996,0.0,0.0,0.0
ReGVD-structural-local,bigvul-c0c8978849ac57e4ecd613ddc8ff7852a2054734-2390,code_normalization_abstraction,CWE-732,-0.021322386756991385,0.0,0.0,0.0
ReGVD-structural-local,bigvul-c0c8978849ac57e4ecd613ddc8ff7852a2054734-2390,comment_banner,CWE-732,-0.018363754984654812,0.0,0.0,0.0
ReGVD-structural-local,bigvul-c0c8978849ac57e4ecd613ddc8ff7852a2054734-2390,control_flow_rewrite,CWE-732,-0.021322386756991385,0.0,0.0,0.0
ReGVD-structural-local,bigvul-c0c8978849ac57e4ecd613ddc8ff7852a2054734-2390,dead_branch_after_opening_brace,CWE-732,-0.05396474848069732,0.0,0.0,0.0
ReGVD-structural-local,bigvul-c0c8978849ac57e4ecd613ddc8ff7852a2054734-2390,identifier_renaming,CWE-732,-0.03718973917826707,0.0,0.0,0.0
ReGVD-structural-local,bigvul-c0c8978849ac57e4ecd613ddc8ff7852a2054734-2390,original,CWE-732,-0.021322386756991385,0.0,0.0,0.0
ReGVD-structural-local,bigvul-c0c8978849ac57e4ecd613ddc8ff7852a2054734-2390,safe_dead_code_carrier,CWE-732,-0.012880711336773432,0.0,0.0,0.0
ReGVD-structural-local,bigvul-c25b198675380f713a56649c857b4367601d4a3d-2581,blank_line_expansion,CWE-200,-0.0033102479013852326,0.0,0.0,0.0
ReGVD-structural-local,bigvul-c25b198675380f713a56649c857b4367601d4a3d-2581,brace_line_shift,CWE-200,-0.00356201227982611,0.0,0.0,0.0
ReGVD-structural-local,bigvul-c25b198675380f713a56649c857b4367601d4a3d-2581,code_normalization_abstraction,CWE-200,-0.001303163204200597,0.0,0.0,0.0
ReGVD-structural-local,bigvul-c25b198675380f713a56649c857b4367601d4a3d-2581,comment_banner,CWE-200,-0.022022553716117055,0.0,0.0,0.0
ReGVD-structural-local,bigvul-c25b198675380f713a56649c857b4367601d4a3d-2581,control_flow_rewrite,CWE-200,-0.001303163204200597,0.0,0.0,0.0
ReGVD-structural-local,bigvul-c25b198675380f713a56649c857b4367601d4a3d-2581,dead_branch_after_opening_brace,CWE-200,0.03136716128199335,1.0,0.0,0.0
ReGVD-structural-local,bigvul-c25b198675380f713a56649c857b4367601d4a3d-2581,identifier_renaming,CWE-200,-0.001303163204200597,0.0,0.0,0.0
ReGVD-structural-local,bigvul-c25b198675380f713a56649c857b4367601d4a3d-2581,original,CWE-200,-0.001303163204200597,0.0,0.0,0.0
ReGVD-structural-local,bigvul-c25b198675380f713a56649c857b4367601d4a3d-2581,safe_dead_code_carrier,CWE-200,0.021823764276049762,1.0,0.0,0.0
ReGVD-structural-local,bigvul-c55aee1bf0e6b6feec8b2927b43f7a09a6d5f754-1241,blank_line_expansion,unknown,-0.008349647286083783,0.0,0.0,0.0
ReGVD-structural-local,bigvul-c55aee1bf0e6b6feec8b2927b43f7a09a6d5f754-1241,brace_line_shift,unknown,-0.008349647286083783,0.0,0.0,0.0
ReGVD-structural-local,bigvul-c55aee1bf0e6b6feec8b2927b43f7a09a6d5f754-1241,code_normalization_abstraction,unknown,-0.024295355626454296,0.0,0.0,0.0
ReGVD-structural-local,bigvul-c55aee1bf0e6b6feec8b2927b43f7a09a6d5f754-1241,comment_banner,unknown,0.03531224273448985,1.0,0.0,0.0
ReGVD-structural-local,bigvul-c55aee1bf0e6b6feec8b2927b43f7a09a6d5f754-1241,control_flow_rewrite,unknown,-0.008349647286083783,0.0,0.0,0.0
ReGVD-structural-local,bigvul-c55aee1bf0e6b6feec8b2927b43f7a09a6d5f754-1241,dead_branch_after_opening_brace,unknown,0.022025201339773648,1.0,0.0,0.0
ReGVD-structural-local,bigvul-c55aee1bf0e6b6feec8b2927b43f7a09a6d5f754-1241,identifier_renaming,unknown,-0.008349647286083783,0.0,0.0,0.0
ReGVD-structural-local,bigvul-c55aee1bf0e6b6feec8b2927b43f7a09a6d5f754-1241,original,unknown,-0.008349647286083783,0.0,0.0,0.0
ReGVD-structural-local,bigvul-c55aee1bf0e6b6feec8b2927b43f7a09a6d5f754-1241,safe_dead_code_carrier,unknown,0.04902760302915499,1.0,0.0,0.0
ReGVD-structural-local,bigvul-c8f0723d2b4520bdd6b9eb7c3e7976de726d7ff7-1748,blank_line_expansion,CWE-119,0.0072098147279788805,1.0,0.0,0.0
ReGVD-structural-local,bigvul-c8f0723d2b4520bdd6b9eb7c3e7976de726d7ff7-1748,brace_line_shift,CWE-119,0.004560530531140472,1.0,0.0,0.0
ReGVD-structural-local,bigvul-c8f0723d2b4520bdd6b9eb7c3e7976de726d7ff7-1748,code_normalization_abstraction,CWE-119,0.0072098147279789915,1.0,0.0,0.0
ReGVD-structural-local,bigvul-c8f0723d2b4520bdd6b9eb7c3e7976de726d7ff7-1748,comment_banner,CWE-119,-0.006150832393991945,0.0,0.0,0.0
ReGVD-structural-local,bigvul-c8f0723d2b4520bdd6b9eb7c3e7976de726d7ff7-1748,control_flow_rewrite,CWE-119,0.004560530531140472,1.0,0.0,0.0
ReGVD-structural-local,bigvul-c8f0723d2b4520bdd6b9eb7c3e7976de726d7ff7-1748,dead_branch_after_opening_brace,CWE-119,-0.0042435623438222825,0.0,0.0,0.0
ReGVD-structural-local,bigvul-c8f0723d2b4520bdd6b9eb7c3e7976de726d7ff7-1748,identifier_renaming,CWE-119,0.0072098147279789915,1.0,0.0,0.0
ReGVD-structural-local,bigvul-c8f0723d2b4520bdd6b9eb7c3e7976de726d7ff7-1748,original,CWE-119,0.004560530531140472,1.0,0.0,0.0
ReGVD-structural-local,bigvul-c8f0723d2b4520bdd6b9eb7c3e7976de726d7ff7-1748,safe_dead_code_carrier,CWE-119,0.013376514847325716,1.0,0.0,0.0
ReGVD-structural-local,bigvul-c94f9e854228e0ea00e1de8769d8d3f7cab84a55-123,blank_line_expansion,unknown,-0.005827643683362083,0.0,0.0,0.0
ReGVD-structural-local,bigvul-c94f9e854228e0ea00e1de8769d8d3f7cab84a55-123,brace_line_shift,unknown,0.006709069638241916,1.0,0.0,0.0
ReGVD-structural-local,bigvul-c94f9e854228e0ea00e1de8769d8d3f7cab84a55-123,code_normalization_abstraction,unknown,0.05717678794413561,1.0,0.0,0.0
ReGVD-structural-local,bigvul-c94f9e854228e0ea00e1de8769d8d3f7cab84a55-123,comment_banner,unknown,0.015263261231498904,1.0,0.0,0.0
ReGVD-structural-local,bigvul-c94f9e854228e0ea00e1de8769d8d3f7cab84a55-123,control_flow_rewrite,unknown,0.003908226469400589,1.0,0.0,0.0
ReGVD-structural-local,bigvul-c94f9e854228e0ea00e1de8769d8d3f7cab84a55-123,dead_branch_after_opening_brace,unknown,0.01411257713363101,1.0,0.0,0.0
ReGVD-structural-local,bigvul-c94f9e854228e0ea00e1de8769d8d3f7cab84a55-123,identifier_renaming,unknown,-0.003058381432666013,0.0,0.0,0.0
ReGVD-structural-local,bigvul-c94f9e854228e0ea00e1de8769d8d3f7cab84a55-123,original,unknown,0.003908226469400589,1.0,0.0,0.0
ReGVD-structural-local,bigvul-c94f9e854228e0ea00e1de8769d8d3f7cab84a55-123,safe_dead_code_carrier,unknown,-0.01986193317813223,0.0,0.0,0.0
ReGVD-structural-local,bigvul-c995d4fe5e96f4d6d4a88b7867279b08e72d2579-2230,blank_line_expansion,CWE-119,-0.07634640630226908,0.0,0.0,0.0
ReGVD-structural-local,bigvul-c995d4fe5e96f4d6d4a88b7867279b08e72d2579-2230,brace_line_shift,CWE-119,-0.05723373948033328,0.0,0.0,0.0
ReGVD-structural-local,bigvul-c995d4fe5e96f4d6d4a88b7867279b08e72d2579-2230,code_normalization_abstraction,CWE-119,-0.007308309162493309,0.0,0.0,0.0
ReGVD-structural-local,bigvul-c995d4fe5e96f4d6d4a88b7867279b08e72d2579-2230,comment_banner,CWE-119,-0.03243247482718564,0.0,0.0,0.0
ReGVD-structural-local,bigvul-c995d4fe5e96f4d6d4a88b7867279b08e72d2579-2230,control_flow_rewrite,CWE-119,-0.07890259247165488,0.0,0.0,0.0
ReGVD-structural-local,bigvul-c995d4fe5e96f4d6d4a88b7867279b08e72d2579-2230,dead_branch_after_opening_brace,CWE-119,0.07031668874331437,1.0,0.0,0.0
ReGVD-structural-local,bigvul-c995d4fe5e96f4d6d4a88b7867279b08e72d2579-2230,identifier_renaming,CWE-119,-0.07890259247165488,0.0,0.0,0.0
ReGVD-structural-local,bigvul-c995d4fe5e96f4d6d4a88b7867279b08e72d2579-2230,original,CWE-119,-0.07890259247165488,0.0,0.0,0.0
ReGVD-structural-local,bigvul-c995d4fe5e96f4d6d4a88b7867279b08e72d2579-2230,safe_dead_code_carrier,CWE-119,0.150392594543029,1.0,0.0,0.0
ReGVD-structural-local,bigvul-cd0bd79d6ebdb72183e6f0833673464cc10b3600-28,blank_line_expansion,unknown,-0.06839863486489595,0.0,0.0,0.0
ReGVD-structural-local,bigvul-cd0bd79d6ebdb72183e6f0833673464cc10b3600-28,brace_line_shift,unknown,-0.03559183287887402,0.0,0.0,0.0
ReGVD-structural-local,bigvul-cd0bd79d6ebdb72183e6f0833673464cc10b3600-28,code_normalization_abstraction,unknown,-0.06839863486489595,0.0,0.0,0.0
ReGVD-structural-local,bigvul-cd0bd79d6ebdb72183e6f0833673464cc10b3600-28,comment_banner,unknown,-0.07104568187415666,0.0,0.0,0.0
ReGVD-structural-local,bigvul-cd0bd79d6ebdb72183e6f0833673464cc10b3600-28,control_flow_rewrite,unknown,-0.06839863486489595,0.0,0.0,0.0
ReGVD-structural-local,bigvul-cd0bd79d6ebdb72183e6f0833673464cc10b3600-28,dead_branch_after_opening_brace,unknown,0.026216986278827847,1.0,0.0,0.0
ReGVD-structural-local,bigvul-cd0bd79d6ebdb72183e6f0833673464cc10b3600-28,identifier_renaming,unknown,0.05073644974936714,1.0,0.0,0.0
ReGVD-structural-local,bigvul-cd0bd79d6ebdb72183e6f0833673464cc10b3600-28,original,unknown,-0.06839863486489595,0.0,0.0,0.0
ReGVD-structural-local,bigvul-cd0bd79d6ebdb72183e6f0833673464cc10b3600-28,safe_dead_code_carrier,unknown,-0.012747007057759885,0.0,0.0,0.0
ReGVD-structural-local,bigvul-d0947db40187f4708c58e64cbd6013faf9eddeed-2221,blank_line_expansion,CWE-119,-0.003561102363327462,0.0,0.0,0.0
ReGVD-structural-local,bigvul-d0947db40187f4708c58e64cbd6013faf9eddeed-2221,brace_line_shift,CWE-119,-0.0035611023633275174,0.0,0.0,0.0
ReGVD-structural-local,bigvul-d0947db40187f4708c58e64cbd6013faf9eddeed-2221,code_normalization_abstraction,CWE-119,-0.003561102363327462,0.0,0.0,0.0
ReGVD-structural-local,bigvul-d0947db40187f4708c58e64cbd6013faf9eddeed-2221,comment_banner,CWE-119,0.002348892452025131,1.0,0.0,0.0
ReGVD-structural-local,bigvul-d0947db40187f4708c58e64cbd6013faf9eddeed-2221,control_flow_rewrite,CWE-119,-0.003561102363327462,0.0,0.0,0.0
ReGVD-structural-local,bigvul-d0947db40187f4708c58e64cbd6013faf9eddeed-2221,dead_branch_after_opening_brace,CWE-119,-0.0011091677037577408,0.0,0.0,0.0
ReGVD-structural-local,bigvul-d0947db40187f4708c58e64cbd6013faf9eddeed-2221,identifier_renaming,CWE-119,-0.003561102363327462,0.0,0.0,0.0
ReGVD-structural-local,bigvul-d0947db40187f4708c58e64cbd6013faf9eddeed-2221,original,CWE-119,-0.003561102363327462,0.0,0.0,0.0
ReGVD-structural-local,bigvul-d0947db40187f4708c58e64cbd6013faf9eddeed-2221,safe_dead_code_carrier,CWE-119,0.009529328224010924,1.0,0.0,0.0
ReGVD-structural-local,bigvul-d27468a832d5316884bd02f459cbf493697fd7e1-992,blank_line_expansion,CWE-254,0.007237549900371898,1.0,0.0,0.0
ReGVD-structural-local,bigvul-d27468a832d5316884bd02f459cbf493697fd7e1-992,brace_line_shift,CWE-254,0.0033440552009595947,1.0,0.0,0.0
ReGVD-structural-local,bigvul-d27468a832d5316884bd02f459cbf493697fd7e1-992,code_normalization_abstraction,CWE-254,0.007774705144338978,1.0,0.0,0.0
ReGVD-structural-local,bigvul-d27468a832d5316884bd02f459cbf493697fd7e1-992,comment_banner,CWE-254,0.0067672699261616676,1.0,0.0,0.0
ReGVD-structural-local,bigvul-d27468a832d5316884bd02f459cbf493697fd7e1-992,control_flow_rewrite,CWE-254,0.005392614750438007,1.0,0.0,0.0
ReGVD-structural-local,bigvul-d27468a832d5316884bd02f459cbf493697fd7e1-992,dead_branch_after_opening_brace,CWE-254,0.008283349045194899,1.0,0.0,0.0
ReGVD-structural-local,bigvul-d27468a832d5316884bd02f459cbf493697fd7e1-992,identifier_renaming,CWE-254,-0.0016842016491472878,0.0,0.0,0.0
ReGVD-structural-local,bigvul-d27468a832d5316884bd02f459cbf493697fd7e1-992,original,CWE-254,0.005392614750438007,1.0,0.0,0.0
ReGVD-structural-local,bigvul-d27468a832d5316884bd02f459cbf493697fd7e1-992,safe_dead_code_carrier,CWE-254,-0.0072044494842545825,0.0,0.0,0.0
ReGVD-structural-local,bigvul-d42b2388f7f8e0332c846675133acea151fc557a-219,blank_line_expansion,CWE-190,0.017005572867098806,1.0,0.0,0.0
ReGVD-structural-local,bigvul-d42b2388f7f8e0332c846675133acea151fc557a-219,brace_line_shift,CWE-190,0.008506791916099266,1.0,0.0,0.0
ReGVD-structural-local,bigvul-d42b2388f7f8e0332c846675133acea151fc557a-219,code_normalization_abstraction,CWE-190,0.0134080939708211,1.0,0.0,0.0
ReGVD-structural-local,bigvul-d42b2388f7f8e0332c846675133acea151fc557a-219,comment_banner,CWE-190,0.01391070532312455,1.0,0.0,0.0
ReGVD-structural-local,bigvul-d42b2388f7f8e0332c846675133acea151fc557a-219,control_flow_rewrite,CWE-190,0.0134080939708211,1.0,0.0,0.0
ReGVD-structural-local,bigvul-d42b2388f7f8e0332c846675133acea151fc557a-219,dead_branch_after_opening_brace,CWE-190,0.012957818850677705,1.0,0.0,0.0
ReGVD-structural-local,bigvul-d42b2388f7f8e0332c846675133acea151fc557a-219,identifier_renaming,CWE-190,0.026496322736758837,1.0,0.0,0.0
ReGVD-structural-local,bigvul-d42b2388f7f8e0332c846675133acea151fc557a-219,original,CWE-190,0.0134080939708211,1.0,0.0,0.0
ReGVD-structural-local,bigvul-d42b2388f7f8e0332c846675133acea151fc557a-219,safe_dead_code_carrier,CWE-190,0.030800431235887715,1.0,0.0,0.0
ReGVD-structural-local,bigvul-d42b2388f7f8e0332c846675133acea151fc557a-839,blank_line_expansion,CWE-190,0.0,0.0,1.0,0.0
ReGVD-structural-local,bigvul-d42b2388f7f8e0332c846675133acea151fc557a-839,brace_line_shift,CWE-190,0.0,0.0,1.0,0.0
ReGVD-structural-local,bigvul-d42b2388f7f8e0332c846675133acea151fc557a-839,code_normalization_abstraction,CWE-190,0.0,0.0,1.0,0.0
ReGVD-structural-local,bigvul-d42b2388f7f8e0332c846675133acea151fc557a-839,comment_banner,CWE-190,0.005555555555555536,1.0,0.0,0.0
ReGVD-structural-local,bigvul-d42b2388f7f8e0332c846675133acea151fc557a-839,control_flow_rewrite,CWE-190,0.0,0.0,1.0,0.0
ReGVD-structural-local,bigvul-d42b2388f7f8e0332c846675133acea151fc557a-839,dead_branch_after_opening_brace,CWE-190,0.0,0.0,1.0,0.0
ReGVD-structural-local,bigvul-d42b2388f7f8e0332c846675133acea151fc557a-839,identifier_renaming,CWE-190,0.0,0.0,1.0,0.0
ReGVD-structural-local,bigvul-d42b2388f7f8e0332c846675133acea151fc557a-839,original,CWE-190,0.0,0.0,1.0,0.0
ReGVD-structural-local,bigvul-d42b2388f7f8e0332c846675133acea151fc557a-839,safe_dead_code_carrier,CWE-190,0.0005440322827701127,1.0,0.0,0.0
ReGVD-structural-local,bigvul-d63a3c5729df59f183e9e110d5d8385d17caaad0-1769,blank_line_expansion,CWE-416,0.004784645287030598,1.0,0.0,0.0
ReGVD-structural-local,bigvul-d63a3c5729df59f183e9e110d5d8385d17caaad0-1769,brace_line_shift,CWE-416,0.004784645287030598,1.0,0.0,0.0
ReGVD-structural-local,bigvul-d63a3c5729df59f183e9e110d5d8385d17caaad0-1769,code_normalization_abstraction,CWE-416,0.004784645287030598,1.0,0.0,0.0
ReGVD-structural-local,bigvul-d63a3c5729df59f183e9e110d5d8385d17caaad0-1769,comment_banner,CWE-416,0.0,0.0,1.0,0.0
ReGVD-structural-local,bigvul-d63a3c5729df59f183e9e110d5d8385d17caaad0-1769,control_flow_rewrite,CWE-416,0.004784645287030598,1.0,0.0,0.0
ReGVD-structural-local,bigvul-d63a3c5729df59f183e9e110d5d8385d17caaad0-1769,dead_branch_after_opening_brace,CWE-416,0.014625455205349025,1.0,0.0,0.0
ReGVD-structural-local,bigvul-d63a3c5729df59f183e9e110d5d8385d17caaad0-1769,identifier_renaming,CWE-416,0.004784645287030598,1.0,0.0,0.0
ReGVD-structural-local,bigvul-d63a3c5729df59f183e9e110d5d8385d17caaad0-1769,original,CWE-416,0.004784645287030598,1.0,0.0,0.0
ReGVD-structural-local,bigvul-d63a3c5729df59f183e9e110d5d8385d17caaad0-1769,safe_dead_code_carrier,CWE-416,-0.007426274856750348,0.0,0.0,0.0
ReGVD-structural-local,bigvul-e21bdfb9c758ac411012ad84f83d26d3f7dd69fb-855,blank_line_expansion,CWE-264,-0.006620099209411423,0.0,0.0,0.0
ReGVD-structural-local,bigvul-e21bdfb9c758ac411012ad84f83d26d3f7dd69fb-855,brace_line_shift,CWE-264,-0.004972533109025901,0.0,0.0,0.0
ReGVD-structural-local,bigvul-e21bdfb9c758ac411012ad84f83d26d3f7dd69fb-855,code_normalization_abstraction,CWE-264,-0.021658110280705356,0.0,0.0,0.0
ReGVD-structural-local,bigvul-e21bdfb9c758ac411012ad84f83d26d3f7dd69fb-855,comment_banner,CWE-264,-0.008777077990818394,0.0,0.0,0.0
ReGVD-structural-local,bigvul-e21bdfb9c758ac411012ad84f83d26d3f7dd69fb-855,control_flow_rewrite,CWE-264,-0.006620099209411423,0.0,0.0,0.0
ReGVD-structural-local,bigvul-e21bdfb9c758ac411012ad84f83d26d3f7dd69fb-855,dead_branch_after_opening_brace,CWE-264,-0.05445411554197882,0.0,0.0,0.0
ReGVD-structural-local,bigvul-e21bdfb9c758ac411012ad84f83d26d3f7dd69fb-855,identifier_renaming,CWE-264,0.0057278407295471845,1.0,0.0,0.0
ReGVD-structural-local,bigvul-e21bdfb9c758ac411012ad84f83d26d3f7dd69fb-855,original,CWE-264,-0.006620099209411423,0.0,0.0,0.0
ReGVD-structural-local,bigvul-e21bdfb9c758ac411012ad84f83d26d3f7dd69fb-855,safe_dead_code_carrier,CWE-264,-0.03607197178662691,0.0,0.0,0.0
ReGVD-structural-local,bigvul-e248db02fbab2ee9162940bc19f087fd7d96cb9d-1187,blank_line_expansion,CWE-119,0.01996416064532991,1.0,0.0,0.0
ReGVD-structural-local,bigvul-e248db02fbab2ee9162940bc19f087fd7d96cb9d-1187,brace_line_shift,CWE-119,0.011395450887722314,1.0,0.0,0.0
ReGVD-structural-local,bigvul-e248db02fbab2ee9162940bc19f087fd7d96cb9d-1187,code_normalization_abstraction,CWE-119,-0.0011308261150625443,0.0,0.0,0.0
ReGVD-structural-local,bigvul-e248db02fbab2ee9162940bc19f087fd7d96cb9d-1187,comment_banner,CWE-119,0.018684242833608367,1.0,0.0,0.0
ReGVD-structural-local,bigvul-e248db02fbab2ee9162940bc19f087fd7d96cb9d-1187,control_flow_rewrite,CWE-119,0.01996416064532991,1.0,0.0,0.0
ReGVD-structural-local,bigvul-e248db02fbab2ee9162940bc19f087fd7d96cb9d-1187,dead_branch_after_opening_brace,CWE-119,0.0007231284480270217,1.0,0.0,0.0
ReGVD-structural-local,bigvul-e248db02fbab2ee9162940bc19f087fd7d96cb9d-1187,identifier_renaming,CWE-119,-0.0009900173625279063,0.0,0.0,0.0
ReGVD-structural-local,bigvul-e248db02fbab2ee9162940bc19f087fd7d96cb9d-1187,original,CWE-119,0.01996416064532991,1.0,0.0,0.0
ReGVD-structural-local,bigvul-e248db02fbab2ee9162940bc19f087fd7d96cb9d-1187,safe_dead_code_carrier,CWE-119,-0.0020117166758343297,0.0,0.0,0.0
ReGVD-structural-local,bigvul-e89cfcb9090e8c98129ae9160c513f504db74599-1448,blank_line_expansion,CWE-20,0.07154861004482321,1.0,0.0,0.0
ReGVD-structural-local,bigvul-e89cfcb9090e8c98129ae9160c513f504db74599-1448,brace_line_shift,CWE-20,0.08377653296116727,1.0,0.0,0.0
ReGVD-structural-local,bigvul-e89cfcb9090e8c98129ae9160c513f504db74599-1448,code_normalization_abstraction,CWE-20,0.07436224820425574,1.0,0.0,0.0
ReGVD-structural-local,bigvul-e89cfcb9090e8c98129ae9160c513f504db74599-1448,comment_banner,CWE-20,0.05483482257804895,1.0,0.0,0.0
ReGVD-structural-local,bigvul-e89cfcb9090e8c98129ae9160c513f504db74599-1448,control_flow_rewrite,CWE-20,0.07436224820425574,1.0,0.0,0.0
ReGVD-structural-local,bigvul-e89cfcb9090e8c98129ae9160c513f504db74599-1448,dead_branch_after_opening_brace,CWE-20,0.06578379192758488,1.0,0.0,0.0
ReGVD-structural-local,bigvul-e89cfcb9090e8c98129ae9160c513f504db74599-1448,identifier_renaming,CWE-20,0.07436224820425574,1.0,0.0,0.0
ReGVD-structural-local,bigvul-e89cfcb9090e8c98129ae9160c513f504db74599-1448,original,CWE-20,0.07436224820425574,1.0,0.0,0.0
ReGVD-structural-local,bigvul-e89cfcb9090e8c98129ae9160c513f504db74599-1448,safe_dead_code_carrier,CWE-20,0.11287757213417188,1.0,0.0,0.0
ReGVD-structural-local,bigvul-e9372a1bfd3588a80fcf49aa07321f0971dd6091-1128,blank_line_expansion,unknown,0.028927935861795373,1.0,0.0,0.0
ReGVD-structural-local,bigvul-e9372a1bfd3588a80fcf49aa07321f0971dd6091-1128,brace_line_shift,unknown,0.033280946779237874,1.0,0.0,0.0
ReGVD-structural-local,bigvul-e9372a1bfd3588a80fcf49aa07321f0971dd6091-1128,code_normalization_abstraction,unknown,-1.9946939775250527e-05,0.0,0.0,0.0
ReGVD-structural-local,bigvul-e9372a1bfd3588a80fcf49aa07321f0971dd6091-1128,comment_banner,unknown,0.03696037707725108,1.0,0.0,0.0
ReGVD-structural-local,bigvul-e9372a1bfd3588a80fcf49aa07321f0971dd6091-1128,control_flow_rewrite,unknown,0.033280946779237874,1.0,0.0,0.0
ReGVD-structural-local,bigvul-e9372a1bfd3588a80fcf49aa07321f0971dd6091-1128,dead_branch_after_opening_brace,unknown,0.014433989199674535,1.0,0.0,0.0
ReGVD-structural-local,bigvul-e9372a1bfd3588a80fcf49aa07321f0971dd6091-1128,identifier_renaming,unknown,0.033280946779237874,1.0,0.0,0.0
ReGVD-structural-local,bigvul-e9372a1bfd3588a80fcf49aa07321f0971dd6091-1128,original,unknown,0.033280946779237874,1.0,0.0,0.0
ReGVD-structural-local,bigvul-e9372a1bfd3588a80fcf49aa07321f0971dd6091-1128,safe_dead_code_carrier,unknown,-0.012299701961101639,0.0,0.0,0.0
ReGVD-structural-local,bigvul-e9372a1bfd3588a80fcf49aa07321f0971dd6091-1892,blank_line_expansion,unknown,-0.009389323429308871,0.0,0.0,0.0
ReGVD-structural-local,bigvul-e9372a1bfd3588a80fcf49aa07321f0971dd6091-1892,brace_line_shift,unknown,-0.009389323429308871,0.0,0.0,0.0
ReGVD-structural-local,bigvul-e9372a1bfd3588a80fcf49aa07321f0971dd6091-1892,code_normalization_abstraction,unknown,-0.02521348993091488,0.0,0.0,0.0
ReGVD-structural-local,bigvul-e9372a1bfd3588a80fcf49aa07321f0971dd6091-1892,comment_banner,unknown,-0.005134590796849248,0.0,0.0,0.0
ReGVD-structural-local,bigvul-e9372a1bfd3588a80fcf49aa07321f0971dd6091-1892,control_flow_rewrite,unknown,-0.009389323429308871,0.0,0.0,0.0
ReGVD-structural-local,bigvul-e9372a1bfd3588a80fcf49aa07321f0971dd6091-1892,dead_branch_after_opening_brace,unknown,0.006837732161119159,1.0,0.0,0.0
ReGVD-structural-local,bigvul-e9372a1bfd3588a80fcf49aa07321f0971dd6091-1892,identifier_renaming,unknown,0.0020963728761507205,1.0,0.0,0.0
ReGVD-structural-local,bigvul-e9372a1bfd3588a80fcf49aa07321f0971dd6091-1892,original,unknown,-0.009389323429308871,0.0,0.0,0.0
ReGVD-structural-local,bigvul-e9372a1bfd3588a80fcf49aa07321f0971dd6091-1892,safe_dead_code_carrier,unknown,0.0023408422474194834,1.0,0.0,0.0
ReGVD-structural-local,bigvul-eaf2e8bce3855d362e53034bd83f0e3aff8714e4-1860,blank_line_expansion,unknown,0.08737116129396455,1.0,0.0,0.0
ReGVD-structural-local,bigvul-eaf2e8bce3855d362e53034bd83f0e3aff8714e4-1860,brace_line_shift,unknown,0.07885604342864072,1.0,0.0,0.0
ReGVD-structural-local,bigvul-eaf2e8bce3855d362e53034bd83f0e3aff8714e4-1860,code_normalization_abstraction,unknown,0.09383790189737162,1.0,0.0,0.0
ReGVD-structural-local,bigvul-eaf2e8bce3855d362e53034bd83f0e3aff8714e4-1860,comment_banner,unknown,0.021936530621845918,1.0,0.0,0.0
ReGVD-structural-local,bigvul-eaf2e8bce3855d362e53034bd83f0e3aff8714e4-1860,control_flow_rewrite,unknown,0.09383790189737162,1.0,0.0,0.0
ReGVD-structural-local,bigvul-eaf2e8bce3855d362e53034bd83f0e3aff8714e4-1860,dead_branch_after_opening_brace,unknown,0.005986546683846072,1.0,0.0,0.0
ReGVD-structural-local,bigvul-eaf2e8bce3855d362e53034bd83f0e3aff8714e4-1860,identifier_renaming,unknown,0.09383790189737162,1.0,0.0,0.0
ReGVD-structural-local,bigvul-eaf2e8bce3855d362e53034bd83f0e3aff8714e4-1860,original,unknown,0.09383790189737162,1.0,0.0,0.0
ReGVD-structural-local,bigvul-eaf2e8bce3855d362e53034bd83f0e3aff8714e4-1860,safe_dead_code_carrier,unknown,0.020581480481295822,1.0,0.0,0.0
ReGVD-structural-local,bigvul-edc7d3035883ddca8413e4fe7689aa2e579ef04a-2146,blank_line_expansion,CWE-125,0.006488910075425902,1.0,0.0,0.0
ReGVD-structural-local,bigvul-edc7d3035883ddca8413e4fe7689aa2e579ef04a-2146,brace_line_shift,CWE-125,-0.0010413899594658438,0.0,0.0,0.0
ReGVD-structural-local,bigvul-edc7d3035883ddca8413e4fe7689aa2e579ef04a-2146,code_normalization_abstraction,CWE-125,-0.002266685410424518,0.0,0.0,0.0
ReGVD-structural-local,bigvul-edc7d3035883ddca8413e4fe7689aa2e579ef04a-2146,comment_banner,CWE-125,0.0511616534580433,1.0,0.0,0.0
ReGVD-structural-local,bigvul-edc7d3035883ddca8413e4fe7689aa2e579ef04a-2146,control_flow_rewrite,CWE-125,-0.002266685410424518,0.0,0.0,0.0
ReGVD-structural-local,bigvul-edc7d3035883ddca8413e4fe7689aa2e579ef04a-2146,dead_branch_after_opening_brace,CWE-125,0.00495176808164044,1.0,0.0,0.0
ReGVD-structural-local,bigvul-edc7d3035883ddca8413e4fe7689aa2e579ef04a-2146,identifier_renaming,CWE-125,-0.002266685410424518,0.0,0.0,0.0
ReGVD-structural-local,bigvul-edc7d3035883ddca8413e4fe7689aa2e579ef04a-2146,original,CWE-125,-0.002266685410424518,0.0,0.0,0.0
ReGVD-structural-local,bigvul-edc7d3035883ddca8413e4fe7689aa2e579ef04a-2146,safe_dead_code_carrier,CWE-125,-0.06507502196866677,0.0,0.0,0.0
ReGVD-structural-local,bigvul-edd4a76eb4747bd19ed122df46fa46b452c12a0d-1890,blank_line_expansion,CWE-189,0.04556500884054493,1.0,0.0,0.0
ReGVD-structural-local,bigvul-edd4a76eb4747bd19ed122df46fa46b452c12a0d-1890,brace_line_shift,CWE-189,0.049299753292858406,1.0,0.0,0.0
ReGVD-structural-local,bigvul-edd4a76eb4747bd19ed122df46fa46b452c12a0d-1890,code_normalization_abstraction,CWE-189,0.045240138535909136,1.0,0.0,0.0
ReGVD-structural-local,bigvul-edd4a76eb4747bd19ed122df46fa46b452c12a0d-1890,comment_banner,CWE-189,0.053233685522591834,1.0,0.0,0.0
ReGVD-structural-local,bigvul-edd4a76eb4747bd19ed122df46fa46b452c12a0d-1890,control_flow_rewrite,CWE-189,0.052281270875227936,1.0,0.0,0.0
ReGVD-structural-local,bigvul-edd4a76eb4747bd19ed122df46fa46b452c12a0d-1890,dead_branch_after_opening_brace,CWE-189,0.09434840013780355,1.0,0.0,0.0
ReGVD-structural-local,bigvul-edd4a76eb4747bd19ed122df46fa46b452c12a0d-1890,identifier_renaming,CWE-189,0.03092932151391914,1.0,0.0,0.0
ReGVD-structural-local,bigvul-edd4a76eb4747bd19ed122df46fa46b452c12a0d-1890,original,CWE-189,0.052281270875227936,1.0,0.0,0.0
ReGVD-structural-local,bigvul-edd4a76eb4747bd19ed122df46fa46b452c12a0d-1890,safe_dead_code_carrier,CWE-189,0.09174973761695554,1.0,0.0,0.0
ReGVD-structural-local,bigvul-eea3300239f0b53e172a320eb8de59d0bea65f27-1319,blank_line_expansion,CWE-200,-0.12503757894511203,0.0,0.0,0.0
ReGVD-structural-local,bigvul-eea3300239f0b53e172a320eb8de59d0bea65f27-1319,brace_line_shift,CWE-200,-0.13286398054611004,0.0,0.0,0.0
ReGVD-structural-local,bigvul-eea3300239f0b53e172a320eb8de59d0bea65f27-1319,code_normalization_abstraction,CWE-200,-0.13556860610939636,0.0,0.0,0.0
ReGVD-structural-local,bigvul-eea3300239f0b53e172a320eb8de59d0bea65f27-1319,comment_banner,CWE-200,-0.1287063804526729,0.0,0.0,0.0
ReGVD-structural-local,bigvul-eea3300239f0b53e172a320eb8de59d0bea65f27-1319,control_flow_rewrite,CWE-200,-0.12503757894511203,0.0,0.0,0.0
ReGVD-structural-local,bigvul-eea3300239f0b53e172a320eb8de59d0bea65f27-1319,dead_branch_after_opening_brace,CWE-200,-0.14708544192379097,0.0,0.0,0.0
ReGVD-structural-local,bigvul-eea3300239f0b53e172a320eb8de59d0bea65f27-1319,identifier_renaming,CWE-200,-0.12503757894511203,0.0,0.0,0.0
ReGVD-structural-local,bigvul-eea3300239f0b53e172a320eb8de59d0bea65f27-1319,original,CWE-200,-0.12503757894511203,0.0,0.0,0.0
ReGVD-structural-local,bigvul-eea3300239f0b53e172a320eb8de59d0bea65f27-1319,safe_dead_code_carrier,CWE-200,-0.13391039884111577,0.0,0.0,0.0
ReGVD-structural-local,bigvul-ef85b67385436ddc1998f45f1d6a210f935b3388-2254,blank_line_expansion,CWE-388,-0.032216900459230924,0.0,0.0,0.0
ReGVD-structural-local,bigvul-ef85b67385436ddc1998f45f1d6a210f935b3388-2254,brace_line_shift,CWE-388,-0.032216900459230924,0.0,0.0,0.0
ReGVD-structural-local,bigvul-ef85b67385436ddc1998f45f1d6a210f935b3388-2254,code_normalization_abstraction,CWE-388,-0.032216900459230924,0.0,0.0,0.0
ReGVD-structural-local,bigvul-ef85b67385436ddc1998f45f1d6a210f935b3388-2254,comment_banner,CWE-388,-0.014199361898009744,0.0,0.0,0.0
ReGVD-structural-local,bigvul-ef85b67385436ddc1998f45f1d6a210f935b3388-2254,control_flow_rewrite,CWE-388,-0.032216900459230924,0.0,0.0,0.0
ReGVD-structural-local,bigvul-ef85b67385436ddc1998f45f1d6a210f935b3388-2254,dead_branch_after_opening_brace,CWE-388,-0.006769930512964317,0.0,0.0,0.0
ReGVD-structural-local,bigvul-ef85b67385436ddc1998f45f1d6a210f935b3388-2254,identifier_renaming,CWE-388,-0.032216900459230924,0.0,0.0,0.0
ReGVD-structural-local,bigvul-ef85b67385436ddc1998f45f1d6a210f935b3388-2254,original,CWE-388,-0.032216900459230924,0.0,0.0,0.0
ReGVD-structural-local,bigvul-ef85b67385436ddc1998f45f1d6a210f935b3388-2254,safe_dead_code_carrier,CWE-388,0.02262781851795792,1.0,0.0,0.0
ReGVD-structural-local,bigvul-f597300439e62f5e921f0d7b1e880b5c1a1f1607-1839,blank_line_expansion,CWE-416,-0.0027816222972375515,0.0,0.0,0.0
ReGVD-structural-local,bigvul-f597300439e62f5e921f0d7b1e880b5c1a1f1607-1839,brace_line_shift,CWE-416,-0.0027816222972375515,0.0,0.0,0.0
ReGVD-structural-local,bigvul-f597300439e62f5e921f0d7b1e880b5c1a1f1607-1839,code_normalization_abstraction,CWE-416,-0.0027816222972375515,0.0,0.0,0.0
ReGVD-structural-local,bigvul-f597300439e62f5e921f0d7b1e880b5c1a1f1607-1839,comment_banner,CWE-416,-0.0002015275037334785,0.0,0.0,0.0
ReGVD-structural-local,bigvul-f597300439e62f5e921f0d7b1e880b5c1a1f1607-1839,control_flow_rewrite,CWE-416,-0.0027816222972375515,0.0,0.0,0.0
ReGVD-structural-local,bigvul-f597300439e62f5e921f0d7b1e880b5c1a1f1607-1839,dead_branch_after_opening_brace,CWE-416,-0.006620574784609423,0.0,0.0,0.0
ReGVD-structural-local,bigvul-f597300439e62f5e921f0d7b1e880b5c1a1f1607-1839,identifier_renaming,CWE-416,-0.003412235186646795,0.0,0.0,0.0
ReGVD-structural-local,bigvul-f597300439e62f5e921f0d7b1e880b5c1a1f1607-1839,original,CWE-416,-0.0027816222972375515,0.0,0.0,0.0
ReGVD-structural-local,bigvul-f597300439e62f5e921f0d7b1e880b5c1a1f1607-1839,safe_dead_code_carrier,CWE-416,-0.0121823571065931,0.0,0.0,0.0
ReGVD-structural-local,bigvul-fc80ab45621bd966f70594c0b7393ec005a94007-2360,blank_line_expansion,CWE-772,0.05855433783448938,1.0,0.0,0.0
ReGVD-structural-local,bigvul-fc80ab45621bd966f70594c0b7393ec005a94007-2360,brace_line_shift,CWE-772,0.05855433783448938,1.0,0.0,0.0
ReGVD-structural-local,bigvul-fc80ab45621bd966f70594c0b7393ec005a94007-2360,code_normalization_abstraction,CWE-772,0.047689186708039344,1.0,0.0,0.0
ReGVD-structural-local,bigvul-fc80ab45621bd966f70594c0b7393ec005a94007-2360,comment_banner,CWE-772,0.056638578551447494,1.0,0.0,0.0
ReGVD-structural-local,bigvul-fc80ab45621bd966f70594c0b7393ec005a94007-2360,control_flow_rewrite,CWE-772,0.05855433783448938,1.0,0.0,0.0
ReGVD-structural-local,bigvul-fc80ab45621bd966f70594c0b7393ec005a94007-2360,dead_branch_after_opening_brace,CWE-772,0.06281511527391848,1.0,0.0,0.0
ReGVD-structural-local,bigvul-fc80ab45621bd966f70594c0b7393ec005a94007-2360,identifier_renaming,CWE-772,0.04377954558176578,1.0,0.0,0.0
ReGVD-structural-local,bigvul-fc80ab45621bd966f70594c0b7393ec005a94007-2360,original,CWE-772,0.05855433783448938,1.0,0.0,0.0
ReGVD-structural-local,bigvul-fc80ab45621bd966f70594c0b7393ec005a94007-2360,safe_dead_code_carrier,CWE-772,0.07441503246319736,1.0,0.0,0.0
