detector,base_id,transform,cwe,score_margin,vdcp_success,score_tie,decision_success
VulBERTa-public,juliet-CWE114-0044,original,CWE114,0.12180311977863312,1.0,0.0,0.0
VulBERTa-public,juliet-CWE114-0071,original,CWE114,0.20370512828230858,1.0,0.0,0.0
VulBERTa-public,juliet-CWE114-0077,original,CWE114,0.12779217958450317,1.0,0.0,0.0
VulBERTa-public,juliet-CWE114-0166,original,CWE114,0.06393362581729889,1.0,0.0,0.0
VulBERTa-public,juliet-CWE114-0210,original,CWE114,0.07783198356628418,1.0,0.0,0.0
VulBERTa-public,juliet-CWE114-0250,original,CWE114,0.11893138289451599,1.0,0.0,0.0
VulBERTa-public,juliet-CWE114-0320,original,CWE114,-0.0023554153740406036,0.0,0.0,0.0
VulBERTa-public,juliet-CWE114-0363,original,CWE114,0.23308898508548737,1.0,0.0,0.0
VulBERTa-public,juliet-CWE114-0369,original,CWE114,0.11163585633039474,1.0,0.0,0.0
VulBERTa-public,juliet-CWE121-0045,original,CWE121,-0.5042004883289337,0.0,0.0,0.0
VulBERTa-public,juliet-CWE121-0100,original,CWE121,0.18390828371047974,1.0,0.0,0.0
VulBERTa-public,juliet-CWE121-0146,original,CWE121,-0.38837137818336487,0.0,0.0,0.0
VulBERTa-public,juliet-CWE121-0167,original,CWE121,-0.5784246474504471,0.0,0.0,0.0
VulBERTa-public,juliet-CWE121-0256,original,CWE121,-0.6665262281894684,0.0,0.0,0.0
VulBERTa-public,juliet-CWE121-0296,original,CWE121,-0.3080083131790161,0.0,0.0,0.0
VulBERTa-public,juliet-CWE121-0334,original,CWE121,0.0014809444546699524,1.0,0.0,0.0
VulBERTa-public,juliet-CWE122-0024,original,CWE122,-0.027602650225162506,0.0,0.0,0.0
VulBERTa-public,juliet-CWE122-0041,original,CWE122,-0.2056320607662201,0.0,0.0,0.0
VulBERTa-public,juliet-CWE122-0072,original,CWE122,-0.173635333776474,0.0,0.0,0.0
VulBERTa-public,juliet-CWE122-0074,original,CWE122,-0.17048048973083496,0.0,0.0,0.0
VulBERTa-public,juliet-CWE122-0105,original,CWE122,-0.029693588614463806,0.0,0.0,0.0
VulBERTa-public,juliet-CWE122-0147,original,CWE122,-0.09414398670196533,0.0,0.0,0.0
VulBERTa-public,juliet-CWE122-0215,original,CWE122,-0.525346428155899,0.0,0.0,0.0
VulBERTa-public,juliet-CWE122-0218,original,CWE122,0.09256203472614288,1.0,0.0,0.0
VulBERTa-public,juliet-CWE122-0359,original,CWE122,-0.16269619762897491,0.0,0.0,0.0
VulBERTa-public,juliet-CWE123-0042,original,CWE123,-0.2127349078655243,0.0,0.0,0.0
VulBERTa-public,juliet-CWE123-0047,original,CWE123,-0.23720194399356842,0.0,0.0,0.0
VulBERTa-public,juliet-CWE123-0084,original,CWE123,0.5063546150922775,1.0,0.0,1.0
VulBERTa-public,juliet-CWE123-0086,original,CWE123,-0.22362059354782104,0.0,0.0,0.0
VulBERTa-public,juliet-CWE123-0110,original,CWE123,-0.28531724214553833,0.0,0.0,0.0
VulBERTa-public,juliet-CWE123-0114,original,CWE123,0.022023558616638184,1.0,0.0,0.0
VulBERTa-public,juliet-CWE123-0178,original,CWE123,-0.2853856682777405,0.0,0.0,0.0
VulBERTa-public,juliet-CWE123-0259,original,CWE123,-0.03480568528175354,0.0,0.0,0.0
VulBERTa-public,juliet-CWE123-0328,original,CWE123,-0.31123802065849304,0.0,0.0,0.0
VulBERTa-public,juliet-CWE123-0399,original,CWE123,-0.43111860752105713,0.0,0.0,0.0
VulBERTa-public,juliet-CWE124-0009,original,CWE124,0.05231216549873352,1.0,0.0,0.0
VulBERTa-public,juliet-CWE124-0133,original,CWE124,0.3847607672214508,1.0,0.0,0.0
VulBERTa-public,juliet-CWE124-0165,original,CWE124,-0.5970668792724609,0.0,0.0,0.0
VulBERTa-public,juliet-CWE124-0193,original,CWE124,-0.39726900309324265,0.0,0.0,0.0
VulBERTa-public,juliet-CWE124-0274,original,CWE124,-0.6138113141059875,0.0,0.0,0.0
VulBERTa-public,juliet-CWE124-0278,original,CWE124,0.014877855777740479,1.0,0.0,0.0
VulBERTa-public,juliet-CWE124-0306,original,CWE124,-0.013104021549224854,0.0,0.0,0.0
VulBERTa-public,juliet-CWE124-0319,original,CWE124,0.0245649516582489,1.0,0.0,0.0
VulBERTa-public,juliet-CWE124-0354,original,CWE124,-0.039750635623931885,0.0,0.0,0.0
VulBERTa-public,juliet-CWE124-0370,original,CWE124,0.046372078359127045,1.0,0.0,0.0
VulBERTa-public,juliet-CWE126-0031,original,CWE126,0.1316739171743393,1.0,0.0,0.0
VulBERTa-public,juliet-CWE126-0096,original,CWE126,0.13250936567783356,1.0,0.0,0.0
VulBERTa-public,juliet-CWE126-0107,original,CWE126,0.08007664978504181,1.0,0.0,0.0
VulBERTa-public,juliet-CWE126-0132,original,CWE126,-0.4625121131539345,0.0,0.0,0.0
VulBERTa-public,juliet-CWE126-0230,original,CWE126,-0.1392737329006195,0.0,0.0,0.0
VulBERTa-public,juliet-CWE126-0237,original,CWE126,-0.313078373670578,0.0,0.0,0.0
VulBERTa-public,juliet-CWE126-0252,original,CWE126,-0.06464499235153198,0.0,0.0,0.0
VulBERTa-public,juliet-CWE126-0258,original,CWE126,-0.3436805307865143,0.0,0.0,0.0
VulBERTa-public,juliet-CWE126-0279,original,CWE126,-0.7545653060078621,0.0,0.0,0.0
VulBERTa-public,juliet-CWE126-0309,original,CWE126,0.034291744232177734,1.0,0.0,0.0
VulBERTa-public,juliet-CWE126-0345,original,CWE126,0.36139078438282013,1.0,0.0,1.0
VulBERTa-public,juliet-CWE127-0001,original,CWE127,-0.37262631952762604,0.0,0.0,0.0
VulBERTa-public,juliet-CWE127-0190,original,CWE127,0.30855053663253784,1.0,0.0,0.0
VulBERTa-public,juliet-CWE127-0292,original,CWE127,-0.29986369609832764,0.0,0.0,0.0
VulBERTa-public,juliet-CWE127-0336,original,CWE127,-0.09388088434934616,0.0,0.0,0.0
VulBERTa-public,juliet-CWE134-0005,original,CWE134,0.27664509415626526,1.0,0.0,0.0
VulBERTa-public,juliet-CWE134-0070,original,CWE134,0.12741146236658096,1.0,0.0,0.0
VulBERTa-public,juliet-CWE134-0103,original,CWE134,0.16162465885281563,1.0,0.0,0.0
VulBERTa-public,juliet-CWE134-0235,original,CWE134,0.08939625322818756,1.0,0.0,0.0
VulBERTa-public,juliet-CWE134-0257,original,CWE134,0.1861392855644226,1.0,0.0,0.0
VulBERTa-public,juliet-CWE134-0311,original,CWE134,0.2814120054244995,1.0,0.0,0.0
VulBERTa-public,juliet-CWE134-0316,original,CWE134,0.16965998709201813,1.0,0.0,0.0
VulBERTa-public,juliet-CWE134-0351,original,CWE134,0.2149096168577671,1.0,0.0,0.0
VulBERTa-public,juliet-CWE15-0026,original,CWE15,0.2206416055560112,1.0,0.0,0.0
VulBERTa-public,juliet-CWE15-0039,original,CWE15,0.1725313514471054,1.0,0.0,0.0
VulBERTa-public,juliet-CWE15-0078,original,CWE15,0.004659205675125122,1.0,0.0,0.0
VulBERTa-public,juliet-CWE15-0121,original,CWE15,0.2242146134376526,1.0,0.0,0.0
VulBERTa-public,juliet-CWE15-0158,original,CWE15,0.26895011216402054,1.0,0.0,0.0
VulBERTa-public,juliet-CWE15-0239,original,CWE15,0.21203581988811493,1.0,0.0,0.0
VulBERTa-public,juliet-CWE15-0248,original,CWE15,0.24244194105267525,1.0,0.0,0.0
VulBERTa-public,juliet-CWE15-0254,original,CWE15,0.2223913073539734,1.0,0.0,0.0
VulBERTa-public,juliet-CWE15-0270,original,CWE15,0.19628245756030083,1.0,0.0,0.0
VulBERTa-public,juliet-CWE15-0273,original,CWE15,0.2130436971783638,1.0,0.0,0.0
VulBERTa-public,juliet-CWE15-0385,original,CWE15,0.20990484952926636,1.0,0.0,0.0
VulBERTa-public,juliet-CWE176-0119,original,CWE176,-0.3094852790236473,0.0,0.0,0.0
VulBERTa-public,juliet-CWE176-0161,original,CWE176,-0.03464186191558838,0.0,0.0,0.0
VulBERTa-public,juliet-CWE176-0168,original,CWE176,-0.09613347798585892,0.0,0.0,0.0
VulBERTa-public,juliet-CWE176-0180,original,CWE176,-0.34574151039123535,0.0,0.0,0.0
VulBERTa-public,juliet-CWE176-0213,original,CWE176,-0.17724980413913727,0.0,0.0,0.0
VulBERTa-public,juliet-CWE176-0224,original,CWE176,-0.19138317555189133,0.0,0.0,0.0
VulBERTa-public,juliet-CWE176-0225,original,CWE176,-0.19179486483335495,0.0,0.0,0.0
VulBERTa-public,juliet-CWE176-0299,original,CWE176,-0.056675925850868225,0.0,0.0,0.0
VulBERTa-public,juliet-CWE190-0003,original,CWE190,-0.5028169378638268,0.0,0.0,0.0
VulBERTa-public,juliet-CWE190-0068,original,CWE190,-0.06880229711532593,0.0,0.0,0.0
VulBERTa-public,juliet-CWE190-0130,original,CWE190,-0.3680495023727417,0.0,0.0,0.0
VulBERTa-public,juliet-CWE190-0186,original,CWE190,-0.13375571370124817,0.0,0.0,0.0
VulBERTa-public,juliet-CWE190-0240,original,CWE190,0.02806960791349411,1.0,0.0,0.0
VulBERTa-public,juliet-CWE190-0307,original,CWE190,0.29607412964105606,1.0,0.0,0.0
VulBERTa-public,juliet-CWE190-0365,original,CWE190,0.1956576704978943,1.0,0.0,0.0
VulBERTa-public,juliet-CWE191-0019,original,CWE191,-0.02407379448413849,0.0,0.0,0.0
VulBERTa-public,juliet-CWE191-0098,original,CWE191,0.7261004596948624,1.0,0.0,1.0
VulBERTa-public,juliet-CWE191-0123,original,CWE191,-0.03466905280947685,0.0,0.0,0.0
VulBERTa-public,juliet-CWE191-0201,original,CWE191,0.2961640954017639,1.0,0.0,0.0
VulBERTa-public,juliet-CWE191-0217,original,CWE191,-0.02945166826248169,0.0,0.0,0.0
VulBERTa-public,juliet-CWE191-0335,original,CWE191,-0.038501061499118805,0.0,0.0,0.0
VulBERTa-public,juliet-CWE191-0381,original,CWE191,0.4294847100973129,1.0,0.0,1.0
VulBERTa-public,juliet-CWE194-0007,original,CWE194,-0.04189091920852661,0.0,0.0,0.0
VulBERTa-public,juliet-CWE194-0022,original,CWE194,0.04269088804721832,1.0,0.0,0.0
VulBERTa-public,juliet-CWE194-0051,original,CWE194,-0.5559113696217537,0.0,0.0,0.0
VulBERTa-public,juliet-CWE194-0053,original,CWE194,-0.08590750396251678,0.0,0.0,0.0
VulBERTa-public,juliet-CWE194-0150,original,CWE194,0.02675105631351471,1.0,0.0,0.0
VulBERTa-public,juliet-CWE194-0157,original,CWE194,-0.6083665639162064,0.0,0.0,0.0
VulBERTa-public,juliet-CWE194-0169,original,CWE194,0.10767138749361038,1.0,0.0,0.0
VulBERTa-public,juliet-CWE194-0332,original,CWE194,0.00634504109621048,1.0,0.0,0.0
VulBERTa-public,juliet-CWE194-0353,original,CWE194,-0.0454464815557003,0.0,0.0,0.0
VulBERTa-public,juliet-CWE194-0380,original,CWE194,0.12187309563159943,1.0,0.0,0.0
VulBERTa-public,juliet-CWE194-0388,original,CWE194,-0.07502894848585129,0.0,0.0,0.0
VulBERTa-public,juliet-CWE195-0016,original,CWE195,0.06327461451292038,1.0,0.0,0.0
VulBERTa-public,juliet-CWE195-0163,original,CWE195,0.575144823640585,1.0,0.0,1.0
VulBERTa-public,juliet-CWE195-0185,original,CWE195,0.0461033433675766,1.0,0.0,0.0
VulBERTa-public,juliet-CWE195-0196,original,CWE195,0.14461058378219604,1.0,0.0,0.0
VulBERTa-public,juliet-CWE195-0199,original,CWE195,-0.13342952728271484,0.0,0.0,0.0
VulBERTa-public,juliet-CWE195-0346,original,CWE195,0.09167678654193878,1.0,0.0,0.0
VulBERTa-public,juliet-CWE195-0356,original,CWE195,0.15293330699205399,1.0,0.0,0.0
VulBERTa-public,juliet-CWE197-0012,original,CWE197,-0.03570549935102463,0.0,0.0,0.0
VulBERTa-public,juliet-CWE197-0061,original,CWE197,0.0224703848361969,1.0,0.0,0.0
VulBERTa-public,juliet-CWE197-0067,original,CWE197,0.036538831889629364,1.0,0.0,0.0
VulBERTa-public,juliet-CWE197-0082,original,CWE197,-0.01956818252801895,0.0,0.0,0.0
VulBERTa-public,juliet-CWE197-0260,original,CWE197,-0.02664642408490181,0.0,0.0,0.0
VulBERTa-public,juliet-CWE197-0339,original,CWE197,0.07860808819532394,1.0,0.0,0.0
VulBERTa-public,juliet-CWE197-0350,original,CWE197,-0.028548400849103928,0.0,0.0,0.0
VulBERTa-public,juliet-CWE256-0015,original,CWE256,0.016732409596443176,1.0,0.0,0.0
VulBERTa-public,juliet-CWE256-0028,original,CWE256,-0.26181361824274063,0.0,0.0,0.0
VulBERTa-public,juliet-CWE256-0138,original,CWE256,-0.2536710798740387,0.0,0.0,0.0
VulBERTa-public,juliet-CWE256-0192,original,CWE256,-0.16150233894586563,0.0,0.0,0.0
VulBERTa-public,juliet-CWE256-0304,original,CWE256,-0.24879754334688187,0.0,0.0,0.0
VulBERTa-public,juliet-CWE256-0310,original,CWE256,-0.16021929681301117,0.0,0.0,0.0
VulBERTa-public,juliet-CWE256-0322,original,CWE256,-0.2496039718389511,0.0,0.0,0.0
VulBERTa-public,juliet-CWE256-0371,original,CWE256,-0.2441936507821083,0.0,0.0,0.0
VulBERTa-public,juliet-CWE259-0029,original,CWE259,0.2265268862247467,1.0,0.0,0.0
VulBERTa-public,juliet-CWE259-0126,original,CWE259,-0.024517327547073364,0.0,0.0,0.0
VulBERTa-public,juliet-CWE259-0129,original,CWE259,-0.04751548171043396,0.0,0.0,0.0
VulBERTa-public,juliet-CWE259-0174,original,CWE259,0.054174602031707764,1.0,0.0,0.0
VulBERTa-public,juliet-CWE259-0175,original,CWE259,-0.26805397123098373,0.0,0.0,0.0
VulBERTa-public,juliet-CWE259-0176,original,CWE259,-0.05050598084926605,0.0,0.0,0.0
VulBERTa-public,juliet-CWE259-0200,original,CWE259,-0.055271461606025696,0.0,0.0,0.0
VulBERTa-public,juliet-CWE259-0206,original,CWE259,-0.1961643546819687,0.0,0.0,0.0
VulBERTa-public,juliet-CWE259-0355,original,CWE259,-0.07405164837837219,0.0,0.0,0.0
VulBERTa-public,juliet-CWE319-0017,original,CWE319,0.27940014749765396,1.0,0.0,0.0
VulBERTa-public,juliet-CWE319-0102,original,CWE319,0.19613585621118546,1.0,0.0,0.0
VulBERTa-public,juliet-CWE319-0141,original,CWE319,0.05668462812900543,1.0,0.0,0.0
VulBERTa-public,juliet-CWE319-0232,original,CWE319,0.011629864573478699,1.0,0.0,0.0
VulBERTa-public,juliet-CWE319-0245,original,CWE319,-0.09130613505840302,0.0,0.0,0.0
VulBERTa-public,juliet-CWE319-0272,original,CWE319,0.13472286611795425,1.0,0.0,0.0
VulBERTa-public,juliet-CWE319-0276,original,CWE319,0.0865543782711029,1.0,0.0,0.0
VulBERTa-public,juliet-CWE319-0297,original,CWE319,-0.0889987051486969,0.0,0.0,0.0
VulBERTa-public,juliet-CWE321-0111,original,CWE321,-0.19166702032089233,0.0,0.0,0.0
VulBERTa-public,juliet-CWE321-0308,original,CWE321,-0.23750847578048706,0.0,0.0,0.0
VulBERTa-public,juliet-CWE321-0312,original,CWE321,-0.25660382956266403,0.0,0.0,0.0
VulBERTa-public,juliet-CWE321-0323,original,CWE321,-0.569402426481247,0.0,0.0,0.0
VulBERTa-public,juliet-CWE321-0325,original,CWE321,-0.1194995567202568,0.0,0.0,0.0
VulBERTa-public,juliet-CWE321-0364,original,CWE321,0.03085950016975403,1.0,0.0,0.0
VulBERTa-public,juliet-CWE321-0383,original,CWE321,0.03486514091491699,1.0,0.0,0.0
VulBERTa-public,juliet-CWE321-0397,original,CWE321,-0.14949041604995728,0.0,0.0,0.0
VulBERTa-public,juliet-CWE369-0152,original,CWE369,-0.5723436065018177,0.0,0.0,0.0
VulBERTa-public,juliet-CWE369-0181,original,CWE369,0.06355118751525879,1.0,0.0,0.0
VulBERTa-public,juliet-CWE369-0207,original,CWE369,0.003649674355983734,1.0,0.0,0.0
VulBERTa-public,juliet-CWE369-0324,original,CWE369,0.03246842697262764,1.0,0.0,0.0
VulBERTa-public,juliet-CWE369-0373,original,CWE369,0.21891765296459198,1.0,0.0,0.0
VulBERTa-public,juliet-CWE400-0018,original,CWE400,0.09799100458621979,1.0,0.0,0.0
VulBERTa-public,juliet-CWE400-0043,original,CWE400,0.12752899527549744,1.0,0.0,0.0
VulBERTa-public,juliet-CWE400-0076,original,CWE400,0.10236483812332153,1.0,0.0,0.0
VulBERTa-public,juliet-CWE400-0194,original,CWE400,0.09916433691978455,1.0,0.0,0.0
VulBERTa-public,juliet-CWE400-0219,original,CWE400,0.8785406276583672,1.0,0.0,1.0
VulBERTa-public,juliet-CWE400-0263,original,CWE400,0.13501711189746857,1.0,0.0,0.0
VulBERTa-public,juliet-CWE400-0266,original,CWE400,-0.7257775664329529,0.0,0.0,0.0
VulBERTa-public,juliet-CWE400-0288,original,CWE400,0.5297720953822136,1.0,0.0,1.0
VulBERTa-public,juliet-CWE400-0343,original,CWE400,-0.0006753355264663696,0.0,0.0,0.0
VulBERTa-public,juliet-CWE401-0021,original,CWE401,-0.08873884379863739,0.0,0.0,0.0
VulBERTa-public,juliet-CWE401-0091,original,CWE401,0.12445264682173729,1.0,0.0,0.0
VulBERTa-public,juliet-CWE401-0108,original,CWE401,-0.006856173276901245,0.0,0.0,0.0
VulBERTa-public,juliet-CWE401-0140,original,CWE401,0.04721011221408844,1.0,0.0,0.0
VulBERTa-public,juliet-CWE401-0283,original,CWE401,0.005313567817211151,1.0,0.0,0.0
VulBERTa-public,juliet-CWE401-0286,original,CWE401,-0.02939501404762268,0.0,0.0,0.0
VulBERTa-public,juliet-CWE401-0374,original,CWE401,0.0012964867055416107,1.0,0.0,0.0
VulBERTa-public,juliet-CWE401-0394,original,CWE401,-0.10602535307407379,0.0,0.0,0.0
VulBERTa-public,juliet-CWE404-0137,original,CWE404,0.014087788760662079,1.0,0.0,0.0
VulBERTa-public,juliet-CWE404-0251,original,CWE404,0.3411102294921875,1.0,0.0,0.0
VulBERTa-public,juliet-CWE404-0253,original,CWE404,0.029966585338115692,1.0,0.0,0.0
VulBERTa-public,juliet-CWE404-0277,original,CWE404,0.0508449524641037,1.0,0.0,0.0
VulBERTa-public,juliet-CWE415-0013,original,CWE415,-0.4926252067089081,0.0,0.0,0.0
VulBERTa-public,juliet-CWE415-0025,original,CWE415,-0.28628772497177124,0.0,0.0,0.0
VulBERTa-public,juliet-CWE415-0092,original,CWE415,-0.08809471130371094,0.0,0.0,0.0
VulBERTa-public,juliet-CWE415-0120,original,CWE415,-0.5198119878768921,0.0,0.0,0.0
VulBERTa-public,juliet-CWE415-0204,original,CWE415,-0.23196077346801758,0.0,0.0,0.0
VulBERTa-public,juliet-CWE415-0233,original,CWE415,0.345389723777771,1.0,0.0,0.0
VulBERTa-public,juliet-CWE415-0262,original,CWE415,-0.5355260968208313,0.0,0.0,0.0
VulBERTa-public,juliet-CWE415-0301,original,CWE415,0.11346614360809326,1.0,0.0,1.0
VulBERTa-public,juliet-CWE415-0347,original,CWE415,-0.4196486324071884,0.0,0.0,0.0
VulBERTa-public,juliet-CWE415-0391,original,CWE415,-0.48852378129959106,0.0,0.0,0.0
VulBERTa-public,juliet-CWE416-0020,original,CWE416,-0.6017328947782516,0.0,0.0,0.0
VulBERTa-public,juliet-CWE416-0040,original,CWE416,-0.03958195447921753,0.0,0.0,0.0
VulBERTa-public,juliet-CWE416-0101,original,CWE416,-0.024482950568199158,0.0,0.0,0.0
VulBERTa-public,juliet-CWE416-0290,original,CWE416,-0.4846985638141632,0.0,0.0,0.0
VulBERTa-public,juliet-CWE416-0318,original,CWE416,-0.4573027938604355,0.0,0.0,0.0
VulBERTa-public,juliet-CWE416-0338,original,CWE416,-0.49960896372795105,0.0,0.0,0.0
VulBERTa-public,juliet-CWE416-0349,original,CWE416,-0.11917227506637573,0.0,0.0,0.0
VulBERTa-public,juliet-CWE416-0366,original,CWE416,-0.5053696930408478,0.0,0.0,0.0
VulBERTa-public,juliet-CWE426-0023,original,CWE426,-0.15833276510238647,0.0,0.0,0.0
VulBERTa-public,juliet-CWE426-0063,original,CWE426,0.09838124364614487,1.0,0.0,0.0
VulBERTa-public,juliet-CWE426-0112,original,CWE426,-0.04408841207623482,0.0,0.0,0.0
VulBERTa-public,juliet-CWE426-0188,original,CWE426,-0.013960763812065125,0.0,0.0,0.0
VulBERTa-public,juliet-CWE426-0205,original,CWE426,-0.08839558064937592,0.0,0.0,0.0
VulBERTa-public,juliet-CWE426-0228,original,CWE426,-0.009019538760185242,0.0,0.0,0.0
VulBERTa-public,juliet-CWE426-0234,original,CWE426,0.030932139605283737,1.0,0.0,0.0
VulBERTa-public,juliet-CWE426-0281,original,CWE426,0.009970255196094513,1.0,0.0,0.0
VulBERTa-public,juliet-CWE427-0059,original,CWE427,-0.37400156259536743,0.0,0.0,0.0
VulBERTa-public,juliet-CWE427-0148,original,CWE427,0.06622453033924103,1.0,0.0,0.0
VulBERTa-public,juliet-CWE427-0220,original,CWE427,-0.01730114221572876,0.0,0.0,0.0
VulBERTa-public,juliet-CWE427-0226,original,CWE427,0.252595990896225,1.0,0.0,1.0
VulBERTa-public,juliet-CWE427-0321,original,CWE427,0.17806017398834229,1.0,0.0,0.0
VulBERTa-public,juliet-CWE427-0326,original,CWE427,0.4657211899757385,1.0,0.0,1.0
VulBERTa-public,juliet-CWE457-0036,original,CWE457,-0.0026572979986667633,0.0,0.0,0.0
VulBERTa-public,juliet-CWE457-0056,original,CWE457,-0.013837549835443497,0.0,0.0,0.0
VulBERTa-public,juliet-CWE457-0081,original,CWE457,-0.0497889444231987,0.0,0.0,0.0
VulBERTa-public,juliet-CWE457-0104,original,CWE457,-0.02267245203256607,0.0,0.0,0.0
VulBERTa-public,juliet-CWE457-0184,original,CWE457,-0.013238020241260529,0.0,0.0,0.0
VulBERTa-public,juliet-CWE457-0267,original,CWE457,-0.07185164839029312,0.0,0.0,0.0
VulBERTa-public,juliet-CWE457-0298,original,CWE457,-0.5466050654649734,0.0,0.0,0.0
VulBERTa-public,juliet-CWE457-0314,original,CWE457,-0.6581677868962288,0.0,0.0,0.0
VulBERTa-public,juliet-CWE464-0002,original,CWE464,0.08460396528244019,1.0,0.0,0.0
VulBERTa-public,juliet-CWE464-0014,original,CWE464,0.053362295031547546,1.0,0.0,0.0
VulBERTa-public,juliet-CWE464-0075,original,CWE464,0.2440175712108612,1.0,0.0,0.0
VulBERTa-public,juliet-CWE464-0094,original,CWE464,-0.0038924142718315125,0.0,0.0,0.0
VulBERTa-public,juliet-CWE464-0095,original,CWE464,0.09052231162786484,1.0,0.0,0.0
VulBERTa-public,juliet-CWE464-0179,original,CWE464,0.01753532886505127,1.0,0.0,0.0
VulBERTa-public,juliet-CWE464-0291,original,CWE464,-0.35858819633722305,0.0,0.0,0.0
VulBERTa-public,juliet-CWE476-0027,original,CWE476,0.02182544395327568,1.0,0.0,0.0
VulBERTa-public,juliet-CWE476-0049,original,CWE476,-0.3331070840358734,0.0,0.0,0.0
VulBERTa-public,juliet-CWE476-0159,original,CWE476,-0.7918004207313061,0.0,0.0,0.0
VulBERTa-public,juliet-CWE476-0162,original,CWE476,-0.053043950349092484,0.0,0.0,0.0
VulBERTa-public,juliet-CWE476-0214,original,CWE476,0.009583048522472382,1.0,0.0,0.0
VulBERTa-public,juliet-CWE476-0352,original,CWE476,-0.5807212591171265,0.0,0.0,0.0
VulBERTa-public,juliet-CWE563-0030,original,CWE563,-0.007737748324871063,0.0,0.0,0.0
VulBERTa-public,juliet-CWE563-0099,original,CWE563,-0.038013193756341934,0.0,0.0,0.0
VulBERTa-public,juliet-CWE563-0124,original,CWE563,-0.011454425752162933,0.0,0.0,0.0
VulBERTa-public,juliet-CWE563-0125,original,CWE563,0.02126813679933548,1.0,0.0,0.0
VulBERTa-public,juliet-CWE563-0135,original,CWE563,0.0023888498544692993,1.0,0.0,0.0
VulBERTa-public,juliet-CWE563-0164,original,CWE563,0.020990878343582153,1.0,0.0,0.0
VulBERTa-public,juliet-CWE563-0183,original,CWE563,-0.01697292923927307,0.0,0.0,0.0
VulBERTa-public,juliet-CWE563-0191,original,CWE563,-0.06521648168563843,0.0,0.0,0.0
VulBERTa-public,juliet-CWE563-0202,original,CWE563,0.023143388330936432,1.0,0.0,0.0
VulBERTa-public,juliet-CWE563-0294,original,CWE563,-0.010524801909923553,0.0,0.0,0.0
VulBERTa-public,juliet-CWE563-0348,original,CWE563,0.01748446375131607,1.0,0.0,0.0
VulBERTa-public,juliet-CWE588-0035,original,CWE588,-0.2329765036702156,0.0,0.0,0.0
VulBERTa-public,juliet-CWE588-0048,original,CWE588,-0.04437139257788658,0.0,0.0,0.0
VulBERTa-public,juliet-CWE588-0089,original,CWE588,-0.0038004890084266663,0.0,0.0,0.0
VulBERTa-public,juliet-CWE588-0143,original,CWE588,-0.023476872593164444,0.0,0.0,0.0
VulBERTa-public,juliet-CWE588-0187,original,CWE588,0.034555986523628235,1.0,0.0,0.0
VulBERTa-public,juliet-CWE588-0195,original,CWE588,-0.10053170472383499,0.0,0.0,0.0
VulBERTa-public,juliet-CWE588-0198,original,CWE588,-0.03635924309492111,0.0,0.0,0.0
VulBERTa-public,juliet-CWE588-0212,original,CWE588,-0.07139893621206284,0.0,0.0,0.0
VulBERTa-public,juliet-CWE588-0330,original,CWE588,-0.17093637585639954,0.0,0.0,0.0
VulBERTa-public,juliet-CWE588-0362,original,CWE588,-0.0371001660823822,0.0,0.0,0.0
VulBERTa-public,juliet-CWE590-0032,original,CWE590,-0.05511056259274483,0.0,0.0,0.0
VulBERTa-public,juliet-CWE590-0054,original,CWE590,-0.0628117248415947,0.0,0.0,0.0
VulBERTa-public,juliet-CWE590-0073,original,CWE590,-0.03511493653059006,0.0,0.0,0.0
VulBERTa-public,juliet-CWE590-0085,original,CWE590,-0.21178464591503143,0.0,0.0,0.0
VulBERTa-public,juliet-CWE590-0127,original,CWE590,-0.07265394181013107,0.0,0.0,0.0
VulBERTa-public,juliet-CWE590-0261,original,CWE590,-0.07410794496536255,0.0,0.0,0.0
VulBERTa-public,juliet-CWE590-0265,original,CWE590,-0.37787551432847977,0.0,0.0,0.0
VulBERTa-public,juliet-CWE590-0269,original,CWE590,-0.028858646750450134,0.0,0.0,0.0
VulBERTa-public,juliet-CWE590-0342,original,CWE590,-0.46163854375481606,0.0,0.0,0.0
VulBERTa-public,juliet-CWE590-0377,original,CWE590,-0.1204872727394104,0.0,0.0,0.0
VulBERTa-public,juliet-CWE590-0379,original,CWE590,-0.42697835341095924,0.0,0.0,0.0
VulBERTa-public,juliet-CWE591-0004,original,CWE591,-0.02859562635421753,0.0,0.0,0.0
VulBERTa-public,juliet-CWE591-0038,original,CWE591,-0.19735288619995117,0.0,0.0,0.0
VulBERTa-public,juliet-CWE591-0117,original,CWE591,0.10875660181045532,1.0,0.0,0.0
VulBERTa-public,juliet-CWE591-0134,original,CWE591,0.133949875831604,1.0,0.0,0.0
VulBERTa-public,juliet-CWE591-0139,original,CWE591,-0.00513969361782074,0.0,0.0,0.0
VulBERTa-public,juliet-CWE591-0223,original,CWE591,0.07263961434364319,1.0,0.0,0.0
VulBERTa-public,juliet-CWE591-0275,original,CWE591,0.2841484248638153,1.0,0.0,0.0
VulBERTa-public,juliet-CWE591-0313,original,CWE591,-0.07823380827903748,0.0,0.0,0.0
VulBERTa-public,juliet-CWE591-0331,original,CWE591,0.35199663043022156,1.0,0.0,0.0
VulBERTa-public,juliet-CWE591-0344,original,CWE591,0.18120217323303223,1.0,0.0,0.0
VulBERTa-public,juliet-CWE591-0357,original,CWE591,0.026804327964782715,1.0,0.0,0.0
VulBERTa-public,juliet-CWE606-0052,original,CWE606,0.0800548568367958,1.0,0.0,0.0
VulBERTa-public,juliet-CWE606-0145,original,CWE606,0.19533834233880043,1.0,0.0,0.0
VulBERTa-public,juliet-CWE606-0197,original,CWE606,0.10192089527845383,1.0,0.0,0.0
VulBERTa-public,juliet-CWE606-0203,original,CWE606,0.10138901323080063,1.0,0.0,0.0
VulBERTa-public,juliet-CWE606-0229,original,CWE606,0.09312359988689423,1.0,0.0,0.0
VulBERTa-public,juliet-CWE606-0231,original,CWE606,-0.008049778640270233,0.0,0.0,0.0
VulBERTa-public,juliet-CWE606-0238,original,CWE606,-0.0024662762880325317,0.0,0.0,0.0
VulBERTa-public,juliet-CWE606-0255,original,CWE606,0.07755178958177567,1.0,0.0,0.0
VulBERTa-public,juliet-CWE606-0282,original,CWE606,0.10780217126011848,1.0,0.0,0.0
VulBERTa-public,juliet-CWE606-0387,original,CWE606,0.13146814703941345,1.0,0.0,0.0
VulBERTa-public,juliet-CWE606-0396,original,CWE606,0.07366330176591873,1.0,0.0,0.0
VulBERTa-public,juliet-CWE606-0398,original,CWE606,-0.007990613579750061,0.0,0.0,0.0
VulBERTa-public,juliet-CWE617-0097,original,CWE617,0.0028388574719429016,1.0,0.0,0.0
VulBERTa-public,juliet-CWE617-0115,original,CWE617,0.017300650477409363,1.0,0.0,0.0
VulBERTa-public,juliet-CWE617-0209,original,CWE617,0.2318337932229042,1.0,0.0,0.0
VulBERTa-public,juliet-CWE617-0302,original,CWE617,-0.05362138897180557,0.0,0.0,0.0
VulBERTa-public,juliet-CWE665-0116,original,CWE665,-0.8077292442321777,0.0,0.0,0.0
VulBERTa-public,juliet-CWE665-0118,original,CWE665,-0.0005995705723762512,0.0,0.0,0.0
VulBERTa-public,juliet-CWE665-0289,original,CWE665,-0.8721368312835693,0.0,0.0,0.0
VulBERTa-public,juliet-CWE665-0315,original,CWE665,-0.0058276355266571045,0.0,0.0,0.0
VulBERTa-public,juliet-CWE665-0361,original,CWE665,-0.1021878719329834,0.0,0.0,0.0
VulBERTa-public,juliet-CWE665-0367,original,CWE665,-0.13635918498039246,0.0,0.0,0.0
VulBERTa-public,juliet-CWE665-0393,original,CWE665,-0.665823444724083,0.0,0.0,0.0
VulBERTa-public,juliet-CWE675-0062,original,CWE675,-0.035115018486976624,0.0,0.0,0.0
VulBERTa-public,juliet-CWE675-0064,original,CWE675,0.2346513606607914,1.0,0.0,0.0
VulBERTa-public,juliet-CWE675-0083,original,CWE675,0.5762927681207657,1.0,0.0,1.0
VulBERTa-public,juliet-CWE675-0160,original,CWE675,0.1546275019645691,1.0,0.0,1.0
VulBERTa-public,juliet-CWE675-0182,original,CWE675,0.02592448890209198,1.0,0.0,0.0
VulBERTa-public,juliet-CWE675-0211,original,CWE675,-0.5778290778398514,0.0,0.0,0.0
VulBERTa-public,juliet-CWE675-0268,original,CWE675,-0.4343748837709427,0.0,0.0,0.0
VulBERTa-public,juliet-CWE675-0285,original,CWE675,-0.42645610868930817,0.0,0.0,0.0
VulBERTa-public,juliet-CWE675-0341,original,CWE675,-0.29018719494342804,0.0,0.0,0.0
VulBERTa-public,juliet-CWE675-0390,original,CWE675,0.03435997664928436,1.0,0.0,0.0
VulBERTa-public,juliet-CWE680-0010,original,CWE680,-0.0009897947311401367,0.0,0.0,0.0
VulBERTa-public,juliet-CWE680-0060,original,CWE680,0.6784849539399147,1.0,0.0,1.0
VulBERTa-public,juliet-CWE680-0122,original,CWE680,-0.06364277005195618,0.0,0.0,0.0
VulBERTa-public,juliet-CWE680-0154,original,CWE680,-0.5213398486375809,0.0,0.0,0.0
VulBERTa-public,juliet-CWE680-0243,original,CWE680,-0.5695239752531052,0.0,0.0,0.0
VulBERTa-public,juliet-CWE680-0249,original,CWE680,-0.3877003937959671,0.0,0.0,0.0
VulBERTa-public,juliet-CWE680-0280,original,CWE680,-0.3769434988498688,0.0,0.0,0.0
VulBERTa-public,juliet-CWE680-0295,original,CWE680,-0.6775180548429489,0.0,0.0,0.0
VulBERTa-public,juliet-CWE680-0317,original,CWE680,-0.011350542306900024,0.0,0.0,0.0
VulBERTa-public,juliet-CWE680-0327,original,CWE680,-0.2501521110534668,0.0,0.0,0.0
VulBERTa-public,juliet-CWE680-0389,original,CWE680,-0.4852111488580704,0.0,0.0,0.0
VulBERTa-public,juliet-CWE690-0011,original,CWE690,-0.009905613958835602,0.0,0.0,0.0
VulBERTa-public,juliet-CWE690-0037,original,CWE690,0.009199917316436768,1.0,0.0,0.0
VulBERTa-public,juliet-CWE690-0055,original,CWE690,-0.42003097385168076,0.0,0.0,0.0
VulBERTa-public,juliet-CWE690-0080,original,CWE690,0.008322089910507202,1.0,0.0,0.0
VulBERTa-public,juliet-CWE690-0131,original,CWE690,-0.0015120729804039001,0.0,0.0,0.0
VulBERTa-public,juliet-CWE690-0170,original,CWE690,-0.12729981169104576,0.0,0.0,0.0
VulBERTa-public,juliet-CWE690-0222,original,CWE690,-0.026541221886873245,0.0,0.0,0.0
VulBERTa-public,juliet-CWE690-0340,original,CWE690,0.0007110275328159332,1.0,0.0,0.0
VulBERTa-public,juliet-CWE690-0375,original,CWE690,-0.42522116005420685,0.0,0.0,0.0
VulBERTa-public,juliet-CWE690-0400,original,CWE690,-0.23826418071985245,0.0,0.0,0.0
VulBERTa-public,juliet-CWE761-0058,original,CWE761,0.1695246398448944,1.0,0.0,0.0
VulBERTa-public,juliet-CWE761-0079,original,CWE761,-0.1297934353351593,0.0,0.0,0.0
VulBERTa-public,juliet-CWE761-0149,original,CWE761,-0.05549675226211548,0.0,0.0,0.0
VulBERTa-public,juliet-CWE761-0171,original,CWE761,0.03619517385959625,1.0,0.0,0.0
VulBERTa-public,juliet-CWE761-0208,original,CWE761,0.004656121134757996,1.0,0.0,0.0
VulBERTa-public,juliet-CWE761-0221,original,CWE761,0.26815152168273926,1.0,0.0,1.0
VulBERTa-public,juliet-CWE761-0236,original,CWE761,0.20488622039556503,1.0,0.0,0.0
VulBERTa-public,juliet-CWE761-0284,original,CWE761,-0.131387859582901,0.0,0.0,0.0
VulBERTa-public,juliet-CWE761-0378,original,CWE761,0.07337802648544312,1.0,0.0,0.0
VulBERTa-public,juliet-CWE773-0008,original,CWE773,0.018838372081518173,1.0,0.0,0.0
VulBERTa-public,juliet-CWE773-0106,original,CWE773,0.007415957748889923,1.0,0.0,0.0
VulBERTa-public,juliet-CWE773-0144,original,CWE773,0.2727889008820057,1.0,0.0,0.0
VulBERTa-public,juliet-CWE773-0156,original,CWE773,0.005214765667915344,1.0,0.0,0.0
VulBERTa-public,juliet-CWE773-0216,original,CWE773,0.010872848331928253,1.0,0.0,0.0
VulBERTa-public,juliet-CWE773-0241,original,CWE773,-0.017555639147758484,0.0,0.0,0.0
VulBERTa-public,juliet-CWE773-0271,original,CWE773,0.034988194704055786,1.0,0.0,0.0
VulBERTa-public,juliet-CWE773-0293,original,CWE773,0.06463737785816193,1.0,0.0,0.0
VulBERTa-public,juliet-CWE773-0376,original,CWE773,0.12050220370292664,1.0,0.0,0.0
VulBERTa-public,juliet-CWE773-0395,original,CWE773,0.008336462080478668,1.0,0.0,0.0
VulBERTa-public,juliet-CWE775-0034,original,CWE775,-0.009357377886772156,0.0,0.0,0.0
VulBERTa-public,juliet-CWE775-0046,original,CWE775,0.5073880925774574,1.0,0.0,1.0
VulBERTa-public,juliet-CWE775-0050,original,CWE775,0.03401025012135506,1.0,0.0,0.0
VulBERTa-public,juliet-CWE775-0065,original,CWE775,0.001915574073791504,1.0,0.0,0.0
VulBERTa-public,juliet-CWE775-0088,original,CWE775,-0.01968979835510254,0.0,0.0,0.0
VulBERTa-public,juliet-CWE775-0093,original,CWE775,0.02982168272137642,1.0,0.0,0.0
VulBERTa-public,juliet-CWE775-0109,original,CWE775,-0.003910824656486511,0.0,0.0,0.0
VulBERTa-public,juliet-CWE775-0136,original,CWE775,0.012244343757629395,1.0,0.0,0.0
VulBERTa-public,juliet-CWE775-0151,original,CWE775,0.11100564152002335,1.0,0.0,0.0
VulBERTa-public,juliet-CWE775-0172,original,CWE775,-0.5766336619853973,0.0,0.0,0.0
VulBERTa-public,juliet-CWE775-0247,original,CWE775,7.557868957519531e-05,1.0,0.0,0.0
VulBERTa-public,juliet-CWE78-0033,original,CWE78,-0.012356936931610107,0.0,0.0,0.0
VulBERTa-public,juliet-CWE78-0066,original,CWE78,0.02959425002336502,1.0,0.0,0.0
VulBERTa-public,juliet-CWE78-0069,original,CWE78,0.20226380228996277,1.0,0.0,0.0
VulBERTa-public,juliet-CWE78-0142,original,CWE78,0.07358018308877945,1.0,0.0,0.0
VulBERTa-public,juliet-CWE78-0155,original,CWE78,0.08250808715820312,1.0,0.0,0.0
VulBERTa-public,juliet-CWE78-0173,original,CWE78,0.18407103419303894,1.0,0.0,0.0
VulBERTa-public,juliet-CWE78-0246,original,CWE78,0.1530214659869671,1.0,0.0,0.0
VulBERTa-public,juliet-CWE78-0329,original,CWE78,0.18589874356985092,1.0,0.0,0.0
VulBERTa-public,juliet-CWE78-0337,original,CWE78,0.13214779272675514,1.0,0.0,0.0
VulBERTa-public,juliet-CWE78-0384,original,CWE78,0.0847928449511528,1.0,0.0,0.0
VulBERTa-public,juliet-CWE789-0113,original,CWE789,0.043127357959747314,1.0,0.0,0.0
VulBERTa-public,juliet-CWE789-0128,original,CWE789,0.09175683557987213,1.0,0.0,0.0
VulBERTa-public,juliet-CWE789-0177,original,CWE789,0.016246028244495392,1.0,0.0,0.0
VulBERTa-public,juliet-CWE789-0287,original,CWE789,-0.13493949174880981,0.0,0.0,0.0
VulBERTa-public,juliet-CWE789-0303,original,CWE789,-0.02430763840675354,0.0,0.0,0.0
VulBERTa-public,juliet-CWE789-0360,original,CWE789,0.007128491997718811,1.0,0.0,0.0
VulBERTa-public,juliet-CWE789-0368,original,CWE789,-0.20407024025917053,0.0,0.0,0.0
VulBERTa-public,juliet-CWE789-0386,original,CWE789,0.07327994704246521,1.0,0.0,0.0
VulBERTa-public,juliet-CWE843-0087,original,CWE843,-0.5423696339130402,0.0,0.0,0.0
VulBERTa-public,juliet-CWE843-0153,original,CWE843,-0.03384457156062126,0.0,0.0,0.0
VulBERTa-public,juliet-CWE843-0227,original,CWE843,-0.0025040581822395325,0.0,0.0,0.0
VulBERTa-public,juliet-CWE843-0242,original,CWE843,0.1596166044473648,1.0,0.0,0.0
VulBERTa-public,juliet-CWE843-0300,original,CWE843,-0.7880875915288925,0.0,0.0,0.0
VulBERTa-public,juliet-CWE843-0305,original,CWE843,-0.036451444029808044,0.0,0.0,0.0
VulBERTa-public,juliet-CWE843-0333,original,CWE843,-0.06112890690565109,0.0,0.0,0.0
VulBERTa-public,juliet-CWE843-0382,original,CWE843,-0.0038461238145828247,0.0,0.0,0.0
VulBERTa-public,juliet-CWE90-0006,original,CWE90,0.0066261887550354,1.0,0.0,0.0
VulBERTa-public,juliet-CWE90-0057,original,CWE90,0.046990204602479935,1.0,0.0,0.0
VulBERTa-public,juliet-CWE90-0090,original,CWE90,-0.126596599817276,0.0,0.0,0.0
VulBERTa-public,juliet-CWE90-0189,original,CWE90,0.1866787075996399,1.0,0.0,0.0
VulBERTa-public,juliet-CWE90-0244,original,CWE90,0.011422544717788696,1.0,0.0,0.0
VulBERTa-public,juliet-CWE90-0264,original,CWE90,-0.05283220112323761,0.0,0.0,0.0
VulBERTa-public,juliet-CWE90-0358,original,CWE90,0.29840099811553955,1.0,0.0,0.0
VulBERTa-public,juliet-CWE90-0372,original,CWE90,-0.07928314805030823,0.0,0.0,0.0
VulBERTa-public,juliet-CWE90-0392,original,CWE90,-0.06197507679462433,0.0,0.0,0.0
LineVul-public,juliet-CWE114-0044,original,CWE114,2.5977500627050176e-05,1.0,0.0,0.0
LineVul-public,juliet-CWE114-0071,original,CWE114,-5.393181709223427e-06,0.0,0.0,0.0
LineVul-public,juliet-CWE114-0077,original,CWE114,-4.254839222994633e-05,0.0,0.0,0.0
LineVul-public,juliet-CWE114-0166,original,CWE114,5.342844815459102e-06,1.0,0.0,0.0
LineVul-public,juliet-CWE114-0210,original,CWE114,-3.5734319681068882e-06,0.0,0.0,0.0
LineVul-public,juliet-CWE114-0250,original,CWE114,-5.786044312117156e-06,0.0,0.0,0.0
LineVul-public,juliet-CWE114-0320,original,CWE114,-2.6579673431115225e-06,0.0,0.0,0.0
LineVul-public,juliet-CWE114-0363,original,CWE114,4.002469722763635e-06,1.0,0.0,0.0
LineVul-public,juliet-CWE114-0369,original,CWE114,1.2881968359579332e-05,1.0,0.0,0.0
LineVul-public,juliet-CWE121-0045,original,CWE121,-2.1452433429658413e-07,0.0,0.0,0.0
LineVul-public,juliet-CWE121-0100,original,CWE121,-1.6670310287736356e-07,0.0,0.0,0.0
LineVul-public,juliet-CWE121-0146,original,CWE121,1.4704210116178729e-06,1.0,0.0,0.0
LineVul-public,juliet-CWE121-0167,original,CWE121,-9.726863936521113e-08,0.0,0.0,0.0
LineVul-public,juliet-CWE121-0256,original,CWE121,-7.236212695715949e-08,0.0,0.0,0.0
LineVul-public,juliet-CWE121-0296,original,CWE121,3.973127604695037e-07,1.0,0.0,0.0
LineVul-public,juliet-CWE121-0334,original,CWE121,-1.4661936802440323e-06,0.0,0.0,0.0
LineVul-public,juliet-CWE122-0024,original,CWE122,-5.673023224517237e-06,0.0,0.0,0.0
LineVul-public,juliet-CWE122-0041,original,CWE122,8.739974873606116e-06,1.0,0.0,0.0
LineVul-public,juliet-CWE122-0072,original,CWE122,6.232570740394294e-06,1.0,0.0,0.0
LineVul-public,juliet-CWE122-0074,original,CWE122,-6.376112651196308e-07,0.0,0.0,0.0
LineVul-public,juliet-CWE122-0105,original,CWE122,-4.818975867237896e-07,0.0,0.0,0.0
LineVul-public,juliet-CWE122-0147,original,CWE122,-8.48795025376603e-08,0.0,0.0,0.0
LineVul-public,juliet-CWE122-0215,original,CWE122,-1.4592842489946634e-08,0.0,0.0,0.0
LineVul-public,juliet-CWE122-0218,original,CWE122,-6.286061761784367e-06,0.0,0.0,0.0
LineVul-public,juliet-CWE122-0359,original,CWE122,-5.232113835518248e-07,0.0,0.0,0.0
LineVul-public,juliet-CWE123-0042,original,CWE123,3.60058038495481e-07,1.0,0.0,0.0
LineVul-public,juliet-CWE123-0047,original,CWE123,6.551344995386899e-07,1.0,0.0,0.0
LineVul-public,juliet-CWE123-0084,original,CWE123,-8.541792340110987e-08,0.0,0.0,0.0
LineVul-public,juliet-CWE123-0086,original,CWE123,5.218116712057963e-07,1.0,0.0,0.0
LineVul-public,juliet-CWE123-0110,original,CWE123,1.3248051800474059e-05,1.0,0.0,0.0
LineVul-public,juliet-CWE123-0114,original,CWE123,-4.7803696361370385e-06,0.0,0.0,0.0
LineVul-public,juliet-CWE123-0178,original,CWE123,1.4359097804117482e-05,1.0,0.0,0.0
LineVul-public,juliet-CWE123-0259,original,CWE123,2.470587787684053e-07,1.0,0.0,0.0
LineVul-public,juliet-CWE123-0328,original,CWE123,-2.6224352041026577e-06,0.0,0.0,0.0
LineVul-public,juliet-CWE123-0399,original,CWE123,1.4772149370401166e-05,1.0,0.0,0.0
LineVul-public,juliet-CWE124-0009,original,CWE124,-1.4137440302874893e-06,0.0,0.0,0.0
LineVul-public,juliet-CWE124-0133,original,CWE124,-8.24767084850464e-07,0.0,0.0,0.0
LineVul-public,juliet-CWE124-0165,original,CWE124,-3.1248509912984446e-07,0.0,0.0,0.0
LineVul-public,juliet-CWE124-0193,original,CWE124,-6.207765181898139e-07,0.0,0.0,0.0
LineVul-public,juliet-CWE124-0274,original,CWE124,-2.1647247194778174e-07,0.0,0.0,0.0
LineVul-public,juliet-CWE124-0278,original,CWE124,-1.2265818440937437e-05,0.0,0.0,0.0
LineVul-public,juliet-CWE124-0306,original,CWE124,2.4279252102132887e-06,1.0,0.0,0.0
LineVul-public,juliet-CWE124-0319,original,CWE124,-1.729440555209294e-07,0.0,0.0,0.0
LineVul-public,juliet-CWE124-0354,original,CWE124,-6.868258424219675e-07,0.0,0.0,0.0
LineVul-public,juliet-CWE124-0370,original,CWE124,-3.414188540773466e-07,0.0,0.0,0.0
LineVul-public,juliet-CWE126-0031,original,CWE126,-1.328256075794343e-06,0.0,0.0,0.0
LineVul-public,juliet-CWE126-0096,original,CWE126,-2.7286096155876294e-06,0.0,0.0,0.0
LineVul-public,juliet-CWE126-0107,original,CWE126,8.003756829566555e-05,1.0,0.0,0.0
LineVul-public,juliet-CWE126-0132,original,CWE126,-7.470607670256868e-07,0.0,0.0,0.0
LineVul-public,juliet-CWE126-0230,original,CWE126,3.168042894685641e-07,1.0,0.0,0.0
LineVul-public,juliet-CWE126-0237,original,CWE126,-3.7134213926037773e-07,0.0,0.0,0.0
LineVul-public,juliet-CWE126-0252,original,CWE126,5.6852513807825744e-08,1.0,0.0,0.0
LineVul-public,juliet-CWE126-0258,original,CWE126,-3.356096385687124e-06,0.0,0.0,0.0
LineVul-public,juliet-CWE126-0279,original,CWE126,-6.586715244338848e-07,0.0,0.0,0.0
LineVul-public,juliet-CWE126-0309,original,CWE126,-1.1485080904094502e-06,0.0,0.0,0.0
LineVul-public,juliet-CWE126-0345,original,CWE126,2.2895892470842227e-07,1.0,0.0,0.0
LineVul-public,juliet-CWE127-0001,original,CWE127,-6.881209628772922e-07,0.0,0.0,0.0
LineVul-public,juliet-CWE127-0190,original,CWE127,1.5918067219899967e-07,1.0,0.0,0.0
LineVul-public,juliet-CWE127-0292,original,CWE127,-2.0981569832656533e-06,0.0,0.0,0.0
LineVul-public,juliet-CWE127-0336,original,CWE127,-4.1481052903691307e-07,0.0,0.0,0.0
LineVul-public,juliet-CWE134-0005,original,CWE134,8.217244703700999e-05,1.0,0.0,0.0
LineVul-public,juliet-CWE134-0070,original,CWE134,5.583128768194001e-06,1.0,0.0,0.0
LineVul-public,juliet-CWE134-0103,original,CWE134,4.787321904586861e-05,1.0,0.0,0.0
LineVul-public,juliet-CWE134-0235,original,CWE134,2.417044925095979e-05,1.0,0.0,0.0
LineVul-public,juliet-CWE134-0257,original,CWE134,2.573501660663169e-06,1.0,0.0,0.0
LineVul-public,juliet-CWE134-0311,original,CWE134,5.492469426826574e-06,1.0,0.0,0.0
LineVul-public,juliet-CWE134-0316,original,CWE134,1.6646772564854473e-06,1.0,0.0,0.0
LineVul-public,juliet-CWE134-0351,original,CWE134,2.338056219741702e-07,1.0,0.0,0.0
LineVul-public,juliet-CWE15-0026,original,CWE15,8.753871952649206e-06,1.0,0.0,0.0
LineVul-public,juliet-CWE15-0039,original,CWE15,6.850901627331041e-06,1.0,0.0,0.0
LineVul-public,juliet-CWE15-0078,original,CWE15,-2.950873749796301e-07,0.0,0.0,0.0
LineVul-public,juliet-CWE15-0121,original,CWE15,7.90763533586869e-06,1.0,0.0,0.0
LineVul-public,juliet-CWE15-0158,original,CWE15,6.781841875636019e-06,1.0,0.0,0.0
LineVul-public,juliet-CWE15-0239,original,CWE15,6.59474972053431e-06,1.0,0.0,0.0
LineVul-public,juliet-CWE15-0248,original,CWE15,8.01853366283467e-06,1.0,0.0,0.0
LineVul-public,juliet-CWE15-0254,original,CWE15,1.0439818652230315e-05,1.0,0.0,0.0
LineVul-public,juliet-CWE15-0270,original,CWE15,8.942448403104208e-06,1.0,0.0,0.0
LineVul-public,juliet-CWE15-0273,original,CWE15,7.817021469236352e-06,1.0,0.0,0.0
LineVul-public,juliet-CWE15-0385,original,CWE15,7.2829207056201994e-06,1.0,0.0,0.0
LineVul-public,juliet-CWE176-0119,original,CWE176,-3.183443368470762e-06,0.0,0.0,0.0
LineVul-public,juliet-CWE176-0161,original,CWE176,-7.826629371265881e-07,0.0,0.0,0.0
LineVul-public,juliet-CWE176-0168,original,CWE176,-4.939965947414748e-07,0.0,0.0,0.0
LineVul-public,juliet-CWE176-0180,original,CWE176,-3.4534805308794603e-06,0.0,0.0,0.0
LineVul-public,juliet-CWE176-0213,original,CWE176,1.4385996109922417e-06,1.0,0.0,0.0
LineVul-public,juliet-CWE176-0224,original,CWE176,-6.720056262565777e-07,0.0,0.0,0.0
LineVul-public,juliet-CWE176-0225,original,CWE176,-4.7452340368181467e-07,0.0,0.0,0.0
LineVul-public,juliet-CWE176-0299,original,CWE176,3.247655513405334e-06,1.0,0.0,0.0
LineVul-public,juliet-CWE190-0003,original,CWE190,7.146536518121138e-08,1.0,0.0,0.0
LineVul-public,juliet-CWE190-0068,original,CWE190,6.26223481958732e-08,1.0,0.0,0.0
LineVul-public,juliet-CWE190-0130,original,CWE190,-3.5032826417591423e-07,0.0,0.0,0.0
LineVul-public,juliet-CWE190-0186,original,CWE190,-9.384166332893074e-08,0.0,0.0,0.0
LineVul-public,juliet-CWE190-0240,original,CWE190,-1.4231112800189294e-05,0.0,0.0,0.0
LineVul-public,juliet-CWE190-0307,original,CWE190,-8.467914085485972e-07,0.0,0.0,0.0
LineVul-public,juliet-CWE190-0365,original,CWE190,-1.0422891136840917e-06,0.0,0.0,0.0
LineVul-public,juliet-CWE191-0019,original,CWE191,2.2711774363415316e-06,1.0,0.0,0.0
LineVul-public,juliet-CWE191-0098,original,CWE191,1.7358706827508286e-07,1.0,0.0,0.0
LineVul-public,juliet-CWE191-0123,original,CWE191,-1.8105311028193682e-07,0.0,0.0,0.0
LineVul-public,juliet-CWE191-0201,original,CWE191,-7.434118742821738e-08,0.0,0.0,0.0
LineVul-public,juliet-CWE191-0217,original,CWE191,6.810365448473021e-06,1.0,0.0,0.0
LineVul-public,juliet-CWE191-0335,original,CWE191,4.944040483678691e-07,1.0,0.0,0.0
LineVul-public,juliet-CWE191-0381,original,CWE191,5.401579983299598e-07,1.0,0.0,0.0
LineVul-public,juliet-CWE194-0007,original,CWE194,-1.1012731192749925e-05,0.0,0.0,0.0
LineVul-public,juliet-CWE194-0022,original,CWE194,-7.911684406280983e-06,0.0,0.0,0.0
LineVul-public,juliet-CWE194-0051,original,CWE194,-2.270971890538931e-07,0.0,0.0,0.0
LineVul-public,juliet-CWE194-0053,original,CWE194,-3.920938070223201e-06,0.0,0.0,0.0
LineVul-public,juliet-CWE194-0150,original,CWE194,1.975624036276713e-05,1.0,0.0,0.0
LineVul-public,juliet-CWE194-0157,original,CWE194,-8.401671038882341e-06,0.0,0.0,0.0
LineVul-public,juliet-CWE194-0169,original,CWE194,1.0019262845162302e-05,1.0,0.0,0.0
LineVul-public,juliet-CWE194-0332,original,CWE194,-2.509736987121869e-06,0.0,0.0,0.0
LineVul-public,juliet-CWE194-0353,original,CWE194,-1.1054636161134113e-05,0.0,0.0,0.0
LineVul-public,juliet-CWE194-0380,original,CWE194,7.332157110795379e-06,1.0,0.0,0.0
LineVul-public,juliet-CWE194-0388,original,CWE194,-3.3769028959795833e-06,0.0,0.0,0.0
LineVul-public,juliet-CWE195-0016,original,CWE195,3.144022593914997e-05,1.0,0.0,0.0
LineVul-public,juliet-CWE195-0163,original,CWE195,-3.4163867894676514e-06,0.0,0.0,0.0
LineVul-public,juliet-CWE195-0185,original,CWE195,-1.1580304999370128e-06,0.0,0.0,0.0
LineVul-public,juliet-CWE195-0196,original,CWE195,-1.6150723240571097e-05,0.0,0.0,0.0
LineVul-public,juliet-CWE195-0199,original,CWE195,3.7903853808529675e-05,1.0,0.0,0.0
LineVul-public,juliet-CWE195-0346,original,CWE195,-2.631273673614487e-06,0.0,0.0,0.0
LineVul-public,juliet-CWE195-0356,original,CWE195,4.991998139303178e-07,1.0,0.0,0.0
LineVul-public,juliet-CWE197-0012,original,CWE197,-1.4893648767611012e-06,0.0,0.0,0.0
LineVul-public,juliet-CWE197-0061,original,CWE197,-1.6337799024768174e-07,0.0,0.0,0.0
LineVul-public,juliet-CWE197-0067,original,CWE197,2.3625711946806405e-05,1.0,0.0,0.0
LineVul-public,juliet-CWE197-0082,original,CWE197,2.1121195459272712e-08,1.0,0.0,0.0
LineVul-public,juliet-CWE197-0260,original,CWE197,-6.624313755310141e-07,0.0,0.0,0.0
LineVul-public,juliet-CWE197-0339,original,CWE197,2.605490317364456e-05,1.0,0.0,0.0
LineVul-public,juliet-CWE197-0350,original,CWE197,-3.1811032386031e-07,0.0,0.0,0.0
LineVul-public,juliet-CWE256-0015,original,CWE256,-8.506831363774836e-07,0.0,0.0,0.0
LineVul-public,juliet-CWE256-0028,original,CWE256,-8.173757123586256e-06,0.0,0.0,0.0
LineVul-public,juliet-CWE256-0138,original,CWE256,-3.981645932071842e-06,0.0,0.0,0.0
LineVul-public,juliet-CWE256-0192,original,CWE256,-2.8341819415800273e-06,0.0,0.0,0.0
LineVul-public,juliet-CWE256-0304,original,CWE256,-8.512559361406602e-06,0.0,0.0,0.0
LineVul-public,juliet-CWE256-0310,original,CWE256,-5.536719982046634e-06,0.0,0.0,0.0
LineVul-public,juliet-CWE256-0322,original,CWE256,-3.350942733959528e-05,0.0,0.0,0.0
LineVul-public,juliet-CWE256-0371,original,CWE256,-7.257393008330837e-06,0.0,0.0,0.0
LineVul-public,juliet-CWE259-0029,original,CWE259,-2.0094230421818793e-06,0.0,0.0,0.0
LineVul-public,juliet-CWE259-0126,original,CWE259,-1.8434458070260007e-05,0.0,0.0,0.0
LineVul-public,juliet-CWE259-0129,original,CWE259,6.109552487032488e-06,1.0,0.0,0.0
LineVul-public,juliet-CWE259-0174,original,CWE259,-1.381722540827468e-06,0.0,0.0,0.0
LineVul-public,juliet-CWE259-0175,original,CWE259,-1.49178049468901e-06,0.0,0.0,0.0
LineVul-public,juliet-CWE259-0176,original,CWE259,-4.1564890125300735e-06,0.0,0.0,0.0
LineVul-public,juliet-CWE259-0200,original,CWE259,-8.391789378947578e-07,0.0,0.0,0.0
LineVul-public,juliet-CWE259-0206,original,CWE259,-7.255848686327226e-07,0.0,0.0,0.0
LineVul-public,juliet-CWE259-0355,original,CWE259,-9.532232070341706e-07,0.0,0.0,0.0
LineVul-public,juliet-CWE319-0017,original,CWE319,2.6421478651172947e-05,1.0,0.0,0.0
LineVul-public,juliet-CWE319-0102,original,CWE319,2.3466712264053058e-05,1.0,0.0,0.0
LineVul-public,juliet-CWE319-0141,original,CWE319,9.395554116053972e-06,1.0,0.0,0.0
LineVul-public,juliet-CWE319-0232,original,CWE319,-3.6939945857739076e-07,0.0,0.0,0.0
LineVul-public,juliet-CWE319-0245,original,CWE319,1.0888079486903735e-06,1.0,0.0,0.0
LineVul-public,juliet-CWE319-0272,original,CWE319,1.643025916564511e-05,1.0,0.0,0.0
LineVul-public,juliet-CWE319-0276,original,CWE319,8.221315511036664e-06,1.0,0.0,0.0
LineVul-public,juliet-CWE319-0297,original,CWE319,8.166605766746216e-06,1.0,0.0,0.0
LineVul-public,juliet-CWE321-0111,original,CWE321,7.375909262918867e-06,1.0,0.0,0.0
LineVul-public,juliet-CWE321-0308,original,CWE321,-2.431544999126345e-06,0.0,0.0,0.0
LineVul-public,juliet-CWE321-0312,original,CWE321,-2.49789263762068e-06,0.0,0.0,0.0
LineVul-public,juliet-CWE321-0323,original,CWE321,-1.0578451110632159e-06,0.0,0.0,0.0
LineVul-public,juliet-CWE321-0325,original,CWE321,-1.2767223779519554e-05,0.0,0.0,0.0
LineVul-public,juliet-CWE321-0364,original,CWE321,-2.033015334745869e-06,0.0,0.0,0.0
LineVul-public,juliet-CWE321-0383,original,CWE321,-2.018789018620737e-06,0.0,0.0,0.0
LineVul-public,juliet-CWE321-0397,original,CWE321,1.5088724467204884e-05,1.0,0.0,0.0
LineVul-public,juliet-CWE369-0152,original,CWE369,-5.064339347882196e-07,0.0,0.0,0.0
LineVul-public,juliet-CWE369-0181,original,CWE369,-5.057781891082413e-07,0.0,0.0,0.0
LineVul-public,juliet-CWE369-0207,original,CWE369,-4.163023731962312e-06,0.0,0.0,0.0
LineVul-public,juliet-CWE369-0324,original,CWE369,-1.0743551683844998e-06,0.0,0.0,0.0
LineVul-public,juliet-CWE369-0373,original,CWE369,2.3369540940620936e-05,1.0,0.0,0.0
LineVul-public,juliet-CWE400-0018,original,CWE400,-2.1711484805564396e-06,0.0,0.0,0.0
LineVul-public,juliet-CWE400-0043,original,CWE400,-3.5528792068362236e-06,0.0,0.0,0.0
LineVul-public,juliet-CWE400-0076,original,CWE400,1.2686967238551006e-05,1.0,0.0,0.0
LineVul-public,juliet-CWE400-0194,original,CWE400,-2.525557647459209e-06,0.0,0.0,0.0
LineVul-public,juliet-CWE400-0219,original,CWE400,-2.0560191842378117e-06,0.0,0.0,0.0
LineVul-public,juliet-CWE400-0263,original,CWE400,1.978940053959377e-05,1.0,0.0,0.0
LineVul-public,juliet-CWE400-0266,original,CWE400,-3.1087893148651347e-07,0.0,0.0,0.0
LineVul-public,juliet-CWE400-0288,original,CWE400,-2.0124298316659406e-06,0.0,0.0,0.0
LineVul-public,juliet-CWE400-0343,original,CWE400,-0.00011093440480181016,0.0,0.0,0.0
LineVul-public,juliet-CWE401-0021,original,CWE401,-1.0524063327466138e-06,0.0,0.0,0.0
LineVul-public,juliet-CWE401-0091,original,CWE401,9.388531907461584e-08,1.0,0.0,0.0
LineVul-public,juliet-CWE401-0108,original,CWE401,1.145444912253879e-07,1.0,0.0,0.0
LineVul-public,juliet-CWE401-0140,original,CWE401,-7.464605005225167e-07,0.0,0.0,0.0
LineVul-public,juliet-CWE401-0283,original,CWE401,-1.803610757633578e-06,0.0,0.0,0.0
LineVul-public,juliet-CWE401-0286,original,CWE401,-1.1620159057201818e-07,0.0,0.0,0.0
LineVul-public,juliet-CWE401-0374,original,CWE401,-9.273962859879248e-07,0.0,0.0,0.0
LineVul-public,juliet-CWE401-0394,original,CWE401,-3.2100524549605325e-07,0.0,0.0,0.0
LineVul-public,juliet-CWE404-0137,original,CWE404,-1.9536109903128818e-06,0.0,0.0,0.0
LineVul-public,juliet-CWE404-0251,original,CWE404,-1.7087040760088712e-06,0.0,0.0,0.0
LineVul-public,juliet-CWE404-0253,original,CWE404,-1.305766090808902e-06,0.0,0.0,0.0
LineVul-public,juliet-CWE404-0277,original,CWE404,-1.69665327121038e-07,0.0,0.0,0.0
LineVul-public,juliet-CWE415-0013,original,CWE415,-2.8294380172155797e-09,0.0,0.0,0.0
LineVul-public,juliet-CWE415-0025,original,CWE415,-7.329217623919249e-07,0.0,0.0,0.0
LineVul-public,juliet-CWE415-0092,original,CWE415,-1.650660124141723e-07,0.0,0.0,0.0
LineVul-public,juliet-CWE415-0120,original,CWE415,-5.364072421798483e-07,0.0,0.0,0.0
LineVul-public,juliet-CWE415-0204,original,CWE415,-1.5183832147158682e-07,0.0,0.0,0.0
LineVul-public,juliet-CWE415-0233,original,CWE415,-3.7501940823858604e-06,0.0,0.0,0.0
LineVul-public,juliet-CWE415-0262,original,CWE415,-4.6886634663678706e-07,0.0,0.0,0.0
LineVul-public,juliet-CWE415-0301,original,CWE415,-8.647384674986824e-08,0.0,0.0,0.0
LineVul-public,juliet-CWE415-0347,original,CWE415,1.1923539204872213e-06,1.0,0.0,0.0
LineVul-public,juliet-CWE415-0391,original,CWE415,-2.928363755927421e-07,0.0,0.0,0.0
LineVul-public,juliet-CWE416-0020,original,CWE416,-3.6532255762722343e-06,0.0,0.0,0.0
LineVul-public,juliet-CWE416-0040,original,CWE416,-1.5866080502746627e-06,0.0,0.0,0.0
LineVul-public,juliet-CWE416-0101,original,CWE416,-3.5059892979916185e-06,0.0,0.0,0.0
LineVul-public,juliet-CWE416-0290,original,CWE416,5.316824172041379e-07,1.0,0.0,0.0
LineVul-public,juliet-CWE416-0318,original,CWE416,-4.644471118808724e-07,0.0,0.0,0.0
LineVul-public,juliet-CWE416-0338,original,CWE416,-1.9957242329837754e-06,0.0,0.0,0.0
LineVul-public,juliet-CWE416-0349,original,CWE416,-2.850545570254326e-06,0.0,0.0,0.0
LineVul-public,juliet-CWE416-0366,original,CWE416,4.654069016396534e-06,1.0,0.0,0.0
LineVul-public,juliet-CWE426-0023,original,CWE426,-1.898795471788617e-05,0.0,0.0,0.0
LineVul-public,juliet-CWE426-0063,original,CWE426,-2.4158371161320247e-06,0.0,0.0,0.0
LineVul-public,juliet-CWE426-0112,original,CWE426,-5.994388629915193e-08,0.0,0.0,0.0
LineVul-public,juliet-CWE426-0188,original,CWE426,-3.2009802453103475e-06,0.0,0.0,0.0
LineVul-public,juliet-CWE426-0205,original,CWE426,-1.9028539099963382e-07,0.0,0.0,0.0
LineVul-public,juliet-CWE426-0228,original,CWE426,-2.610249794088304e-09,0.0,0.0,0.0
LineVul-public,juliet-CWE426-0234,original,CWE426,-1.1505735528771766e-06,0.0,0.0,0.0
LineVul-public,juliet-CWE426-0281,original,CWE426,-1.4202205420588143e-06,0.0,0.0,0.0
LineVul-public,juliet-CWE427-0059,original,CWE427,2.1884146917727776e-05,1.0,0.0,0.0
LineVul-public,juliet-CWE427-0148,original,CWE427,6.36306294836686e-05,1.0,0.0,0.0
LineVul-public,juliet-CWE427-0220,original,CWE427,1.7048405425157398e-06,1.0,0.0,0.0
LineVul-public,juliet-CWE427-0226,original,CWE427,2.589877385617001e-05,1.0,0.0,0.0
LineVul-public,juliet-CWE427-0321,original,CWE427,2.4033970476011746e-06,1.0,0.0,0.0
LineVul-public,juliet-CWE427-0326,original,CWE427,7.389116944978014e-07,1.0,0.0,0.0
LineVul-public,juliet-CWE457-0036,original,CWE457,-6.6073916968889534e-06,0.0,0.0,0.0
LineVul-public,juliet-CWE457-0056,original,CWE457,-3.1435683922609314e-06,0.0,0.0,0.0
LineVul-public,juliet-CWE457-0081,original,CWE457,-5.423764378065243e-06,0.0,0.0,0.0
LineVul-public,juliet-CWE457-0104,original,CWE457,9.418836270924658e-07,1.0,0.0,0.0
LineVul-public,juliet-CWE457-0184,original,CWE457,-9.306153515353799e-06,0.0,0.0,0.0
LineVul-public,juliet-CWE457-0267,original,CWE457,-7.41892472433392e-06,0.0,0.0,0.0
LineVul-public,juliet-CWE457-0298,original,CWE457,1.0883866707445122e-05,1.0,0.0,0.0
LineVul-public,juliet-CWE457-0314,original,CWE457,-1.2288364814594388e-07,0.0,0.0,0.0
LineVul-public,juliet-CWE464-0002,original,CWE464,2.7169417080585845e-06,1.0,0.0,0.0
LineVul-public,juliet-CWE464-0014,original,CWE464,-2.2184485715115443e-07,0.0,0.0,0.0
LineVul-public,juliet-CWE464-0075,original,CWE464,3.6160508898319677e-07,1.0,0.0,0.0
LineVul-public,juliet-CWE464-0094,original,CWE464,-1.0914745871559717e-06,0.0,0.0,0.0
LineVul-public,juliet-CWE464-0095,original,CWE464,4.983582584827673e-06,1.0,0.0,0.0
LineVul-public,juliet-CWE464-0179,original,CWE464,-5.134888851898722e-07,0.0,0.0,0.0
LineVul-public,juliet-CWE464-0291,original,CWE464,5.473275450640358e-07,1.0,0.0,0.0
LineVul-public,juliet-CWE476-0027,original,CWE476,2.4892869987525046e-09,1.0,0.0,0.0
LineVul-public,juliet-CWE476-0049,original,CWE476,-1.8529271983425133e-06,0.0,0.0,0.0
LineVul-public,juliet-CWE476-0159,original,CWE476,-1.1306037777103484e-06,0.0,0.0,0.0
LineVul-public,juliet-CWE476-0162,original,CWE476,-2.7133291951031424e-06,0.0,0.0,0.0
LineVul-public,juliet-CWE476-0214,original,CWE476,-4.3266109059914015e-06,0.0,0.0,0.0
LineVul-public,juliet-CWE476-0352,original,CWE476,-2.4561422833357938e-06,0.0,0.0,0.0
LineVul-public,juliet-CWE563-0030,original,CWE563,-1.7019010556396097e-07,0.0,0.0,0.0
LineVul-public,juliet-CWE563-0099,original,CWE563,-8.600209184805863e-07,0.0,0.0,0.0
LineVul-public,juliet-CWE563-0124,original,CWE563,-3.034873770957347e-06,0.0,0.0,0.0
LineVul-public,juliet-CWE563-0125,original,CWE563,-2.8044660211890005e-06,0.0,0.0,0.0
LineVul-public,juliet-CWE563-0135,original,CWE563,-7.241114872158505e-07,0.0,0.0,0.0
LineVul-public,juliet-CWE563-0164,original,CWE563,-2.2898984752828255e-07,0.0,0.0,0.0
LineVul-public,juliet-CWE563-0183,original,CWE563,-4.862649802817032e-07,0.0,0.0,0.0
LineVul-public,juliet-CWE563-0191,original,CWE563,4.641615305445157e-07,1.0,0.0,0.0
LineVul-public,juliet-CWE563-0202,original,CWE563,-1.348598743788898e-08,0.0,0.0,0.0
LineVul-public,juliet-CWE563-0294,original,CWE563,-2.5660301616881043e-07,0.0,0.0,0.0
LineVul-public,juliet-CWE563-0348,original,CWE563,-4.384210114949383e-07,0.0,0.0,0.0
LineVul-public,juliet-CWE588-0035,original,CWE588,-2.1560936147579923e-07,0.0,0.0,0.0
LineVul-public,juliet-CWE588-0048,original,CWE588,-8.290589903481305e-07,0.0,0.0,0.0
LineVul-public,juliet-CWE588-0089,original,CWE588,-1.9254548533353955e-07,0.0,0.0,0.0
LineVul-public,juliet-CWE588-0143,original,CWE588,-1.8778246158035472e-07,0.0,0.0,0.0
LineVul-public,juliet-CWE588-0187,original,CWE588,-8.477345545543358e-07,0.0,0.0,0.0
LineVul-public,juliet-CWE588-0195,original,CWE588,-5.812180461362004e-07,0.0,0.0,0.0
LineVul-public,juliet-CWE588-0198,original,CWE588,-6.098425728850998e-07,0.0,0.0,0.0
LineVul-public,juliet-CWE588-0212,original,CWE588,-4.872845238423906e-07,0.0,0.0,0.0
LineVul-public,juliet-CWE588-0330,original,CWE588,-3.546792868291959e-07,0.0,0.0,0.0
LineVul-public,juliet-CWE588-0362,original,CWE588,-3.090599420829676e-07,0.0,0.0,0.0
LineVul-public,juliet-CWE590-0032,original,CWE590,-6.771616426703986e-06,0.0,0.0,0.0
LineVul-public,juliet-CWE590-0054,original,CWE590,-6.833381121396087e-06,0.0,0.0,0.0
LineVul-public,juliet-CWE590-0073,original,CWE590,-1.090176920115482e-05,0.0,0.0,0.0
LineVul-public,juliet-CWE590-0085,original,CWE590,-3.390305209904909e-07,0.0,0.0,0.0
LineVul-public,juliet-CWE590-0127,original,CWE590,-6.01408100919798e-06,0.0,0.0,0.0
LineVul-public,juliet-CWE590-0261,original,CWE590,-2.0347388272057287e-06,0.0,0.0,0.0
LineVul-public,juliet-CWE590-0265,original,CWE590,-1.401064764650073e-06,0.0,0.0,0.0
LineVul-public,juliet-CWE590-0269,original,CWE590,-6.3135530581348576e-06,0.0,0.0,0.0
LineVul-public,juliet-CWE590-0342,original,CWE590,-2.5234203349100426e-06,0.0,0.0,0.0
LineVul-public,juliet-CWE590-0377,original,CWE590,-1.8045384422293864e-06,0.0,0.0,0.0
LineVul-public,juliet-CWE590-0379,original,CWE590,-3.8838752516312525e-06,0.0,0.0,0.0
LineVul-public,juliet-CWE591-0004,original,CWE591,-5.598861207545269e-06,0.0,0.0,0.0
LineVul-public,juliet-CWE591-0038,original,CWE591,1.8006085156230256e-06,1.0,0.0,0.0
LineVul-public,juliet-CWE591-0117,original,CWE591,1.1796055332524702e-07,1.0,0.0,0.0
LineVul-public,juliet-CWE591-0134,original,CWE591,-1.7304046195931733e-08,0.0,0.0,0.0
LineVul-public,juliet-CWE591-0139,original,CWE591,-6.350092007778585e-09,0.0,0.0,0.0
LineVul-public,juliet-CWE591-0223,original,CWE591,-3.7832251109648496e-08,0.0,0.0,0.0
LineVul-public,juliet-CWE591-0275,original,CWE591,-8.57334271131549e-07,0.0,0.0,0.0
LineVul-public,juliet-CWE591-0313,original,CWE591,3.404051312827505e-06,1.0,0.0,0.0
LineVul-public,juliet-CWE591-0331,original,CWE591,-4.1393832361791283e-07,0.0,0.0,0.0
LineVul-public,juliet-CWE591-0344,original,CWE591,1.5246314433170483e-07,1.0,0.0,0.0
LineVul-public,juliet-CWE591-0357,original,CWE591,-4.0677514334674925e-07,0.0,0.0,0.0
LineVul-public,juliet-CWE606-0052,original,CWE606,4.4930202420800924e-06,1.0,0.0,0.0
LineVul-public,juliet-CWE606-0145,original,CWE606,5.314447662385646e-06,1.0,0.0,0.0
LineVul-public,juliet-CWE606-0197,original,CWE606,2.3574439182993956e-06,1.0,0.0,0.0
LineVul-public,juliet-CWE606-0203,original,CWE606,4.568215717881685e-05,1.0,0.0,0.0
LineVul-public,juliet-CWE606-0229,original,CWE606,3.425068280193955e-05,1.0,0.0,0.0
LineVul-public,juliet-CWE606-0231,original,CWE606,-2.231628059234936e-06,0.0,0.0,0.0
LineVul-public,juliet-CWE606-0238,original,CWE606,6.38086385151837e-06,1.0,0.0,0.0
LineVul-public,juliet-CWE606-0255,original,CWE606,4.247434844728559e-06,1.0,0.0,0.0
LineVul-public,juliet-CWE606-0282,original,CWE606,1.8361300135438796e-05,1.0,0.0,0.0
LineVul-public,juliet-CWE606-0387,original,CWE606,1.8153596101910807e-05,1.0,0.0,0.0
LineVul-public,juliet-CWE606-0396,original,CWE606,3.6630372051149607e-06,1.0,0.0,0.0
LineVul-public,juliet-CWE606-0398,original,CWE606,3.61447200702969e-06,1.0,0.0,0.0
LineVul-public,juliet-CWE617-0097,original,CWE617,-4.6431159717030823e-07,0.0,0.0,0.0
LineVul-public,juliet-CWE617-0115,original,CWE617,2.318538463441655e-07,1.0,0.0,0.0
LineVul-public,juliet-CWE617-0209,original,CWE617,-1.1443744369898923e-06,0.0,0.0,0.0
LineVul-public,juliet-CWE617-0302,original,CWE617,1.834496288211085e-07,1.0,0.0,0.0
LineVul-public,juliet-CWE665-0116,original,CWE665,7.686958269914612e-08,1.0,0.0,0.0
LineVul-public,juliet-CWE665-0118,original,CWE665,-2.7714668249245733e-07,0.0,0.0,0.0
LineVul-public,juliet-CWE665-0289,original,CWE665,-1.0663461580406874e-07,0.0,0.0,0.0
LineVul-public,juliet-CWE665-0315,original,CWE665,1.0823896445799619e-07,1.0,0.0,0.0
LineVul-public,juliet-CWE665-0361,original,CWE665,-1.2080909073119983e-07,0.0,0.0,0.0
LineVul-public,juliet-CWE665-0367,original,CWE665,-8.43656380311586e-08,0.0,0.0,0.0
LineVul-public,juliet-CWE665-0393,original,CWE665,3.641061994130723e-07,1.0,0.0,0.0
LineVul-public,juliet-CWE675-0062,original,CWE675,7.457128958776593e-08,1.0,0.0,0.0
LineVul-public,juliet-CWE675-0064,original,CWE675,-6.00637577008456e-07,0.0,0.0,0.0
LineVul-public,juliet-CWE675-0083,original,CWE675,-2.5169520085910335e-06,0.0,0.0,0.0
LineVul-public,juliet-CWE675-0160,original,CWE675,-3.1185154512058944e-06,0.0,0.0,0.0
LineVul-public,juliet-CWE675-0182,original,CWE675,-4.517722118180245e-06,0.0,0.0,0.0
LineVul-public,juliet-CWE675-0211,original,CWE675,-9.043424142873846e-07,0.0,0.0,0.0
LineVul-public,juliet-CWE675-0268,original,CWE675,-1.5899640857242048e-06,0.0,0.0,0.0
LineVul-public,juliet-CWE675-0285,original,CWE675,-8.163087841239758e-07,0.0,0.0,0.0
LineVul-public,juliet-CWE675-0341,original,CWE675,-7.337739589274861e-07,0.0,0.0,0.0
LineVul-public,juliet-CWE675-0390,original,CWE675,-6.78224751027301e-07,0.0,0.0,0.0
LineVul-public,juliet-CWE680-0010,original,CWE680,7.937638110888656e-05,1.0,0.0,0.0
LineVul-public,juliet-CWE680-0060,original,CWE680,7.250615453813225e-06,1.0,0.0,0.0
LineVul-public,juliet-CWE680-0122,original,CWE680,9.390680679643992e-05,1.0,0.0,0.0
LineVul-public,juliet-CWE680-0154,original,CWE680,9.474711441725958e-05,1.0,0.0,0.0
LineVul-public,juliet-CWE680-0243,original,CWE680,7.956977242429275e-05,1.0,0.0,0.0
LineVul-public,juliet-CWE680-0249,original,CWE680,0.00014161002036416903,1.0,0.0,0.0
LineVul-public,juliet-CWE680-0280,original,CWE680,0.00015316968710976653,1.0,0.0,0.0
LineVul-public,juliet-CWE680-0295,original,CWE680,-5.715940187656088e-05,0.0,0.0,0.0
LineVul-public,juliet-CWE680-0317,original,CWE680,0.00011674349298118614,1.0,0.0,0.0
LineVul-public,juliet-CWE680-0327,original,CWE680,0.0001281339136767201,1.0,0.0,0.0
LineVul-public,juliet-CWE680-0389,original,CWE680,-1.70244493347127e-06,0.0,0.0,0.0
LineVul-public,juliet-CWE690-0011,original,CWE690,-7.935304893180728e-07,0.0,0.0,0.0
LineVul-public,juliet-CWE690-0037,original,CWE690,1.288763087359257e-07,1.0,0.0,0.0
LineVul-public,juliet-CWE690-0055,original,CWE690,3.263585313106887e-07,1.0,0.0,0.0
LineVul-public,juliet-CWE690-0080,original,CWE690,-6.372256393660791e-07,0.0,0.0,0.0
LineVul-public,juliet-CWE690-0131,original,CWE690,8.909410098567605e-09,1.0,0.0,0.0
LineVul-public,juliet-CWE690-0170,original,CWE690,-8.026199793675914e-08,0.0,0.0,0.0
LineVul-public,juliet-CWE690-0222,original,CWE690,6.141262929304503e-07,1.0,0.0,0.0
LineVul-public,juliet-CWE690-0340,original,CWE690,-8.960897503129672e-06,0.0,0.0,0.0
LineVul-public,juliet-CWE690-0375,original,CWE690,-1.3761900845565833e-06,0.0,0.0,0.0
LineVul-public,juliet-CWE690-0400,original,CWE690,-1.1519477993715554e-07,0.0,0.0,0.0
LineVul-public,juliet-CWE761-0058,original,CWE761,6.64373001200147e-05,1.0,0.0,0.0
LineVul-public,juliet-CWE761-0079,original,CWE761,0.00033002859709085897,1.0,0.0,0.0
LineVul-public,juliet-CWE761-0149,original,CWE761,-2.93494485958945e-06,0.0,0.0,0.0
LineVul-public,juliet-CWE761-0171,original,CWE761,-2.0970182958990335e-06,0.0,0.0,0.0
LineVul-public,juliet-CWE761-0208,original,CWE761,1.3047974789515138e-06,1.0,0.0,0.0
LineVul-public,juliet-CWE761-0221,original,CWE761,3.1113322620512918e-06,1.0,0.0,0.0
LineVul-public,juliet-CWE761-0236,original,CWE761,-4.245169293426443e-06,0.0,0.0,0.0
LineVul-public,juliet-CWE761-0284,original,CWE761,0.00028772050427505746,1.0,0.0,0.0
LineVul-public,juliet-CWE761-0378,original,CWE761,-3.629611455835402e-07,0.0,0.0,0.0
LineVul-public,juliet-CWE773-0008,original,CWE773,-7.498165359720588e-07,0.0,0.0,0.0
LineVul-public,juliet-CWE773-0106,original,CWE773,-4.2240299080731347e-07,0.0,0.0,0.0
LineVul-public,juliet-CWE773-0144,original,CWE773,-5.385848453443032e-06,0.0,0.0,0.0
LineVul-public,juliet-CWE773-0156,original,CWE773,-1.1876845746883191e-06,0.0,0.0,0.0
LineVul-public,juliet-CWE773-0216,original,CWE773,7.935705070849508e-08,1.0,0.0,0.0
LineVul-public,juliet-CWE773-0241,original,CWE773,-8.842007446219213e-07,0.0,0.0,0.0
LineVul-public,juliet-CWE773-0271,original,CWE773,-2.9579132387880236e-07,0.0,0.0,0.0
LineVul-public,juliet-CWE773-0293,original,CWE773,-7.249000191222876e-07,0.0,0.0,0.0
LineVul-public,juliet-CWE773-0376,original,CWE773,-2.8297154130996205e-06,0.0,0.0,0.0
LineVul-public,juliet-CWE773-0395,original,CWE773,1.0507970728212968e-05,1.0,0.0,0.0
LineVul-public,juliet-CWE775-0034,original,CWE775,-4.7649728003307246e-06,0.0,0.0,0.0
LineVul-public,juliet-CWE775-0046,original,CWE775,-4.388240085972939e-06,0.0,0.0,0.0
LineVul-public,juliet-CWE775-0050,original,CWE775,-5.985064490232617e-06,0.0,0.0,0.0
LineVul-public,juliet-CWE775-0065,original,CWE775,-6.509189915959723e-07,0.0,0.0,0.0
LineVul-public,juliet-CWE775-0088,original,CWE775,-2.7178257369087078e-06,0.0,0.0,0.0
LineVul-public,juliet-CWE775-0093,original,CWE775,-4.569430529954843e-06,0.0,0.0,0.0
LineVul-public,juliet-CWE775-0109,original,CWE775,9.615423550712876e-07,1.0,0.0,0.0
LineVul-public,juliet-CWE775-0136,original,CWE775,-1.7294050849159248e-06,0.0,0.0,0.0
LineVul-public,juliet-CWE775-0151,original,CWE775,-8.857741704559885e-07,0.0,0.0,0.0
LineVul-public,juliet-CWE775-0172,original,CWE775,-3.1488343665841967e-07,0.0,0.0,0.0
LineVul-public,juliet-CWE775-0247,original,CWE775,-1.917253030114807e-06,0.0,0.0,0.0
LineVul-public,juliet-CWE78-0033,original,CWE78,2.37658587138867e-05,1.0,0.0,0.0
LineVul-public,juliet-CWE78-0066,original,CWE78,2.4006139938137494e-06,1.0,0.0,0.0
LineVul-public,juliet-CWE78-0069,original,CWE78,7.810585884726606e-07,1.0,0.0,0.0
LineVul-public,juliet-CWE78-0142,original,CWE78,-1.3326525731827132e-06,0.0,0.0,0.0
LineVul-public,juliet-CWE78-0155,original,CWE78,4.637861366063589e-05,1.0,0.0,0.0
LineVul-public,juliet-CWE78-0173,original,CWE78,2.2137091946206056e-06,1.0,0.0,0.0
LineVul-public,juliet-CWE78-0246,original,CWE78,1.9585539121180773e-05,1.0,0.0,0.0
LineVul-public,juliet-CWE78-0329,original,CWE78,8.493351106153568e-05,1.0,0.0,0.0
LineVul-public,juliet-CWE78-0337,original,CWE78,1.4615561667596921e-06,1.0,0.0,0.0
LineVul-public,juliet-CWE78-0384,original,CWE78,2.9439275749609806e-05,1.0,0.0,0.0
LineVul-public,juliet-CWE789-0113,original,CWE789,4.691220601671375e-05,1.0,0.0,0.0
LineVul-public,juliet-CWE789-0128,original,CWE789,-1.1033062037313357e-06,0.0,0.0,0.0
LineVul-public,juliet-CWE789-0177,original,CWE789,-9.923391189659014e-06,0.0,0.0,0.0
LineVul-public,juliet-CWE789-0287,original,CWE789,4.378742596600205e-05,1.0,0.0,0.0
LineVul-public,juliet-CWE789-0303,original,CWE789,-6.5897120293811895e-06,0.0,0.0,0.0
LineVul-public,juliet-CWE789-0360,original,CWE789,-3.84442500944715e-07,0.0,0.0,0.0
LineVul-public,juliet-CWE789-0368,original,CWE789,-2.7001398848369718e-05,0.0,0.0,0.0
LineVul-public,juliet-CWE789-0386,original,CWE789,6.778681017749477e-05,1.0,0.0,0.0
LineVul-public,juliet-CWE843-0087,original,CWE843,-3.734330675797537e-07,0.0,0.0,0.0
LineVul-public,juliet-CWE843-0153,original,CWE843,-1.225383130076807e-06,0.0,0.0,0.0
LineVul-public,juliet-CWE843-0227,original,CWE843,-1.345390046481043e-06,0.0,0.0,0.0
LineVul-public,juliet-CWE843-0242,original,CWE843,1.9739218259928748e-07,1.0,0.0,0.0
LineVul-public,juliet-CWE843-0300,original,CWE843,-1.1754218576243147e-07,0.0,0.0,0.0
LineVul-public,juliet-CWE843-0305,original,CWE843,-1.3677636161446571e-06,0.0,0.0,0.0
LineVul-public,juliet-CWE843-0333,original,CWE843,-1.1795855243690312e-06,0.0,0.0,0.0
LineVul-public,juliet-CWE843-0382,original,CWE843,5.8415025705471635e-08,1.0,0.0,0.0
LineVul-public,juliet-CWE90-0006,original,CWE90,-4.929574060952291e-06,0.0,0.0,0.0
LineVul-public,juliet-CWE90-0057,original,CWE90,-1.2386226444505155e-06,0.0,0.0,0.0
LineVul-public,juliet-CWE90-0090,original,CWE90,8.709757821634412e-06,1.0,0.0,0.0
LineVul-public,juliet-CWE90-0189,original,CWE90,-8.069062459981069e-06,0.0,0.0,0.0
LineVul-public,juliet-CWE90-0244,original,CWE90,-8.219094524974935e-06,0.0,0.0,0.0
LineVul-public,juliet-CWE90-0264,original,CWE90,-1.7951862901099958e-05,0.0,0.0,0.0
LineVul-public,juliet-CWE90-0358,original,CWE90,1.449898354621837e-05,1.0,0.0,0.0
LineVul-public,juliet-CWE90-0372,original,CWE90,-1.0606998330331407e-05,0.0,0.0,0.0
LineVul-public,juliet-CWE90-0392,original,CWE90,8.623854228062555e-06,1.0,0.0,0.0
ReGVD-official-validation-calibrated,juliet-CWE114-0044,original,CWE114,-0.017282962799072266,0.0,0.0,0.0
ReGVD-official-validation-calibrated,juliet-CWE114-0071,original,CWE114,0.011298447847366333,1.0,0.0,0.0
ReGVD-official-validation-calibrated,juliet-CWE114-0077,original,CWE114,0.013922035694122314,1.0,0.0,0.0
ReGVD-official-validation-calibrated,juliet-CWE114-0166,original,CWE114,-0.00849190354347229,0.0,0.0,0.0
ReGVD-official-validation-calibrated,juliet-CWE114-0210,original,CWE114,0.013854295015335083,1.0,0.0,0.0
ReGVD-official-validation-calibrated,juliet-CWE114-0250,original,CWE114,0.004289001226425171,1.0,0.0,0.0
ReGVD-official-validation-calibrated,juliet-CWE114-0320,original,CWE114,0.0002968013286590576,1.0,0.0,0.0
ReGVD-official-validation-calibrated,juliet-CWE114-0363,original,CWE114,0.003614068031311035,1.0,0.0,0.0
ReGVD-official-validation-calibrated,juliet-CWE114-0369,original,CWE114,-0.01154172420501709,0.0,0.0,0.0
ReGVD-official-validation-calibrated,juliet-CWE121-0045,original,CWE121,-0.000523686408996582,0.0,0.0,0.0
ReGVD-official-validation-calibrated,juliet-CWE121-0100,original,CWE121,0.008631348609924316,1.0,0.0,0.0
ReGVD-official-validation-calibrated,juliet-CWE121-0146,original,CWE121,-0.003773808479309082,0.0,0.0,0.0
ReGVD-official-validation-calibrated,juliet-CWE121-0167,original,CWE121,-0.0010964274406433105,0.0,0.0,0.0
ReGVD-official-validation-calibrated,juliet-CWE121-0256,original,CWE121,0.00034552812576293945,1.0,0.0,0.0
ReGVD-official-validation-calibrated,juliet-CWE121-0296,original,CWE121,-0.002745300531387329,0.0,0.0,0.0
ReGVD-official-validation-calibrated,juliet-CWE121-0334,original,CWE121,0.006035655736923218,1.0,0.0,0.0
ReGVD-official-validation-calibrated,juliet-CWE122-0024,original,CWE122,0.014344394207000732,1.0,0.0,0.0
ReGVD-official-validation-calibrated,juliet-CWE122-0041,original,CWE122,-0.007257193326950073,0.0,0.0,0.0
ReGVD-official-validation-calibrated,juliet-CWE122-0072,original,CWE122,-0.009629398584365845,0.0,0.0,0.0
ReGVD-official-validation-calibrated,juliet-CWE122-0074,original,CWE122,-0.014604568481445312,0.0,0.0,0.0
ReGVD-official-validation-calibrated,juliet-CWE122-0105,original,CWE122,-0.014204531908035278,0.0,0.0,0.0
ReGVD-official-validation-calibrated,juliet-CWE122-0147,original,CWE122,-0.014376401901245117,0.0,0.0,0.0
ReGVD-official-validation-calibrated,juliet-CWE122-0215,original,CWE122,0.0055207908153533936,1.0,0.0,0.0
ReGVD-official-validation-calibrated,juliet-CWE122-0218,original,CWE122,0.017365694046020508,1.0,0.0,0.0
ReGVD-official-validation-calibrated,juliet-CWE122-0359,original,CWE122,0.009734570980072021,1.0,0.0,0.0
ReGVD-official-validation-calibrated,juliet-CWE123-0042,original,CWE123,-1.0699033737182617e-05,0.0,0.0,0.0
ReGVD-official-validation-calibrated,juliet-CWE123-0047,original,CWE123,-0.034662604331970215,0.0,0.0,0.0
ReGVD-official-validation-calibrated,juliet-CWE123-0084,original,CWE123,0.011124908924102783,1.0,0.0,0.0
ReGVD-official-validation-calibrated,juliet-CWE123-0086,original,CWE123,-0.00015592575073242188,0.0,0.0,0.0
ReGVD-official-validation-calibrated,juliet-CWE123-0110,original,CWE123,-0.022536635398864746,0.0,0.0,0.0
ReGVD-official-validation-calibrated,juliet-CWE123-0114,original,CWE123,-0.006560206413269043,0.0,0.0,0.0
ReGVD-official-validation-calibrated,juliet-CWE123-0178,original,CWE123,-0.022651702165603638,0.0,0.0,0.0
ReGVD-official-validation-calibrated,juliet-CWE123-0259,original,CWE123,-0.0014184415340423584,0.0,0.0,0.0
ReGVD-official-validation-calibrated,juliet-CWE123-0328,original,CWE123,-0.0004019439220428467,0.0,0.0,0.0
ReGVD-official-validation-calibrated,juliet-CWE123-0399,original,CWE123,-0.02563530206680298,0.0,0.0,0.0
ReGVD-official-validation-calibrated,juliet-CWE124-0009,original,CWE124,-0.010707229375839233,0.0,0.0,0.0
ReGVD-official-validation-calibrated,juliet-CWE124-0133,original,CWE124,-0.01822039484977722,0.0,0.0,0.0
ReGVD-official-validation-calibrated,juliet-CWE124-0165,original,CWE124,-0.0013061761856079102,0.0,0.0,0.0
ReGVD-official-validation-calibrated,juliet-CWE124-0193,original,CWE124,-0.00706443190574646,0.0,0.0,0.0
ReGVD-official-validation-calibrated,juliet-CWE124-0274,original,CWE124,-0.0009810924530029297,0.0,0.0,0.0
ReGVD-official-validation-calibrated,juliet-CWE124-0278,original,CWE124,-0.00438457727432251,0.0,0.0,0.0
ReGVD-official-validation-calibrated,juliet-CWE124-0306,original,CWE124,0.009358465671539307,1.0,0.0,0.0
ReGVD-official-validation-calibrated,juliet-CWE124-0319,original,CWE124,-0.001136690378189087,0.0,0.0,0.0
ReGVD-official-validation-calibrated,juliet-CWE124-0354,original,CWE124,0.004484713077545166,1.0,0.0,0.0
ReGVD-official-validation-calibrated,juliet-CWE124-0370,original,CWE124,-0.0010431110858917236,0.0,0.0,0.0
ReGVD-official-validation-calibrated,juliet-CWE126-0031,original,CWE126,0.008924871683120728,1.0,0.0,0.0
ReGVD-official-validation-calibrated,juliet-CWE126-0096,original,CWE126,-0.011411488056182861,0.0,0.0,0.0
ReGVD-official-validation-calibrated,juliet-CWE126-0107,original,CWE126,-0.01626884937286377,0.0,0.0,0.0
ReGVD-official-validation-calibrated,juliet-CWE126-0132,original,CWE126,0.004867434501647949,1.0,0.0,0.0
ReGVD-official-validation-calibrated,juliet-CWE126-0230,original,CWE126,-0.004013329744338989,0.0,0.0,0.0
ReGVD-official-validation-calibrated,juliet-CWE126-0237,original,CWE126,-0.015780359506607056,0.0,0.0,0.0
ReGVD-official-validation-calibrated,juliet-CWE126-0252,original,CWE126,-0.003698289394378662,0.0,0.0,0.0
ReGVD-official-validation-calibrated,juliet-CWE126-0258,original,CWE126,-0.009359300136566162,0.0,0.0,0.0
ReGVD-official-validation-calibrated,juliet-CWE126-0279,original,CWE126,0.0036468505859375,1.0,0.0,0.0
ReGVD-official-validation-calibrated,juliet-CWE126-0309,original,CWE126,-0.012729436159133911,0.0,0.0,0.0
ReGVD-official-validation-calibrated,juliet-CWE126-0345,original,CWE126,-0.007532566785812378,0.0,0.0,0.0
ReGVD-official-validation-calibrated,juliet-CWE127-0001,original,CWE127,-0.007829725742340088,0.0,0.0,0.0
ReGVD-official-validation-calibrated,juliet-CWE127-0190,original,CWE127,0.00985729694366455,1.0,0.0,0.0
ReGVD-official-validation-calibrated,juliet-CWE127-0292,original,CWE127,-0.013498753309249878,0.0,0.0,0.0
ReGVD-official-validation-calibrated,juliet-CWE127-0336,original,CWE127,-0.007805466651916504,0.0,0.0,0.0
ReGVD-official-validation-calibrated,juliet-CWE134-0005,original,CWE134,-0.013552099466323853,0.0,0.0,0.0
ReGVD-official-validation-calibrated,juliet-CWE134-0070,original,CWE134,0.011843293905258179,1.0,0.0,0.0
ReGVD-official-validation-calibrated,juliet-CWE134-0103,original,CWE134,-0.023267298936843872,0.0,0.0,0.0
ReGVD-official-validation-calibrated,juliet-CWE134-0235,original,CWE134,-0.04494038224220276,0.0,0.0,0.0
ReGVD-official-validation-calibrated,juliet-CWE134-0257,original,CWE134,0.004773825407028198,1.0,0.0,0.0
ReGVD-official-validation-calibrated,juliet-CWE134-0311,original,CWE134,0.012446671724319458,1.0,0.0,0.0
ReGVD-official-validation-calibrated,juliet-CWE134-0316,original,CWE134,0.0018110275268554688,1.0,0.0,0.0
ReGVD-official-validation-calibrated,juliet-CWE134-0351,original,CWE134,0.004571706056594849,1.0,0.0,0.0
ReGVD-official-validation-calibrated,juliet-CWE15-0026,original,CWE15,-0.033725231885910034,0.0,0.0,0.0
ReGVD-official-validation-calibrated,juliet-CWE15-0039,original,CWE15,-0.0341566801071167,0.0,0.0,0.0
ReGVD-official-validation-calibrated,juliet-CWE15-0078,original,CWE15,0.005492895841598511,1.0,0.0,0.0
ReGVD-official-validation-calibrated,juliet-CWE15-0121,original,CWE15,-0.03340902924537659,0.0,0.0,0.0
ReGVD-official-validation-calibrated,juliet-CWE15-0158,original,CWE15,-0.03655123710632324,0.0,0.0,0.0
ReGVD-official-validation-calibrated,juliet-CWE15-0239,original,CWE15,-0.03312218189239502,0.0,0.0,0.0
ReGVD-official-validation-calibrated,juliet-CWE15-0248,original,CWE15,-0.032000988721847534,0.0,0.0,0.0
ReGVD-official-validation-calibrated,juliet-CWE15-0254,original,CWE15,-0.027164310216903687,0.0,0.0,0.0
ReGVD-official-validation-calibrated,juliet-CWE15-0270,original,CWE15,-0.003371000289916992,0.0,0.0,0.0
ReGVD-official-validation-calibrated,juliet-CWE15-0273,original,CWE15,-0.03378447890281677,0.0,0.0,0.0
ReGVD-official-validation-calibrated,juliet-CWE15-0385,original,CWE15,-0.033206939697265625,0.0,0.0,0.0
ReGVD-official-validation-calibrated,juliet-CWE176-0119,original,CWE176,0.003741741180419922,1.0,0.0,0.0
ReGVD-official-validation-calibrated,juliet-CWE176-0161,original,CWE176,0.0004717409610748291,1.0,0.0,0.0
ReGVD-official-validation-calibrated,juliet-CWE176-0168,original,CWE176,0.00040775537490844727,1.0,0.0,0.0
ReGVD-official-validation-calibrated,juliet-CWE176-0180,original,CWE176,0.002546161413192749,1.0,0.0,0.0
ReGVD-official-validation-calibrated,juliet-CWE176-0213,original,CWE176,-0.01372256875038147,0.0,0.0,0.0
ReGVD-official-validation-calibrated,juliet-CWE176-0224,original,CWE176,-0.0030206143856048584,0.0,0.0,0.0
ReGVD-official-validation-calibrated,juliet-CWE176-0225,original,CWE176,0.0014593303203582764,1.0,0.0,0.0
ReGVD-official-validation-calibrated,juliet-CWE176-0299,original,CWE176,-0.009682804346084595,0.0,0.0,0.0
ReGVD-official-validation-calibrated,juliet-CWE190-0003,original,CWE190,-0.009467452764511108,0.0,0.0,0.0
ReGVD-official-validation-calibrated,juliet-CWE190-0068,original,CWE190,-0.015443533658981323,0.0,0.0,0.0
ReGVD-official-validation-calibrated,juliet-CWE190-0130,original,CWE190,-0.013850927352905273,0.0,0.0,0.0
ReGVD-official-validation-calibrated,juliet-CWE190-0186,original,CWE190,-0.0021911263465881348,0.0,0.0,0.0
ReGVD-official-validation-calibrated,juliet-CWE190-0240,original,CWE190,0.0059005022048950195,1.0,0.0,0.0
ReGVD-official-validation-calibrated,juliet-CWE190-0307,original,CWE190,0.005174726247787476,1.0,0.0,0.0
ReGVD-official-validation-calibrated,juliet-CWE190-0365,original,CWE190,-0.005799204111099243,0.0,0.0,0.0
ReGVD-official-validation-calibrated,juliet-CWE191-0019,original,CWE191,-0.017569303512573242,0.0,0.0,0.0
ReGVD-official-validation-calibrated,juliet-CWE191-0098,original,CWE191,0.002445220947265625,1.0,0.0,0.0
ReGVD-official-validation-calibrated,juliet-CWE191-0123,original,CWE191,0.000977933406829834,1.0,0.0,0.0
ReGVD-official-validation-calibrated,juliet-CWE191-0201,original,CWE191,-0.015235841274261475,0.0,0.0,0.0
ReGVD-official-validation-calibrated,juliet-CWE191-0217,original,CWE191,-0.008411705493927002,0.0,0.0,0.0
ReGVD-official-validation-calibrated,juliet-CWE191-0335,original,CWE191,0.001008838415145874,1.0,0.0,0.0
ReGVD-official-validation-calibrated,juliet-CWE191-0381,original,CWE191,-0.011140197515487671,0.0,0.0,0.0
ReGVD-official-validation-calibrated,juliet-CWE194-0007,original,CWE194,-0.009897589683532715,0.0,0.0,0.0
ReGVD-official-validation-calibrated,juliet-CWE194-0022,original,CWE194,-0.01204538345336914,0.0,0.0,0.0
ReGVD-official-validation-calibrated,juliet-CWE194-0051,original,CWE194,0.0021879374980926514,1.0,0.0,0.0
ReGVD-official-validation-calibrated,juliet-CWE194-0053,original,CWE194,0.0021268129348754883,1.0,0.0,0.0
ReGVD-official-validation-calibrated,juliet-CWE194-0150,original,CWE194,-0.04507941007614136,0.0,0.0,0.0
ReGVD-official-validation-calibrated,juliet-CWE194-0157,original,CWE194,-0.0008590817451477051,0.0,0.0,0.0
ReGVD-official-validation-calibrated,juliet-CWE194-0169,original,CWE194,-0.03406393527984619,0.0,0.0,0.0
ReGVD-official-validation-calibrated,juliet-CWE194-0332,original,CWE194,-0.0009776949882507324,0.0,0.0,0.0
ReGVD-official-validation-calibrated,juliet-CWE194-0353,original,CWE194,0.007961362600326538,1.0,0.0,0.0
ReGVD-official-validation-calibrated,juliet-CWE194-0380,original,CWE194,-0.04042890667915344,0.0,0.0,0.0
ReGVD-official-validation-calibrated,juliet-CWE194-0388,original,CWE194,0.009047776460647583,1.0,0.0,0.0
ReGVD-official-validation-calibrated,juliet-CWE195-0016,original,CWE195,-0.04773622751235962,0.0,0.0,0.0
ReGVD-official-validation-calibrated,juliet-CWE195-0163,original,CWE195,0.0011258423328399658,1.0,0.0,0.0
ReGVD-official-validation-calibrated,juliet-CWE195-0185,original,CWE195,0.011430740356445312,1.0,0.0,0.0
ReGVD-official-validation-calibrated,juliet-CWE195-0196,original,CWE195,0.013313114643096924,1.0,0.0,0.0
ReGVD-official-validation-calibrated,juliet-CWE195-0199,original,CWE195,-0.0507645308971405,0.0,0.0,0.0
ReGVD-official-validation-calibrated,juliet-CWE195-0346,original,CWE195,-0.011580079793930054,0.0,0.0,0.0
ReGVD-official-validation-calibrated,juliet-CWE195-0356,original,CWE195,-0.01776498556137085,0.0,0.0,0.0
ReGVD-official-validation-calibrated,juliet-CWE197-0012,original,CWE197,-0.01016455888748169,0.0,0.0,0.0
ReGVD-official-validation-calibrated,juliet-CWE197-0061,original,CWE197,7.772445678710938e-05,1.0,0.0,0.0
ReGVD-official-validation-calibrated,juliet-CWE197-0067,original,CWE197,-0.052186280488967896,0.0,0.0,0.0
ReGVD-official-validation-calibrated,juliet-CWE197-0082,original,CWE197,0.004283398389816284,1.0,0.0,0.0
ReGVD-official-validation-calibrated,juliet-CWE197-0260,original,CWE197,0.004313796758651733,1.0,0.0,0.0
ReGVD-official-validation-calibrated,juliet-CWE197-0339,original,CWE197,-0.04455551505088806,0.0,0.0,0.0
ReGVD-official-validation-calibrated,juliet-CWE197-0350,original,CWE197,0.004488885402679443,1.0,0.0,0.0
ReGVD-official-validation-calibrated,juliet-CWE256-0015,original,CWE256,0.011466890573501587,1.0,0.0,0.0
ReGVD-official-validation-calibrated,juliet-CWE256-0028,original,CWE256,-0.005745381116867065,0.0,0.0,0.0
ReGVD-official-validation-calibrated,juliet-CWE256-0138,original,CWE256,-0.0070206522941589355,0.0,0.0,0.0
ReGVD-official-validation-calibrated,juliet-CWE256-0192,original,CWE256,-0.01217702031135559,0.0,0.0,0.0
ReGVD-official-validation-calibrated,juliet-CWE256-0304,original,CWE256,-0.00662308931350708,0.0,0.0,0.0
ReGVD-official-validation-calibrated,juliet-CWE256-0310,original,CWE256,-0.01045691967010498,0.0,0.0,0.0
ReGVD-official-validation-calibrated,juliet-CWE256-0322,original,CWE256,0.004021346569061279,1.0,0.0,0.0
ReGVD-official-validation-calibrated,juliet-CWE256-0371,original,CWE256,-0.009012579917907715,0.0,0.0,0.0
ReGVD-official-validation-calibrated,juliet-CWE259-0029,original,CWE259,-0.007857024669647217,0.0,0.0,0.0
ReGVD-official-validation-calibrated,juliet-CWE259-0126,original,CWE259,-0.010994106531143188,0.0,0.0,0.0
ReGVD-official-validation-calibrated,juliet-CWE259-0129,original,CWE259,-0.005245327949523926,0.0,0.0,0.0
ReGVD-official-validation-calibrated,juliet-CWE259-0174,original,CWE259,0.008015841245651245,1.0,0.0,0.0
ReGVD-official-validation-calibrated,juliet-CWE259-0175,original,CWE259,0.012437313795089722,1.0,0.0,0.0
ReGVD-official-validation-calibrated,juliet-CWE259-0176,original,CWE259,-0.004458189010620117,0.0,0.0,0.0
ReGVD-official-validation-calibrated,juliet-CWE259-0200,original,CWE259,0.004327923059463501,1.0,0.0,0.0
ReGVD-official-validation-calibrated,juliet-CWE259-0206,original,CWE259,0.00031253695487976074,1.0,0.0,0.0
ReGVD-official-validation-calibrated,juliet-CWE259-0355,original,CWE259,0.0038656294345855713,1.0,0.0,0.0
ReGVD-official-validation-calibrated,juliet-CWE319-0017,original,CWE319,-0.00015029311180114746,0.0,0.0,0.0
ReGVD-official-validation-calibrated,juliet-CWE319-0102,original,CWE319,-0.007065892219543457,0.0,0.0,0.0
ReGVD-official-validation-calibrated,juliet-CWE319-0141,original,CWE319,-0.008890718221664429,0.0,0.0,0.0
ReGVD-official-validation-calibrated,juliet-CWE319-0232,original,CWE319,0.016162455081939697,1.0,0.0,0.0
ReGVD-official-validation-calibrated,juliet-CWE319-0245,original,CWE319,-0.01406368613243103,0.0,0.0,0.0
ReGVD-official-validation-calibrated,juliet-CWE319-0272,original,CWE319,0.0023285746574401855,1.0,0.0,0.0
ReGVD-official-validation-calibrated,juliet-CWE319-0276,original,CWE319,-0.02668902277946472,0.0,0.0,0.0
ReGVD-official-validation-calibrated,juliet-CWE319-0297,original,CWE319,-0.02716803550720215,0.0,0.0,0.0
ReGVD-official-validation-calibrated,juliet-CWE321-0111,original,CWE321,-0.015539556741714478,0.0,0.0,0.0
ReGVD-official-validation-calibrated,juliet-CWE321-0308,original,CWE321,-0.010838687419891357,0.0,0.0,0.0
ReGVD-official-validation-calibrated,juliet-CWE321-0312,original,CWE321,-0.010077446699142456,0.0,0.0,0.0
ReGVD-official-validation-calibrated,juliet-CWE321-0323,original,CWE321,-0.013386726379394531,0.0,0.0,0.0
ReGVD-official-validation-calibrated,juliet-CWE321-0325,original,CWE321,-0.0010541975498199463,0.0,0.0,0.0
ReGVD-official-validation-calibrated,juliet-CWE321-0364,original,CWE321,-0.019195973873138428,0.0,0.0,0.0
ReGVD-official-validation-calibrated,juliet-CWE321-0383,original,CWE321,0.00589403510093689,1.0,0.0,0.0
ReGVD-official-validation-calibrated,juliet-CWE321-0397,original,CWE321,-0.018902897834777832,0.0,0.0,0.0
ReGVD-official-validation-calibrated,juliet-CWE369-0152,original,CWE369,0.0017054378986358643,1.0,0.0,0.0
ReGVD-official-validation-calibrated,juliet-CWE369-0181,original,CWE369,-0.0001595020294189453,0.0,0.0,0.0
ReGVD-official-validation-calibrated,juliet-CWE369-0207,original,CWE369,0.0049089789390563965,1.0,0.0,0.0
ReGVD-official-validation-calibrated,juliet-CWE369-0324,original,CWE369,-0.011127173900604248,0.0,0.0,0.0
ReGVD-official-validation-calibrated,juliet-CWE369-0373,original,CWE369,-0.05111435055732727,0.0,0.0,0.0
ReGVD-official-validation-calibrated,juliet-CWE400-0018,original,CWE400,-0.012198537588119507,0.0,0.0,0.0
ReGVD-official-validation-calibrated,juliet-CWE400-0043,original,CWE400,-0.04061153531074524,0.0,0.0,0.0
ReGVD-official-validation-calibrated,juliet-CWE400-0076,original,CWE400,-0.051373690366744995,0.0,0.0,0.0
ReGVD-official-validation-calibrated,juliet-CWE400-0194,original,CWE400,-0.018128275871276855,0.0,0.0,0.0
ReGVD-official-validation-calibrated,juliet-CWE400-0219,original,CWE400,-0.028293609619140625,0.0,0.0,0.0
ReGVD-official-validation-calibrated,juliet-CWE400-0263,original,CWE400,-0.0512581467628479,0.0,0.0,0.0
ReGVD-official-validation-calibrated,juliet-CWE400-0266,original,CWE400,-0.020365267992019653,0.0,0.0,0.0
ReGVD-official-validation-calibrated,juliet-CWE400-0288,original,CWE400,-0.028324604034423828,0.0,0.0,0.0
ReGVD-official-validation-calibrated,juliet-CWE400-0343,original,CWE400,-0.01712062954902649,0.0,0.0,0.0
ReGVD-official-validation-calibrated,juliet-CWE401-0021,original,CWE401,0.0039328038692474365,1.0,0.0,0.0
ReGVD-official-validation-calibrated,juliet-CWE401-0091,original,CWE401,-0.0028235316276550293,0.0,0.0,0.0
ReGVD-official-validation-calibrated,juliet-CWE401-0108,original,CWE401,-0.0017342865467071533,0.0,0.0,0.0
ReGVD-official-validation-calibrated,juliet-CWE401-0140,original,CWE401,-0.016690939664840698,0.0,0.0,0.0
ReGVD-official-validation-calibrated,juliet-CWE401-0283,original,CWE401,-0.013210177421569824,0.0,0.0,0.0
ReGVD-official-validation-calibrated,juliet-CWE401-0286,original,CWE401,0.0017881691455841064,1.0,0.0,0.0
ReGVD-official-validation-calibrated,juliet-CWE401-0374,original,CWE401,-0.008868306875228882,0.0,0.0,0.0
ReGVD-official-validation-calibrated,juliet-CWE401-0394,original,CWE401,-0.021085888147354126,0.0,0.0,0.0
ReGVD-official-validation-calibrated,juliet-CWE404-0137,original,CWE404,0.006460458040237427,1.0,0.0,0.0
ReGVD-official-validation-calibrated,juliet-CWE404-0251,original,CWE404,-0.019026607275009155,0.0,0.0,0.0
ReGVD-official-validation-calibrated,juliet-CWE404-0253,original,CWE404,0.027104824781417847,1.0,0.0,1.0
ReGVD-official-validation-calibrated,juliet-CWE404-0277,original,CWE404,0.006781041622161865,1.0,0.0,0.0
ReGVD-official-validation-calibrated,juliet-CWE415-0013,original,CWE415,-0.015201330184936523,0.0,0.0,0.0
ReGVD-official-validation-calibrated,juliet-CWE415-0025,original,CWE415,0.0038397610187530518,1.0,0.0,0.0
ReGVD-official-validation-calibrated,juliet-CWE415-0092,original,CWE415,-0.011799633502960205,0.0,0.0,0.0
ReGVD-official-validation-calibrated,juliet-CWE415-0120,original,CWE415,-0.014094561338424683,0.0,0.0,0.0
ReGVD-official-validation-calibrated,juliet-CWE415-0204,original,CWE415,0.0012520253658294678,1.0,0.0,0.0
ReGVD-official-validation-calibrated,juliet-CWE415-0233,original,CWE415,0.0045486390590667725,1.0,0.0,0.0
ReGVD-official-validation-calibrated,juliet-CWE415-0262,original,CWE415,0.004415154457092285,1.0,0.0,0.0
ReGVD-official-validation-calibrated,juliet-CWE415-0301,original,CWE415,-0.003343909978866577,0.0,0.0,0.0
ReGVD-official-validation-calibrated,juliet-CWE415-0347,original,CWE415,-0.005231678485870361,0.0,0.0,0.0
ReGVD-official-validation-calibrated,juliet-CWE415-0391,original,CWE415,0.0017549693584442139,1.0,0.0,0.0
ReGVD-official-validation-calibrated,juliet-CWE416-0020,original,CWE416,-0.007565021514892578,0.0,0.0,0.0
ReGVD-official-validation-calibrated,juliet-CWE416-0040,original,CWE416,-0.0010388493537902832,0.0,0.0,0.0
ReGVD-official-validation-calibrated,juliet-CWE416-0101,original,CWE416,0.0004163384437561035,1.0,0.0,0.0
ReGVD-official-validation-calibrated,juliet-CWE416-0290,original,CWE416,-0.004415839910507202,0.0,0.0,0.0
ReGVD-official-validation-calibrated,juliet-CWE416-0318,original,CWE416,-0.0016201138496398926,0.0,0.0,0.0
ReGVD-official-validation-calibrated,juliet-CWE416-0338,original,CWE416,-6.398558616638184e-05,0.0,0.0,0.0
ReGVD-official-validation-calibrated,juliet-CWE416-0349,original,CWE416,-0.000973820686340332,0.0,0.0,0.0
ReGVD-official-validation-calibrated,juliet-CWE416-0366,original,CWE416,-0.0073625147342681885,0.0,0.0,0.0
ReGVD-official-validation-calibrated,juliet-CWE426-0023,original,CWE426,-0.01391485333442688,0.0,0.0,0.0
ReGVD-official-validation-calibrated,juliet-CWE426-0063,original,CWE426,-0.009658098220825195,0.0,0.0,0.0
ReGVD-official-validation-calibrated,juliet-CWE426-0112,original,CWE426,0.002032846212387085,1.0,0.0,0.0
ReGVD-official-validation-calibrated,juliet-CWE426-0188,original,CWE426,-0.004186451435089111,0.0,0.0,0.0
ReGVD-official-validation-calibrated,juliet-CWE426-0205,original,CWE426,0.002514660358428955,1.0,0.0,0.0
ReGVD-official-validation-calibrated,juliet-CWE426-0228,original,CWE426,-0.0016584992408752441,0.0,0.0,0.0
ReGVD-official-validation-calibrated,juliet-CWE426-0234,original,CWE426,-2.8014183044433594e-06,0.0,0.0,0.0
ReGVD-official-validation-calibrated,juliet-CWE426-0281,original,CWE426,0.005951434373855591,1.0,0.0,0.0
ReGVD-official-validation-calibrated,juliet-CWE427-0059,original,CWE427,-0.02663370966911316,0.0,0.0,0.0
ReGVD-official-validation-calibrated,juliet-CWE427-0148,original,CWE427,-0.010852456092834473,0.0,0.0,0.0
ReGVD-official-validation-calibrated,juliet-CWE427-0220,original,CWE427,-0.0015780925750732422,0.0,0.0,0.0
ReGVD-official-validation-calibrated,juliet-CWE427-0226,original,CWE427,-0.03284367918968201,0.0,0.0,0.0
ReGVD-official-validation-calibrated,juliet-CWE427-0321,original,CWE427,0.001756221055984497,1.0,0.0,0.0
ReGVD-official-validation-calibrated,juliet-CWE427-0326,original,CWE427,0.0007975995540618896,1.0,0.0,0.0
ReGVD-official-validation-calibrated,juliet-CWE457-0036,original,CWE457,-0.015676558017730713,0.0,0.0,0.0
ReGVD-official-validation-calibrated,juliet-CWE457-0056,original,CWE457,-0.0013402104377746582,0.0,0.0,0.0
ReGVD-official-validation-calibrated,juliet-CWE457-0081,original,CWE457,-0.0021294057369232178,0.0,0.0,0.0
ReGVD-official-validation-calibrated,juliet-CWE457-0104,original,CWE457,-0.015226393938064575,0.0,0.0,0.0
ReGVD-official-validation-calibrated,juliet-CWE457-0184,original,CWE457,-0.02207741141319275,0.0,0.0,0.0
ReGVD-official-validation-calibrated,juliet-CWE457-0267,original,CWE457,-0.004654735326766968,0.0,0.0,0.0
ReGVD-official-validation-calibrated,juliet-CWE457-0298,original,CWE457,-0.02011910080909729,0.0,0.0,0.0
ReGVD-official-validation-calibrated,juliet-CWE457-0314,original,CWE457,-0.016444504261016846,0.0,0.0,0.0
ReGVD-official-validation-calibrated,juliet-CWE464-0002,original,CWE464,-0.018548011779785156,0.0,0.0,0.0
ReGVD-official-validation-calibrated,juliet-CWE464-0014,original,CWE464,-0.011142104864120483,0.0,0.0,0.0
ReGVD-official-validation-calibrated,juliet-CWE464-0075,original,CWE464,-0.01308789849281311,0.0,0.0,0.0
ReGVD-official-validation-calibrated,juliet-CWE464-0094,original,CWE464,-0.017430871725082397,0.0,0.0,0.0
ReGVD-official-validation-calibrated,juliet-CWE464-0095,original,CWE464,-0.00998649001121521,0.0,0.0,0.0
ReGVD-official-validation-calibrated,juliet-CWE464-0179,original,CWE464,-0.012451648712158203,0.0,0.0,0.0
ReGVD-official-validation-calibrated,juliet-CWE464-0291,original,CWE464,-0.01238316297531128,0.0,0.0,0.0
ReGVD-official-validation-calibrated,juliet-CWE476-0027,original,CWE476,0.01327487826347351,1.0,0.0,0.0
ReGVD-official-validation-calibrated,juliet-CWE476-0049,original,CWE476,0.0029903054237365723,1.0,0.0,0.0
ReGVD-official-validation-calibrated,juliet-CWE476-0159,original,CWE476,-4.0411949157714844e-05,0.0,0.0,0.0
ReGVD-official-validation-calibrated,juliet-CWE476-0162,original,CWE476,-0.015674322843551636,0.0,0.0,0.0
ReGVD-official-validation-calibrated,juliet-CWE476-0214,original,CWE476,-0.01270553469657898,0.0,0.0,0.0
ReGVD-official-validation-calibrated,juliet-CWE476-0352,original,CWE476,0.0037963390350341797,1.0,0.0,0.0
ReGVD-official-validation-calibrated,juliet-CWE563-0030,original,CWE563,-0.01933872699737549,0.0,0.0,0.0
ReGVD-official-validation-calibrated,juliet-CWE563-0099,original,CWE563,-0.01784709095954895,0.0,0.0,0.0
ReGVD-official-validation-calibrated,juliet-CWE563-0124,original,CWE563,-0.00305214524269104,0.0,0.0,0.0
ReGVD-official-validation-calibrated,juliet-CWE563-0125,original,CWE563,-0.01876869797706604,0.0,0.0,0.0
ReGVD-official-validation-calibrated,juliet-CWE563-0135,original,CWE563,-0.0200347900390625,0.0,0.0,0.0
ReGVD-official-validation-calibrated,juliet-CWE563-0164,original,CWE563,0.002379089593887329,1.0,0.0,0.0
ReGVD-official-validation-calibrated,juliet-CWE563-0183,original,CWE563,-0.01684671640396118,0.0,0.0,0.0
ReGVD-official-validation-calibrated,juliet-CWE563-0191,original,CWE563,-0.015261739492416382,0.0,0.0,0.0
ReGVD-official-validation-calibrated,juliet-CWE563-0202,original,CWE563,-0.01443338394165039,0.0,0.0,0.0
ReGVD-official-validation-calibrated,juliet-CWE563-0294,original,CWE563,-0.019589602947235107,0.0,0.0,0.0
ReGVD-official-validation-calibrated,juliet-CWE563-0348,original,CWE563,0.0008123517036437988,1.0,0.0,0.0
ReGVD-official-validation-calibrated,juliet-CWE588-0035,original,CWE588,0.003204941749572754,1.0,0.0,0.0
ReGVD-official-validation-calibrated,juliet-CWE588-0048,original,CWE588,-0.015847206115722656,0.0,0.0,0.0
ReGVD-official-validation-calibrated,juliet-CWE588-0089,original,CWE588,-0.015293866395950317,0.0,0.0,0.0
ReGVD-official-validation-calibrated,juliet-CWE588-0143,original,CWE588,0.00609317421913147,1.0,0.0,0.0
ReGVD-official-validation-calibrated,juliet-CWE588-0187,original,CWE588,0.0019481182098388672,1.0,0.0,0.0
ReGVD-official-validation-calibrated,juliet-CWE588-0195,original,CWE588,0.004170447587966919,1.0,0.0,0.0
ReGVD-official-validation-calibrated,juliet-CWE588-0198,original,CWE588,-0.021264612674713135,0.0,0.0,0.0
ReGVD-official-validation-calibrated,juliet-CWE588-0212,original,CWE588,0.004078209400177002,1.0,0.0,0.0
ReGVD-official-validation-calibrated,juliet-CWE588-0330,original,CWE588,0.005287647247314453,1.0,0.0,0.0
ReGVD-official-validation-calibrated,juliet-CWE588-0362,original,CWE588,-0.01626989245414734,0.0,0.0,0.0
ReGVD-official-validation-calibrated,juliet-CWE590-0032,original,CWE590,-0.0058512091636657715,0.0,0.0,0.0
ReGVD-official-validation-calibrated,juliet-CWE590-0054,original,CWE590,0.009251207113265991,1.0,0.0,0.0
ReGVD-official-validation-calibrated,juliet-CWE590-0073,original,CWE590,-0.013743549585342407,0.0,0.0,0.0
ReGVD-official-validation-calibrated,juliet-CWE590-0085,original,CWE590,-0.00733792781829834,0.0,0.0,0.0
ReGVD-official-validation-calibrated,juliet-CWE590-0127,original,CWE590,0.002925872802734375,1.0,0.0,0.0
ReGVD-official-validation-calibrated,juliet-CWE590-0261,original,CWE590,-0.008410632610321045,0.0,0.0,0.0
ReGVD-official-validation-calibrated,juliet-CWE590-0265,original,CWE590,-0.01253548264503479,0.0,0.0,0.0
ReGVD-official-validation-calibrated,juliet-CWE590-0269,original,CWE590,0.00778469443321228,1.0,0.0,0.0
ReGVD-official-validation-calibrated,juliet-CWE590-0342,original,CWE590,-0.009783029556274414,0.0,0.0,0.0
ReGVD-official-validation-calibrated,juliet-CWE590-0377,original,CWE590,0.005179762840270996,1.0,0.0,0.0
ReGVD-official-validation-calibrated,juliet-CWE590-0379,original,CWE590,-0.007208794355392456,0.0,0.0,0.0
ReGVD-official-validation-calibrated,juliet-CWE591-0004,original,CWE591,-0.017740309238433838,0.0,0.0,0.0
ReGVD-official-validation-calibrated,juliet-CWE591-0038,original,CWE591,-0.014745175838470459,0.0,0.0,0.0
ReGVD-official-validation-calibrated,juliet-CWE591-0117,original,CWE591,-0.011694788932800293,0.0,0.0,0.0
ReGVD-official-validation-calibrated,juliet-CWE591-0134,original,CWE591,-0.013030081987380981,0.0,0.0,0.0
ReGVD-official-validation-calibrated,juliet-CWE591-0139,original,CWE591,-0.01535460352897644,0.0,0.0,0.0
ReGVD-official-validation-calibrated,juliet-CWE591-0223,original,CWE591,-0.015213161706924438,0.0,0.0,0.0
ReGVD-official-validation-calibrated,juliet-CWE591-0275,original,CWE591,0.01744648814201355,1.0,0.0,0.0
ReGVD-official-validation-calibrated,juliet-CWE591-0313,original,CWE591,0.017451733350753784,1.0,0.0,0.0
ReGVD-official-validation-calibrated,juliet-CWE591-0331,original,CWE591,-0.021970897912979126,0.0,0.0,0.0
ReGVD-official-validation-calibrated,juliet-CWE591-0344,original,CWE591,-0.013966470956802368,0.0,0.0,0.0
ReGVD-official-validation-calibrated,juliet-CWE591-0357,original,CWE591,-0.01894572377204895,0.0,0.0,0.0
ReGVD-official-validation-calibrated,juliet-CWE606-0052,original,CWE606,-0.002054870128631592,0.0,0.0,0.0
ReGVD-official-validation-calibrated,juliet-CWE606-0145,original,CWE606,0.0004805624485015869,1.0,0.0,0.0
ReGVD-official-validation-calibrated,juliet-CWE606-0197,original,CWE606,-0.014145821332931519,0.0,0.0,0.0
ReGVD-official-validation-calibrated,juliet-CWE606-0203,original,CWE606,0.0033507943153381348,1.0,0.0,0.0
ReGVD-official-validation-calibrated,juliet-CWE606-0229,original,CWE606,-0.05003073811531067,0.0,0.0,0.0
ReGVD-official-validation-calibrated,juliet-CWE606-0231,original,CWE606,0.00853767991065979,1.0,0.0,0.0
ReGVD-official-validation-calibrated,juliet-CWE606-0238,original,CWE606,-0.0025375783443450928,0.0,0.0,0.0
ReGVD-official-validation-calibrated,juliet-CWE606-0255,original,CWE606,0.01156654953956604,1.0,0.0,0.0
ReGVD-official-validation-calibrated,juliet-CWE606-0282,original,CWE606,-0.046776145696640015,0.0,0.0,0.0
ReGVD-official-validation-calibrated,juliet-CWE606-0387,original,CWE606,-0.05656871199607849,0.0,0.0,0.0
ReGVD-official-validation-calibrated,juliet-CWE606-0396,original,CWE606,-0.00024768710136413574,0.0,0.0,0.0
ReGVD-official-validation-calibrated,juliet-CWE606-0398,original,CWE606,0.0009389221668243408,1.0,0.0,0.0
ReGVD-official-validation-calibrated,juliet-CWE617-0097,original,CWE617,-0.02751585841178894,0.0,0.0,0.0
ReGVD-official-validation-calibrated,juliet-CWE617-0115,original,CWE617,-0.016073137521743774,0.0,0.0,0.0
ReGVD-official-validation-calibrated,juliet-CWE617-0209,original,CWE617,-0.0006909668445587158,0.0,0.0,0.0
ReGVD-official-validation-calibrated,juliet-CWE617-0302,original,CWE617,0.00193747878074646,1.0,0.0,0.0
ReGVD-official-validation-calibrated,juliet-CWE665-0116,original,CWE665,0.002458035945892334,1.0,0.0,0.0
ReGVD-official-validation-calibrated,juliet-CWE665-0118,original,CWE665,-0.0010559558868408203,0.0,0.0,0.0
ReGVD-official-validation-calibrated,juliet-CWE665-0289,original,CWE665,0.002386242151260376,1.0,0.0,0.0
ReGVD-official-validation-calibrated,juliet-CWE665-0315,original,CWE665,0.003987759351730347,1.0,0.0,0.0
ReGVD-official-validation-calibrated,juliet-CWE665-0361,original,CWE665,-0.005959540605545044,0.0,0.0,0.0
ReGVD-official-validation-calibrated,juliet-CWE665-0367,original,CWE665,-0.011898458003997803,0.0,0.0,0.0
ReGVD-official-validation-calibrated,juliet-CWE665-0393,original,CWE665,0.004546165466308594,1.0,0.0,0.0
ReGVD-official-validation-calibrated,juliet-CWE675-0062,original,CWE675,-0.0033229589462280273,0.0,0.0,0.0
ReGVD-official-validation-calibrated,juliet-CWE675-0064,original,CWE675,0.006623953580856323,1.0,0.0,0.0
ReGVD-official-validation-calibrated,juliet-CWE675-0083,original,CWE675,-0.01811012625694275,0.0,0.0,0.0
ReGVD-official-validation-calibrated,juliet-CWE675-0160,original,CWE675,-0.017612755298614502,0.0,0.0,0.0
ReGVD-official-validation-calibrated,juliet-CWE675-0182,original,CWE675,-0.005886465311050415,0.0,0.0,0.0
ReGVD-official-validation-calibrated,juliet-CWE675-0211,original,CWE675,0.0006137192249298096,1.0,0.0,0.0
ReGVD-official-validation-calibrated,juliet-CWE675-0268,original,CWE675,0.0006429553031921387,1.0,0.0,0.0
ReGVD-official-validation-calibrated,juliet-CWE675-0285,original,CWE675,-0.012022227048873901,0.0,0.0,0.0
ReGVD-official-validation-calibrated,juliet-CWE675-0341,original,CWE675,0.002353191375732422,1.0,0.0,0.0
ReGVD-official-validation-calibrated,juliet-CWE675-0390,original,CWE675,-0.008944123983383179,0.0,0.0,0.0
ReGVD-official-validation-calibrated,juliet-CWE680-0010,original,CWE680,-0.039057135581970215,0.0,0.0,0.0
ReGVD-official-validation-calibrated,juliet-CWE680-0060,original,CWE680,-0.029378265142440796,0.0,0.0,0.0
ReGVD-official-validation-calibrated,juliet-CWE680-0122,original,CWE680,-0.04187643527984619,0.0,0.0,0.0
ReGVD-official-validation-calibrated,juliet-CWE680-0154,original,CWE680,-0.05099111795425415,0.0,0.0,0.0
ReGVD-official-validation-calibrated,juliet-CWE680-0243,original,CWE680,-0.052304625511169434,0.0,0.0,0.0
ReGVD-official-validation-calibrated,juliet-CWE680-0249,original,CWE680,-0.0451505184173584,0.0,0.0,0.0
ReGVD-official-validation-calibrated,juliet-CWE680-0280,original,CWE680,-0.05349960923194885,0.0,0.0,0.0
ReGVD-official-validation-calibrated,juliet-CWE680-0295,original,CWE680,-0.01322123408317566,0.0,0.0,0.0
ReGVD-official-validation-calibrated,juliet-CWE680-0317,original,CWE680,-0.04037672281265259,0.0,0.0,0.0
ReGVD-official-validation-calibrated,juliet-CWE680-0327,original,CWE680,-0.007122516632080078,0.0,0.0,0.0
ReGVD-official-validation-calibrated,juliet-CWE680-0389,original,CWE680,-0.0035425424575805664,0.0,0.0,0.0
ReGVD-official-validation-calibrated,juliet-CWE690-0011,original,CWE690,-0.012735635042190552,0.0,0.0,0.0
ReGVD-official-validation-calibrated,juliet-CWE690-0037,original,CWE690,-0.01487836241722107,0.0,0.0,0.0
ReGVD-official-validation-calibrated,juliet-CWE690-0055,original,CWE690,-0.0038965344429016113,0.0,0.0,0.0
ReGVD-official-validation-calibrated,juliet-CWE690-0080,original,CWE690,0.004277139902114868,1.0,0.0,0.0
ReGVD-official-validation-calibrated,juliet-CWE690-0131,original,CWE690,0.004622697830200195,1.0,0.0,0.0
ReGVD-official-validation-calibrated,juliet-CWE690-0170,original,CWE690,-0.011348634958267212,0.0,0.0,0.0
ReGVD-official-validation-calibrated,juliet-CWE690-0222,original,CWE690,-0.015974223613739014,0.0,0.0,0.0
ReGVD-official-validation-calibrated,juliet-CWE690-0340,original,CWE690,0.005821913480758667,1.0,0.0,0.0
ReGVD-official-validation-calibrated,juliet-CWE690-0375,original,CWE690,-0.0168667733669281,0.0,0.0,0.0
ReGVD-official-validation-calibrated,juliet-CWE690-0400,original,CWE690,-0.011396169662475586,0.0,0.0,0.0
ReGVD-official-validation-calibrated,juliet-CWE761-0058,original,CWE761,-0.01863953471183777,0.0,0.0,0.0
ReGVD-official-validation-calibrated,juliet-CWE761-0079,original,CWE761,-0.003212273120880127,0.0,0.0,0.0
ReGVD-official-validation-calibrated,juliet-CWE761-0149,original,CWE761,-0.0010943114757537842,0.0,0.0,0.0
ReGVD-official-validation-calibrated,juliet-CWE761-0171,original,CWE761,0.012751579284667969,1.0,0.0,0.0
ReGVD-official-validation-calibrated,juliet-CWE761-0208,original,CWE761,0.005244165658950806,1.0,0.0,0.0
ReGVD-official-validation-calibrated,juliet-CWE761-0221,original,CWE761,-0.0019634664058685303,0.0,0.0,0.0
ReGVD-official-validation-calibrated,juliet-CWE761-0236,original,CWE761,-0.0017072856426239014,0.0,0.0,0.0
ReGVD-official-validation-calibrated,juliet-CWE761-0284,original,CWE761,-0.002212613821029663,0.0,0.0,0.0
ReGVD-official-validation-calibrated,juliet-CWE761-0378,original,CWE761,0.0009375810623168945,1.0,0.0,0.0
ReGVD-official-validation-calibrated,juliet-CWE773-0008,original,CWE773,-0.014499098062515259,0.0,0.0,0.0
ReGVD-official-validation-calibrated,juliet-CWE773-0106,original,CWE773,-0.014861911535263062,0.0,0.0,0.0
ReGVD-official-validation-calibrated,juliet-CWE773-0144,original,CWE773,-0.024996191263198853,0.0,0.0,0.0
ReGVD-official-validation-calibrated,juliet-CWE773-0156,original,CWE773,-0.00036385655403137207,0.0,0.0,0.0
ReGVD-official-validation-calibrated,juliet-CWE773-0216,original,CWE773,0.0009129941463470459,1.0,0.0,0.0
ReGVD-official-validation-calibrated,juliet-CWE773-0241,original,CWE773,0.011864811182022095,1.0,0.0,0.0
ReGVD-official-validation-calibrated,juliet-CWE773-0271,original,CWE773,0.00452539324760437,1.0,0.0,0.0
ReGVD-official-validation-calibrated,juliet-CWE773-0293,original,CWE773,-0.012097746133804321,0.0,0.0,0.0
ReGVD-official-validation-calibrated,juliet-CWE773-0376,original,CWE773,0.017672747373580933,1.0,0.0,0.0
ReGVD-official-validation-calibrated,juliet-CWE773-0395,original,CWE773,-0.019895970821380615,0.0,0.0,0.0
ReGVD-official-validation-calibrated,juliet-CWE775-0034,original,CWE775,0.010780870914459229,1.0,0.0,0.0
ReGVD-official-validation-calibrated,juliet-CWE775-0046,original,CWE775,0.016958028078079224,1.0,0.0,0.0
ReGVD-official-validation-calibrated,juliet-CWE775-0050,original,CWE775,0.0008668899536132812,1.0,0.0,0.0
ReGVD-official-validation-calibrated,juliet-CWE775-0065,original,CWE775,-0.01720517873764038,0.0,0.0,0.0
ReGVD-official-validation-calibrated,juliet-CWE775-0088,original,CWE775,0.009768426418304443,1.0,0.0,0.0
ReGVD-official-validation-calibrated,juliet-CWE775-0093,original,CWE775,0.0011124908924102783,1.0,0.0,0.0
ReGVD-official-validation-calibrated,juliet-CWE775-0109,original,CWE775,-0.021696925163269043,0.0,0.0,0.0
ReGVD-official-validation-calibrated,juliet-CWE775-0136,original,CWE775,0.00903061032295227,1.0,0.0,0.0
ReGVD-official-validation-calibrated,juliet-CWE775-0151,original,CWE775,0.0025770962238311768,1.0,0.0,0.0
ReGVD-official-validation-calibrated,juliet-CWE775-0172,original,CWE775,-0.01766720414161682,0.0,0.0,0.0
ReGVD-official-validation-calibrated,juliet-CWE775-0247,original,CWE775,0.00940200686454773,1.0,0.0,0.0
ReGVD-official-validation-calibrated,juliet-CWE78-0033,original,CWE78,0.003444164991378784,1.0,0.0,0.0
ReGVD-official-validation-calibrated,juliet-CWE78-0066,original,CWE78,0.003511965274810791,1.0,0.0,0.0
ReGVD-official-validation-calibrated,juliet-CWE78-0069,original,CWE78,0.004582345485687256,1.0,0.0,0.0
ReGVD-official-validation-calibrated,juliet-CWE78-0142,original,CWE78,-0.012026429176330566,0.0,0.0,0.0
ReGVD-official-validation-calibrated,juliet-CWE78-0155,original,CWE78,-0.021376848220825195,0.0,0.0,0.0
ReGVD-official-validation-calibrated,juliet-CWE78-0173,original,CWE78,0.007502764463424683,1.0,0.0,0.0
ReGVD-official-validation-calibrated,juliet-CWE78-0246,original,CWE78,-0.02236953377723694,0.0,0.0,0.0
ReGVD-official-validation-calibrated,juliet-CWE78-0329,original,CWE78,-0.013625174760818481,0.0,0.0,0.0
ReGVD-official-validation-calibrated,juliet-CWE78-0337,original,CWE78,0.008274853229522705,1.0,0.0,0.0
ReGVD-official-validation-calibrated,juliet-CWE78-0384,original,CWE78,-0.02129054069519043,0.0,0.0,0.0
ReGVD-official-validation-calibrated,juliet-CWE789-0113,original,CWE789,-0.037486135959625244,0.0,0.0,0.0
ReGVD-official-validation-calibrated,juliet-CWE789-0128,original,CWE789,-0.03223833441734314,0.0,0.0,0.0
ReGVD-official-validation-calibrated,juliet-CWE789-0177,original,CWE789,-0.003566354513168335,0.0,0.0,0.0
ReGVD-official-validation-calibrated,juliet-CWE789-0287,original,CWE789,-0.04746508598327637,0.0,0.0,0.0
ReGVD-official-validation-calibrated,juliet-CWE789-0303,original,CWE789,0.0015342533588409424,1.0,0.0,0.0
ReGVD-official-validation-calibrated,juliet-CWE789-0360,original,CWE789,-0.007120251655578613,0.0,0.0,0.0
ReGVD-official-validation-calibrated,juliet-CWE789-0368,original,CWE789,-0.035624921321868896,0.0,0.0,0.0
ReGVD-official-validation-calibrated,juliet-CWE789-0386,original,CWE789,-0.04176238179206848,0.0,0.0,0.0
ReGVD-official-validation-calibrated,juliet-CWE843-0087,original,CWE843,-0.0005902349948883057,0.0,0.0,0.0
ReGVD-official-validation-calibrated,juliet-CWE843-0153,original,CWE843,-0.008787870407104492,0.0,0.0,0.0
ReGVD-official-validation-calibrated,juliet-CWE843-0227,original,CWE843,-0.0066408514976501465,0.0,0.0,0.0
ReGVD-official-validation-calibrated,juliet-CWE843-0242,original,CWE843,-0.002027571201324463,0.0,0.0,0.0
ReGVD-official-validation-calibrated,juliet-CWE843-0300,original,CWE843,-3.826618194580078e-05,0.0,0.0,0.0
ReGVD-official-validation-calibrated,juliet-CWE843-0305,original,CWE843,-0.00490880012512207,0.0,0.0,0.0
ReGVD-official-validation-calibrated,juliet-CWE843-0333,original,CWE843,-0.007456392049789429,0.0,0.0,0.0
ReGVD-official-validation-calibrated,juliet-CWE843-0382,original,CWE843,-0.002912759780883789,0.0,0.0,0.0
ReGVD-official-validation-calibrated,juliet-CWE90-0006,original,CWE90,-0.005908012390136719,0.0,0.0,0.0
ReGVD-official-validation-calibrated,juliet-CWE90-0057,original,CWE90,0.010899931192398071,1.0,0.0,0.0
ReGVD-official-validation-calibrated,juliet-CWE90-0090,original,CWE90,-0.046257615089416504,0.0,0.0,0.0
ReGVD-official-validation-calibrated,juliet-CWE90-0189,original,CWE90,-0.005014002323150635,0.0,0.0,0.0
ReGVD-official-validation-calibrated,juliet-CWE90-0244,original,CWE90,-0.004824519157409668,0.0,0.0,0.0
ReGVD-official-validation-calibrated,juliet-CWE90-0264,original,CWE90,-0.0031377077102661133,0.0,0.0,0.0
ReGVD-official-validation-calibrated,juliet-CWE90-0358,original,CWE90,-0.06009972095489502,0.0,0.0,0.0
ReGVD-official-validation-calibrated,juliet-CWE90-0372,original,CWE90,0.01306527853012085,1.0,0.0,0.0
ReGVD-official-validation-calibrated,juliet-CWE90-0392,original,CWE90,-0.038702547550201416,0.0,0.0,0.0
